  0.0000000E+00     1   5.0000000E-01   1.0000000E-01   0.0000000E+00   8.7610656E-06   1.9999989E+01   0.0000000E+00   3.2000001E+02
  0.0000000E+00     2   8.6000000E-01   2.0000000E-01   0.0000000E+00   2.4626597E-06   3.6000000E+02   0.0000000E+00   3.4000000E+02
  5.0000000E+01     1   4.9760432E-01   8.1300201E-02   0.0000000E+00   3.4686432E+02   1.9737034E+01   0.0000000E+00   2.7520447E+02
  5.0000000E+01     2   8.3204755E-01   1.3374827E-01   0.0000000E+00   1.5062819E+02   1.4324265E-01   0.0000000E+00   2.9479826E+02
  1.0000000E+02     1   4.9600961E-01   6.6112012E-02   0.0000000E+00   2.7512734E+02   2.0166145E+01   0.0000000E+00   1.1418893E+02
  1.0000000E+02     2   8.1988206E-01   8.9583839E-02   0.0000000E+00   3.4531629E+01   2.9264758E-01   0.0000000E+00   1.3406242E+02
  1.5000000E+02     1   4.9493758E-01   5.3736301E-02   0.0000000E+00   5.0108942E+01   2.0292721E+01   0.0000000E+00   1.4392495E+02
  1.5000000E+02     2   8.1426783E-01   5.9919390E-02   0.0000000E+00   2.9686548E+02   4.4418303E-01   0.0000000E+00   1.6377348E+02
  2.0000000E+02     1   4.9416278E-01   4.4365869E-02   0.0000000E+00   3.2767224E+02   2.0589633E+01   0.0000000E+00   2.9221343E+01
  2.0000000E+02     2   8.1171184E-01   4.0145258E-02   0.0000000E+00   1.8612117E+01   4.2430906E-01   0.0000000E+00   4.9386667E+01
  2.5000000E+02     1   4.9362801E-01   3.6331766E-02   0.0000000E+00   3.4631155E+02   2.0500783E+01   0.0000000E+00   3.5257439E+02
  2.5000000E+02     2   8.1024170E-01   2.6837235E-02   0.0000000E+00   1.8942745E+02   5.1630989E-01   0.0000000E+00   1.2558867E+01
  3.0000000E+02     1   4.9322721E-01   2.9704686E-02   0.0000000E+00   7.7578708E+01   2.0601113E+01   0.0000000E+00   3.4011186E+02
  3.0000000E+02     2   8.0951817E-01   1.7953022E-02   0.0000000E+00   4.8671070E+01   7.7532470E-01   0.0000000E+00   3.5993764E+02
  3.5000000E+02     1   4.9292971E-01   2.4338855E-02   0.0000000E+00   2.2258743E+02   2.1050775E+01   0.0000000E+00   3.3398372E+02
  3.5000000E+02     2   8.0896649E-01   1.2000064E-02   0.0000000E+00   2.9908549E+02   2.5086235E-01   0.0000000E+00   3.5478364E+02
  4.0000000E+02     1   4.9270821E-01   1.9912861E-02   0.0000000E+00   4.9310540E+01   2.1325647E+01   0.0000000E+00   3.3094801E+02
  4.0000000E+02     2   8.0846524E-01   8.0459726E-03   0.0000000E+00   2.1097367E+02   4.8125369E-01   0.0000000E+00   3.5179240E+02
  4.5000000E+02     1   4.9252133E-01   1.6319708E-02   0.0000000E+00   2.6919997E+02   2.1655545E+01   0.0000000E+00   3.3174809E+02
  4.5000000E+02     2   8.0807864E-01   5.3836875E-03   0.0000000E+00   1.4203417E+02   9.5402504E-02   0.0000000E+00   3.5330823E+02
  5.0000000E+02     1   4.9235043E-01   1.3419209E-02   0.0000000E+00   1.5659941E+02   2.2107007E+01   0.0000000E+00   3.3864398E+02
  5.0000000E+02     2   8.0776709E-01   3.5746707E-03   0.0000000E+00   8.9244274E+01   4.8442935E-01   0.0000000E+00   2.6655682E-01
  5.5000000E+02     1   4.9221726E-01   1.1073470E-02   0.0000000E+00   6.7486132E+01   2.2988793E+01   0.0000000E+00   3.5358031E+02
  5.5000000E+02     2   8.0745073E-01   2.4083823E-03   0.0000000E+00   5.2795107E+01   7.2690450E-01   0.0000000E+00   1.5842194E+01
  6.0000000E+02     1   4.9211407E-01   9.1318861E-03   0.0000000E+00   3.5869873E+02   2.5008326E+01   0.0000000E+00   1.7647159E+01
  6.0000000E+02     2   8.0710077E-01   1.6498551E-03   0.0000000E+00   3.4983258E+01   3.5819801E+02   0.0000000E+00   4.4457474E+01
  6.5000000E+02     1   4.9196335E-01   7.3311994E-03   0.0000000E+00   3.0911984E+02   2.7610299E+01   0.0000000E+00   5.2811344E+01
  6.5000000E+02     2   8.0676137E-01   1.1668201E-03   0.0000000E+00   3.2454206E+01   3.5612169E+02   0.0000000E+00   8.4299956E+01
  7.0000000E+02     1   4.9184974E-01   5.6903998E-03   0.0000000E+00   2.7905955E+02   2.9366835E+01   0.0000000E+00   1.0150177E+02
  7.0000000E+02     2   8.0639066E-01   8.1720572E-04   0.0000000E+00   4.4036405E+01   3.5561109E+02   0.0000000E+00   1.3525752E+02
  7.5000000E+02     1   4.9174736E-01   4.3375592E-03   0.0000000E+00   2.7123009E+02   2.6803727E+01   0.0000000E+00   1.6790598E+02
  7.5000000E+02     2   8.0601876E-01   5.5714555E-04   0.0000000E+00   6.8985501E+01   3.5738626E+02   0.0000000E+00   1.9732345E+02
  8.0000000E+02     1   4.9164337E-01   3.7400890E-03   0.0000000E+00   2.8443717E+02   2.0590534E+01   0.0000000E+00   2.5187453E+02
  8.0000000E+02     2   8.0566355E-01   3.4923342E-04   0.0000000E+00   1.1005541E+02   3.5869097E+02   0.0000000E+00   2.7377409E+02
  8.5000000E+02     1   4.9153514E-01   3.5685810E-03   0.0000000E+00   3.0461789E+02   2.4456975E+01   0.0000000E+00   3.4002521E+02
  8.5000000E+02     2   8.0532868E-01   2.1555480E-04   0.0000000E+00   1.7727455E+02   3.4950397E+02   0.0000000E+00   1.4978215E+01
  9.0000000E+02     1   4.9142577E-01   2.7031494E-03   0.0000000E+00   3.3312072E+02   3.6878376E+01   0.0000000E+00   7.4065838E+01
  9.0000000E+02     2   8.0500769E-01   1.9563285E-04   0.0000000E+00   2.6150777E+02   3.3896389E+02   0.0000000E+00   1.3198033E+02
  9.5000000E+02     1   4.9131585E-01   1.7118757E-03   0.0000000E+00   4.4057797E+01   2.3623619E+01   0.0000000E+00   2.0835228E+02
  9.5000000E+02     2   8.0469611E-01   1.7392376E-04   0.0000000E+00   3.2463753E+02   5.1911226E+00   0.0000000E+00   2.2678478E+02
  1.0000000E+03     1   4.9120795E-01   2.1446677E-03   0.0000000E+00   1.1833482E+02   2.3656161E+01   0.0000000E+00   3.4408514E+02
  1.0000000E+03     2   8.0438667E-01   3.6101917E-05   0.0000000E+00   8.8736773E+00   6.5992459E+01   0.0000000E+00   3.0174884E+02
  1.0500000E+03     1   4.9111473E-01   1.2362966E-03   0.0000000E+00   1.8486384E+02   4.8013706E+01   0.0000000E+00   1.1029266E+02
  1.0500000E+03     2   8.0406112E-01   1.0038433E-04   0.0000000E+00   2.5214078E+02   3.0345118E+02   0.0000000E+00   2.1485519E+02
  1.1000000E+03     1   4.9103765E-01   1.4101834E-03   0.0000000E+00   3.2830513E+02   1.2018922E+01   0.0000000E+00   3.1167699E+02
  1.1000000E+03     2   8.0371668E-01   3.5978703E-05   0.0000000E+00   3.1003169E+02   2.1978296E+01   0.0000000E+00   3.0171761E+02
  1.1500000E+03     1   4.9092346E-01   8.5595967E-04   0.0000000E+00   4.3169442E+01   6.1117338E+01   0.0000000E+00   8.2868775E+01
  1.1500000E+03     2   8.0338434E-01   6.4837254E-05   0.0000000E+00   1.1685408E+02   7.2823702E+00   0.0000000E+00   1.3670374E+02
  1.2000000E+03     1   4.9079897E-01   1.1437783E-03   0.0000000E+00   2.3006539E+02   1.4687806E+01   0.0000000E+00   3.2452067E+02
  1.2000000E+03     2   8.0304947E-01   6.7413671E-05   0.0000000E+00   5.5108251E+01   2.3687259E+02   0.0000000E+00   1.0233589E+02
  1.2500000E+03     1   4.9069192E-01   2.4037902E-04   0.0000000E+00   3.3145898E+02   7.0251336E+01   0.0000000E+00   1.1914908E+02
  1.2500000E+03     2   8.0269671E-01   8.4522496E-05   0.0000000E+00   7.5754966E+01   3.9800403E+01   0.0000000E+00   1.4960002E+02
  1.3000000E+03     1   4.9059145E-01   9.5948043E-04   0.0000000E+00   1.7031899E+02   4.4844422E+01   0.0000000E+00   9.7247292E+00
  1.3000000E+03     2   8.0233848E-01   7.6793587E-05   0.0000000E+00   5.2797064E+01   2.6206922E+02   0.0000000E+00   1.5249993E+02
  1.3500000E+03     1   4.9049375E-01   5.8587166E-04   0.0000000E+00   6.2383779E+01   3.4272811E+02   0.0000000E+00   3.1200635E+02
  1.3500000E+03     2   8.0198022E-01   4.9379483E-05   0.0000000E+00   6.2600451E+01   1.0732272E+02   0.0000000E+00   1.8741174E+02
  1.4000000E+03     1   4.9039527E-01   2.0031413E-04   0.0000000E+00   1.0420628E+02   1.4735014E+02   0.0000000E+00   4.2567327E+01
  1.4000000E+03     2   8.0162798E-01   4.5053441E-05   0.0000000E+00   5.1586711E+01   3.4915023E+02   0.0000000E+00   2.0076723E+02
  1.4500000E+03     1   4.9029435E-01   6.4014522E-04   0.0000000E+00   3.7895299E+01   7.6603761E+01   0.0000000E+00   2.3529241E+01
  1.4500000E+03     2   8.0128483E-01   2.9575070E-05   0.0000000E+00   7.1704340E+00   2.8014560E+02   0.0000000E+00   1.7998741E+02
  1.5000000E+03     1   4.9019095E-01   6.9791820E-04   0.0000000E+00   3.2575689E+02   2.8186960E+01   0.0000000E+00   3.5720974E+02
  1.5000000E+03     2   8.0095082E-01   2.9842692E-05   0.0000000E+00   3.2094877E+02   2.2872151E+02   0.0000000E+00   1.5667520E+02
  1.5500000E+03     1   4.9008542E-01   5.5899899E-04   0.0000000E+00   2.6729252E+02   3.4260333E+02   0.0000000E+00   3.4312088E+02
  1.5500000E+03     2   8.0062489E-01   4.3536627E-05   0.0000000E+00   3.0776311E+02   1.6004692E+02   0.0000000E+00   1.6567729E+02
  1.6000000E+03     1   4.8997855E-01   4.2726088E-04   0.0000000E+00   2.2558884E+02   2.9677016E+02   0.0000000E+00   3.4436142E+02
  1.6000000E+03     2   8.0030484E-01   6.1990722E-05   0.0000000E+00   3.0367703E+02   9.8068259E+01   0.0000000E+00   1.8306332E+02
  1.6500000E+03     1   4.8987158E-01   3.8567961E-04   0.0000000E+00   1.9408502E+02   2.5725204E+02   0.0000000E+00   3.5438284E+02
  1.6500000E+03     2   7.9998771E-01   7.7857968E-05   0.0000000E+00   2.9980826E+02   5.1677713E+01   0.0000000E+00   1.9995717E+02
  1.7000000E+03     1   4.8976605E-01   3.9980333E-04   0.0000000E+00   1.6105210E+02   2.3578253E+02   0.0000000E+00   1.4669236E+00
  1.7000000E+03     2   7.9967027E-01   8.6610639E-05   0.0000000E+00   2.9559984E+02   2.1442208E+01   0.0000000E+00   2.1580725E+02
  1.7500000E+03     1   4.8966385E-01   4.2342302E-04   0.0000000E+00   1.2424789E+02   2.3460934E+02   0.0000000E+00   3.3804165E+00
  1.7500000E+03     2   7.9934937E-01   8.6397367E-05   0.0000000E+00   2.9030008E+02   8.1234074E+00   0.0000000E+00   2.2986635E+02
  1.8000000E+03     1   4.8956734E-01   4.5032091E-04   0.0000000E+00   8.5187704E+01   2.5222334E+02   0.0000000E+00   1.6459293E+00
  1.8000000E+03     2   7.9902206E-01   7.6158763E-05   0.0000000E+00   2.8187584E+02   1.3764321E+01   0.0000000E+00   2.4010495E+02
  1.8500000E+03     1   4.8947889E-01   4.9698259E-04   0.0000000E+00   4.5945188E+01   2.8655794E+02   0.0000000E+00   3.5834217E+02
  1.8500000E+03     2   7.9868595E-01   5.5650223E-05   0.0000000E+00   2.6435694E+02   4.4344687E+01   0.0000000E+00   2.4055543E+02
  1.9000000E+03     1   4.8939321E-01   5.6141969E-04   0.0000000E+00   9.8399556E+00   3.3430142E+02   0.0000000E+00   3.5679146E+02
  1.9000000E+03     2   7.9834406E-01   3.2214265E-05   0.0000000E+00   2.1630448E+02   1.2131264E+02   0.0000000E+00   2.0978023E+02
  1.9500000E+03     1   4.8928782E-01   5.8371459E-04   0.0000000E+00   3.3805538E+02   3.4275006E+01   0.0000000E+00   3.5818894E+02
  1.9500000E+03     2   7.9801087E-01   3.5288173E-05   0.0000000E+00   1.3369696E+02   2.4870020E+02   0.0000000E+00   1.4376375E+02
  2.0000000E+03     1   4.8916866E-01   5.4554774E-04   0.0000000E+00   3.0747443E+02   1.0959637E+02   0.0000000E+00   3.5944009E+02
  2.0000000E+03     2   7.9768307E-01   5.6768088E-05   0.0000000E+00   9.6389468E+01   3.4666416E+02   0.0000000E+00   1.2237230E+02
  2.0500000E+03     1   4.8905424E-01   5.0782001E-04   0.0000000E+00   2.7352164E+02   2.0484656E+02   0.0000000E+00   3.5597802E+02
  2.0500000E+03     2   7.9734961E-01   7.3342623E-05   0.0000000E+00   8.1850714E+01   7.7745673E+01   0.0000000E+00   1.2307890E+02
  2.1000000E+03     1   4.8894596E-01   5.3526305E-04   0.0000000E+00   2.4113090E+02   3.1509825E+02   0.0000000E+00   3.5274226E+02
  2.1000000E+03     2   7.9701042E-01   8.3460078E-05   0.0000000E+00   7.4316192E+01   1.7771864E+02   0.0000000E+00   1.3012188E+02
  2.1500000E+03     1   4.8884164E-01   5.5422943E-04   0.0000000E+00   2.1692309E+02   7.3736611E+01   0.0000000E+00   3.5636093E+02
  2.1500000E+03     2   7.9666772E-01   8.8287141E-05   0.0000000E+00   7.0150835E+01   2.9022779E+02   0.0000000E+00   1.3986975E+02
  2.2000000E+03     1   4.8873961E-01   5.2843860E-04   0.0000000E+00   1.9072712E+02   2.1093910E+02   0.0000000E+00   3.5666952E+02
  2.2000000E+03     2   7.9632331E-01   8.7959095E-05   0.0000000E+00   6.7315241E+01   5.7322180E+01   0.0000000E+00   1.5028644E+02
  2.2500000E+03     1   4.8863878E-01   5.5112143E-04   0.0000000E+00   1.6508475E+02   4.1695656E+00   0.0000000E+00   3.5621818E+02
  2.2500000E+03     2   7.9597855E-01   8.4765926E-05   0.0000000E+00   6.4414745E+01   2.0040628E+02   0.0000000E+00   1.5998146E+02
  2.3000000E+03     1   4.8853850E-01   5.3879870E-04   0.0000000E+00   1.4341707E+02   1.7001243E+02   0.0000000E+00   3.5843665E+02
  2.3000000E+03     2   7.9563428E-01   7.9671061E-05   0.0000000E+00   6.1952920E+01   3.5898637E+02   0.0000000E+00   1.6946271E+02
  2.3500000E+03     1   4.8843834E-01   5.4986735E-04   0.0000000E+00   1.1981124E+02   3.5438634E+02   0.0000000E+00   3.5742002E+02
  2.3500000E+03     2   7.9529116E-01   7.2828415E-05   0.0000000E+00   5.8715096E+01   1.7428688E+02   0.0000000E+00   1.7751949E+02
  2.4000000E+03     1   4.8833805E-01   5.4332519E-04   0.0000000E+00   9.9896487E+01   1.9166751E+02   0.0000000E+00   3.5880645E+02
  2.4000000E+03     2   7.9494952E-01   6.5753898E-05   0.0000000E+00   5.4948469E+01   6.0705068E+00   0.0000000E+00   1.8440345E+02
  2.4500000E+03     1   4.8823745E-01   5.5717661E-04   0.0000000E+00   7.9766311E+01   4.5768133E+01   0.0000000E+00   3.5869766E+02
  2.4500000E+03     2   7.9460957E-01   5.8391240E-05   0.0000000E+00   4.9674142E+01   2.1532598E+02   0.0000000E+00   1.8913982E+02
  2.5000000E+03     1   4.8813650E-01   5.5395308E-04   0.0000000E+00   6.1073644E+01   2.7504087E+02   0.0000000E+00   3.5875522E+02
  2.5000000E+03     2   7.9427130E-01   5.1659944E-05   0.0000000E+00   4.3066629E+01   8.1888677E+01   0.0000000E+00   1.9190742E+02
  2.5500000E+03     1   4.8803517E-01   5.6112300E-04   0.0000000E+00   4.4543902E+01   1.5876594E+02   0.0000000E+00   3.5971311E+02
  2.5500000E+03     2   7.9393468E-01   4.6155213E-05   0.0000000E+00   3.4309795E+01   3.2658465E+02   0.0000000E+00   1.9189440E+02
  2.6000000E+03     1   4.8793347E-01   5.7036450E-04   0.0000000E+00   2.8353926E+01   5.8772191E+01   0.0000000E+00   3.5975660E+02
  2.6000000E+03     2   7.9359954E-01   4.2113369E-05   0.0000000E+00   2.3622382E+01   2.2920507E+02   0.0000000E+00   1.8932372E+02
  2.6500000E+03     1   4.8783147E-01   5.7360917E-04   0.0000000E+00   1.3442783E+01   3.3412624E+02   0.0000000E+00   3.5983329E+02
  2.6500000E+03     2   7.9326570E-01   4.0058066E-05   0.0000000E+00   1.1840457E+01   1.4892382E+02   0.0000000E+00   1.8503571E+02
  2.7000000E+03     1   4.8772920E-01   5.7712091E-04   0.0000000E+00   1.2825048E-01   2.6451600E+02   0.0000000E+00   2.6949577E-01
  2.7000000E+03     2   7.9293295E-01   4.0043913E-05   0.0000000E+00   7.8688441E-02   8.4636185E+01   0.0000000E+00   1.8014931E+02
  2.7500000E+03     1   4.8762674E-01   5.8285507E-04   0.0000000E+00   3.4803810E+02   2.1031942E+02   0.0000000E+00   7.0151721E-01
  2.7500000E+03     2   7.9260109E-01   4.1678805E-05   0.0000000E+00   3.4950726E+02   3.5181971E+01   0.0000000E+00   1.7583896E+02
  2.8000000E+03     1   4.8752413E-01   5.8925213E-04   0.0000000E+00   3.3702417E+02   1.7169040E+02   0.0000000E+00   9.8968528E-01
  2.8000000E+03     2   7.9226990E-01   4.4418382E-05   0.0000000E+00   3.4076691E+02   3.5993041E+02   0.0000000E+00   1.7274967E+02
  2.8500000E+03     1   4.8742144E-01   5.9541835E-04   0.0000000E+00   3.2712680E+02   1.4859433E+02   0.0000000E+00   1.1828513E+00
  2.8500000E+03     2   7.9193922E-01   4.7756981E-05   0.0000000E+00   3.3389705E+02   3.3885211E+02   0.0000000E+00   1.7092507E+02
  2.9000000E+03     1   4.8731871E-01   6.0133454E-04   0.0000000E+00   3.1838814E+02   1.4099488E+02   0.0000000E+00   1.3315926E+00
  2.9000000E+03     2   7.9160886E-01   5.1305223E-05   0.0000000E+00   3.2862767E+02   3.3222708E+02   0.0000000E+00   1.7009939E+02
  2.9500000E+03     1   4.8721599E-01   6.0716715E-04   0.0000000E+00   3.1081585E+02   1.4889017E+02   0.0000000E+00   1.4520122E+00
  2.9500000E+03     2   7.9127871E-01   5.4794141E-05   0.0000000E+00   3.2463121E+02   3.4039289E+02   0.0000000E+00   1.6994929E+02
  3.0000000E+03     1   4.8711330E-01   6.1303921E-04   0.0000000E+00   3.0439918E+02   1.7229675E+02   0.0000000E+00   1.5417827E+00
  3.0000000E+03     2   7.9094864E-01   5.8050113E-05   0.0000000E+00   3.2162763E+02   3.6396014E+00   0.0000000E+00   1.7019893E+02
  3.0500000E+03     1   4.8701067E-01   6.1908810E-04   0.0000000E+00   2.9912421E+02   2.1123438E+02   0.0000000E+00   1.5953604E+00
  3.0500000E+03     2   7.9061857E-01   6.0967114E-05   0.0000000E+00   3.1940564E+02   4.2188532E+01   0.0000000E+00   1.7064121E+02
  3.1000000E+03     1   4.8690812E-01   6.2550898E-04   0.0000000E+00   2.9498998E+02   2.6570988E+02   0.0000000E+00   1.6201308E+00
  3.1000000E+03     2   7.9028842E-01   6.3486066E-05   0.0000000E+00   3.1781559E+02   9.6199347E+01   0.0000000E+00   1.7113067E+02
  3.1500000E+03     1   4.8680566E-01   6.3233715E-04   0.0000000E+00   2.9201873E+02   3.3570687E+02   0.0000000E+00   1.6466545E+00
  3.1500000E+03     2   7.8995815E-01   6.5579600E-05   0.0000000E+00   3.1676016E+02   1.6577940E+02   0.0000000E+00   1.7157412E+02
  3.2000000E+03     1   4.8670331E-01   6.3913078E-04   0.0000000E+00   2.9022152E+02   6.1220192E+01   0.0000000E+00   1.6942356E+00
  3.2000000E+03     2   7.8962772E-01   6.7233843E-05   0.0000000E+00   3.1618563E+02   2.5099243E+02   0.0000000E+00   1.7192199E+02
  3.2500000E+03     1   4.8660107E-01   6.4552394E-04   0.0000000E+00   2.8954190E+02   1.6231220E+02   0.0000000E+00   1.7146566E+00
  3.2500000E+03     2   7.8929712E-01   6.8432189E-05   0.0000000E+00   3.1606290E+02   3.5187758E+02   0.0000000E+00   1.7214928E+02
  3.3000000E+03     1   4.8649893E-01   6.5220444E-04   0.0000000E+00   2.8993846E+02   2.7903028E+02   0.0000000E+00   1.6746479E+00
  3.3000000E+03     2   7.8896633E-01   6.9169933E-05   0.0000000E+00   3.1637174E+02   1.0846509E+02   0.0000000E+00   1.7223984E+02
  3.3500000E+03     1   4.8639691E-01   6.5935101E-04   0.0000000E+00   2.9147960E+02   5.1311937E+01   0.0000000E+00   1.6507818E+00
  3.3500000E+03     2   7.8863537E-01   6.9467191E-05   0.0000000E+00   3.1712491E+02   2.4075222E+02   0.0000000E+00   1.7221050E+02
  3.4000000E+03     1   4.8629498E-01   6.6614227E-04   0.0000000E+00   2.9412807E+02   1.9920045E+02   0.0000000E+00   1.6138516E+00
  3.4000000E+03     2   7.8830425E-01   6.9326066E-05   0.0000000E+00   3.1836574E+02   2.8705672E+01   0.0000000E+00   1.7210863E+02
  3.4500000E+03     1   4.8619315E-01   6.7339790E-04   0.0000000E+00   2.9785002E+02   2.7356579E+00   0.0000000E+00   1.5380409E+00
  3.4500000E+03     2   7.8797301E-01   6.8763526E-05   0.0000000E+00   3.2013441E+02   1.9229528E+02   0.0000000E+00   1.7197842E+02
  3.5000000E+03     1   4.8609140E-01   6.8061376E-04   0.0000000E+00   3.0268537E+02   1.8188368E+02   0.0000000E+00   1.4712464E+00
  3.5000000E+03     2   7.8764170E-01   6.7822970E-05   0.0000000E+00   3.2251604E+02   1.1445939E+01   0.0000000E+00   1.7190898E+02
  3.5500000E+03     1   4.8598972E-01   6.8814932E-04   0.0000000E+00   3.0857764E+02   1.6707049E+01   0.0000000E+00   1.3648935E+00
  3.5500000E+03     2   7.8731038E-01   6.6555606E-05   0.0000000E+00   3.2560284E+02   2.0607547E+02   0.0000000E+00   1.7199647E+02
  3.6000000E+03     1   4.8588807E-01   6.9571803E-04   0.0000000E+00   3.1555402E+02   2.2718469E+02   0.0000000E+00   1.2540199E+00
  3.6000000E+03     2   7.8697913E-01   6.5065719E-05   0.0000000E+00   3.2952301E+02   5.6065694E+01   0.0000000E+00   1.7237301E+02
  3.6500000E+03     1   4.8578644E-01   7.0365104E-04   0.0000000E+00   3.2358538E+02   9.3351820E+01   0.0000000E+00   1.1173046E+00
  3.6500000E+03     2   7.8664804E-01   6.3501468E-05   0.0000000E+00   3.3440725E+02   2.8129591E+02   0.0000000E+00   1.7317321E+02
  3.7000000E+03     1   4.8568478E-01   7.1165518E-04   0.0000000E+00   3.3266394E+02   3.3522241E+02   0.0000000E+00   9.5467501E-01
  3.7000000E+03     2   7.8631723E-01   6.2083979E-05   0.0000000E+00   3.4038851E+02   1.6164321E+02   0.0000000E+00   1.7453387E+02
  3.7500000E+03     1   4.8558306E-01   7.1984767E-04   0.0000000E+00   3.4279303E+02   2.3279929E+02   0.0000000E+00   7.7714198E-01
  3.7500000E+03     2   7.8598684E-01   6.1118545E-05   0.0000000E+00   3.4753814E+02   5.7046234E+01   0.0000000E+00   1.7653020E+02
  3.8000000E+03     1   4.8548124E-01   7.2823884E-04   0.0000000E+00   3.5395679E+02   1.4610455E+02   0.0000000E+00   5.7644038E-01
  3.8000000E+03     2   7.8565699E-01   6.0976192E-05   0.0000000E+00   3.5580093E+02   3.2757024E+02   0.0000000E+00   1.7911076E+02
  3.8500000E+03     1   4.8537926E-01   7.3672339E-04   0.0000000E+00   6.1508658E+00   7.5148814E+01   0.0000000E+00   3.5575269E-01
  3.8500000E+03     2   7.8532787E-01   6.2053563E-05   0.0000000E+00   4.9267991E+00   2.5347532E+02   0.0000000E+00   1.8202924E+02
  3.9000000E+03     1   4.8527707E-01   7.4528195E-04   0.0000000E+00   1.9377378E+01   1.9936241E+01   0.0000000E+00   1.2468003E-01
  3.9000000E+03     2   7.8499962E-01   6.4684746E-05   0.0000000E+00   1.4461799E+01   1.9522547E+02   0.0000000E+00   1.8483545E+02
  3.9500000E+03     1   4.8517463E-01   7.5395850E-04   0.0000000E+00   3.3638049E+01   3.4047145E+02   0.0000000E+00   3.5989235E+02
  3.9500000E+03     2   7.8467242E-01   6.9041217E-05   0.0000000E+00   2.3857932E+01   1.5337872E+02   0.0000000E+00   1.8698508E+02
  4.0000000E+03     1   4.8507189E-01   7.6284937E-04   0.0000000E+00   4.8934417E+01   3.1675926E+02   0.0000000E+00   3.5966767E+02
  4.0000000E+03     2   7.8434641E-01   7.5074464E-05   0.0000000E+00   3.2650262E+01   1.2841005E+02   0.0000000E+00   1.8801689E+02
  4.0500000E+03     1   4.8496883E-01   7.7212838E-04   0.0000000E+00   6.5266247E+01   3.0880635E+02   0.0000000E+00   3.5945768E+02
  4.0500000E+03     2   7.8402173E-01   8.2523591E-05   0.0000000E+00   4.0579826E+01   1.2058848E+02   0.0000000E+00   1.8767554E+02
  4.1000000E+03     1   4.8486543E-01   7.8204905E-04   0.0000000E+00   8.2627395E+01   3.1662529E+02   0.0000000E+00   3.5926347E+02
  4.1000000E+03     2   7.8369845E-01   9.0963190E-05   0.0000000E+00   4.7602279E+01   1.2996845E+02   0.0000000E+00   1.8592032E+02
  4.1500000E+03     1   4.8476173E-01   7.9289864E-04   0.0000000E+00   1.0100161E+02   3.4023886E+02   0.0000000E+00   3.5907596E+02
  4.1500000E+03     2   7.8337661E-01   9.9852734E-05   0.0000000E+00   5.3823955E+01   1.5645369E+02   0.0000000E+00   1.8286113E+02
  4.2000000E+03     1   4.8465777E-01   8.0489992E-04   0.0000000E+00   1.2036091E+02   1.9681578E+01   0.0000000E+00   3.5887427E+02
  4.2000000E+03     2   7.8305615E-01   1.0856915E-04   0.0000000E+00   5.9431774E+01   1.9986739E+02   0.0000000E+00   1.7868845E+02
  4.2500000E+03     1   4.8455369E-01   8.1807734E-04   0.0000000E+00   1.4066936E+02   7.4996011E+01   0.0000000E+00   3.5862944E+02
  4.2500000E+03     2   7.8273692E-01   1.1642532E-04   0.0000000E+00   6.4649865E+01   2.5999554E+02   0.0000000E+00   1.7362991E+02
  4.3000000E+03     1   4.8444967E-01   8.3213739E-04   0.0000000E+00   1.6189420E+02   1.4622156E+02   0.0000000E+00   3.5831569E+02
  4.3000000E+03     2   7.8241863E-01   1.2268506E-04   0.0000000E+00   6.9726715E+01   3.3659979E+02   0.0000000E+00   1.6793746E+02
  4.3500000E+03     1   4.8434601E-01   8.4644463E-04   0.0000000E+00   1.8402424E+02   2.3337612E+02   0.0000000E+00   3.5792868E+02
  4.3500000E+03     2   7.8210085E-01   1.2658592E-04   0.0000000E+00   7.4949260E+01   6.9403320E+01   0.0000000E+00   1.6190148E+02
  4.4000000E+03     1   4.8424315E-01   8.6018521E-04   0.0000000E+00   2.0709156E+02   3.3643436E+02   0.0000000E+00   3.5750731E+02
  4.4000000E+03     2   7.8178299E-01   1.2738256E-04   0.0000000E+00   8.0688215E+01   1.7804558E+02   0.0000000E+00   1.5589609E+02
  4.4500000E+03     1   4.8414175E-01   8.7280608E-04   0.0000000E+00   2.3118948E+02   9.5309699E+01   0.0000000E+00   3.5715176E+02
  4.4500000E+03     2   7.8146419E-01   1.2443264E-04   0.0000000E+00   8.7498087E+01   3.0198223E+02   0.0000000E+00   1.5047923E+02
  4.5000000E+03     1   4.8404282E-01   8.8481000E-04   0.0000000E+00   2.5647805E+02   2.2984876E+02   0.0000000E+00   3.5702905E+02
  4.5000000E+03     2   7.8114336E-01   1.1738955E-04   0.0000000E+00   9.6335091E+01   8.0267226E+01   0.0000000E+00   1.4661059E+02
  4.5500000E+03     1   4.8394782E-01   8.9885093E-04   0.0000000E+00   2.8316101E+02   1.9854367E+01   0.0000000E+00   3.5735030E+02
  4.5500000E+03     2   7.8081900E-01   1.0671819E-04   0.0000000E+00   1.0902424E+02   2.3108578E+02   0.0000000E+00   1.4611889E+02
  4.6000000E+03     1   4.8385839E-01   9.2018355E-04   0.0000000E+00   3.1138219E+02   1.8518889E+02   0.0000000E+00   3.5826757E+02
  4.6000000E+03     2   7.8048953E-01   9.5088860E-05   0.0000000E+00   1.2890842E+02   3.1105351E+01   0.0000000E+00   1.5235111E+02
  4.6500000E+03     1   4.8377219E-01   9.5018501E-04   0.0000000E+00   3.4098155E+02   6.0182349E+00   0.0000000E+00   3.5963013E+02
  4.6500000E+03     2   7.8015589E-01   8.8895129E-05   0.0000000E+00   1.5909952E+02   1.9722456E+02   0.0000000E+00   1.6842381E+02
  4.7000000E+03     1   4.8367350E-01   9.6719813E-04   0.0000000E+00   1.1563840E+01   2.0274531E+02   0.0000000E+00   1.0472028E+00
  4.7000000E+03     2   7.7982760E-01   9.1284991E-05   0.0000000E+00   1.9517236E+02   1.3878478E+01   0.0000000E+00   1.8991404E+02
  4.7500000E+03     1   4.8355661E-01   9.6277333E-04   0.0000000E+00   4.3102560E+01   5.5408672E+01   0.0000000E+00   2.4847260E+00
  4.7500000E+03     2   7.7950798E-01   1.0116614E-04   0.0000000E+00   2.2737986E+02   2.1082245E+02   0.0000000E+00   2.0707095E+02
  4.8000000E+03     1   4.8343984E-01   9.6416441E-04   0.0000000E+00   7.5174429E+01   2.8444051E+02   0.0000000E+00   3.5201969E+00
  4.8000000E+03     2   7.7918534E-01   1.1765434E-04   0.0000000E+00   2.4947494E+02   7.4312885E+01   0.0000000E+00   2.1364782E+02
  4.8500000E+03     1   4.8332984E-01   9.7515388E-04   0.0000000E+00   1.0742501E+02   1.7020064E+02   0.0000000E+00   3.8095707E+00
  4.8500000E+03     2   7.7885565E-01   1.3390411E-04   0.0000000E+00   2.6380311E+02   3.2201482E+02   0.0000000E+00   2.1199539E+02
  4.9000000E+03     1   4.8322531E-01   9.8854950E-04   0.0000000E+00   1.4000327E+02   7.2545968E+01   0.0000000E+00   3.5108804E+00
  4.9000000E+03     2   7.7852019E-01   1.4539312E-04   0.0000000E+00   2.7428912E+02   2.3001393E+02   0.0000000E+00   2.0604292E+02
  4.9500000E+03     1   4.8312436E-01   1.0001679E-03   0.0000000E+00   1.7322579E+02   3.5116664E+02   0.0000000E+00   2.9475288E+00
  4.9500000E+03     2   7.7818093E-01   1.5023071E-04   0.0000000E+00   2.8330597E+02   1.5594734E+02   0.0000000E+00   1.9816683E+02
  5.0000000E+03     1   4.8302552E-01   1.0099083E-03   0.0000000E+00   2.0735533E+02   2.8580711E+02   0.0000000E+00   2.3877536E+00
  5.0000000E+03     2   7.7783983E-01   1.4791474E-04   0.0000000E+00   2.9235311E+02   9.8325551E+01   0.0000000E+00   1.8986931E+02
  5.0500000E+03     1   4.8292761E-01   1.0200151E-03   0.0000000E+00   2.4250632E+02   2.3636048E+02   0.0000000E+00   1.9506028E+00
  5.0500000E+03     2   7.7749887E-01   1.3913133E-04   0.0000000E+00   3.0274814E+02   5.5840804E+01   0.0000000E+00   1.8247028E+02
  5.1000000E+03     1   4.8282963E-01   1.0327234E-03   0.0000000E+00   2.7863712E+02   2.0287617E+02   0.0000000E+00   1.5983530E+00
  5.1000000E+03     2   7.7716001E-01   1.2613621E-04   0.0000000E+00   3.1603363E+02   2.6960278E+01   0.0000000E+00   1.7751424E+02
  5.1500000E+03     1   4.8273075E-01   1.0484139E-03   0.0000000E+00   3.1563394E+02   1.8547605E+02   0.0000000E+00   1.2204529E+00
  5.1500000E+03     2   7.7682508E-01   1.1343545E-04   0.0000000E+00   3.3392066E+02   9.9825863E+00   0.0000000E+00   1.7671392E+02
  5.2000000E+03     1   4.8263035E-01   1.0655723E-03   0.0000000E+00   3.5343871E+02   1.8422658E+02   0.0000000E+00   7.6144960E-01
  5.2000000E+03     2   7.7649561E-01   1.0769762E-04   0.0000000E+00   3.5672246E+02   4.6042014E+00   0.0000000E+00   1.8038383E+02
  5.2500000E+03     1   4.8252804E-01   1.0827345E-03   0.0000000E+00   3.2110404E+01   1.9907740E+02   0.0000000E+00   2.8250045E-01
  5.2500000E+03     2   7.7617254E-01   1.1398950E-04   0.0000000E+00   2.0781070E+01   1.4492783E+01   0.0000000E+00   1.8486712E+02
  5.3000000E+03     1   4.8242383E-01   1.1006059E-03   0.0000000E+00   7.1749166E+01   2.2993715E+02   0.0000000E+00   3.5988571E+02
  5.3000000E+03     2   7.7585600E-01   1.3031962E-04   0.0000000E+00   4.1281624E+01   4.4472964E+01   0.0000000E+00   1.8534990E+02
  5.3500000E+03     1   4.8231815E-01   1.1217272E-03   0.0000000E+00   1.1234887E+02   2.7682084E+02   0.0000000E+00   3.5956686E+02
  5.3500000E+03     2   7.7554517E-01   1.4947303E-04   0.0000000E+00   5.7329713E+01   9.5448987E+01   0.0000000E+00   1.8093870E+02
  5.4000000E+03     1   4.8221197E-01   1.1471701E-03   0.0000000E+00   1.5376105E+02   3.3988589E+02   0.0000000E+00   3.5917938E+02
  5.4000000E+03     2   7.7523819E-01   1.6423132E-04   0.0000000E+00   7.0649576E+01   1.6570653E+02   0.0000000E+00   1.7335874E+02
  5.4500000E+03     1   4.8210693E-01   1.1738341E-03   0.0000000E+00   1.9588758E+02   5.9239415E+01   0.0000000E+00   3.5862717E+02
  5.4500000E+03     2   7.7493222E-01   1.6941318E-04   0.0000000E+00   8.3395790E+01   2.5310100E+02   0.0000000E+00   1.6476559E+02
  5.5000000E+03     1   4.8200573E-01   1.1973116E-03   0.0000000E+00   2.3895300E+02   1.5466574E+02   0.0000000E+00   3.5813722E+02
  5.5000000E+03     2   7.7462334E-01   1.6257640E-04   0.0000000E+00   9.8096647E+01   3.5511420E+02   0.0000000E+00   1.5768876E+02
  5.5500000E+03     1   4.8191313E-01   1.2213014E-03   0.0000000E+00   2.8355540E+02   2.6557499E+02   0.0000000E+00   3.5831168E+02
  5.5500000E+03     2   7.7430619E-01   1.4617464E-04   0.0000000E+00   1.1904892E+02   1.0745961E+02   0.0000000E+00   1.5642706E+02
  5.6000000E+03     1   4.8183436E-01   1.2642613E-03   0.0000000E+00   3.3016204E+02   3.1506258E+01   0.0000000E+00   3.5962699E+02
  5.6000000E+03     2   7.7397529E-01   1.3413300E-04   0.0000000E+00   1.5345358E+02   2.2294719E+02   0.0000000E+00   1.6818605E+02
  5.6500000E+03     1   4.8173932E-01   1.2958500E-03   0.0000000E+00   1.8055401E+01   1.7318435E+02   0.0000000E+00   1.3723737E+00
  5.6500000E+03     2   7.7364812E-01   1.3848102E-04   0.0000000E+00   1.9873559E+02   3.4416265E+02   0.0000000E+00   1.9039407E+02
  5.7000000E+03     1   4.8161233E-01   1.2934569E-03   0.0000000E+00   6.6612605E+01   3.3125490E+02   0.0000000E+00   2.8893806E+00
  5.7000000E+03     2   7.7333405E-01   1.5525220E-04   0.0000000E+00   2.3633889E+02   1.2966700E+02   0.0000000E+00   2.0447728E+02
  5.7500000E+03     1   4.8149792E-01   1.3124100E-03   0.0000000E+00   1.1489457E+02   1.4666778E+02   0.0000000E+00   3.2357395E+00
  5.7500000E+03     2   7.7300562E-01   1.7986089E-04   0.0000000E+00   2.5980962E+02   3.0592331E+02   0.0000000E+00   2.0398021E+02
  5.8000000E+03     1   4.8139482E-01   1.3349520E-03   0.0000000E+00   1.6322072E+02   3.3910887E+02   0.0000000E+00   2.7425635E+00
  5.8000000E+03     2   7.7266563E-01   1.9480868E-04   0.0000000E+00   2.7670968E+02   1.4538084E+02   0.0000000E+00   1.9647060E+02
  5.8500000E+03     1   4.8129704E-01   1.3537010E-03   0.0000000E+00   2.1231527E+02   1.8786274E+02   0.0000000E+00   2.1365026E+00
  5.8500000E+03     2   7.7232080E-01   1.9414921E-04   0.0000000E+00   2.9248087E+02   2.6077490E+00   0.0000000E+00   1.8739149E+02
  5.9000000E+03     1   4.8120075E-01   1.3740755E-03   0.0000000E+00   2.6247347E+02   5.2644584E+01   0.0000000E+00   1.7107146E+00
  5.9000000E+03     2   7.7197700E-01   1.8005832E-04   0.0000000E+00   3.1074320E+02   2.3399348E+02   0.0000000E+00   1.8036182E+02
  5.9500000E+03     1   4.8110331E-01   1.4004260E-03   0.0000000E+00   3.1356699E+02   2.9359426E+02   0.0000000E+00   1.3320543E+00
  5.9500000E+03     2   7.7163941E-01   1.6253019E-04   0.0000000E+00   3.3470361E+02   1.1634017E+02   0.0000000E+00   1.7858614E+02
  6.0000000E+03     1   4.8100298E-01   1.4300978E-03   0.0000000E+00   5.4597313E+00   1.9086031E+02   0.0000000E+00   8.5740007E-01
  6.0000000E+03     2   7.7131189E-01   1.5782425E-04   0.0000000E+00   4.5891688E+00   9.4297107E+00   0.0000000E+00   1.8228800E+02
  6.0500000E+03     1   4.8089906E-01   1.4602100E-03   0.0000000E+00   5.8277630E+01   1.0433002E+02   0.0000000E+00   4.0413266E-01
  6.0500000E+03     2   7.7099611E-01   1.7437989E-04   0.0000000E+00   3.3885006E+01   2.7978589E+02   0.0000000E+00   1.8494826E+02
  6.1000000E+03     1   4.8079220E-01   1.4947018E-03   0.0000000E+00   1.1213309E+02   3.3904591E+01   0.0000000E+00   7.5403728E-02
  6.1000000E+03     2   7.7069087E-01   2.0065257E-04   0.0000000E+00   5.7524472E+01   2.1248437E+02   0.0000000E+00   1.8149563E+02
  6.1500000E+03     1   4.8068450E-01   1.5366541E-03   0.0000000E+00   1.6683327E+02   3.3979071E+02   0.0000000E+00   3.5966900E+02
  6.1500000E+03     2   7.7039197E-01   2.1869453E-04   0.0000000E+00   7.7250542E+01   1.6579130E+02   0.0000000E+00   1.7366841E+02
  6.2000000E+03     1   4.8058002E-01   1.5784920E-03   0.0000000E+00   2.2231440E+02   3.0206595E+02   0.0000000E+00   3.5911215E+02
  6.2000000E+03     2   7.7009257E-01   2.1750993E-04   0.0000000E+00   9.7222468E+01   1.3555675E+02   0.0000000E+00   1.6562135E+02
  6.2500000E+03     1   4.8048645E-01   1.6176043E-03   0.0000000E+00   2.7925200E+02   2.8006786E+02   0.0000000E+00   3.5907347E+02
  6.2500000E+03     2   7.6978290E-01   1.9921539E-04   0.0000000E+00   1.2335287E+02   1.1587772E+02   0.0000000E+00   1.6326361E+02
  6.3000000E+03     1   4.8041364E-01   1.6835905E-03   0.0000000E+00   3.3845750E+02   2.7299442E+02   0.0000000E+00   3.6735526E-01
  6.3000000E+03     2   7.6945219E-01   1.9037868E-04   0.0000000E+00   1.6407792E+02   9.8328927E+01   0.0000000E+00   1.7503285E+02
  6.3500000E+03     1   4.8030290E-01   1.7139261E-03   0.0000000E+00   3.9038487E+01   2.8175276E+02   0.0000000E+00   2.0902175E+00
  6.3500000E+03     2   7.6913451E-01   2.0062725E-04   0.0000000E+00   2.1274714E+02   8.9569971E+01   0.0000000E+00   1.9427301E+02
  6.4000000E+03     1   4.8017606E-01   1.7369586E-03   0.0000000E+00   9.9784028E+01   3.0758969E+02   0.0000000E+00   2.9618967E+00
  6.4000000E+03     2   7.6881599E-01   2.2936034E-04   0.0000000E+00   2.4825869E+02   1.1070396E+02   0.0000000E+00   1.9984763E+02
  6.4500000E+03     1   4.8007014E-01   1.7772972E-03   0.0000000E+00   1.6031921E+02   3.5088995E+02   0.0000000E+00   2.6092387E+00
  6.4500000E+03     2   7.6847632E-01   2.5417151E-04   0.0000000E+00   2.7276315E+02   1.5959103E+02   0.0000000E+00   1.9390816E+02
  6.5000000E+03     1   4.7997310E-01   1.8134502E-03   0.0000000E+00   2.2167863E+02   5.0631829E+01   0.0000000E+00   2.0604910E+00
  6.5000000E+03     2   7.6812855E-01   2.5487898E-04   0.0000000E+00   2.9521401E+02   2.2728738E+02   0.0000000E+00   1.8540494E+02
  6.5500000E+03     1   4.7987751E-01   1.8544456E-03   0.0000000E+00   2.8427031E+02   1.2642518E+02   0.0000000E+00   1.7041606E+00
  6.5500000E+03     2   7.6778392E-01   2.3629905E-04   0.0000000E+00   3.2155464E+02   3.0785778E+02   0.0000000E+00   1.8027157E+02
  6.6000000E+03     1   4.7977882E-01   1.9044636E-03   0.0000000E+00   3.4790241E+02   2.1848254E+02   0.0000000E+00   1.3218438E+00
  6.6000000E+03     2   7.6745142E-01   2.2328466E-04   0.0000000E+00   3.5501368E+02   3.8080988E+01   0.0000000E+00   1.8172339E+02
  6.6500000E+03     1   4.7967486E-01   1.9570584E-03   0.0000000E+00   5.2594231E+01   3.2680750E+02   0.0000000E+00   9.0101224E-01
  6.6500000E+03     2   7.6713604E-01   2.4007912E-04   0.0000000E+00   3.0548463E+01   1.4300666E+02   0.0000000E+00   1.8470185E+02
  6.7000000E+03     1   4.7956627E-01   2.0161694E-03   0.0000000E+00   1.1855004E+02   9.1220332E+01   0.0000000E+00   6.1077470E-01
  6.7000000E+03     2   7.6683659E-01   2.7390701E-04   0.0000000E+00   6.0621447E+01   2.7017929E+02   0.0000000E+00   1.8165182E+02
  6.7500000E+03     1   4.7945701E-01   2.0864165E-03   0.0000000E+00   1.8557100E+02   2.3194524E+02   0.0000000E+00   2.1558897E-01
  6.7500000E+03     2   7.6654534E-01   2.9233403E-04   0.0000000E+00   8.6827800E+01   5.8010740E+01   0.0000000E+00   1.7415009E+02
  6.8000000E+03     1   4.7935564E-01   2.1540005E-03   0.0000000E+00   2.5381316E+02   2.8851886E+01   0.0000000E+00   3.5983470E+02
  6.8000000E+03     2   7.6624891E-01   2.8087720E-04   0.0000000E+00   1.1571456E+02   2.1996126E+02   0.0000000E+00   1.6872533E+02
  6.8500000E+03     1   4.7927987E-01   2.2406643E-03   0.0000000E+00   3.2443820E+02   2.0080135E+02   0.0000000E+00   6.0115532E-01
  6.8500000E+03     2   7.6592758E-01   2.6689045E-04   0.0000000E+00   1.5664367E+02   2.6677357E+01   0.0000000E+00   1.7472515E+02
  6.9000000E+03     1   4.7917769E-01   2.3134127E-03   0.0000000E+00   3.7163562E+01   2.8098439E+01   0.0000000E+00   2.2056806E+00
  6.9000000E+03     2   7.6560774E-01   2.8139889E-04   0.0000000E+00   2.0873529E+02   1.9904777E+02   0.0000000E+00   1.9125635E+02
  6.9500000E+03     1   4.7904668E-01   2.3670073E-03   0.0000000E+00   1.1038595E+02   2.3240601E+02   0.0000000E+00   2.9165657E+00
  6.9500000E+03     2   7.6529003E-01   3.1792422E-04   0.0000000E+00   2.4934823E+02   3.9709042E+01   0.0000000E+00   1.9561354E+02
  7.0000000E+03     1   4.7894291E-01   2.4399537E-03   0.0000000E+00   1.8392024E+02   9.3935102E+01   0.0000000E+00   2.5125172E+00
  7.0000000E+03     2   7.6494491E-01   3.4517801E-04   0.0000000E+00   2.7996940E+02   2.6718208E+02   0.0000000E+00   1.8926554E+02
  7.0500000E+03     1   4.7884738E-01   2.5124169E-03   0.0000000E+00   2.5895980E+02   3.3152324E+02   0.0000000E+00   2.1379053E+00
  7.0500000E+03     2   7.6459450E-01   3.3626913E-04   0.0000000E+00   3.1112683E+02   1.5094527E+02   0.0000000E+00   1.8271588E+02
  7.1000000E+03     1   4.7874965E-01   2.5995977E-03   0.0000000E+00   3.3564463E+02   2.2507126E+02   0.0000000E+00   1.8582690E+00
  7.1000000E+03     2   7.6425669E-01   3.1894646E-04   0.0000000E+00   3.4930836E+02   4.4514349E+01   0.0000000E+00   1.8241518E+02
  7.1500000E+03     1   4.7864453E-01   2.6951215E-03   0.0000000E+00   5.3911495E+01   1.3468980E+02   0.0000000E+00   1.5198097E+00
  7.1500000E+03     2   7.6394275E-01   3.3988377E-04   0.0000000E+00   3.1243888E+01   3.1116156E+02   0.0000000E+00   1.8504805E+02
  7.2000000E+03     1   4.7853269E-01   2.8028800E-03   0.0000000E+00   1.3404362E+02   6.0148294E+01   0.0000000E+00   1.3031437E+00
  7.2000000E+03     2   7.6365165E-01   3.8382451E-04   0.0000000E+00   6.8133170E+01   2.3968851E+02   0.0000000E+00   1.8176293E+02
  7.2500000E+03     1   4.7842204E-01   2.9258280E-03   0.0000000E+00   2.1588955E+02   1.6546089E+00   0.0000000E+00   9.4607830E-01
  7.2500000E+03     2   7.6336860E-01   3.9671207E-04   0.0000000E+00   1.0266262E+02   1.8740981E+02   0.0000000E+00   1.7519088E+02
  7.3000000E+03     1   4.7833318E-01   3.0528563E-03   0.0000000E+00   3.0021291E+02   3.1850301E+02   0.0000000E+00   1.0993067E+00
  7.3000000E+03     2   7.6306606E-01   3.7904319E-04   0.0000000E+00   1.4500113E+02   1.4415798E+02   0.0000000E+00   1.7544433E+02
  7.3500000E+03     1   4.7824840E-01   3.2047621E-03   0.0000000E+00   2.7852840E+01   2.8990630E+02   0.0000000E+00   2.5067097E+00
  7.3500000E+03     2   7.6274150E-01   3.9897935E-04   0.0000000E+00   2.0133688E+02   1.0374919E+02   0.0000000E+00   1.8866382E+02
  7.4000000E+03     1   4.7810832E-01   3.3142948E-03   0.0000000E+00   1.1710450E+02   2.7767574E+02   0.0000000E+00   3.2212549E+00
  7.4000000E+03     2   7.6242779E-01   4.4612912E-04   0.0000000E+00   2.5002679E+02   8.7811830E+01   0.0000000E+00   1.9308517E+02
  7.4500000E+03     1   4.7800489E-01   3.4528841E-03   0.0000000E+00   2.0778349E+02   2.8207343E+02   0.0000000E+00   2.8968179E+00
  7.4500000E+03     2   7.6207711E-01   4.7749404E-04   0.0000000E+00   2.8953407E+02   9.7879520E+01   0.0000000E+00   1.8709073E+02
  7.5000000E+03     1   4.7790809E-01   3.6030886E-03   0.0000000E+00   3.0123167E+02   3.0184117E+02   0.0000000E+00   2.7002015E+00
  7.5000000E+03     2   7.6172725E-01   4.6207162E-04   0.0000000E+00   3.3285660E+02   1.2095050E+02   0.0000000E+00   1.8359087E+02
  7.5500000E+03     1   4.7780270E-01   3.7774963E-03   0.0000000E+00   3.7538749E+01   3.3699727E+02   0.0000000E+00   2.4849144E+00
  7.5500000E+03     2   7.6140704E-01   4.7686466E-04   0.0000000E+00   2.3471252E+01   1.5353785E+02   0.0000000E+00   1.8594433E+02
  7.6000000E+03     1   4.7768595E-01   3.9721723E-03   0.0000000E+00   1.3709628E+02   2.7276304E+01   0.0000000E+00   2.3627303E+00
  7.6000000E+03     2   7.6112338E-01   5.3709956E-04   0.0000000E+00   7.1062192E+01   2.0594362E+02   0.0000000E+00   1.8369542E+02
  7.6500000E+03     1   4.7757199E-01   4.1927528E-03   0.0000000E+00   2.4002575E+02   9.2697568E+01   0.0000000E+00   2.1412947E+00
  7.6500000E+03     2   7.6085070E-01   5.4988086E-04   0.0000000E+00   1.1749266E+02   2.7628843E+02   0.0000000E+00   1.7855043E+02
  7.7000000E+03     1   4.7750310E-01   4.4566045E-03   0.0000000E+00   3.4772808E+02   1.7200644E+02   0.0000000E+00   2.8984482E+00
  7.7000000E+03     2   7.6053462E-01   5.5667341E-04   0.0000000E+00   1.7666804E+02   3.5065166E+02   0.0000000E+00   1.8425323E+02
  7.7500000E+03     1   4.7735542E-01   4.6716334E-03   0.0000000E+00   1.0000318E+02   2.6558694E+02   0.0000000E+00   4.0150969E+00
  7.7500000E+03     2   7.6023143E-01   6.1375961E-04   0.0000000E+00   2.4067997E+02   7.6916112E+01   0.0000000E+00   1.9268592E+02
  7.8000000E+03     1   4.7724419E-01   4.9280796E-03   0.0000000E+00   2.1579835E+02   1.4725088E+01   0.0000000E+00   3.8900494E+00
  7.8000000E+03     2   7.5987895E-01   6.6522217E-04   0.0000000E+00   2.9393166E+02   1.9063763E+02   0.0000000E+00   1.8797751E+02
  7.8500000E+03     1   4.7714190E-01   5.2114534E-03   0.0000000E+00   3.3692331E+02   1.3782586E+02   0.0000000E+00   3.8453114E+00
  7.8500000E+03     2   7.5953122E-01   6.5552456E-04   0.0000000E+00   3.5315618E+02   3.1505399E+02   0.0000000E+00   1.8661718E+02
  7.9000000E+03     1   4.7702152E-01   5.5318953E-03   0.0000000E+00   1.0395398E+02   2.7459392E+02   0.0000000E+00   3.8050037E+00
  7.9000000E+03     2   7.5924050E-01   7.2311714E-04   0.0000000E+00   5.7601585E+01   9.0871831E+01   0.0000000E+00   1.8752710E+02
  7.9500000E+03     1   4.7689519E-01   5.8977574E-03   0.0000000E+00   2.3763593E+02   6.4610284E+01   0.0000000E+00   3.7521716E+00
  7.9500000E+03     2   7.5898625E-01   7.6067697E-04   0.0000000E+00   1.1990316E+02   2.4540118E+02   0.0000000E+00   1.8296127E+02
  8.0000000E+03     1   4.7681681E-01   6.3172590E-03   0.0000000E+00   1.9784070E+01   2.2640614E+02   0.0000000E+00   4.7008239E+00
  8.0000000E+03     2   7.5867864E-01   7.9156770E-04   0.0000000E+00   1.9755182E+02   4.1096765E+01   0.0000000E+00   1.9001020E+02
  8.0500000E+03     1   4.7665481E-01   6.6858572E-03   0.0000000E+00   1.7012142E+02   4.0707987E+01   0.0000000E+00   5.3066763E+00
  8.0500000E+03     2   7.5836216E-01   8.8383801E-04   0.0000000E+00   2.7426694E+02   2.1415510E+02   0.0000000E+00   1.9185956E+02
  8.1000000E+03     1   4.7654508E-01   7.1006847E-03   0.0000000E+00   3.2951206E+02   2.2712079E+02   0.0000000E+00   5.3283196E+00
  8.1000000E+03     2   7.5800343E-01   8.8460567E-04   0.0000000E+00   3.5139567E+02   4.3145312E+01   0.0000000E+00   1.8930380E+02
  8.1500000E+03     1   4.7640853E-01   7.5618593E-03   0.0000000E+00   1.3980913E+02   6.4320784E+01   0.0000000E+00   5.3768274E+00
  8.1500000E+03     2   7.5773390E-01   9.7360919E-04   0.0000000E+00   7.6519552E+01   2.4039421E+02   0.0000000E+00   1.8930340E+02
  8.2000000E+03     1   4.7629618E-01   8.0696207E-03   0.0000000E+00   3.2259478E+02   2.7132907E+02   0.0000000E+00   5.6159011E+00
  8.2000000E+03     2   7.5748150E-01   9.8515118E-04   0.0000000E+00   1.6700040E+02   8.8434006E+01   0.0000000E+00   1.8851096E+02
  8.2500000E+03     1   4.7613635E-01   8.5461596E-03   0.0000000E+00   1.5982684E+02   1.2681510E+02   0.0000000E+00   6.5369221E+00
  8.2500000E+03     2   7.5717121E-01   1.0975601E-03   0.0000000E+00   2.7068597E+02   2.9931101E+02   0.0000000E+00   1.9404101E+02
  8.3000000E+03     1   4.7601354E-01   9.0126041E-03   0.0000000E+00   1.1566107E+01   3.5143549E+02   0.0000000E+00   6.4988097E+00
  8.3000000E+03     2   7.5681467E-01   1.0976708E-03   0.0000000E+00   1.4920185E+01   1.6554776E+02   0.0000000E+00   1.9238654E+02
  8.3500000E+03     1   4.7585496E-01   9.5056314E-03   0.0000000E+00   2.4032462E+02   2.2337795E+02   0.0000000E+00   6.3943874E+00
  8.3500000E+03     2   7.5659703E-01   1.1680362E-03   0.0000000E+00   1.2642985E+02   4.0307603E+01   0.0000000E+00   1.8946473E+02
  8.4000000E+03     1   4.7570813E-01   9.9720018E-03   0.0000000E+00   1.2873557E+02   1.0070408E+02   0.0000000E+00   7.2564590E+00
  8.4000000E+03     2   7.5631053E-01   1.2458231E-03   0.0000000E+00   2.5678085E+02   2.7191925E+02   0.0000000E+00   1.9604129E+02
  8.4500000E+03     1   4.7557247E-01   1.0371537E-02   0.0000000E+00   3.6486496E+01   3.4445494E+02   0.0000000E+00   7.0657954E+00
  8.4500000E+03     2   7.5595205E-01   1.2484705E-03   0.0000000E+00   2.8816026E+01   1.5741506E+02   0.0000000E+00   1.9410568E+02
  8.5000000E+03     1   4.7542863E-01   1.0791657E-02   0.0000000E+00   3.2621239E+02   2.3264068E+02   0.0000000E+00   7.0012863E+00
  8.5000000E+03     2   7.5574438E-01   1.2783795E-03   0.0000000E+00   1.7196134E+02   4.7286179E+01   0.0000000E+00   1.9235578E+02
  8.5500000E+03     1   4.7525645E-01   1.1102481E-02   0.0000000E+00   2.7957178E+02   1.2419185E+02   0.0000000E+00   7.3891097E+00
  8.5500000E+03     2   7.5539947E-01   1.3422654E-03   0.0000000E+00   3.3012561E+02   2.9754669E+02   0.0000000E+00   1.9403427E+02
  8.6000000E+03     1   4.7508670E-01   1.1411961E-02   0.0000000E+00   2.5666763E+02   1.9568521E+01   0.0000000E+00   7.0477443E+00
  8.6000000E+03     2   7.5517948E-01   1.3587265E-03   0.0000000E+00   1.3665495E+02   1.9477126E+02   0.0000000E+00   1.9184501E+02
  8.6500000E+03     1   4.7493152E-01   1.1657547E-02   0.0000000E+00   2.5999113E+02   2.7672948E+02   0.0000000E+00   7.4918510E+00
  8.6500000E+03     2   7.5484551E-01   1.4084570E-03   0.0000000E+00   3.2093433E+02   8.9536640E+01   0.0000000E+00   1.9468469E+02
  8.7000000E+03     1   4.7476613E-01   1.1882314E-02   0.0000000E+00   2.8891580E+02   1.7673110E+02   0.0000000E+00   7.1184802E+00
  8.7000000E+03     2   7.5462535E-01   1.3934027E-03   0.0000000E+00   1.5348493E+02   3.5126330E+02   0.0000000E+00   1.9258627E+02
  8.7500000E+03     1   4.7460719E-01   1.2042877E-02   0.0000000E+00   3.4562976E+02   7.7703302E+01   0.0000000E+00   7.4496066E+00
  8.7500000E+03     2   7.5426638E-01   1.4161426E-03   0.0000000E+00   4.2637764E+00   2.4997921E+02   0.0000000E+00   1.9517370E+02
  8.8000000E+03     1   4.7443778E-01   1.2222816E-02   0.0000000E+00   6.9954216E+01   3.4012662E+02   0.0000000E+00   7.6405414E+00
  8.8000000E+03     2   7.5406957E-01   1.4552577E-03   0.0000000E+00   2.2884397E+02   1.5008003E+02   0.0000000E+00   1.9768713E+02
  8.8500000E+03     1   4.7425709E-01   1.2316385E-02   0.0000000E+00   1.8201927E+02   2.4413160E+02   0.0000000E+00   7.2464850E+00
  8.8500000E+03     2   7.5376089E-01   1.4788009E-03   0.0000000E+00   1.0114860E+02   5.7615878E+01   0.0000000E+00   1.9376220E+02
  8.9000000E+03     1   4.7410004E-01   1.2403054E-02   0.0000000E+00   3.2334642E+02   1.4836516E+02   0.0000000E+00   7.4683563E+00
  8.9000000E+03     2   7.5343809E-01   1.4569363E-03   0.0000000E+00   3.5318747E+02   3.2058508E+02   0.0000000E+00   1.9524844E+02
  8.9500000E+03     1   4.7391505E-01   1.2506118E-02   0.0000000E+00   1.3365812E+02   5.3273742E+01   0.0000000E+00   7.6603469E+00
  8.9500000E+03     2   7.5323037E-01   1.5106485E-03   0.0000000E+00   2.6072265E+02   2.2321032E+02   0.0000000E+00   1.9772376E+02
  9.0000000E+03     1   4.7377340E-01   1.2582252E-02   0.0000000E+00   3.3271510E+02   3.1925320E+02   0.0000000E+00   7.2423279E+00
  9.0000000E+03     2   7.5295815E-01   1.4610682E-03   0.0000000E+00   1.7704691E+02   1.3218500E+02   0.0000000E+00   1.9431053E+02
  9.0500000E+03     1   4.7357338E-01   1.2603990E-02   0.0000000E+00   2.0164629E+02   2.2526103E+02   0.0000000E+00   7.2001950E+00
  9.0500000E+03     2   7.5266392E-01   1.5021924E-03   0.0000000E+00   1.1080675E+02   3.8877520E+01   0.0000000E+00   1.9358370E+02
  9.1000000E+03     1   4.7341172E-01   1.2628862E-02   0.0000000E+00   1.0043548E+02   1.3141382E+02   0.0000000E+00   7.3098566E+00
  9.1000000E+03     2   7.5234759E-01   1.5030171E-03   0.0000000E+00   6.2240908E+01   3.0304558E+02   0.0000000E+00   1.9567810E+02
  9.1500000E+03     1   4.7324485E-01   1.2663725E-02   0.0000000E+00   2.9047235E+01   3.7825950E+01   0.0000000E+00   7.3769220E+00
  9.1500000E+03     2   7.5205571E-01   1.4815440E-03   0.0000000E+00   2.6815950E+01   2.0922208E+02   0.0000000E+00   1.9598079E+02
  9.2000000E+03     1   4.7307278E-01   1.2688251E-02   0.0000000E+00   3.4761224E+02   3.0442885E+02   0.0000000E+00   7.4142165E+00
  9.2000000E+03     2   7.5178032E-01   1.4808619E-03   0.0000000E+00   5.7330942E+00   1.1620898E+02   0.0000000E+00   1.9563408E+02
  9.2500000E+03     1   4.7290018E-01   1.2707136E-02   0.0000000E+00   3.3622237E+02   2.1118178E+02   0.0000000E+00   7.4220006E+00
  9.2500000E+03     2   7.5150655E-01   1.4844422E-03   0.0000000E+00   3.5993561E+02   2.3068352E+01   0.0000000E+00   1.9553542E+02
  9.3000000E+03     1   4.7272844E-01   1.2723657E-02   0.0000000E+00   3.5496291E+02   1.1804648E+02   0.0000000E+00   7.4016414E+00
  9.3000000E+03     2   7.5122987E-01   1.4840180E-03   0.0000000E+00   9.4994845E+00   2.8972927E+02   0.0000000E+00   1.9571885E+02
  9.3500000E+03     1   4.7255531E-01   1.2735735E-02   0.0000000E+00   4.3890824E+01   2.5008663E+01   0.0000000E+00   7.3358648E+00
  9.3500000E+03     2   7.5095774E-01   1.4929654E-03   0.0000000E+00   3.4332989E+01   1.9628902E+02   0.0000000E+00   1.9605551E+02
  9.4000000E+03     1   4.7237604E-01   1.2744179E-02   0.0000000E+00   1.2310181E+02   2.9200814E+02   0.0000000E+00   7.2640233E+00
  9.4000000E+03     2   7.5070599E-01   1.5211221E-03   0.0000000E+00   7.3248968E+01   1.0394208E+02   0.0000000E+00   1.9533008E+02
  9.4500000E+03     1   4.7219545E-01   1.2768293E-02   0.0000000E+00   2.3258400E+02   1.9909087E+02   0.0000000E+00   7.1197759E+00
  9.4500000E+03     2   7.5047513E-01   1.5061292E-03   0.0000000E+00   1.2595494E+02   1.2987819E+01   0.0000000E+00   1.9322283E+02
  9.5000000E+03     1   4.7206545E-01   1.2821553E-02   0.0000000E+00   1.2797317E+01   1.0581358E+02   0.0000000E+00   7.3565148E+00
  9.5000000E+03     2   7.5020155E-01   1.4980182E-03   0.0000000E+00   1.9877756E+02   2.7711294E+02   0.0000000E+00   1.9605716E+02
  9.5500000E+03     1   4.7185165E-01   1.2782635E-02   0.0000000E+00   1.8340038E+02   1.2569090E+01   0.0000000E+00   7.5310026E+00
  9.5500000E+03     2   7.4991130E-01   1.5454559E-03   0.0000000E+00   2.8472667E+02   1.8330811E+02   0.0000000E+00   1.9679198E+02
  9.6000000E+03     1   4.7169396E-01   1.2766304E-02   0.0000000E+00   2.4100042E+01   2.7966303E+02   0.0000000E+00   7.3409025E+00
  9.6000000E+03     2   7.4958334E-01   1.4910332E-03   0.0000000E+00   2.4330301E+01   9.1053200E+01   0.0000000E+00   1.9595073E+02
  9.6500000E+03     1   4.7150727E-01   1.2785795E-02   0.0000000E+00   2.5521828E+02   1.8679754E+02   0.0000000E+00   7.0788857E+00
  9.6500000E+03     2   7.4938464E-01   1.4973856E-03   0.0000000E+00   1.3715587E+02   7.9025158E-01   0.0000000E+00   1.9308617E+02
  9.7000000E+03     1   4.7133335E-01   1.2795614E-02   0.0000000E+00   1.5753705E+02   9.3192839E+01   0.0000000E+00   7.5535279E+00
  9.7000000E+03     2   7.4909912E-01   1.5455600E-03   0.0000000E+00   2.7232576E+02   2.6341237E+02   0.0000000E+00   1.9733400E+02
  9.7500000E+03     1   4.7117299E-01   1.2771439E-02   0.0000000E+00   8.9653311E+01   2.9652237E-01   0.0000000E+00   7.2578398E+00
  9.7500000E+03     2   7.4877478E-01   1.5138215E-03   0.0000000E+00   5.7009909E+01   1.7174219E+02   0.0000000E+00   1.9581217E+02
  9.8000000E+03     1   4.7101146E-01   1.2817696E-02   0.0000000E+00   5.2825352E+01   2.6684953E+02   0.0000000E+00   7.5019082E+00
  9.8000000E+03     2   7.4856611E-01   1.5091280E-03   0.0000000E+00   2.2019005E+02   7.6823112E+01   0.0000000E+00   1.9752833E+02
  9.8500000E+03     1   4.7083185E-01   1.2777307E-02   0.0000000E+00   4.6170686E+01   1.7378216E+02   0.0000000E+00   7.2868516E+00
  9.8500000E+03     2   7.4821674E-01   1.4981183E-03   0.0000000E+00   3.5443665E+01   3.4506726E+02   0.0000000E+00   1.9600175E+02
  9.9000000E+03     1   4.7065834E-01   1.2810378E-02   0.0000000E+00   7.0530862E+01   8.0239424E+01   0.0000000E+00   7.5356576E+00
  9.9000000E+03     2   7.4802115E-01   1.5152366E-03   0.0000000E+00   2.2937102E+02   2.4990166E+02   0.0000000E+00   1.9787342E+02
  9.9500000E+03     1   4.7048075E-01   1.2777913E-02   0.0000000E+00   1.2499008E+02   3.4718213E+02   0.0000000E+00   7.2218025E+00
  9.9500000E+03     2   7.4769290E-01   1.5252682E-03   0.0000000E+00   7.4114757E+01   1.5917332E+02   0.0000000E+00   1.9523062E+02
  1.0000000E+04     1   4.7030437E-01   1.2794557E-02   0.0000000E+00   2.1061446E+02   2.5354436E+02   0.0000000E+00   7.4610635E+00
  1.0000000E+04     2   7.4743588E-01   1.5425238E-03   0.0000000E+00   2.9771859E+02   6.4863536E+01   0.0000000E+00   1.9614189E+02
  1.0050000E+04     1   4.7015424E-01   1.2813297E-02   0.0000000E+00   3.2634606E+02   1.6041023E+02   0.0000000E+00   7.1315838E+00
  1.0050000E+04     2   7.4719745E-01   1.4836566E-03   0.0000000E+00   1.7373649E+02   3.3341256E+02   0.0000000E+00   1.9412925E+02
  1.0100000E+04     1   4.6996625E-01   1.2778313E-02   0.0000000E+00   1.1312752E+02   6.6839740E+01   0.0000000E+00   7.2134754E+00
  1.0100000E+04     2   7.4686865E-01   1.5224847E-03   0.0000000E+00   6.8377820E+01   2.3863242E+02   0.0000000E+00   1.9542080E+02
  1.0150000E+04     1   4.6979731E-01   1.2781450E-02   0.0000000E+00   2.9069990E+02   3.3312897E+02   0.0000000E+00   7.3766718E+00
  1.0150000E+04     2   7.4658585E-01   1.5077943E-03   0.0000000E+00   3.3687026E+02   1.4529699E+02   0.0000000E+00   1.9520865E+02
  1.0200000E+04     1   4.6961332E-01   1.2805003E-02   0.0000000E+00   1.3895859E+02   2.3938085E+02   0.0000000E+00   7.5391391E+00
  1.0200000E+04     2   7.4637122E-01   1.5428095E-03   0.0000000E+00   2.6331870E+02   4.9311010E+01   0.0000000E+00   1.9760897E+02
  1.0250000E+04     1   4.6948281E-01   1.2841893E-02   0.0000000E+00   1.7582306E+01   1.4595094E+02   0.0000000E+00   7.3163400E+00
  1.0250000E+04     2   7.4609837E-01   1.5018618E-03   0.0000000E+00   2.0129499E+02   3.1710527E+02   0.0000000E+00   1.9616200E+02
  1.0300000E+04     1   4.6927768E-01   1.2796701E-02   0.0000000E+00   2.8691345E+02   5.2523586E+01   0.0000000E+00   7.0191561E+00
  1.0300000E+04     2   7.4583580E-01   1.4862093E-03   0.0000000E+00   1.5313103E+02   2.2635886E+02   0.0000000E+00   1.9318388E+02
  1.0350000E+04     1   4.6909853E-01   1.2794028E-02   0.0000000E+00   2.2730175E+02   3.1873915E+02   0.0000000E+00   7.0515506E+00
  1.0350000E+04     2   7.4554972E-01   1.5117884E-03   0.0000000E+00   1.2327512E+02   1.3264068E+02   0.0000000E+00   1.9315002E+02
  1.0400000E+04     1   4.6892791E-01   1.2792681E-02   0.0000000E+00   1.9848282E+02   2.2488883E+02   0.0000000E+00   7.0987669E+00
  1.0400000E+04     2   7.4526639E-01   1.5228807E-03   0.0000000E+00   1.0927997E+02   3.8399654E+01   0.0000000E+00   1.9358794E+02
  1.0450000E+04     1   4.6875636E-01   1.2793186E-02   0.0000000E+00   2.0040646E+02   1.3104323E+02   0.0000000E+00   7.0847693E+00
  1.0450000E+04     2   7.4499469E-01   1.5223178E-03   0.0000000E+00   1.1020022E+02   3.0458862E+02   0.0000000E+00   1.9353938E+02
  1.0500000E+04     1   4.6858430E-01   1.2795371E-02   0.0000000E+00   2.3310048E+02   3.7187996E+01   0.0000000E+00   7.0303389E+00
  1.0500000E+04     2   7.4473424E-01   1.5093822E-03   0.0000000E+00   1.2610197E+02   2.1115144E+02   0.0000000E+00   1.9306690E+02
  1.0550000E+04     1   4.6842376E-01   1.2800014E-02   0.0000000E+00   2.9666745E+02   3.0323773E+02   0.0000000E+00   7.0203294E+00
  1.0550000E+04     2   7.4447371E-01   1.4841315E-03   0.0000000E+00   1.5812888E+02   1.1695274E+02   0.0000000E+00   1.9330532E+02
  1.0600000E+04     1   4.6827638E-01   1.2835427E-02   0.0000000E+00   3.1380142E+01   2.0892398E+02   0.0000000E+00   7.3461579E+00
  1.0600000E+04     2   7.4419409E-01   1.5049774E-03   0.0000000E+00   2.0869936E+02   1.9587766E+01   0.0000000E+00   1.9668237E+02
  1.0650000E+04     1   4.6807024E-01   1.2802657E-02   0.0000000E+00   1.5681241E+02   1.1472264E+02   0.0000000E+00   7.4779035E+00
  1.0650000E+04     2   7.4391283E-01   1.5467092E-03   0.0000000E+00   2.7186552E+02   2.8500227E+02   0.0000000E+00   1.9719827E+02
  1.0700000E+04     1   4.6791317E-01   1.2779901E-02   0.0000000E+00   3.1284650E+02   2.0751860E+01   0.0000000E+00   7.3215331E+00
  1.0700000E+04     2   7.4358298E-01   1.4989983E-03   0.0000000E+00   3.4794013E+02   1.9289575E+02   0.0000000E+00   1.9517764E+02
  1.0750000E+04     1   4.6773457E-01   1.2782450E-02   0.0000000E+00   1.3974663E+02   2.8675665E+02   0.0000000E+00   7.1433232E+00
  1.0750000E+04     2   7.4333704E-01   1.5285871E-03   0.0000000E+00   8.1096890E+01   9.9104741E+01   0.0000000E+00   1.9479524E+02
  1.0800000E+04     1   4.6759862E-01   1.2839668E-02   0.0000000E+00   3.5777911E+02   1.9249105E+02   0.0000000E+00   7.1879547E+00
  1.0800000E+04     2   7.4310309E-01   1.4956905E-03   0.0000000E+00   1.9048844E+02   4.4861380E+00   0.0000000E+00   1.9519286E+02
  1.0850000E+04     1   4.6739380E-01   1.2788166E-02   0.0000000E+00   2.4686254E+02   9.8055841E+01   0.0000000E+00   7.3511912E+00
  1.0850000E+04     2   7.4278904E-01   1.5294071E-03   0.0000000E+00   3.1514235E+02   2.7002035E+02   0.0000000E+00   1.9538668E+02
  1.0900000E+04     1   4.6721892E-01   1.2785957E-02   0.0000000E+00   1.6649803E+02   3.9690851E+00   0.0000000E+00   7.1028804E+00
  1.0900000E+04     2   7.4253307E-01   1.5293291E-03   0.0000000E+00   9.3874322E+01   1.7689522E+02   0.0000000E+00   1.9417675E+02
  1.0950000E+04     1   4.6704595E-01   1.2807145E-02   0.0000000E+00   1.1770097E+02   2.6921831E+02   0.0000000E+00   7.4939817E+00
  1.0950000E+04     2   7.4229441E-01   1.5360818E-03   0.0000000E+00   2.5287670E+02   7.8939086E+01   0.0000000E+00   1.9777320E+02
  1.1000000E+04     1   4.6688451E-01   1.2779204E-02   0.0000000E+00   9.9197682E+01   1.7511871E+02   0.0000000E+00   7.1473274E+00
  1.1000000E+04     2   7.4196403E-01   1.5187227E-03   0.0000000E+00   6.1511799E+01   3.4677941E+02   0.0000000E+00   1.9548662E+02
  1.1050000E+04     1   4.6670521E-01   1.2806891E-02   0.0000000E+00   1.1233315E+02   8.0315994E+01   0.0000000E+00   7.4843313E+00
  1.1050000E+04     2   7.4175291E-01   1.5339814E-03   0.0000000E+00   2.5022779E+02   2.4999694E+02   0.0000000E+00   1.9780338E+02
  1.1100000E+04     1   4.6653711E-01   1.2785584E-02   0.0000000E+00   1.5580788E+02   3.4615030E+02   0.0000000E+00   7.1009862E+00
  1.1100000E+04     2   7.4144335E-01   1.5299502E-03   0.0000000E+00   8.8739561E+01   1.5886517E+02   0.0000000E+00   1.9438612E+02
  1.1150000E+04     1   4.6636773E-01   1.2792476E-02   0.0000000E+00   2.3091695E+02   2.5132704E+02   0.0000000E+00   7.3445869E+00
  1.1150000E+04     2   7.4116755E-01   1.5364965E-03   0.0000000E+00   3.0736253E+02   6.3095288E+01   0.0000000E+00   1.9557634E+02
  1.1200000E+04     1   4.6622276E-01   1.2823727E-02   0.0000000E+00   3.3658381E+02   1.5694781E+02   0.0000000E+00   7.0771662E+00
  1.1200000E+04     2   7.4093710E-01   1.4875544E-03   0.0000000E+00   1.7904033E+02   3.2973797E+02   0.0000000E+00   1.9428701E+02
  1.1250000E+04     1   4.6603015E-01   1.2779777E-02   0.0000000E+00   1.1360708E+02   6.2221899E+01   0.0000000E+00   7.1190602E+00
  1.1250000E+04     2   7.4061379E-01   1.5234893E-03   0.0000000E+00   6.8465714E+01   2.3411926E+02   0.0000000E+00   1.9522170E+02
  1.1300000E+04     1   4.6586186E-01   1.2782845E-02   0.0000000E+00   2.8185974E+02   3.2730770E+02   0.0000000E+00   7.2900637E+00
  1.1300000E+04     2   7.4033586E-01   1.5127012E-03   0.0000000E+00   3.3231854E+02   1.3956405E+02   0.0000000E+00   1.9503371E+02
  1.1350000E+04     1   4.6568131E-01   1.2807057E-02   0.0000000E+00   1.2118878E+02   2.3235504E+02   0.0000000E+00   7.4614138E+00
  1.1350000E+04     2   7.4012530E-01   1.5376371E-03   0.0000000E+00   2.5453617E+02   4.2143961E+01   0.0000000E+00   1.9767249E+02
  1.1400000E+04     1   4.6554895E-01   1.2836349E-02   0.0000000E+00   3.5116891E+02   1.3783516E+02   0.0000000E+00   7.1139033E+00
  1.1400000E+04     2   7.3985063E-01   1.4934166E-03   0.0000000E+00   1.8684268E+02   3.1013389E+02   0.0000000E+00   1.9481518E+02
  1.1450000E+04     1   4.6534100E-01   1.2795292E-02   0.0000000E+00   2.5244139E+02   4.3108244E+01   0.0000000E+00   6.9265943E+00
  1.1450000E+04     2   7.3958366E-01   1.5010206E-03   0.0000000E+00   1.3555207E+02   2.1724017E+02   0.0000000E+00   1.9279467E+02
  1.1500000E+04     1   4.6517154E-01   1.2789422E-02   0.0000000E+00   1.8513956E+02   3.0805118E+02   0.0000000E+00   7.0311175E+00
  1.1500000E+04     2   7.3928968E-01   1.5270735E-03   0.0000000E+00   1.0272795E+02   1.2140857E+02   0.0000000E+00   1.9367373E+02
  1.1550000E+04     1   4.6500494E-01   1.2784159E-02   0.0000000E+00   1.4894908E+02   2.1300207E+02   0.0000000E+00   7.0722415E+00
  1.1550000E+04     2   7.3900449E-01   1.5299774E-03   0.0000000E+00   8.5403344E+01   2.5609393E+01   0.0000000E+00   1.9446492E+02
  1.1600000E+04     1   4.6483549E-01   1.2783016E-02   0.0000000E+00   1.4390413E+02   1.1794375E+02   0.0000000E+00   7.0671406E+00
  1.1600000E+04     2   7.3873225E-01   1.5295835E-03   0.0000000E+00   8.2982984E+01   2.9044640E+02   0.0000000E+00   1.9456449E+02
  1.1650000E+04     1   4.6466288E-01   1.2787670E-02   0.0000000E+00   1.7003508E+02   2.2858644E+01   0.0000000E+00   7.0401200E+00
  1.1650000E+04     2   7.3847293E-01   1.5296361E-03   0.0000000E+00   9.5476232E+01   1.9592001E+02   0.0000000E+00   1.9397875E+02
  1.1700000E+04     1   4.6448986E-01   1.2796954E-02   0.0000000E+00   2.2732396E+02   2.8778573E+02   0.0000000E+00   6.9458724E+00
  1.1700000E+04     2   7.3822521E-01   1.5130387E-03   0.0000000E+00   1.2311921E+02   1.0180143E+02   0.0000000E+00   1.9293017E+02
  1.1750000E+04     1   4.6433943E-01   1.2808762E-02   0.0000000E+00   3.1596464E+02   1.9254867E+02   0.0000000E+00   6.9622510E+00
  1.1750000E+04     2   7.3796728E-01   1.4836652E-03   0.0000000E+00   1.6804300E+02   5.9691181E+00   0.0000000E+00   1.9354180E+02
  1.1800000E+04     1   4.6416127E-01   1.2812576E-02   0.0000000E+00   7.6231503E+01   9.6872706E+01   0.0000000E+00   7.3966425E+00
  1.1800000E+04     2   7.3769927E-01   1.5187721E-03   0.0000000E+00   2.3205543E+02   2.6663135E+02   0.0000000E+00   1.9763800E+02
  1.1850000E+04     1   4.6398588E-01   1.2792540E-02   0.0000000E+00   2.2730777E+02   1.6343187E+00   0.0000000E+00   7.2958223E+00
  1.1850000E+04     2   7.3738445E-01   1.5382604E-03   0.0000000E+00   3.0553213E+02   1.7340398E+02   0.0000000E+00   1.9552616E+02
  1.1900000E+04     1   4.6382549E-01   1.2780517E-02   0.0000000E+00   4.9586409E+01   2.6642390E+02   0.0000000E+00   7.1236392E+00
  1.1900000E+04     2   7.3708350E-01   1.5008551E-03   0.0000000E+00   3.6903666E+01   7.7875262E+01   0.0000000E+00   1.9567228E+02
  1.1950000E+04     1   4.6364382E-01   1.2796265E-02   0.0000000E+00   2.6312322E+02   1.7121672E+02   0.0000000E+00   6.8872180E+00
  1.1950000E+04     2   7.3688668E-01   1.4965845E-03   0.0000000E+00   1.4084003E+02   3.4538190E+02   0.0000000E+00   1.9272204E+02
  1.2000000E+04     1   4.6347160E-01   1.2804764E-02   0.0000000E+00   1.4866508E+02   7.5258264E+01   0.0000000E+00   7.3839555E+00
  1.2000000E+04     2   7.3660719E-01   1.5460254E-03   0.0000000E+00   2.6778250E+02   2.4550029E+02   0.0000000E+00   1.9714193E+02
  1.2050000E+04     1   4.6331599E-01   1.2779819E-02   0.0000000E+00   6.4810076E+01   3.3999969E+02   0.0000000E+00   7.0950548E+00
  1.2050000E+04     2   7.3627852E-01   1.5064560E-03   0.0000000E+00   4.4481194E+01   1.5147106E+02   0.0000000E+00   1.9562368E+02
  1.2100000E+04     1   4.6317473E-01   1.2842865E-02   0.0000000E+00   1.2639082E+01   2.4435907E+02   0.0000000E+00   7.1511586E+00
  1.2100000E+04     2   7.3607135E-01   1.5016813E-03   0.0000000E+00   1.9838677E+02   5.5867419E+01   0.0000000E+00   1.9564281E+02
  1.2150000E+04     1   4.6297918E-01   1.2780944E-02   0.0000000E+00   3.5182743E+02   1.4869097E+02   0.0000000E+00   7.1668395E+00
  1.2150000E+04     2   7.3573377E-01   1.4915394E-03   0.0000000E+00   7.5812755E+00   3.2060682E+02   0.0000000E+00   1.9525098E+02
  1.2200000E+04     1   4.6283631E-01   1.2840048E-02   0.0000000E+00   2.3231468E+00   5.3057250E+01   0.0000000E+00   7.0970495E+00
  1.2200000E+04     2   7.3553311E-01   1.4982334E-03   0.0000000E+00   1.9277661E+02   2.2499074E+02   0.0000000E+00   1.9516356E+02
  1.2250000E+04     1   4.6263997E-01   1.2779949E-02   0.0000000E+00   4.4306648E+01   3.1729356E+02   0.0000000E+00   7.1032535E+00
  1.2250000E+04     2   7.3519840E-01   1.4992707E-03   0.0000000E+00   3.4209635E+01   1.2878887E+02   0.0000000E+00   1.9560794E+02
  1.2300000E+04     1   4.6245736E-01   1.2805443E-02   0.0000000E+00   1.1798216E+02   2.2121322E+02   0.0000000E+00   7.3809441E+00
  1.2300000E+04     2   7.3500178E-01   1.5366401E-03   0.0000000E+00   2.5284621E+02   3.1048559E+01   0.0000000E+00   1.9754561E+02
  1.2350000E+04     1   4.6228701E-01   1.2794474E-02   0.0000000E+00   2.2238723E+02   1.2580637E+02   0.0000000E+00   6.9021308E+00
  1.2350000E+04     2   7.3472262E-01   1.5154420E-03   0.0000000E+00   1.2062639E+02   2.9982466E+02   0.0000000E+00   1.9288384E+02
  1.2400000E+04     1   4.6213361E-01   1.2780945E-02   0.0000000E+00   3.5893082E+02   2.9657167E+01   0.0000000E+00   7.1443943E+00
  1.2400000E+04     2   7.3438949E-01   1.4914804E-03   0.0000000E+00   1.1176587E+01   2.0151818E+02   0.0000000E+00   1.9528338E+02
  1.2450000E+04     1   4.6194923E-01   1.2801935E-02   0.0000000E+00   1.6689484E+02   2.9351508E+02   0.0000000E+00   7.3250376E+00
  1.2450000E+04     2   7.3418046E-01   1.5486680E-03   0.0000000E+00   2.7648176E+02   1.0414326E+02   0.0000000E+00   1.9669686E+02
  1.2500000E+04     1   4.6182224E-01   1.2842076E-02   0.0000000E+00   5.9540692E+00   1.9772307E+02   0.0000000E+00   7.0916614E+00
  1.2500000E+04     2   7.3392099E-01   1.4997770E-03   0.0000000E+00   1.9471027E+02   9.5356637E+00   0.0000000E+00   1.9527906E+02
  1.2550000E+04     1   4.6161145E-01   1.2795626E-02   0.0000000E+00   2.3655182E+02   1.0186509E+02   0.0000000E+00   6.8589110E+00
  1.2550000E+04     2   7.3365345E-01   1.5093177E-03   0.0000000E+00   1.2754191E+02   2.7602855E+02   0.0000000E+00   1.9269545E+02
  1.2600000E+04     1   4.6144884E-01   1.2780216E-02   0.0000000E+00   1.3902331E+02   5.6049852E+00   0.0000000E+00   6.9937147E+00
  1.2600000E+04     2   7.3334748E-01   1.5295318E-03   0.0000000E+00   8.0522232E+01   1.7809126E+02   0.0000000E+00   1.9450744E+02
  1.2650000E+04     1   4.6128675E-01   1.2779038E-02   0.0000000E+00   7.2959749E+01   2.6937428E+02   0.0000000E+00   7.0473115E+00
  1.2650000E+04     2   7.3305686E-01   1.5099089E-03   0.0000000E+00   4.8445082E+01   8.0932727E+01   0.0000000E+00   1.9548886E+02
  1.2700000E+04     1   4.6112022E-01   1.2781527E-02   0.0000000E+00   3.8439064E+01   1.7311449E+02   0.0000000E+00   7.0720242E+00
  1.2700000E+04     2   7.3278202E-01   1.4978407E-03   0.0000000E+00   3.1200150E+01   3.4466989E+02   0.0000000E+00   1.9551663E+02
  1.2750000E+04     1   4.6095179E-01   1.2780319E-02   0.0000000E+00   3.5470249E+01   7.6829138E+01   0.0000000E+00   7.0715121E+00
  1.2750000E+04     2   7.3251374E-01   1.4969663E-03   0.0000000E+00   2.9697907E+01   2.4840211E+02   0.0000000E+00   1.9549854E+02
  1.2800000E+04     1   4.6078172E-01   1.2779883E-02   0.0000000E+00   6.4064580E+01   3.4052297E+02   0.0000000E+00   7.0422328E+00
  1.2800000E+04     2   7.3225103E-01   1.5066489E-03   0.0000000E+00   4.4018537E+01   1.5205784E+02   0.0000000E+00   1.9550736E+02
  1.2850000E+04     1   4.6060761E-01   1.2781087E-02   0.0000000E+00   1.2425528E+02   2.4418552E+02   0.0000000E+00   6.9861588E+00
  1.2850000E+04     2   7.3200229E-01   1.5272341E-03   0.0000000E+00   7.3401871E+01   5.6404363E+01   0.0000000E+00   1.9476731E+02
  1.2900000E+04     1   4.6043146E-01   1.2795082E-02   0.0000000E+00   2.1602049E+02   1.4785597E+02   0.0000000E+00   6.8665205E+00
  1.2900000E+04     2   7.3177112E-01   1.5185572E-03   0.0000000E+00   1.1745895E+02   3.2184052E+02   0.0000000E+00   1.9288196E+02
  1.2950000E+04     1   4.6029570E-01   1.2826897E-02   0.0000000E+00   3.3963054E+02   5.1276173E+01   0.0000000E+00   6.9533295E+00
  1.2950000E+04     2   7.3151415E-01   1.4898693E-03   0.0000000E+00   1.8045331E+02   2.2411479E+02   0.0000000E+00   1.9411471E+02
  1.3000000E+04     1   4.6009468E-01   1.2805666E-02   0.0000000E+00   1.3517025E+02   3.1438041E+02   0.0000000E+00   7.3139350E+00
  1.3000000E+04     2   7.3124419E-01   1.5430399E-03   0.0000000E+00   2.6113847E+02   1.2448404E+02   0.0000000E+00   1.9721031E+02
  1.3050000E+04     1   4.5994070E-01   1.2779420E-02   0.0000000E+00   3.2189707E+02   2.1794902E+02   0.0000000E+00   7.1257166E+00
  1.3050000E+04     2   7.3091099E-01   1.4973765E-03   0.0000000E+00   3.5223125E+02   3.0229158E+01   0.0000000E+00   1.9484557E+02
  1.3100000E+04     1   4.5976052E-01   1.2789921E-02   0.0000000E+00   1.8029275E+02   1.2149498E+02   0.0000000E+00   6.9149771E+00
  1.3100000E+04     2   7.3068771E-01   1.5292400E-03   0.0000000E+00   1.0020896E+02   2.9488988E+02   0.0000000E+00   1.9352008E+02
  1.3150000E+04     1   4.5960317E-01   1.2814835E-02   0.0000000E+00   7.0951250E+01   2.4436354E+01   0.0000000E+00   7.2791910E+00
  1.3150000E+04     2   7.3045179E-01   1.5172469E-03   0.0000000E+00   2.2918508E+02   1.9436649E+02   0.0000000E+00   1.9734905E+02
  1.3200000E+04     1   4.5943765E-01   1.2780223E-02   0.0000000E+00   3.5284674E+02   2.8784586E+02   0.0000000E+00   7.0850560E+00
  1.3200000E+04     2   7.3010575E-01   1.4920356E-03   0.0000000E+00   7.9741280E+00   9.9837631E+01   0.0000000E+00   1.9509329E+02
  1.3250000E+04     1   4.5926892E-01   1.2803004E-02   0.0000000E+00   3.0643123E+02   1.9126872E+02   0.0000000E+00   6.8278929E+00
  1.3250000E+04     2   7.2991730E-01   1.4847914E-03   0.0000000E+00   1.6286471E+02   5.0335718E+00   0.0000000E+00   1.9306305E+02
  1.3300000E+04     1   4.5909836E-01   1.2782396E-02   0.0000000E+00   2.9230881E+02   9.4106850E+01   0.0000000E+00   7.1251590E+00
  1.3300000E+04     2   7.2958303E-01   1.5089672E-03   0.0000000E+00   3.3728362E+02   2.6654022E+02   0.0000000E+00   1.9469179E+02
  1.3350000E+04     1   4.5893454E-01   1.2803850E-02   0.0000000E+00   3.0941694E+02   3.5746487E+02   0.0000000E+00   6.8217307E+00
  1.3350000E+04     2   7.2938342E-01   1.4846054E-03   0.0000000E+00   1.6441163E+02   1.7117257E+02   0.0000000E+00   1.9311403E+02
  1.3400000E+04     1   4.5876624E-01   1.2780875E-02   0.0000000E+00   3.5883946E+02   2.6024851E+02   0.0000000E+00   7.0684026E+00
  1.3400000E+04     2   7.2903842E-01   1.4920746E-03   0.0000000E+00   1.1006963E+01   7.2195473E+01   0.0000000E+00   1.9512144E+02
  1.3450000E+04     1   4.5859249E-01   1.2811578E-02   0.0000000E+00   8.0050413E+01   1.6301819E+02   0.0000000E+00   7.2735714E+00
  1.3450000E+04     2   7.2885120E-01   1.5210462E-03   0.0000000E+00   2.3379555E+02   3.3288464E+02   0.0000000E+00   1.9740713E+02
  1.3500000E+04     1   4.5841660E-01   1.2791275E-02   0.0000000E+00   1.9254041E+02   6.6316841E+01   0.0000000E+00   6.8583564E+00
  1.3500000E+04     2   7.2855832E-01   1.5267233E-03   0.0000000E+00   1.0603773E+02   2.3997849E+02   0.0000000E+00   1.9319671E+02
  1.3550000E+04     1   4.5826271E-01   1.2780353E-02   0.0000000E+00   3.3748287E+02   3.2895878E+02   0.0000000E+00   7.0773656E+00
  1.3550000E+04     2   7.2824083E-01   1.4940292E-03   0.0000000E+00   9.6310869E-02   1.4114259E+02   0.0000000E+00   1.9489356E+02
  1.3600000E+04     1   4.5808004E-01   1.2803946E-02   0.0000000E+00   1.5425801E+02   2.3159196E+02   0.0000000E+00   7.2527867E+00
  1.3600000E+04     2   7.2803640E-01   1.5477872E-03   0.0000000E+00   2.7027916E+02   4.2068199E+01   0.0000000E+00   1.9677655E+02
  1.3650000E+04     1   4.5795424E-01   1.2841397E-02   0.0000000E+00   2.5118868E+00   1.3459591E+02   0.0000000E+00   6.9854791E+00
  1.3650000E+04     2   7.2777467E-01   1.4992505E-03   0.0000000E+00   1.9270348E+02   3.0664112E+02   0.0000000E+00   1.9494027E+02
  1.3700000E+04     1   4.5774574E-01   1.2795394E-02   0.0000000E+00   2.4273931E+02   3.7495253E+01   0.0000000E+00   6.7627574E+00
  1.3700000E+04     2   7.2751110E-01   1.5072563E-03   0.0000000E+00   1.3045657E+02   2.1178971E+02   0.0000000E+00   1.9246830E+02
  1.3750000E+04     1   4.5758249E-01   1.2783420E-02   0.0000000E+00   1.5522725E+02   3.0000649E+02   0.0000000E+00   6.8904870E+00
  1.3750000E+04     2   7.2721239E-01   1.5315200E-03   0.0000000E+00   8.8136808E+01   1.1292855E+02   0.0000000E+00   1.9396843E+02
  1.3800000E+04     1   4.5742108E-01   1.2778586E-02   0.0000000E+00   9.9580816E+01   2.0254760E+02   0.0000000E+00   6.9339837E+00
  1.3800000E+04     2   7.2692555E-01   1.5205254E-03   0.0000000E+00   6.1354379E+01   1.4450616E+01   0.0000000E+00   1.9503096E+02
  1.3850000E+04     1   4.5725602E-01   1.2779456E-02   0.0000000E+00   7.5870063E+01   1.0506599E+02   0.0000000E+00   6.9439707E+00
  1.3850000E+04     2   7.2665270E-01   1.5117422E-03   0.0000000E+00   4.9733191E+01   2.7673982E+02   0.0000000E+00   1.9527015E+02
  1.3900000E+04     1   4.5708817E-01   1.2778699E-02   0.0000000E+00   8.4117819E+01   7.5528384E+00   0.0000000E+00   6.9341164E+00
  1.3900000E+04     2   7.2638934E-01   1.5149430E-03   0.0000000E+00   5.3786466E+01   1.7929234E+02   0.0000000E+00   1.9519461E+02
  1.3950000E+04     1   4.5691704E-01   1.2780716E-02   0.0000000E+00   1.2434336E+02   2.7000691E+02   0.0000000E+00   6.9044417E+00
  1.3950000E+04     2   7.2613740E-01   1.5279384E-03   0.0000000E+00   7.3312682E+01   8.2318130E+01   0.0000000E+00   1.9459322E+02
  1.4000000E+04     1   4.5674316E-01   1.2793415E-02   0.0000000E+00   1.9653308E+02   1.7246344E+02   0.0000000E+00   6.8141748E+00
  1.4000000E+04     2   7.2590074E-01   1.5261087E-03   0.0000000E+00   1.0789909E+02   3.4623798E+02   0.0000000E+00   1.9303964E+02
  1.4050000E+04     1   4.5658745E-01   1.2801554E-02   0.0000000E+00   3.0078759E+02   7.4839066E+01   0.0000000E+00   6.7503296E+00
  1.4050000E+04     2   7.2565971E-01   1.4859851E-03   0.0000000E+00   1.5982975E+02   2.4877828E+02   0.0000000E+00   1.9281112E+02
  1.4100000E+04     1   4.5641853E-01   1.2812511E-02   0.0000000E+00   7.7578359E+01   3.3666089E+02   0.0000000E+00   7.2213490E+00
  1.4100000E+04     2   7.2539478E-01   1.5203395E-03   0.0000000E+00   2.3246133E+02   1.4659942E+02   0.0000000E+00   1.9728283E+02
  1.4150000E+04     1   4.5624867E-01   1.2788633E-02   0.0000000E+00   2.4591937E+02   2.3897847E+02   0.0000000E+00   7.0945484E+00
  1.4150000E+04     2   7.2507773E-01   1.5316876E-03   0.0000000E+00   3.1428031E+02   5.1205112E+01   0.0000000E+00   1.9486790E+02
  1.4200000E+04     1   4.5608622E-01   1.2778608E-02   0.0000000E+00   8.6270940E+01   1.4131198E+02   0.0000000E+00   6.9105255E+00
  1.4200000E+04     2   7.2479806E-01   1.5159288E-03   0.0000000E+00   5.4806126E+01   3.1309658E+02   0.0000000E+00   1.9512592E+02
  1.4250000E+04     1   4.5592848E-01   1.2810511E-02   0.0000000E+00   3.1880109E+02   4.3527756E+01   0.0000000E+00   6.7816707E+00
  1.4250000E+04     2   7.2459721E-01   1.4856727E-03   0.0000000E+00   1.6922825E+02   2.1709088E+02   0.0000000E+00   1.9321854E+02
  1.4300000E+04     1   4.5574605E-01   1.2793039E-02   0.0000000E+00   2.2387303E+02   3.0526085E+02   0.0000000E+00   7.1044417E+00
  1.4300000E+04     2   7.2429154E-01   1.5407609E-03   0.0000000E+00   3.0357756E+02   1.1717203E+02   0.0000000E+00   1.9519326E+02
  1.4350000E+04     1   4.5557852E-01   1.2785106E-02   0.0000000E+00   1.6052832E+02   2.0750673E+02   0.0000000E+00   6.8391718E+00
  1.4350000E+04     2   7.2403062E-01   1.5319619E-03   0.0000000E+00   9.0600962E+01   2.0589517E+01   0.0000000E+00   1.9375639E+02
  1.4400000E+04     1   4.5540826E-01   1.2806229E-02   0.0000000E+00   1.2995504E+02   1.0907935E+02   0.0000000E+00   7.2186020E+00
  1.4400000E+04     2   7.2379705E-01   1.5420376E-03   0.0000000E+00   2.5844065E+02   2.7922552E+02   0.0000000E+00   1.9707243E+02
  1.4450000E+04     1   4.5524856E-01   1.2781492E-02   0.0000000E+00   1.3086510E+02   1.1306645E+01   0.0000000E+00   6.8547045E+00
  1.4450000E+04     2   7.2348953E-01   1.5295527E-03   0.0000000E+00   7.6385605E+01   1.8378094E+02   0.0000000E+00   1.9438041E+02
  1.4500000E+04     1   4.5507516E-01   1.2802114E-02   0.0000000E+00   1.6461444E+02   2.7282758E+02   0.0000000E+00   7.1717722E+00
  1.4500000E+04     2   7.2325650E-01   1.5494659E-03   0.0000000E+00   2.7514549E+02   8.3575190E+01   0.0000000E+00   1.9642416E+02
  1.4550000E+04     1   4.5490869E-01   1.2796842E-02   0.0000000E+00   2.2984634E+02   1.7503454E+02   0.0000000E+00   6.7208250E+00
  1.4550000E+04     2   7.2299884E-01   1.5139646E-03   0.0000000E+00   1.2400688E+02   3.4931124E+02   0.0000000E+00   1.9244413E+02
  1.4600000E+04     1   4.5475675E-01   1.2780969E-02   0.0000000E+00   3.2800683E+02   7.6482559E+01   0.0000000E+00   6.9982325E+00
  1.4600000E+04     2   7.2267151E-01   1.4966715E-03   0.0000000E+00   3.5514355E+02   2.4884154E+02   0.0000000E+00   1.9463926E+02
  1.4650000E+04     1   4.5458048E-01   1.2807981E-02   0.0000000E+00   9.8329624E+01   3.3795716E+02   0.0000000E+00   7.2025505E+00
  1.4650000E+04     2   7.2248152E-01   1.5295182E-03   0.0000000E+00   2.4285222E+02   1.4787103E+02   0.0000000E+00   1.9728868E+02
  1.4700000E+04     1   4.5441192E-01   1.2796855E-02   0.0000000E+00   2.6025294E+02   2.4006451E+02   0.0000000E+00   6.6757057E+00
  1.4700000E+04     2   7.2221446E-01   1.4999206E-03   0.0000000E+00   1.3906057E+02   5.4468264E+01   0.0000000E+00   1.9227196E+02
  1.4750000E+04     1   4.5425452E-01   1.2778698E-02   0.0000000E+00   9.5117108E+01   1.4144452E+02   0.0000000E+00   6.8568134E+00
  1.4750000E+04     2   7.2189130E-01   1.5194982E-03   0.0000000E+00   5.9064174E+01   3.1336731E+02   0.0000000E+00   1.9493403E+02
  1.4800000E+04     1   4.5409179E-01   1.2780269E-02   0.0000000E+00   3.2225012E+02   4.2807731E+01   0.0000000E+00   6.9943750E+00
  1.4800000E+04     2   7.2161627E-01   1.4983620E-03   0.0000000E+00   3.5219830E+02   2.1523168E+02   0.0000000E+00   1.9457043E+02
  1.4850000E+04     1   4.5391635E-01   1.2794233E-02   0.0000000E+00   2.2163733E+02   3.0417886E+02   0.0000000E+00   7.0701775E+00
  1.4850000E+04     2   7.2138499E-01   1.5419159E-03   0.0000000E+00   3.0243458E+02   1.1609804E+02   0.0000000E+00   1.9515100E+02
  1.4900000E+04     1   4.5374554E-01   1.2803813E-02   0.0000000E+00   1.5336237E+02   2.0549214E+02   0.0000000E+00   7.1507536E+00
  1.4900000E+04     2   7.2114789E-01   1.5481573E-03   0.0000000E+00   2.6969387E+02   1.6054827E+01   0.0000000E+00   1.9658806E+02
  1.4950000E+04     1   4.5358117E-01   1.2806451E-02   0.0000000E+00   1.1739248E+02   1.0680179E+02   0.0000000E+00   7.1813559E+00
  1.4950000E+04     2   7.2089472E-01   1.5376629E-03   0.0000000E+00   2.5224161E+02   2.7684710E+02   0.0000000E+00   1.9713604E+02
  1.5000000E+04     1   4.5341575E-01   1.2807384E-02   0.0000000E+00   1.1377315E+02   8.0858252E+00   0.0000000E+00   7.1763805E+00
  1.5000000E+04     2   7.2063195E-01   1.5362770E-03   0.0000000E+00   2.5045560E+02   1.7810499E+02   0.0000000E+00   1.9715722E+02
  1.5050000E+04     1   4.5324802E-01   1.2804386E-02   0.0000000E+00   1.4253687E+02   2.6932933E+02   0.0000000E+00   7.1515145E+00
  1.5050000E+04     2   7.2036077E-01   1.5458907E-03   0.0000000E+00   2.6445940E+02   7.9714125E+01   0.0000000E+00   1.9676672E+02
  1.5100000E+04     1   4.5308535E-01   1.2796386E-02   0.0000000E+00   2.0366063E+02   1.7056963E+02   0.0000000E+00   7.0741737E+00
  1.5100000E+04     2   7.2007448E-01   1.5470268E-03   0.0000000E+00   2.9376795E+02   3.4216907E+02   0.0000000E+00   1.9547473E+02
  1.5150000E+04     1   4.5292913E-01   1.2781956E-02   0.0000000E+00   2.9719559E+02   7.1770542E+01   0.0000000E+00   6.9822001E+00
  1.5150000E+04     2   7.1977721E-01   1.5078602E-03   0.0000000E+00   3.3950951E+02   2.4434992E+02   0.0000000E+00   1.9440282E+02
  1.5200000E+04     1   4.5276465E-01   1.2779688E-02   0.0000000E+00   6.3130405E+01   3.3295794E+02   0.0000000E+00   6.8523973E+00
  1.5200000E+04     2   7.1951074E-01   1.5075923E-03   0.0000000E+00   4.3260401E+01   1.4468894E+02   0.0000000E+00   1.9512140E+02
  1.5250000E+04     1   4.5258579E-01   1.2795605E-02   0.0000000E+00   2.2149311E+02   2.3412776E+02   0.0000000E+00   6.6791775E+00
  1.5250000E+04     2   7.1930429E-01   1.5180144E-03   0.0000000E+00   1.1983928E+02   4.8374620E+01   0.0000000E+00   1.9243232E+02
  1.5300000E+04     1   4.5244156E-01   1.2822124E-02   0.0000000E+00   5.2848719E+01   1.3471257E+02   0.0000000E+00   7.0681186E+00
  1.5300000E+04     2   7.1905424E-01   1.5120583E-03   0.0000000E+00   2.1953256E+02   3.0513843E+02   0.0000000E+00   1.9664226E+02
  1.5350000E+04     1   4.5226524E-01   1.2783233E-02   0.0000000E+00   2.7628887E+02   3.5680448E+01   0.0000000E+00   6.9764594E+00
  1.5350000E+04     2   7.1873146E-01   1.5176525E-03   0.0000000E+00   3.2905885E+02   2.0825426E+02   0.0000000E+00   1.9440264E+02
  1.5400000E+04     1   4.5209237E-01   1.2787407E-02   0.0000000E+00   1.7208812E+02   2.9674206E+02   0.0000000E+00   6.7462504E+00
  1.5400000E+04     2   7.1849681E-01   1.5318696E-03   0.0000000E+00   9.6003885E+01   1.1015536E+02   0.0000000E+00   1.9333295E+02
  1.5450000E+04     1   4.5192802E-01   1.2808504E-02   0.0000000E+00   1.0101152E+02   1.9714737E+02   0.0000000E+00   7.1436065E+00
  1.5450000E+04     2   7.1826653E-01   1.5310295E-03   0.0000000E+00   2.4409084E+02   7.1340983E+00   0.0000000E+00   1.9715688E+02
  1.5500000E+04     1   4.5177243E-01   1.2779676E-02   0.0000000E+00   6.1827904E+01   9.8172970E+01   0.0000000E+00   6.8280912E+00
  1.5500000E+04     2   7.1793360E-01   1.5072296E-03   0.0000000E+00   4.2576469E+01   2.6992450E+02   0.0000000E+00   1.9507656E+02
  1.5550000E+04     1   4.5161357E-01   1.2819434E-02   0.0000000E+00   5.5713114E+01   3.5862924E+02   0.0000000E+00   7.0609118E+00
  1.5550000E+04     2   7.1774127E-01   1.5129537E-03   0.0000000E+00   2.2100423E+02   1.6901202E+02   0.0000000E+00   1.9667813E+02
  1.5600000E+04     1   4.5144061E-01   1.2779237E-02   0.0000000E+00   8.1748208E+01   2.5948344E+02   0.0000000E+00   6.8058257E+00
  1.5600000E+04     2   7.1741376E-01   1.5150116E-03   0.0000000E+00   5.2415470E+01   7.1344990E+01   0.0000000E+00   1.9494428E+02
  1.5650000E+04     1   4.5126353E-01   1.2803881E-02   0.0000000E+00   1.4091224E+02   1.5975042E+02   0.0000000E+00   7.1077262E+00
  1.5650000E+04     2   7.1720728E-01   1.5456654E-03   0.0000000E+00   2.6360325E+02   3.3015715E+02   0.0000000E+00   1.9670099E+02
  1.5700000E+04     1   4.5109877E-01   1.2795788E-02   0.0000000E+00   2.3195623E+02   6.0714091E+01   0.0000000E+00   6.6305008E+00
  1.5700000E+04     2   7.1694442E-01   1.5137166E-03   0.0000000E+00   1.2490500E+02   2.3510245E+02   0.0000000E+00   1.9224214E+02
  1.5750000E+04     1   4.5094900E-01   1.2781171E-02   0.0000000E+00   3.5633591E+02   3.2091707E+02   0.0000000E+00   6.8866147E+00
  1.5750000E+04     2   7.1661621E-01   1.4933859E-03   0.0000000E+00   9.4420674E+00   1.3308626E+02   0.0000000E+00   1.9471742E+02
  1.5800000E+04     1   4.5076873E-01   1.2802945E-02   0.0000000E+00   1.5331636E+02   2.2112290E+02   0.0000000E+00   7.0844282E+00
  1.5800000E+04     2   7.1641689E-01   1.5485057E-03   0.0000000E+00   2.6956585E+02   3.1757448E+01   0.0000000E+00   1.9644988E+02
  1.5850000E+04     1   4.5063779E-01   1.2828814E-02   0.0000000E+00   3.4246627E+02   1.2178920E+02   0.0000000E+00   6.7427380E+00
  1.5850000E+04     2   7.1616253E-01   1.4927267E-03   0.0000000E+00   1.8162188E+02   2.9477183E+02   0.0000000E+00   1.9376011E+02
  1.5900000E+04     1   4.5043985E-01   1.2793388E-02   0.0000000E+00   2.0455077E+02   2.2159207E+01   0.0000000E+00   6.6508724E+00
  1.5900000E+04     2   7.1588705E-01   1.5248011E-03   0.0000000E+00   1.1153732E+02   1.9622271E+02   0.0000000E+00   1.9258737E+02
  1.5950000E+04     1   4.5028491E-01   1.2777065E-02   0.0000000E+00   9.9544909E+01   2.8227503E+02   0.0000000E+00   6.7661776E+00
  1.5950000E+04     2   7.1558517E-01   1.5216409E-03   0.0000000E+00   6.1078537E+01   9.4352040E+01   0.0000000E+00   1.9468917E+02
  1.6000000E+04     1   4.5012509E-01   1.2781117E-02   0.0000000E+00   2.7228123E+01   1.8237661E+02   0.0000000E+00   6.8393453E+00
  1.6000000E+04     2   7.1530787E-01   1.4967886E-03   0.0000000E+00   2.5133590E+01   3.5427676E+02   0.0000000E+00   1.9493920E+02
  1.6050000E+04     1   4.4996053E-01   1.2780945E-02   0.0000000E+00   3.4762317E+02   8.2459769E+01   0.0000000E+00   6.8701076E+00
  1.6050000E+04     2   7.1504627E-01   1.4940106E-03   0.0000000E+00   4.9595896E+00   2.5474682E+02   0.0000000E+00   1.9458306E+02
  1.6100000E+04     1   4.4979585E-01   1.2779571E-02   0.0000000E+00   3.4075049E+02   3.4251557E+02   0.0000000E+00   6.8774262E+00
  1.6100000E+04     2   7.1478551E-01   1.4948315E-03   0.0000000E+00   1.4518867E+00   1.5487764E+02   0.0000000E+00   1.9451535E+02
  1.6150000E+04     1   4.4963187E-01   1.2781372E-02   0.0000000E+00   6.6214745E+00   2.4255171E+02   0.0000000E+00   6.8506060E+00
  1.6150000E+04     2   7.1452280E-01   1.4938838E-03   0.0000000E+00   1.4639922E+01   5.4647828E+01   0.0000000E+00   1.9475449E+02
  1.6200000E+04     1   4.4946538E-01   1.2779718E-02   0.0000000E+00   6.5247132E+01   1.4257932E+02   0.0000000E+00   6.7722046E+00
  1.6200000E+04     2   7.1426858E-01   1.5089209E-03   0.0000000E+00   4.4190800E+01   3.1439819E+02   0.0000000E+00   1.9495334E+02
  1.6250000E+04     1   4.4929224E-01   1.2784548E-02   0.0000000E+00   1.5669511E+02   4.2546678E+01   0.0000000E+00   6.6994744E+00
  1.6250000E+04     2   7.1403826E-01   1.5332009E-03   0.0000000E+00   8.8543170E+01   2.1570080E+02   0.0000000E+00   1.9354535E+02
  1.6300000E+04     1   4.4912952E-01   1.2797806E-02   0.0000000E+00   2.8091840E+02   3.0252305E+02   0.0000000E+00   6.5579320E+00
  1.6300000E+04     2   7.1381628E-01   1.4926368E-03   0.0000000E+00   1.4932661E+02   1.1693461E+02   0.0000000E+00   1.9214638E+02
  1.6350000E+04     1   4.4896918E-01   1.2811902E-02   0.0000000E+00   7.8576320E+01   2.0184681E+02   0.0000000E+00   7.0485139E+00
  1.6350000E+04     2   7.1355629E-01   1.5215861E-03   0.0000000E+00   2.3269991E+02   1.1959321E+01   0.0000000E+00   1.9693601E+02
  1.6400000E+04     1   4.4880489E-01   1.2783788E-02   0.0000000E+00   2.6854362E+02   1.0170435E+02   0.0000000E+00   6.9060977E+00
  1.6400000E+04     2   7.1323616E-01   1.5219928E-03   0.0000000E+00   3.2510564E+02   2.7432357E+02   0.0000000E+00   1.9428688E+02
  1.6450000E+04     1   4.4863818E-01   1.2781160E-02   0.0000000E+00   1.3132771E+02   1.5725795E+00   0.0000000E+00   6.7093993E+00
  1.6450000E+04     2   7.1298474E-01   1.5308660E-03   0.0000000E+00   7.6371047E+01   1.7422008E+02   0.0000000E+00   1.9406189E+02
  1.6500000E+04     1   4.4850235E-01   1.2837163E-02   0.0000000E+00   2.7367579E+01   2.6103502E+02   0.0000000E+00   6.8770687E+00
  1.6500000E+04     2   7.1276569E-01   1.5071153E-03   0.0000000E+00   2.0582964E+02   7.2327698E+01   0.0000000E+00   1.9558439E+02
  1.6550000E+04     1   4.4831678E-01   1.2779781E-02   0.0000000E+00   3.1618971E+02   1.6060255E+02   0.0000000E+00   6.8589437E+00
  1.6550000E+04     2   7.1244096E-01   1.5011204E-03   0.0000000E+00   3.4891462E+02   3.3321226E+02   0.0000000E+00   1.9424924E+02
  1.6600000E+04     1   4.4814443E-01   1.2795538E-02   0.0000000E+00   2.7765644E+02   6.0418468E+01   0.0000000E+00   6.5324916E+00
  1.6600000E+04     2   7.1225155E-01   1.4938701E-03   0.0000000E+00   1.4762672E+02   2.3488621E+02   0.0000000E+00   1.9206475E+02
  1.6650000E+04     1   4.4798547E-01   1.2784065E-02   0.0000000E+00   2.7272590E+02   3.1952631E+02   0.0000000E+00   6.8859257E+00
  1.6650000E+04     2   7.1193197E-01   1.5200880E-03   0.0000000E+00   3.2714037E+02   1.3219185E+02   0.0000000E+00   1.9422039E+02
  1.6700000E+04     1   4.4782359E-01   1.2800413E-02   0.0000000E+00   3.0012735E+02   2.1924134E+02   0.0000000E+00   6.5461832E+00
  1.6700000E+04     2   7.1173187E-01   1.4878043E-03   0.0000000E+00   1.5916565E+02   3.3412459E+01   0.0000000E+00   1.9237506E+02
  1.6750000E+04     1   4.4766320E-01   1.2780174E-02   0.0000000E+00   1.0836894E+00   1.1832966E+02   0.0000000E+00   6.8092954E+00
  1.6750000E+04     2   7.1139451E-01   1.4938608E-03   0.0000000E+00   1.1745566E+01   2.9053059E+02   0.0000000E+00   1.9460837E+02
  1.6800000E+04     1   4.4748937E-01   1.2808294E-02   0.0000000E+00   9.5025463E+01   1.7396073E+01   0.0000000E+00   7.0372812E+00
  1.6800000E+04     2   7.1121096E-01   1.5288711E-03   0.0000000E+00   2.4094480E+02   1.8748264E+02   0.0000000E+00   1.9695071E+02
  1.6850000E+04     1   4.4732079E-01   1.2794829E-02   0.0000000E+00   2.2135187E+02   2.7707696E+02   0.0000000E+00   6.5548066E+00
  1.6850000E+04     2   7.1093676E-01   1.5190481E-03   0.0000000E+00   1.1957938E+02   9.1450919E+01   0.0000000E+00   1.9218085E+02
  1.6900000E+04     1   4.4717229E-01   1.2780286E-02   0.0000000E+00   2.1383621E+01   1.7603589E+02   0.0000000E+00   6.7742703E+00
  1.6900000E+04     2   7.1061495E-01   1.4960074E-03   0.0000000E+00   2.2062102E+01   3.4805273E+02   0.0000000E+00   1.9475743E+02
  1.6950000E+04     1   4.4699763E-01   1.2794322E-02   0.0000000E+00   2.1442486E+02   7.5006746E+01   0.0000000E+00   6.9194927E+00
  1.6950000E+04     2   7.1039365E-01   1.5451399E-03   0.0000000E+00   2.9871661E+02   2.4696231E+02   0.0000000E+00   1.9496393E+02
  1.7000000E+04     1   4.4683935E-01   1.2810759E-02   0.0000000E+00   8.0479960E+01   3.3398950E+02   0.0000000E+00   7.0061501E+00
  1.7000000E+04     2   7.1017239E-01   1.5225864E-03   0.0000000E+00   2.3359158E+02   1.4414097E+02   0.0000000E+00   1.9685468E+02
  1.7050000E+04     1   4.4669866E-01   1.2825677E-02   0.0000000E+00   3.3924843E+02   2.3333431E+02   0.0000000E+00   6.6381852E+00
  1.7050000E+04     2   7.0990598E-01   1.4922505E-03   0.0000000E+00   1.7975538E+02   4.6522234E+01   0.0000000E+00   1.9345026E+02
  1.7100000E+04     1   4.4650738E-01   1.2795426E-02   0.0000000E+00   2.7134412E+02   1.3241935E+02   0.0000000E+00   6.4880205E+00
  1.7100000E+04     2   7.0965106E-01   1.4966611E-03   0.0000000E+00   1.4436115E+02   3.0697426E+02   0.0000000E+00   1.9193310E+02
  1.7150000E+04     1   4.4634059E-01   1.2794534E-02   0.0000000E+00   2.3675088E+02   3.1281165E+01   0.0000000E+00   6.5117743E+00
  1.7150000E+04     2   7.0938361E-01   1.5123790E-03   0.0000000E+00   1.2708837E+02   2.0582413E+02   0.0000000E+00   1.9196881E+02
  1.7200000E+04     1   4.4617736E-01   1.2795515E-02   0.0000000E+00   2.3529907E+02   2.9010976E+02   0.0000000E+00   6.5117503E+00
  1.7200000E+04     2   7.0912383E-01   1.5131561E-03   0.0000000E+00   1.2636886E+02   1.0464631E+02   0.0000000E+00   1.9197520E+02
  1.7250000E+04     1   4.4601709E-01   1.2795604E-02   0.0000000E+00   2.6700181E+02   1.8891238E+02   0.0000000E+00   6.4776701E+00
  1.7250000E+04     2   7.0887230E-01   1.4985764E-03   0.0000000E+00   1.4214999E+02   3.5021359E+00   0.0000000E+00   1.9188791E+02
  1.7300000E+04     1   4.4587864E-01   1.2818964E-02   0.0000000E+00   3.3204329E+02   8.7516352E+01   0.0000000E+00   6.5941028E+00
  1.7300000E+04     2   7.0861099E-01   1.4900870E-03   0.0000000E+00   1.7587844E+02   2.6095661E+02   0.0000000E+00   1.9315384E+02
  1.7350000E+04     1   4.4570060E-01   1.2812934E-02   0.0000000E+00   7.0524882E+01   3.4583294E+02   0.0000000E+00   6.9618636E+00
  1.7350000E+04     2   7.0835674E-01   1.5186709E-03   0.0000000E+00   2.2846515E+02   1.5611117E+02   0.0000000E+00   1.9668364E+02
  1.7400000E+04     1   4.4552771E-01   1.2794914E-02   0.0000000E+00   2.0187905E+02   2.4448310E+02   0.0000000E+00   6.8987284E+00
  1.7400000E+04     2   7.0806457E-01   1.5483018E-03   0.0000000E+00   2.9264265E+02   5.6229338E+01   0.0000000E+00   1.9515249E+02
  1.7450000E+04     1   4.4537729E-01   1.2779650E-02   0.0000000E+00   6.3859948E+00   1.4317109E+02   0.0000000E+00   6.7528438E+00
  1.7450000E+04     2   7.0776190E-01   1.4943833E-03   0.0000000E+00   1.4365480E+01   3.1537503E+02   0.0000000E+00   1.9454890E+02
  1.7500000E+04     1   4.4519989E-01   1.2793339E-02   0.0000000E+00   2.0410300E+02   4.1868828E+01   0.0000000E+00   6.5364405E+00
  1.7500000E+04     2   7.0755915E-01   1.5260165E-03   0.0000000E+00   1.1113398E+02   2.1605457E+02   0.0000000E+00   1.9235070E+02
  1.7550000E+04     1   4.4504721E-01   1.2811170E-02   0.0000000E+00   7.5697901E+01   2.9990680E+02   0.0000000E+00   6.9570161E+00
  1.7550000E+04     2   7.0732158E-01   1.5207509E-03   0.0000000E+00   2.3109250E+02   1.1014176E+02   0.0000000E+00   1.9672206E+02
  1.7600000E+04     1   4.4488850E-01   1.2779722E-02   0.0000000E+00   3.4004884E+02   1.9846148E+02   0.0000000E+00   6.7666951E+00
  1.7600000E+04     2   7.0698741E-01   1.4957293E-03   0.0000000E+00   9.1548829E-01   1.0953761E+01   0.0000000E+00   1.9427442E+02
  1.7650000E+04     1   4.4471628E-01   1.2796169E-02   0.0000000E+00   2.7760269E+02   9.7084787E+01   0.0000000E+00   6.4515948E+00
  1.7650000E+04     2   7.0680321E-01   1.4946219E-03   0.0000000E+00   1.4747383E+02   2.7163810E+02   0.0000000E+00   1.9189829E+02
  1.7700000E+04     1   4.4455615E-01   1.2786931E-02   0.0000000E+00   2.4914594E+02   3.5499317E+02   0.0000000E+00   6.8251474E+00
  1.7700000E+04     2   7.0649431E-01   1.5319292E-03   0.0000000E+00   3.1543536E+02   1.6754336E+02   0.0000000E+00   1.9427496E+02
  1.7750000E+04     1   4.4438740E-01   1.2795703E-02   0.0000000E+00   2.5334286E+02   2.5356608E+02   0.0000000E+00   6.4504842E+00
  1.7750000E+04     2   7.0628215E-01   1.5051155E-03   0.0000000E+00   1.3524163E+02   6.8221126E+01   0.0000000E+00   1.9179544E+02
  1.7800000E+04     1   4.4423529E-01   1.2781523E-02   0.0000000E+00   2.9159631E+02   1.5139851E+02   0.0000000E+00   6.7858595E+00
  1.7800000E+04     2   7.0596379E-01   1.5116728E-03   0.0000000E+00   3.3639100E+02   3.2419860E+02   0.0000000E+00   1.9398577E+02
  1.7850000E+04     1   4.4410158E-01   1.2841042E-02   0.0000000E+00   2.8176281E+00   4.9610803E+01   0.0000000E+00   6.6730713E+00
  1.7850000E+04     2   7.0576055E-01   1.5017178E-03   0.0000000E+00   1.9237355E+02   2.2198260E+02   0.0000000E+00   1.9430127E+02
  1.7900000E+04     1   4.4390817E-01   1.2778133E-02   0.0000000E+00   1.0752082E+02   3.0770904E+02   0.0000000E+00   6.6114905E+00
  1.7900000E+04     2   7.0545561E-01   1.5254376E-03   0.0000000E+00   6.4719902E+01   1.2005530E+02   0.0000000E+00   1.9426524E+02
  1.7950000E+04     1   4.4374376E-01   1.2786546E-02   0.0000000E+00   2.4592258E+02   2.0549411E+02   0.0000000E+00   6.8108276E+00
  1.7950000E+04     2   7.0520499E-01   1.5334694E-03   0.0000000E+00   3.1383482E+02   1.8025990E+01   0.0000000E+00   1.9427895E+02
  1.8000000E+04     1   4.4359271E-01   1.2818716E-02   0.0000000E+00   5.7628148E+01   1.0336119E+02   0.0000000E+00   6.8863565E+00
  1.8000000E+04     2   7.0499618E-01   1.5144976E-03   0.0000000E+00   2.2171595E+02   2.7390249E+02   0.0000000E+00   1.9634506E+02
  1.8050000E+04     1   4.4341449E-01   1.2795559E-02   0.0000000E+00   2.6233820E+02   1.6695432E+00   0.0000000E+00   6.4158972E+00
  1.8050000E+04     2   7.0473624E-01   1.5011421E-03   0.0000000E+00   1.3970668E+02   1.7633991E+02   0.0000000E+00   1.9174553E+02
  1.8100000E+04     1   4.4325591E-01   1.2780522E-02   0.0000000E+00   1.4110999E+02   2.5933185E+02   0.0000000E+00   6.5766690E+00
  1.8100000E+04     2   7.0443674E-01   1.5331755E-03   0.0000000E+00   8.0870361E+01   7.2304814E+01   0.0000000E+00   1.9360370E+02
  1.8150000E+04     1   4.4310175E-01   1.2780090E-02   0.0000000E+00   5.3309673E+01   1.5702314E+02   0.0000000E+00   6.6476387E+00
  1.8150000E+04     2   7.0415242E-01   1.5055640E-03   0.0000000E+00   3.8012671E+01   3.2898913E+02   0.0000000E+00   1.9468165E+02
  1.8200000E+04     1   4.4294107E-01   1.2780597E-02   0.0000000E+00   3.5902585E+02   5.4672775E+01   0.0000000E+00   6.6978159E+00
  1.8200000E+04     2   7.0389068E-01   1.4945654E-03   0.0000000E+00   1.0521745E+01   2.2701286E+02   0.0000000E+00   1.9435773E+02
  1.8250000E+04     1   4.4277866E-01   1.2779421E-02   0.0000000E+00   3.3825166E+02   3.1229809E+02   0.0000000E+00   6.7208519E+00
  1.8250000E+04     2   7.0363489E-01   1.4963571E-03   0.0000000E+00   3.5992393E+02   1.2486042E+02   0.0000000E+00   1.9415852E+02
  1.8300000E+04     1   4.4261715E-01   1.2780965E-02   0.0000000E+00   3.5100227E+02   2.0990470E+02   0.0000000E+00   6.7056463E+00
  1.8300000E+04     2   7.0337653E-01   1.4949633E-03   0.0000000E+00   6.4178607E+00   2.2340793E+01   0.0000000E+00   1.9426955E+02
  1.8350000E+04     1   4.4245494E-01   1.2780299E-02   0.0000000E+00   3.7291669E+01   1.0749899E+02   0.0000000E+00   6.6430894E+00
  1.8350000E+04     2   7.0312084E-01   1.5004616E-03   0.0000000E+00   2.9940809E+01   2.7952557E+02   0.0000000E+00   1.9461652E+02
  1.8400000E+04     1   4.4228705E-01   1.2778996E-02   0.0000000E+00   1.1717147E+02   5.0454961E+00   0.0000000E+00   6.5738424E+00
  1.8400000E+04     2   7.0288417E-01   1.5286294E-03   0.0000000E+00   6.9332107E+01   1.7758604E+02   0.0000000E+00   1.9403330E+02
  1.8450000E+04     1   4.4211712E-01   1.2796483E-02   0.0000000E+00   2.3060309E+02   2.6260740E+02   0.0000000E+00   6.4258462E+00
  1.8450000E+04     2   7.0266959E-01   1.5162341E-03   0.0000000E+00   1.2391656E+02   7.7205305E+01   0.0000000E+00   1.9182794E+02
  1.8500000E+04     1   4.4199378E-01   1.2840885E-02   0.0000000E+00   1.8049268E+01   1.5972592E+02   0.0000000E+00   6.6875824E+00
  1.8500000E+04     2   7.0241460E-01   1.5062378E-03   0.0000000E+00   2.0056251E+02   3.3153183E+02   0.0000000E+00   1.9488167E+02
  1.8550000E+04     1   4.4179620E-01   1.2795898E-02   0.0000000E+00   1.9906074E+02   5.6897247E+01   0.0000000E+00   6.8175148E+00
  1.8550000E+04     2   7.0213575E-01   1.5494620E-03   0.0000000E+00   2.9116106E+02   2.2867531E+02   0.0000000E+00   1.9503945E+02
  1.8600000E+04     1   4.4164593E-01   1.2778709E-02   0.0000000E+00   5.3419722E+01   3.1434278E+02   0.0000000E+00   6.6116117E+00
  1.8600000E+04     2   7.0183899E-01   1.5057168E-03   0.0000000E+00   3.8014376E+01   1.2634407E+02   0.0000000E+00   1.9461032E+02
  1.8650000E+04     1   4.4148308E-01   1.2801386E-02   0.0000000E+00   3.0149332E+02   2.1171966E+02   0.0000000E+00   6.4091370E+00
  1.8650000E+04     2   7.0165408E-01   1.4889204E-03   0.0000000E+00   1.5964479E+02   2.6026104E+01   0.0000000E+00   1.9210270E+02
  1.8700000E+04     1   4.4131421E-01   1.2791600E-02   0.0000000E+00   2.2380537E+02   1.0849994E+02   0.0000000E+00   6.7747434E+00
  1.8700000E+04     2   7.0135616E-01   1.5428236E-03   0.0000000E+00   3.0303166E+02   2.8075834E+02   0.0000000E+00   1.9451635E+02
  1.8750000E+04     1   4.4115025E-01   1.2788465E-02   0.0000000E+00   1.7922450E+02   5.8556919E+00   0.0000000E+00   6.4861877E+00
  1.8750000E+04     2   7.0111110E-01   1.5329708E-03   0.0000000E+00   9.9030266E+01   1.7968077E+02   0.0000000E+00   1.9266111E+02
  1.8800000E+04     1   4.4098711E-01   1.2801661E-02   0.0000000E+00   1.6901302E+02   2.6253022E+02   0.0000000E+00   6.8442092E+00
  1.8800000E+04     2   7.0086469E-01   1.5515965E-03   0.0000000E+00   2.7675095E+02   7.3707890E+01   0.0000000E+00   1.9566654E+02
  1.8850000E+04     1   4.4082679E-01   1.2791396E-02   0.0000000E+00   1.9186289E+02   1.5986666E+02   0.0000000E+00   6.4545984E+00
  1.8850000E+04     2   7.0060342E-01   1.5304210E-03   0.0000000E+00   1.0508176E+02   3.3394365E+02   0.0000000E+00   1.9237761E+02
  1.8900000E+04     1   4.4067185E-01   1.2787050E-02   0.0000000E+00   2.4914165E+02   5.6497961E+01   0.0000000E+00   6.7396535E+00
  1.8900000E+04     2   7.0032135E-01   1.5325876E-03   0.0000000E+00   3.1529689E+02   2.2914172E+02   0.0000000E+00   1.9409589E+02
  1.8950000E+04     1   4.4053489E-01   1.2826967E-02   0.0000000E+00   3.3972939E+02   3.1357588E+02   0.0000000E+00   6.5017830E+00
  1.8950000E+04     2   7.0010987E-01   1.4936496E-03   0.0000000E+00   1.7979045E+02   1.2690101E+02   0.0000000E+00   1.9317665E+02
  1.9000000E+04     1   4.4035174E-01   1.2778010E-02   0.0000000E+00   1.0439412E+02   2.1034097E+02   0.0000000E+00   6.5308510E+00
  1.9000000E+04     2   6.9980234E-01   1.5249958E-03   0.0000000E+00   6.3076371E+01   2.2727088E+01   0.0000000E+00   1.9414474E+02
  1.9050000E+04     1   4.4019012E-01   1.2783798E-02   0.0000000E+00   2.6306838E+02   1.0688901E+02   0.0000000E+00   6.7182483E+00
  1.9050000E+04     2   6.9954856E-01   1.5259624E-03   0.0000000E+00   3.2210080E+02   2.7968152E+02   0.0000000E+00   1.9392573E+02
  1.9100000E+04     1   4.4002509E-01   1.2808695E-02   0.0000000E+00   9.5546454E+01   3.4268808E+00   0.0000000E+00   6.8705424E+00
  1.9100000E+04     2   6.9934810E-01   1.5299840E-03   0.0000000E+00   2.4093934E+02   1.7369604E+02   0.0000000E+00   1.9660138E+02
  1.9150000E+04     1   4.3988087E-01   1.2811244E-02   0.0000000E+00   3.2136960E+02   2.6046824E+02   0.0000000E+00   6.4168730E+00
  1.9150000E+04     2   6.9909072E-01   1.4890266E-03   0.0000000E+00   1.7000003E+02   7.4361447E+01   0.0000000E+00   1.9252366E+02
  1.9200000E+04     1   4.3969864E-01   1.2793998E-02   0.0000000E+00   2.2146592E+02   1.5706336E+02   0.0000000E+00   6.3848739E+00
  1.9200000E+04     2   6.9882307E-01   1.5205455E-03   0.0000000E+00   1.1936391E+02   3.3162485E+02   0.0000000E+00   1.9182339E+02
  1.9250000E+04     1   4.3954214E-01   1.2784583E-02   0.0000000E+00   1.5560782E+02   5.3475421E+01   0.0000000E+00   6.4780613E+00
  1.9250000E+04     2   6.9854284E-01   1.5349778E-03   0.0000000E+00   8.7673088E+01   2.2684527E+02   0.0000000E+00   1.9310821E+02
  1.9300000E+04     1   4.3938474E-01   1.2779423E-02   0.0000000E+00   1.2361927E+02   3.0989895E+02   0.0000000E+00   6.4997192E+00
  1.9300000E+04     2   6.9827533E-01   1.5307048E-03   0.0000000E+00   7.2334579E+01   1.2262386E+02   0.0000000E+00   1.9377480E+02
  1.9350000E+04     1   4.3922391E-01   1.2780043E-02   0.0000000E+00   1.2555744E+02   2.0629074E+02   0.0000000E+00   6.4990963E+00
  1.9350000E+04     2   6.9802075E-01   1.5312704E-03   0.0000000E+00   7.3263300E+01   1.9055703E+01   0.0000000E+00   1.9373413E+02
  1.9400000E+04     1   4.3905970E-01   1.2786469E-02   0.0000000E+00   1.6143275E+02   1.0266171E+02   0.0000000E+00   6.4598514E+00
  1.9400000E+04     2   6.9777925E-01   1.5351192E-03   0.0000000E+00   9.0442060E+01   2.7616595E+02   0.0000000E+00   1.9295561E+02
  1.9450000E+04     1   4.3889553E-01   1.2795898E-02   0.0000000E+00   2.3123261E+02   3.5904425E+02   0.0000000E+00   6.3494464E+00
  1.9450000E+04     2   6.9754971E-01   1.5165407E-03   0.0000000E+00   1.2411059E+02   1.7372469E+02   0.0000000E+00   1.9166901E+02
  1.9500000E+04     1   4.3876404E-01   1.2822971E-02   0.0000000E+00   3.3523955E+02   2.5517019E+02   0.0000000E+00   6.4458341E+00
  1.9500000E+04     2   6.9730056E-01   1.4924821E-03   0.0000000E+00   1.7732782E+02   6.8685057E+01   0.0000000E+00   1.9293096E+02
  1.9550000E+04     1   4.3857626E-01   1.2805855E-02   0.0000000E+00   1.1354780E+02   1.5096159E+02   0.0000000E+00   6.8347678E+00
  1.9550000E+04     2   6.9704746E-01   1.5377936E-03   0.0000000E+00   2.4981377E+02   3.2133910E+02   0.0000000E+00   1.9645726E+02
  1.9600000E+04     1   4.3842517E-01   1.2780782E-02   0.0000000E+00   2.8539839E+02   4.7223271E+01   0.0000000E+00   6.6590143E+00
  1.9600000E+04     2   6.9673326E-01   1.5153549E-03   0.0000000E+00   3.3308950E+02   2.2016247E+02   0.0000000E+00   1.9371982E+02
  1.9650000E+04     1   4.3826069E-01   1.2780860E-02   0.0000000E+00   1.3128630E+02   3.0344891E+02   0.0000000E+00   6.4732957E+00
  1.9650000E+04     2   6.9649310E-01   1.5326312E-03   0.0000000E+00   7.5980943E+01   1.1634777E+02   0.0000000E+00   1.9357444E+02
  1.9700000E+04     1   4.3813326E-01   1.2842106E-02   0.0000000E+00   1.1536220E+01   1.9933899E+02   0.0000000E+00   6.5735304E+00
  1.9700000E+04     2   6.9627645E-01   1.5052782E-03   0.0000000E+00   1.9689278E+02   1.1501085E+01   0.0000000E+00   1.9441144E+02
  1.9750000E+04     1   4.3794449E-01   1.2780831E-02   0.0000000E+00   2.8588235E+02   9.5188836E+01   0.0000000E+00   6.6438708E+00
  1.9750000E+04     2   6.9596924E-01   1.5152131E-03   0.0000000E+00   3.3331226E+02   2.6813969E+02   0.0000000E+00   1.9369302E+02
  1.9800000E+04     1   4.3777354E-01   1.2794464E-02   0.0000000E+00   2.3397267E+02   3.5136374E+02   0.0000000E+00   6.3232871E+00
  1.9800000E+04     2   6.9576735E-01   1.5154269E-03   0.0000000E+00   1.2541464E+02   1.6609707E+02   0.0000000E+00   1.9158995E+02
  1.9850000E+04     1   4.3761742E-01   1.2793343E-02   0.0000000E+00   2.1687073E+02   2.4680512E+02   0.0000000E+00   6.7035755E+00
  1.9850000E+04     2   6.9548497E-01   1.5456509E-03   0.0000000E+00   2.9956110E+02   5.9031175E+01   0.0000000E+00   1.9447752E+02
  1.9900000E+04     1   4.3745348E-01   1.2795023E-02   0.0000000E+00   2.3319596E+02   1.4293268E+02   0.0000000E+00   6.3121362E+00
  1.9900000E+04     2   6.9525846E-01   1.5158577E-03   0.0000000E+00   1.2502222E+02   3.1766451E+02   0.0000000E+00   1.9158031E+02
  1.9950000E+04     1   4.3730428E-01   1.2781557E-02   0.0000000E+00   2.8437700E+02   3.8315620E+01   0.0000000E+00   6.6366823E+00
  1.9950000E+04     2   6.9495245E-01   1.5160904E-03   0.0000000E+00   3.3254156E+02   2.1128090E+02   0.0000000E+00   1.9367140E+02
  2.0000000E+04     1   4.3717329E-01   1.2842261E-02   0.0000000E+00   9.3516847E+00   2.9404728E+02   0.0000000E+00   6.5444837E+00
  2.0000000E+04     2   6.9475037E-01   1.5048636E-03   0.0000000E+00   1.9567261E+02   1.0632276E+02   0.0000000E+00   1.9426901E+02
  2.0050000E+04     1   4.3698072E-01   1.2779251E-02   0.0000000E+00   1.2855116E+02   1.8972256E+02   0.0000000E+00   6.4374625E+00
  2.0050000E+04     2   6.9445762E-01   1.5321658E-03   0.0000000E+00   7.4619037E+01   2.5978340E+00   0.0000000E+00   1.9356219E+02
  2.0100000E+04     1   4.3682463E-01   1.2780614E-02   0.0000000E+00   2.8227394E+02   8.5052776E+01   0.0000000E+00   6.6286268E+00
  2.0100000E+04     2   6.9419113E-01   1.5170666E-03   0.0000000E+00   3.3147786E+02   2.5802620E+02   0.0000000E+00   1.9365521E+02
  2.0150000E+04     1   4.3665641E-01   1.2806688E-02   0.0000000E+00   1.1020782E+02   3.4035801E+02   0.0000000E+00   6.7980874E+00
  2.0150000E+04     2   6.9399619E-01   1.5366572E-03   0.0000000E+00   2.4810063E+02   1.5076033E+02   0.0000000E+00   1.9639576E+02
  2.0200000E+04     1   4.3652170E-01   1.2818958E-02   0.0000000E+00   3.3188552E+02   2.3615593E+02   0.0000000E+00   6.3766521E+00
  2.0200000E+04     2   6.9374076E-01   1.4917672E-03   0.0000000E+00   1.7545694E+02   4.9830080E+01   0.0000000E+00   1.9270250E+02
  2.0250000E+04     1   4.3633506E-01   1.2794127E-02   0.0000000E+00   2.2815998E+02   1.3157984E+02   0.0000000E+00   6.2982063E+00
  2.0250000E+04     2   6.9347958E-01   1.5183257E-03   0.0000000E+00   1.2251349E+02   3.0629544E+02   0.0000000E+00   1.9158260E+02
  2.0300000E+04     1   4.3617944E-01   1.2784741E-02   0.0000000E+00   1.5892262E+02   2.6769532E+01   0.0000000E+00   6.3977776E+00
  2.0300000E+04     2   6.9320062E-01   1.5355564E-03   0.0000000E+00   8.9138404E+01   2.0029133E+02   0.0000000E+00   1.9287598E+02
  2.0350000E+04     1   4.3602353E-01   1.2779141E-02   0.0000000E+00   1.2394473E+02   2.8197259E+02   0.0000000E+00   6.4243171E+00
  2.0350000E+04     2   6.9293398E-01   1.5313225E-03   0.0000000E+00   7.2371953E+01   9.4785165E+01   0.0000000E+00   1.9361174E+02
  2.0400000E+04     1   4.3586420E-01   1.2779652E-02   0.0000000E+00   1.2328346E+02   1.7714692E+02   0.0000000E+00   6.4244370E+00
  2.0400000E+04     2   6.9268042E-01   1.5312885E-03   0.0000000E+00   7.2049189E+01   3.4995167E+02   0.0000000E+00   1.9361968E+02
  2.0450000E+04     1   4.3570144E-01   1.2785274E-02   0.0000000E+00   1.5695446E+02   7.2297720E+01   0.0000000E+00   6.3886703E+00
  2.0450000E+04     2   6.9243985E-01   1.5357291E-03   0.0000000E+00   8.8181735E+01   2.4578755E+02   0.0000000E+00   1.9289884E+02
  2.0500000E+04     1   4.3553806E-01   1.2795444E-02   0.0000000E+00   2.2494423E+02   3.2745830E+02   0.0000000E+00   6.2837819E+00
  2.0500000E+04     2   6.9221182E-01   1.5199608E-03   0.0000000E+00   1.2091273E+02   1.4215958E+02   0.0000000E+00   1.9158250E+02
  2.0550000E+04     1   4.3540337E-01   1.2816621E-02   0.0000000E+00   3.2749656E+02   2.2240169E+02   0.0000000E+00   6.3427312E+00
  2.0550000E+04     2   6.9196830E-01   1.4910599E-03   0.0000000E+00   1.7308521E+02   3.6236127E+01   0.0000000E+00   1.9250829E+02
  2.0600000E+04     1   4.3522253E-01   1.2806354E-02   0.0000000E+00   1.0480044E+02   1.1695008E+02   0.0000000E+00   6.7600554E+00
  2.0600000E+04     2   6.9171694E-01   1.5344658E-03   0.0000000E+00   2.4537522E+02   2.8735511E+02   0.0000000E+00   1.9635503E+02
  2.0650000E+04     1   4.3507051E-01   1.2781888E-02   0.0000000E+00   2.7602285E+02   1.1987858E+01   0.0000000E+00   6.5900396E+00
  2.0650000E+04     2   6.9140638E-01   1.5203748E-03   0.0000000E+00   3.2831178E+02   1.8498252E+02   0.0000000E+00   1.9359537E+02
  2.0700000E+04     1   4.3490911E-01   1.2779684E-02   0.0000000E+00   1.2167067E+02   2.6699526E+02   0.0000000E+00   6.4038459E+00
  2.0700000E+04     2   6.9116179E-01   1.5310542E-03   0.0000000E+00   7.1237408E+01   7.9795112E+01   0.0000000E+00   1.9360400E+02
  2.0750000E+04     1   4.3478184E-01   1.2840959E-02   0.0000000E+00   2.0369949E+00   1.6170706E+02   0.0000000E+00   6.4592073E+00
  2.0750000E+04     2   6.9095016E-01   1.5029553E-03   0.0000000E+00   1.9161938E+02   3.3433578E+02   0.0000000E+00   1.9383048E+02
  2.0800000E+04     1   4.3459355E-01   1.2781823E-02   0.0000000E+00   2.7697200E+02   5.6296225E+01   0.0000000E+00   6.5743992E+00
  2.0800000E+04     2   6.9064805E-01   1.5199892E-03   0.0000000E+00   3.2876372E+02   2.2930570E+02   0.0000000E+00   1.9356492E+02
  2.0850000E+04     1   4.3442460E-01   1.2794015E-02   0.0000000E+00   2.2601245E+02   3.1124566E+02   0.0000000E+00   6.2589791E+00
  2.0850000E+04     2   6.9044261E-01   1.5196172E-03   0.0000000E+00   1.2139379E+02   1.2598758E+02   0.0000000E+00   1.9151706E+02
  2.0900000E+04     1   4.3426915E-01   1.2794418E-02   0.0000000E+00   2.1024919E+02   2.0546845E+02   0.0000000E+00   6.6368039E+00
  2.0900000E+04     2   6.9016737E-01   1.5479885E-03   0.0000000E+00   2.9626144E+02   1.7650010E+01   0.0000000E+00   1.9445525E+02
  2.0950000E+04     1   4.3410702E-01   1.2794832E-02   0.0000000E+00   2.2831008E+02   1.0037573E+02   0.0000000E+00   6.2435713E+00
  2.0950000E+04     2   6.8993858E-01   1.5187049E-03   0.0000000E+00   1.2250694E+02   2.7514562E+02   0.0000000E+00   1.9147368E+02
  2.1000000E+04     1   4.3395880E-01   1.2781671E-02   0.0000000E+00   2.8162016E+02   3.5454077E+02   0.0000000E+00   6.5631335E+00
  2.1000000E+04     2   6.8963717E-01   1.5178976E-03   0.0000000E+00   3.3105082E+02   1.6758160E+02   0.0000000E+00   1.9352231E+02
  2.1050000E+04     1   4.3382906E-01   1.2842177E-02   0.0000000E+00   9.1224692E+00   2.4905120E+02   0.0000000E+00   6.4689814E+00
  2.1050000E+04     2   6.8943583E-01   1.5053053E-03   0.0000000E+00   1.9543024E+02   6.1416693E+01   0.0000000E+00   1.9410349E+02
  2.1100000E+04     1   4.3363766E-01   1.2779514E-02   0.0000000E+00   1.3124642E+02   1.4350444E+02   0.0000000E+00   6.3599007E+00
  2.1100000E+04     2   6.8914634E-01   1.5332668E-03   0.0000000E+00   7.5795225E+01   3.1651237E+02   0.0000000E+00   1.9335197E+02
  2.1150000E+04     1   4.3348358E-01   1.2779864E-02   0.0000000E+00   2.8829046E+02   3.7611595E+01   0.0000000E+00   6.5496561E+00
  2.1150000E+04     2   6.8887911E-01   1.5147283E-03   0.0000000E+00   3.3435606E+02   2.1067559E+02   0.0000000E+00   1.9348566E+02
  2.1200000E+04     1   4.3331499E-01   1.2805781E-02   0.0000000E+00   1.1994707E+02   2.9168944E+02   0.0000000E+00   6.7200996E+00
  2.1200000E+04     2   6.8868539E-01   1.5409320E-03   0.0000000E+00   2.5276950E+02   1.0225352E+02   0.0000000E+00   1.9615602E+02
  2.1250000E+04     1   4.3318977E-01   1.2830496E-02   0.0000000E+00   3.4578948E+02   1.8621068E+02   0.0000000E+00   6.3544035E+00
  2.1250000E+04     2   6.8843066E-01   1.4970257E-03   0.0000000E+00   1.8278183E+02   3.5950079E+02   0.0000000E+00   1.9306429E+02
  2.1300000E+04     1   4.3299788E-01   1.2794405E-02   0.0000000E+00   2.4651226E+02   8.0478295E+01   0.0000000E+00   6.1989536E+00
  2.1300000E+04     2   6.8818002E-01   1.5105495E-03   0.0000000E+00   1.3143547E+02   2.5539844E+02   0.0000000E+00   1.9127881E+02
  2.1350000E+04     1   4.3284076E-01   1.2788798E-02   0.0000000E+00   1.8218486E+02   3.3444519E+02   0.0000000E+00   6.2916991E+00
  2.1350000E+04     2   6.8790693E-01   1.5339497E-03   0.0000000E+00   1.0015153E+02   1.4853194E+02   0.0000000E+00   1.9220495E+02
  2.1400000E+04     1   4.3268516E-01   1.2783087E-02   0.0000000E+00   1.5252755E+02   2.2841149E+02   0.0000000E+00   6.3255123E+00
  2.1400000E+04     2   6.8764401E-01   1.5359973E-03   0.0000000E+00   8.5958808E+01   4.1879214E+01   0.0000000E+00   1.9285779E+02
  2.1450000E+04     1   4.3252649E-01   1.2784607E-02   0.0000000E+00   1.5757321E+02   1.2236147E+02   0.0000000E+00   6.3183296E+00
  2.1450000E+04     2   6.8739455E-01   1.5362433E-03   0.0000000E+00   8.8366695E+01   2.9594054E+02   0.0000000E+00   1.9273925E+02
  2.1500000E+04     1   4.3236521E-01   1.2792343E-02   0.0000000E+00   1.9733233E+02   1.6305163E+01   0.0000000E+00   6.2573442E+00
  2.1500000E+04     2   6.8715839E-01   1.5306002E-03   0.0000000E+00   1.0741328E+02   1.9068672E+02   0.0000000E+00   1.9187579E+02
  2.1550000E+04     1   4.3221008E-01   1.2796027E-02   0.0000000E+00   2.7185045E+02   2.7021693E+02   0.0000000E+00   6.1684471E+00
  2.1550000E+04     2   6.8692808E-01   1.4993838E-03   0.0000000E+00   1.4410485E+02   8.5121527E+01   0.0000000E+00   1.9126385E+02
  2.1600000E+04     1   4.3208446E-01   1.2838794E-02   0.0000000E+00   2.1535891E+01   1.6369236E+02   0.0000000E+00   6.4839430E+00
  2.1600000E+04     2   6.8666979E-01   1.5083030E-03   0.0000000E+00   2.0210049E+02   3.3560179E+02   0.0000000E+00   1.9457452E+02
  2.1650000E+04     1   4.3189043E-01   1.2800265E-02   0.0000000E+00   1.6592940E+02   5.7243425E+01   0.0000000E+00   6.6369421E+00
  2.1650000E+04     2   6.8640882E-01   1.5523709E-03   0.0000000E+00   2.7495184E+02   2.2857475E+02   0.0000000E+00   1.9530561E+02
  2.1700000E+04     1   4.3174672E-01   1.2778326E-02   0.0000000E+00   3.4485269E+02   3.1105255E+02   0.0000000E+00   6.4654456E+00
  2.1700000E+04     2   6.8610301E-01   1.4969694E-03   0.0000000E+00   2.8895497E+00   1.2382207E+02   0.0000000E+00   1.9369593E+02
  2.1750000E+04     1   4.3157531E-01   1.2792436E-02   0.0000000E+00   1.9858110E+02   2.0485807E+02   0.0000000E+00   6.2397491E+00
  2.1750000E+04     2   6.8590366E-01   1.5303766E-03   0.0000000E+00   1.0798683E+02   1.9281660E+01   0.0000000E+00   1.9181616E+02
  2.1800000E+04     1   4.3142324E-01   1.2807928E-02   0.0000000E+00   8.7798199E+01   9.7982268E+01   0.0000000E+00   6.6656579E+00
  2.1800000E+04     2   6.8567491E-01   1.5273420E-03   0.0000000E+00   2.3674485E+02   2.6846935E+02   0.0000000E+00   1.9617858E+02
  2.1850000E+04     1   4.3127366E-01   1.2779455E-02   0.0000000E+00   1.1300413E+01   3.5167836E+02   0.0000000E+00   6.4263632E+00
  2.1850000E+04     2   6.8534990E-01   1.4969630E-03   0.0000000E+00   1.6359815E+01   1.6418193E+02   0.0000000E+00   1.9392279E+02
  2.1900000E+04     1   4.3112699E-01   1.2817832E-02   0.0000000E+00   3.2978657E+02   2.4525044E+02   0.0000000E+00   6.2543309E+00
  2.1900000E+04     2   6.8516961E-01   1.4923196E-03   0.0000000E+00   1.7414661E+02   5.9124285E+01   0.0000000E+00   1.9238048E+02
  2.1950000E+04     1   4.3095720E-01   1.2778674E-02   0.0000000E+00   3.2355994E+02   1.3840378E+02   0.0000000E+00   6.4606082E+00
  2.1950000E+04     2   6.8485250E-01   1.5014292E-03   0.0000000E+00   3.5202356E+02   3.1139050E+02   0.0000000E+00   1.9347389E+02
  2.2000000E+04     1   4.3082279E-01   1.2834598E-02   0.0000000E+00   3.5197679E+02   3.1817646E+01   0.0000000E+00   6.3340434E+00
  2.2000000E+04     2   6.8466373E-01   1.4998382E-03   0.0000000E+00   1.8603446E+02   2.0493860E+02   0.0000000E+00   1.9321309E+02
  2.2050000E+04     1   4.3064182E-01   1.2778512E-02   0.0000000E+00   5.5514505E+01   2.8502649E+02   0.0000000E+00   6.3556247E+00
  2.2050000E+04     2   6.8435298E-01   1.5081145E-03   0.0000000E+00   3.8663689E+01   9.7297868E+01   0.0000000E+00   1.9408425E+02
  2.2100000E+04     1   4.3047110E-01   1.2800094E-02   0.0000000E+00   1.5429148E+02   1.7793466E+02   0.0000000E+00   6.6236457E+00
  2.2100000E+04     2   6.8415756E-01   1.5509104E-03   0.0000000E+00   2.6931752E+02   3.4907469E+02   0.0000000E+00   1.9548361E+02
  2.2150000E+04     1   4.3032122E-01   1.2797310E-02   0.0000000E+00   2.8736680E+02   7.1508292E+01   0.0000000E+00   6.1402698E+00
  2.2150000E+04     2   6.8392201E-01   1.4942194E-03   0.0000000E+00   1.5194848E+02   2.4631334E+02   0.0000000E+00   1.9133522E+02
  2.2200000E+04     1   4.3016660E-01   1.2777425E-02   0.0000000E+00   9.6081039E+01   3.2440323E+02   0.0000000E+00   6.3071736E+00
  2.2200000E+04     2   6.8361282E-01   1.5236827E-03   0.0000000E+00   5.8669202E+01   1.3692814E+02   0.0000000E+00   1.9378227E+02
  2.2250000E+04     1   4.3001124E-01   1.2779022E-02   0.0000000E+00   2.9984510E+02   2.1724576E+02   0.0000000E+00   6.4636447E+00
  2.2250000E+04     2   6.8335652E-01   1.5101262E-03   0.0000000E+00   3.4001726E+02   3.0382875E+01   0.0000000E+00   1.9332653E+02
  2.2300000E+04     1   4.2984294E-01   1.2800024E-02   0.0000000E+00   1.7862958E+02   1.1007404E+02   0.0000000E+00   6.5803950E+00
  2.2300000E+04     2   6.8314908E-01   1.5531454E-03   0.0000000E+00   2.8096262E+02   2.8171641E+02   0.0000000E+00   1.9493803E+02
  2.2350000E+04     1   4.2969025E-01   1.2807120E-02   0.0000000E+00   9.2435578E+01   2.9108147E+00   0.0000000E+00   6.6298368E+00
  2.2350000E+04     2   6.8292212E-01   1.5295453E-03   0.0000000E+00   2.3901532E+02   1.7342820E+02   0.0000000E+00   1.9611245E+02
  2.2400000E+04     1   4.2955401E-01   1.2826324E-02   0.0000000E+00   4.1198700E+01   2.5584755E+02   0.0000000E+00   6.5141502E+00
  2.2400000E+04     2   6.8266859E-01   1.5119771E-03   0.0000000E+00   2.1256610E+02   6.7137876E+01   0.0000000E+00   1.9522382E+02
  2.2450000E+04     1   4.2940520E-01   1.2836505E-02   0.0000000E+00   2.5150935E+01   1.4867615E+02   0.0000000E+00   6.4361566E+00
  2.2450000E+04     2   6.8241524E-01   1.5092253E-03   0.0000000E+00   2.0395604E+02   3.2051366E+02   0.0000000E+00   1.9459865E+02
  2.2500000E+04     1   4.2923814E-01   1.2822373E-02   0.0000000E+00   4.4406051E+01   4.1295385E+01   0.0000000E+00   6.5118734E+00
  2.2500000E+04     2   6.8217021E-01   1.5124488E-03   0.0000000E+00   2.1425355E+02   2.1250079E+02   0.0000000E+00   1.9530646E+02
  2.2550000E+04     1   4.2906073E-01   1.2804841E-02   0.0000000E+00   9.8881580E+01   2.9381106E+02   0.0000000E+00   6.6265905E+00
  2.2550000E+04     2   6.8192320E-01   1.5323712E-03   0.0000000E+00   2.4221596E+02   1.0434919E+02   0.0000000E+00   1.9608846E+02
  2.2600000E+04     1   4.2890144E-01   1.2796235E-02   0.0000000E+00   1.8837000E+02   1.8645269E+02   0.0000000E+00   6.5416079E+00
  2.2600000E+04     2   6.8164817E-01   1.5524604E-03   0.0000000E+00   2.8558918E+02   3.5831931E+02   0.0000000E+00   1.9467498E+02
  2.2650000E+04     1   4.2875595E-01   1.2777884E-02   0.0000000E+00   3.1301767E+02   7.9076891E+01   0.0000000E+00   6.4238606E+00
  2.2650000E+04     2   6.8135736E-01   1.5050787E-03   0.0000000E+00   3.4660784E+02   2.5218982E+02   0.0000000E+00   1.9331093E+02
  2.2700000E+04     1   4.2859484E-01   1.2778070E-02   0.0000000E+00   1.1284066E+02   3.3168692E+02   0.0000000E+00   6.2678152E+00
  2.2700000E+04     2   6.8112299E-01   1.5295739E-03   0.0000000E+00   6.6751562E+01   1.4448959E+02   0.0000000E+00   1.9346514E+02
  2.2750000E+04     1   4.2844435E-01   1.2803212E-02   0.0000000E+00   3.0793950E+02   2.2421234E+02   0.0000000E+00   6.1283200E+00
  2.2750000E+04     2   6.8092711E-01   1.4907233E-03   0.0000000E+00   1.6253414E+02   3.8712109E+01   0.0000000E+00   1.9162855E+02
  2.2800000E+04     1   4.2827395E-01   1.2798492E-02   0.0000000E+00   1.7880473E+02   1.1615836E+02   0.0000000E+00   6.5430683E+00
  2.2800000E+04     2   6.8065545E-01   1.5532106E-03   0.0000000E+00   2.8099334E+02   2.8783892E+02   0.0000000E+00   1.9486251E+02
  2.2850000E+04     1   4.2812756E-01   1.2777473E-02   0.0000000E+00   8.4311563E+01   8.6985717E+00   0.0000000E+00   6.2763963E+00
  2.2850000E+04     2   6.8036743E-01   1.5196083E-03   0.0000000E+00   5.2839881E+01   1.8115267E+02   0.0000000E+00   1.9382230E+02
  2.2900000E+04     1   4.2799418E-01   1.2836259E-02   0.0000000E+00   2.5498675E+01   2.6079655E+02   0.0000000E+00   6.4115618E+00
  2.2900000E+04     2   6.8017315E-01   1.5094781E-03   0.0000000E+00   2.0409676E+02   7.2654911E+01   0.0000000E+00   1.9455320E+02
  2.2950000E+04     1   4.2781802E-01   1.2779220E-02   0.0000000E+00   1.8524423E+00   1.5300420E+02   0.0000000E+00   6.3534322E+00
  2.2950000E+04     2   6.7985861E-01   1.4968067E-03   0.0000000E+00   1.1418000E+01   3.2568914E+02   0.0000000E+00   1.9366850E+02
  2.3000000E+04     1   4.2768532E-01   1.2839462E-02   0.0000000E+00   1.3587627E+01   4.5107995E+01   0.0000000E+00   6.3531171E+00
  2.3000000E+04     2   6.7967390E-01   1.5071641E-03   0.0000000E+00   1.9763862E+02   2.1743974E+02   0.0000000E+00   1.9402137E+02
  2.3050000E+04     1   4.2750349E-01   1.2778023E-02   0.0000000E+00   6.0635000E+01   2.9720891E+02   0.0000000E+00   6.2816907E+00
  2.3050000E+04     2   6.7936734E-01   1.5104476E-03   0.0000000E+00   4.1106400E+01   1.0956085E+02   0.0000000E+00   1.9392975E+02
  2.3100000E+04     1   4.2733429E-01   1.2800853E-02   0.0000000E+00   1.4340316E+02   1.8890889E+02   0.0000000E+00   6.5647567E+00
  2.3100000E+04     2   6.7917574E-01   1.5489073E-03   0.0000000E+00   2.6396106E+02   3.5993179E+02   0.0000000E+00   1.9554186E+02
  2.3150000E+04     1   4.2718030E-01   1.2795070E-02   0.0000000E+00   2.6082138E+02   8.1307988E+01   0.0000000E+00   6.0622941E+00
  2.3150000E+04     2   6.7893512E-01   1.5050643E-03   0.0000000E+00   1.3836638E+02   2.5638345E+02   0.0000000E+00   1.9098684E+02
  2.3200000E+04     1   4.2703519E-01   1.2778445E-02   0.0000000E+00   5.4329832E+01   3.3296321E+02   0.0000000E+00   6.2752296E+00
  2.3200000E+04     2   6.7862125E-01   1.5082029E-03   0.0000000E+00   3.7944197E+01   1.4532154E+02   0.0000000E+00   1.9391690E+02
  2.3250000E+04     1   4.2687261E-01   1.2786248E-02   0.0000000E+00   2.4323234E+02   2.2460765E+02   0.0000000E+00   6.4350882E+00
  2.3250000E+04     2   6.7839479E-01   1.5370981E-03   0.0000000E+00   3.1193052E+02   3.7510845E+01   0.0000000E+00   1.9353189E+02
  2.3300000E+04     1   4.2671232E-01   1.2806178E-02   0.0000000E+00   1.0755164E+02   1.1622300E+02   0.0000000E+00   6.5757128E+00
  2.3300000E+04     2   6.7819181E-01   1.5365544E-03   0.0000000E+00   2.4643765E+02   2.8684903E+02   0.0000000E+00   1.9594968E+02
  2.3350000E+04     1   4.2659276E-01   1.2840932E-02   0.0000000E+00   6.9703792E+00   8.1728461E+00   0.0000000E+00   6.2947862E+00
  2.3350000E+04     2   6.7793599E-01   1.5056588E-03   0.0000000E+00   1.9400831E+02   1.8079712E+02   0.0000000E+00   1.9367052E+02
  2.3400000E+04     1   4.2641002E-01   1.2799846E-02   0.0000000E+00   3.0195688E+02   2.6000115E+02   0.0000000E+00   6.0701767E+00
  2.3400000E+04     2   6.7769831E-01   1.4916938E-03   0.0000000E+00   1.5934408E+02   7.4670599E+01   0.0000000E+00   1.9140073E+02
  2.3450000E+04     1   4.2624591E-01   1.2794579E-02   0.0000000E+00   2.7263644E+02   1.5159088E+02   0.0000000E+00   6.0353958E+00
  2.3450000E+04     2   6.7744913E-01   1.5000949E-03   0.0000000E+00   1.4428722E+02   3.2663958E+02   0.0000000E+00   1.9098670E+02
  2.3500000E+04     1   4.2609136E-01   1.2795232E-02   0.0000000E+00   2.7888675E+02   4.3086852E+01   0.0000000E+00   6.0341827E+00
  2.3500000E+04     2   6.7720220E-01   1.4977233E-03   0.0000000E+00   1.4745961E+02   2.1808771E+02   0.0000000E+00   1.9103333E+02
  2.3550000E+04     1   4.2595100E-01   1.2810057E-02   0.0000000E+00   3.2076503E+02   2.9444945E+02   0.0000000E+00   6.1091588E+00
  2.3550000E+04     2   6.7695314E-01   1.4915321E-03   0.0000000E+00   1.6918302E+02   1.0870352E+02   0.0000000E+00   1.9185508E+02
  2.3600000E+04     1   4.2580207E-01   1.2827102E-02   0.0000000E+00   3.8416275E+01   1.8554334E+02   0.0000000E+00   6.4149632E+00
  2.3600000E+04     2   6.7670306E-01   1.5117736E-03   0.0000000E+00   2.1094938E+02   3.5700959E+02   0.0000000E+00   1.9494872E+02
  2.3650000E+04     1   4.2561879E-01   1.2800373E-02   0.0000000E+00   1.5151224E+02   7.6749168E+01   0.0000000E+00   6.5169211E+00
  2.3650000E+04     2   6.7644681E-01   1.5509382E-03   0.0000000E+00   2.6780954E+02   2.4795421E+02   0.0000000E+00   1.9531188E+02
  2.3700000E+04     1   4.2547520E-01   1.2778434E-02   0.0000000E+00   2.9997197E+02   3.2814896E+02   0.0000000E+00   6.3603808E+00
  2.3700000E+04     2   6.7614816E-01   1.5106404E-03   0.0000000E+00   3.3991806E+02   1.4139708E+02   0.0000000E+00   1.9311226E+02
  2.3750000E+04     1   4.2531509E-01   1.2778811E-02   0.0000000E+00   1.2403215E+02   2.1951577E+02   0.0000000E+00   6.1854409E+00
  2.3750000E+04     2   6.7591655E-01   1.5330898E-03   0.0000000E+00   7.2034703E+01   3.2589858E+01   0.0000000E+00   1.9311135E+02
  2.3800000E+04     1   4.2518512E-01   1.2828866E-02   0.0000000E+00   3.4391001E+02   1.1065935E+02   0.0000000E+00   6.1745043E+00
  2.3800000E+04     2   6.7571147E-01   1.4977103E-03   0.0000000E+00   1.8148830E+02   2.8421330E+02   0.0000000E+00   1.9262055E+02
  2.3850000E+04     1   4.2500315E-01   1.2787196E-02   0.0000000E+00   2.3967278E+02   1.5263079E+00   0.0000000E+00   6.3919634E+00
  2.3850000E+04     2   6.7542579E-01   1.5388781E-03   0.0000000E+00   3.1013315E+02   1.7442553E+02   0.0000000E+00   1.9349274E+02
  2.3900000E+04     1   4.2484428E-01   1.2785719E-02   0.0000000E+00   1.7067120E+02   2.5279656E+02   0.0000000E+00   6.1297066E+00
  2.3900000E+04     2   6.7519275E-01   1.5369046E-03   0.0000000E+00   9.4358705E+01   6.6838308E+01   0.0000000E+00   1.9208796E+02
  2.3950000E+04     1   4.2468614E-01   1.2803296E-02   0.0000000E+00   1.3799399E+02   1.4338541E+02   0.0000000E+00   6.5154377E+00
  2.3950000E+04     2   6.7496841E-01   1.5479050E-03   0.0000000E+00   2.6125377E+02   3.1438636E+02   0.0000000E+00   1.9551450E+02
  2.4000000E+04     1   4.2453654E-01   1.2781216E-02   0.0000000E+00   1.4034291E+02   3.4632396E+01   0.0000000E+00   6.1513575E+00
  2.4000000E+04     2   6.7468774E-01   1.5363105E-03   0.0000000E+00   7.9839279E+01   2.0804025E+02   0.0000000E+00   1.9274350E+02
  2.4050000E+04     1   4.2437663E-01   1.2798381E-02   0.0000000E+00   1.7907713E+02   2.8517666E+02   0.0000000E+00   6.4591150E+00
  2.4050000E+04     2   6.7446132E-01   1.5537119E-03   0.0000000E+00   2.8098877E+02   9.6956010E+01   0.0000000E+00   1.9467976E+02
  2.4100000E+04     1   4.2422178E-01   1.2796218E-02   0.0000000E+00   2.5285184E+02   1.7640183E+02   0.0000000E+00   5.9965724E+00
  2.4100000E+04     2   6.7423278E-01   1.5093876E-03   0.0000000E+00   1.3427482E+02   3.5155121E+02   0.0000000E+00   1.9084719E+02
  2.4150000E+04     1   4.2407990E-01   1.2779315E-02   0.0000000E+00   3.1124936E+00   6.6860131E+01   0.0000000E+00   6.2704858E+00
  2.4150000E+04     2   6.7391823E-01   1.4974056E-03   0.0000000E+00   1.1929275E+01   2.3962235E+02   0.0000000E+00   1.9350827E+02
  2.4200000E+04     1   4.2391027E-01   1.2802352E-02   0.0000000E+00   1.4912640E+02   3.1731541E+02   0.0000000E+00   6.4874655E+00
  2.4200000E+04     2   6.7373212E-01   1.5508598E-03   0.0000000E+00   2.6660361E+02   1.2851873E+02   0.0000000E+00   1.9528415E+02
  2.4250000E+04     1   4.2378108E-01   1.2818741E-02   0.0000000E+00   3.3040563E+02   2.0828959E+02   0.0000000E+00   6.0914385E+00
  2.4250000E+04     2   6.7349447E-01   1.4937826E-03   0.0000000E+00   1.7421511E+02   2.2323018E+01   0.0000000E+00   1.9205801E+02
  2.4300000E+04     1   4.2360193E-01   1.2789434E-02   0.0000000E+00   1.8788279E+02   9.8847132E+01   0.0000000E+00   6.0736817E+00
  2.4300000E+04     2   6.7322692E-01   1.5344878E-03   0.0000000E+00   1.0256195E+02   2.7326342E+02   0.0000000E+00   1.9165740E+02
  2.4350000E+04     1   4.2345682E-01   1.2777396E-02   0.0000000E+00   8.1349656E+01   3.4922505E+02   0.0000000E+00   6.1781284E+00
  2.4350000E+04     2   6.7294381E-01   1.5191663E-03   0.0000000E+00   5.1219687E+01   1.6176925E+02   0.0000000E+00   1.9363392E+02
  2.4400000E+04     1   4.2330523E-01   1.2780137E-02   0.0000000E+00   1.0679025E+01   2.3957220E+02   0.0000000E+00   6.2466334E+00
  2.4400000E+04     2   6.7268726E-01   1.4980845E-03   0.0000000E+00   1.5755890E+01   5.2279138E+01   0.0000000E+00   1.9353969E+02
  2.4450000E+04     1   4.2314992E-01   1.2778904E-02   0.0000000E+00   3.3587670E+02   1.2989602E+02   0.0000000E+00   6.2789842E+00
  2.4450000E+04     2   6.7244311E-01   1.4996915E-03   0.0000000E+00   3.5800840E+02   3.0296546E+02   0.0000000E+00   1.9320955E+02
  2.4500000E+04     1   4.2299527E-01   1.2779491E-02   0.0000000E+00   3.3696236E+02   2.0194996E+01   0.0000000E+00   6.2776726E+00
  2.4500000E+04     2   6.7219717E-01   1.4995798E-03   0.0000000E+00   3.5855558E+02   1.9325944E+02   0.0000000E+00   1.9321323E+02
  2.4550000E+04     1   4.2284115E-01   1.2780013E-02   0.0000000E+00   1.3951450E+01   2.7047589E+02   0.0000000E+00   6.2316537E+00
  2.4550000E+04     2   6.7194988E-01   1.4985148E-03   0.0000000E+00   1.7405283E+01   8.3162158E+01   0.0000000E+00   1.9354539E+02
  2.4600000E+04     1   4.2268293E-01   1.2777621E-02   0.0000000E+00   8.6872120E+01   1.6072902E+02   0.0000000E+00   6.1537147E+00
  2.4600000E+04     2   6.7171618E-01   1.5214422E-03   0.0000000E+00   5.3904323E+01   3.3333761E+02   0.0000000E+00   1.9354512E+02
  2.4650000E+04     1   4.2251864E-01   1.2792200E-02   0.0000000E+00   1.9575201E+02   5.0950892E+01   0.0000000E+00   6.0416001E+00
  2.4650000E+04     2   6.7150890E-01   1.5328858E-03   0.0000000E+00   1.0630674E+02   2.2554096E+02   0.0000000E+00   1.9145153E+02
  2.4700000E+04     1   4.2239429E-01   1.2827365E-02   0.0000000E+00   3.4080310E+02   3.0094640E+02   0.0000000E+00   6.0998348E+00
  2.4700000E+04     2   6.7127934E-01   1.4971666E-03   0.0000000E+00   1.7972245E+02   1.1467543E+02   0.0000000E+00   1.9237081E+02
  2.4750000E+04     1   4.2220885E-01   1.2800442E-02   0.0000000E+00   1.6213422E+02   1.9062470E+02   0.0000000E+00   6.4277927E+00
  2.4750000E+04     2   6.7102343E-01   1.5531191E-03   0.0000000E+00   2.7279575E+02   2.1099580E+00   0.0000000E+00   1.9494254E+02
  2.4800000E+04     1   4.2206868E-01   1.2779001E-02   0.0000000E+00   1.9007501E+01   8.0760487E+01   0.0000000E+00   6.2115944E+00
  2.4800000E+04     2   6.7072267E-01   1.4992884E-03   0.0000000E+00   1.9949866E+01   2.5342017E+02   0.0000000E+00   1.9355191E+02
  2.4850000E+04     1   4.2190389E-01   1.2795915E-02   0.0000000E+00   2.7190266E+02   3.3088548E+02   0.0000000E+00   5.9397502E+00
  2.4850000E+04     2   6.7054837E-01   1.5013511E-03   0.0000000E+00   1.4376296E+02   1.4604371E+02   0.0000000E+00   1.9078151E+02
  2.4900000E+04     1   4.2174845E-01   1.2794625E-02   0.0000000E+00   2.0153555E+02   2.2028306E+02   0.0000000E+00   6.3648447E+00
  2.4900000E+04     2   6.7027341E-01   1.5515209E-03   0.0000000E+00   2.9164531E+02   3.2587945E+01   0.0000000E+00   1.9405996E+02
  2.4950000E+04     1   4.2159478E-01   1.2786005E-02   0.0000000E+00   1.6658116E+02   1.1032153E+02   0.0000000E+00   6.0641986E+00
  2.4950000E+04     2   6.7002641E-01   1.5378908E-03   0.0000000E+00   9.2290351E+01   2.8435386E+02   0.0000000E+00   1.9203187E+02
  2.5000000E+04     1   4.2143787E-01   1.2800559E-02   0.0000000E+00   1.6836888E+02   3.5967883E+02   0.0000000E+00   6.4050617E+00
  2.5000000E+04     2   6.6979555E-01   1.5538253E-03   0.0000000E+00   2.7575807E+02   1.7130773E+02   0.0000000E+00   1.9477616E+02
  2.5050000E+04     1   4.2128391E-01   1.2792961E-02   0.0000000E+00   2.0558929E+02   2.4969848E+02   0.0000000E+00   5.9955231E+00
  2.5050000E+04     2   6.6955085E-01   1.5300582E-03   0.0000000E+00   1.1100779E+02   6.4483099E+01   0.0000000E+00   1.9121091E+02
  2.5100000E+04     1   4.2113953E-01   1.2781853E-02   0.0000000E+00   2.7963428E+02   1.3899142E+02   0.0000000E+00   6.2775979E+00
  2.5100000E+04     2   6.6926617E-01   1.5207241E-03   0.0000000E+00   3.2961080E+02   3.1233656E+02   0.0000000E+00   1.9293246E+02
  2.5150000E+04     1   4.2100714E-01   1.2834033E-02   0.0000000E+00   2.9575424E+01   2.8509384E+01   0.0000000E+00   6.2735580E+00
  2.5150000E+04     2   6.6907353E-01   1.5110254E-03   0.0000000E+00   2.0604793E+02   2.0038594E+02   0.0000000E+00   1.9439700E+02
  2.5200000E+04     1   4.2082386E-01   1.2787457E-02   0.0000000E+00   1.7553097E+02   2.7817599E+02   0.0000000E+00   6.0291709E+00
  2.5200000E+04     2   6.6880586E-01   1.5371348E-03   0.0000000E+00   9.6542995E+01   9.2413067E+01   0.0000000E+00   1.9179209E+02
  2.5250000E+04     1   4.2068197E-01   1.2778663E-02   0.0000000E+00   3.5810466E+02   1.6738238E+02   0.0000000E+00   6.2059290E+00
  2.5250000E+04     2   6.6851875E-01   1.4977973E-03   0.0000000E+00   9.2546786E+00   3.4028300E+02   0.0000000E+00   1.9330531E+02
  2.5300000E+04     1   4.2051787E-01   1.2792605E-02   0.0000000E+00   2.1686541E+02   5.6586704E+01   0.0000000E+00   6.3207097E+00
  2.5300000E+04     2   6.6830972E-01   1.5479359E-03   0.0000000E+00   2.9895981E+02   2.2921995E+02   0.0000000E+00   1.9368746E+02
  2.5350000E+04     1   4.2036199E-01   1.2804493E-02   0.0000000E+00   1.1187178E+02   3.0574199E+02   0.0000000E+00   6.4305321E+00
  2.5350000E+04     2   6.6809923E-01   1.5389087E-03   0.0000000E+00   2.4834900E+02   1.1654415E+02   0.0000000E+00   1.9562837E+02
  2.5400000E+04     1   4.2023106E-01   1.2825042E-02   0.0000000E+00   4.2949695E+01   1.9505504E+02   0.0000000E+00   6.3141551E+00
  2.5400000E+04     2   6.6785445E-01   1.5133817E-03   0.0000000E+00   2.1316819E+02   6.5187789E+00   0.0000000E+00   1.9485042E+02
  2.5450000E+04     1   4.2009084E-01   1.2840759E-02   0.0000000E+00   1.0333366E+01   8.4320814E+01   0.0000000E+00   6.1657010E+00
  2.5450000E+04     2   6.6760402E-01   1.5075078E-03   0.0000000E+00   1.9560522E+02   2.5696513E+02   0.0000000E+00   1.9352138E+02
  2.5500000E+04     1   4.1993655E-01   1.2838380E-02   0.0000000E+00   1.4201575E+01   3.3336819E+02   0.0000000E+00   6.1810607E+00
  2.5500000E+04     2   6.6736026E-01   1.5082831E-03   0.0000000E+00   1.9769988E+02   1.4585963E+02   0.0000000E+00   1.9368963E+02
  2.5550000E+04     1   4.1976422E-01   1.2816288E-02   0.0000000E+00   5.4563374E+01   2.2221102E+02   0.0000000E+00   6.3413965E+00
  2.5550000E+04     2   6.6712439E-01   1.5159867E-03   0.0000000E+00   2.1926887E+02   3.3394537E+01   0.0000000E+00   1.9515788E+02
  2.5600000E+04     1   4.1959236E-01   1.2800901E-02   0.0000000E+00   1.3122550E+02   1.1107228E+02   0.0000000E+00   6.4033637E+00
  2.5600000E+04     2   6.6687437E-01   1.5460647E-03   0.0000000E+00   2.5779025E+02   2.8209647E+02   0.0000000E+00   1.9537918E+02
  2.5650000E+04     1   4.1944542E-01   1.2784858E-02   0.0000000E+00   2.4407992E+02   6.6588184E-02   0.0000000E+00   6.2692794E+00
  2.5650000E+04     2   6.6659114E-01   1.5376007E-03   0.0000000E+00   3.1208239E+02   1.7315880E+02   0.0000000E+00   1.9317707E+02
  2.5700000E+04     1   4.1929928E-01   1.2778307E-02   0.0000000E+00   3.3316621E+01   2.4901377E+02   0.0000000E+00   6.1316404E+00
  2.5700000E+04     2   6.6632355E-01   1.5026671E-03   0.0000000E+00   2.7103354E+01   6.1634551E+01   0.0000000E+00   1.9351086E+02
  2.5750000E+04     1   4.1913225E-01   1.2793098E-02   0.0000000E+00   2.1891591E+02   1.3796341E+02   0.0000000E+00   5.9265237E+00
  2.5750000E+04     2   6.6613638E-01   1.5254306E-03   0.0000000E+00   1.1739266E+02   3.1299197E+02   0.0000000E+00   1.9089796E+02
  2.5800000E+04     1   4.1898692E-01   1.2808232E-02   0.0000000E+00   8.1567496E+01   2.6223708E+01   0.0000000E+00   6.3872649E+00
  2.5800000E+04     2   6.6590750E-01   1.5259040E-03   0.0000000E+00   2.3315752E+02   1.9704357E+02   0.0000000E+00   1.9556740E+02
  2.5850000E+04     1   4.1883957E-01   1.2778437E-02   0.0000000E+00   3.4007766E+02   2.7505031E+02   0.0000000E+00   6.1781744E+00
  2.5850000E+04     2   6.6559287E-01   1.4995123E-03   0.0000000E+00   3.5999392E+02   8.8184306E+01   0.0000000E+00   1.9304418E+02
  2.5900000E+04     1   4.1867699E-01   1.2794946E-02   0.0000000E+00   2.7496616E+02   1.6391899E+02   0.0000000E+00   5.8700853E+00
  2.5900000E+04     2   6.6541929E-01   1.5006722E-03   0.0000000E+00   1.4520240E+02   3.3913472E+02   0.0000000E+00   1.9065436E+02
  2.5950000E+04     1   4.1852651E-01   1.2786224E-02   0.0000000E+00   2.4699768E+02   5.2073031E+01   0.0000000E+00   6.2438930E+00
  2.5950000E+04     2   6.6512925E-01   1.5365768E-03   0.0000000E+00   3.1347014E+02   2.2522368E+02   0.0000000E+00   1.9309324E+02
  2.6000000E+04     1   4.1836799E-01   1.2794739E-02   0.0000000E+00   2.5484010E+02   3.0088997E+02   0.0000000E+00   5.8649545E+00
  2.6000000E+04     2   6.6492942E-01   1.5094687E-03   0.0000000E+00   1.3506068E+02   1.1618181E+02   0.0000000E+00   1.9057311E+02
  2.6050000E+04     1   4.1822528E-01   1.2779663E-02   0.0000000E+00   2.9989944E+02   1.8896097E+02   0.0000000E+00   6.1994530E+00
  2.6050000E+04     2   6.6462701E-01   1.5118434E-03   0.0000000E+00   3.3962598E+02   2.3844386E+00   0.0000000E+00   1.9277599E+02
  2.6100000E+04     1   4.1809582E-01   1.2837935E-02   0.0000000E+00   2.1169117E+01   7.7325070E+01   0.0000000E+00   6.1727347E+00
  2.6100000E+04     2   6.6443936E-01   1.5100083E-03   0.0000000E+00   2.0141181E+02   2.4958418E+02   0.0000000E+00   1.9391362E+02
  2.6150000E+04     1   4.1791351E-01   1.2780299E-02   0.0000000E+00   1.3891873E+02   3.2574566E+02   0.0000000E+00   6.0056973E+00
  2.6150000E+04     2   6.6416177E-01   1.5371449E-03   0.0000000E+00   7.8924127E+01   1.3928374E+02   0.0000000E+00   1.9246761E+02
  2.6200000E+04     1   4.1776626E-01   1.2779022E-02   0.0000000E+00   2.9361333E+02   2.1376289E+02   0.0000000E+00   6.1949755E+00
  2.6200000E+04     2   6.6389986E-01   1.5145525E-03   0.0000000E+00   3.3645902E+02   2.7208025E+01   0.0000000E+00   1.9274984E+02
  2.6250000E+04     1   4.1760292E-01   1.2804212E-02   0.0000000E+00   1.2489673E+02   1.0174530E+02   0.0000000E+00   6.3671974E+00
  2.6250000E+04     2   6.6371342E-01   1.5443466E-03   0.0000000E+00   2.5463955E+02   2.7273772E+02   0.0000000E+00   1.9537478E+02
  2.6300000E+04     1   4.1748540E-01   1.2835021E-02   0.0000000E+00   3.5236491E+02   3.5014048E+02   0.0000000E+00   6.0358012E+00
  2.6300000E+04     2   6.6346784E-01   1.5021223E-03   0.0000000E+00   1.8577546E+02   1.6356538E+02   0.0000000E+00   1.9261091E+02
  2.6350000E+04     1   4.1729860E-01   1.2794319E-02   0.0000000E+00   2.5663006E+02   2.3834390E+02   0.0000000E+00   5.8401816E+00
  2.6350000E+04     2   6.6322999E-01   1.5088354E-03   0.0000000E+00   1.3591585E+02   5.3663178E+01   0.0000000E+00   1.9052091E+02
  2.6400000E+04     1   4.1714527E-01   1.2790618E-02   0.0000000E+00   1.9784188E+02   1.2622214E+02   0.0000000E+00   5.9173149E+00
  2.6400000E+04     2   6.6297020E-01   1.5330760E-03   0.0000000E+00   1.0712352E+02   3.0097822E+02   0.0000000E+00   1.9116124E+02
  2.6450000E+04     1   4.1699425E-01   1.2787346E-02   0.0000000E+00   1.7571453E+02   1.4083418E+01   0.0000000E+00   5.9493913E+00
  2.6450000E+04     2   6.6271978E-01   1.5377519E-03   0.0000000E+00   9.6499426E+01   1.8841595E+02   0.0000000E+00   1.9161686E+02
  2.6500000E+04     1   4.1684076E-01   1.2790290E-02   0.0000000E+00   1.9025657E+02   2.6194004E+02   0.0000000E+00   5.9226150E+00
  2.6500000E+04     2   6.6248282E-01   1.5351939E-03   0.0000000E+00   1.0346577E+02   7.6563859E+01   0.0000000E+00   1.9129880E+02
  2.6550000E+04     1   4.1668755E-01   1.2795016E-02   0.0000000E+00   2.4149099E+02   1.4978860E+02   0.0000000E+00   5.8417600E+00
  2.6550000E+04     2   6.6225705E-01   1.5160519E-03   0.0000000E+00   1.2837333E+02   3.2508165E+02   0.0000000E+00   1.9054872E+02
  2.6600000E+04     1   4.1655966E-01   1.2817650E-02   0.0000000E+00   3.2965539E+02   3.7409305E+01   0.0000000E+00   5.9318670E+00
  2.6600000E+04     2   6.6201867E-01   1.4948488E-03   0.0000000E+00   1.7356264E+02   2.1164029E+02   0.0000000E+00   1.9170088E+02
  2.6650000E+04     1   4.1638705E-01   1.2805729E-02   0.0000000E+00   9.4891882E+01   2.8467258E+02   0.0000000E+00   6.3388631E+00
  2.6650000E+04     2   6.6177995E-01   1.5319377E-03   0.0000000E+00   2.3977855E+02   9.5509397E+01   0.0000000E+00   1.9550205E+02
  2.6700000E+04     1   4.1623806E-01   1.2783600E-02   0.0000000E+00   2.5643941E+02   1.7239304E+02   0.0000000E+00   6.1864353E+00
  2.6700000E+04     2   6.6148772E-01   1.5324731E-03   0.0000000E+00   3.1800281E+02   3.4570315E+02   0.0000000E+00   1.9287632E+02
  2.6750000E+04     1   4.1608792E-01   1.2777410E-02   0.0000000E+00   9.4760453E+01   6.0095210E+01   0.0000000E+00   6.0022096E+00
  2.6750000E+04     2   6.6123918E-01   1.5253649E-03   0.0000000E+00   5.7530099E+01   2.3294644E+02   0.0000000E+00   1.9315098E+02
  2.6800000E+04     1   4.1595103E-01   1.2817684E-02   0.0000000E+00   3.3004122E+02   3.0762781E+02   0.0000000E+00   5.9197265E+00
  2.6800000E+04     2   6.6105097E-01   1.4950223E-03   0.0000000E+00   1.7374635E+02   1.2186193E+02   0.0000000E+00   1.9168560E+02
  2.6850000E+04     1   4.1578033E-01   1.2786554E-02   0.0000000E+00   2.4250627E+02   1.9477040E+02   0.0000000E+00   6.1859732E+00
  2.6850000E+04     2   6.6076730E-01   1.5389157E-03   0.0000000E+00   3.1118887E+02   7.9276533E+00   0.0000000E+00   1.9302872E+02
  2.6900000E+04     1   4.1562306E-01   1.2789985E-02   0.0000000E+00   1.9133192E+02   8.2385846E+01   0.0000000E+00   5.8956183E+00
  2.6900000E+04     2   6.6054806E-01   1.5351192E-03   0.0000000E+00   1.0394006E+02   2.5705955E+02   0.0000000E+00   1.9122191E+02
  2.6950000E+04     1   4.1547074E-01   1.2798729E-02   0.0000000E+00   1.7769038E+02   3.2930645E+02   0.0000000E+00   6.2618373E+00
  2.6950000E+04     2   6.6030802E-01   1.5547361E-03   0.0000000E+00   2.8001553E+02   1.4126703E+02   0.0000000E+00   1.9430126E+02
  2.7000000E+04     1   4.1531871E-01   1.2791937E-02   0.0000000E+00   2.0025853E+02   2.1689319E+02   0.0000000E+00   5.8717077E+00
  2.7000000E+04     2   6.6006831E-01   1.5327988E-03   0.0000000E+00   1.0822608E+02   3.1732232E+01   0.0000000E+00   1.9103267E+02
  2.7050000E+04     1   4.1517439E-01   1.2783889E-02   0.0000000E+00   2.6042039E+02   1.0376476E+02   0.0000000E+00   6.1606363E+00
  2.7050000E+04     2   6.5979537E-01   1.5308188E-03   0.0000000E+00   3.1991834E+02   2.7713694E+02   0.0000000E+00   1.9278846E+02
  2.7100000E+04     1   4.1505127E-01   1.2838723E-02   0.0000000E+00   3.5712140E+02   3.5100599E+02   0.0000000E+00   6.0046077E+00
  2.7100000E+04     2   6.5959676E-01   1.5043229E-03   0.0000000E+00   1.8826359E+02   1.6430540E+02   0.0000000E+00   1.9270519E+02
  2.7150000E+04     1   4.1486903E-01   1.2779178E-02   0.0000000E+00   1.3091363E+02   2.3808665E+02   0.0000000E+00   5.9437145E+00
  2.7150000E+04     2   6.5931940E-01   1.5362298E-03   0.0000000E+00   7.4977307E+01   5.1538018E+01   0.0000000E+00   1.9249235E+02
  2.7200000E+04     1   4.1472270E-01   1.2778451E-02   0.0000000E+00   3.0195384E+02   1.2486898E+02   0.0000000E+00   6.1238282E+00
  2.7200000E+04     2   6.5906018E-01   1.5114043E-03   0.0000000E+00   3.4053540E+02   2.9837242E+02   0.0000000E+00   1.9262039E+02
  2.7250000E+04     1   4.1455921E-01   1.2802382E-02   0.0000000E+00   1.4998281E+02   1.1622407E+01   0.0000000E+00   6.2762450E+00
  2.7250000E+04     2   6.5887018E-01   1.5519858E-03   0.0000000E+00   2.6668988E+02   1.8306205E+02   0.0000000E+00   1.9483660E+02
  2.7300000E+04     1   4.1443628E-01   1.2829124E-02   0.0000000E+00   3.4790541E+01   2.5858556E+02   0.0000000E+00   6.1496463E+00
  2.7300000E+04     2   6.5863668E-01   1.5124604E-03   0.0000000E+00   2.0861815E+02   7.0437496E+01   0.0000000E+00   1.9429771E+02
  2.7350000E+04     1   4.1427438E-01   1.2807687E-02   0.0000000E+00   3.1653370E+02   1.4564081E+02   0.0000000E+00   5.8405624E+00
  2.7350000E+04     2   6.5839984E-01   1.4933291E-03   0.0000000E+00   1.6653864E+02   3.2028930E+02   0.0000000E+00   1.9119207E+02
  2.7400000E+04     1   4.1410923E-01   1.2794612E-02   0.0000000E+00   2.7557918E+02   3.2415995E+01   0.0000000E+00   5.7652159E+00
  2.7400000E+04     2   6.5815960E-01   1.5012048E-03   0.0000000E+00   1.4535022E+02   2.0773798E+02   0.0000000E+00   1.9044323E+02
  2.7450000E+04     1   4.1395713E-01   1.2794388E-02   0.0000000E+00   2.7180644E+02   2.7905590E+02   0.0000000E+00   5.7664007E+00
  2.7450000E+04     2   6.5791851E-01   1.5027509E-03   0.0000000E+00   1.4343496E+02   9.4407360E+01   0.0000000E+00   1.9041494E+02
  2.7500000E+04     1   4.1381521E-01   1.2801951E-02   0.0000000E+00   3.0519969E+02   1.6559909E+02   0.0000000E+00   5.7996517E+00
  2.7500000E+04     2   6.5767922E-01   1.4936478E-03   0.0000000E+00   1.6058522E+02   3.4051353E+02   0.0000000E+00   1.9088520E+02
  2.7550000E+04     1   4.1368713E-01   1.2838489E-02   0.0000000E+00   1.5934073E+01   5.1879287E+01   0.0000000E+00   6.0528637E+00
  2.7550000E+04     2   6.5742980E-01   1.5095096E-03   0.0000000E+00   1.9842368E+02   2.2444907E+02   0.0000000E+00   1.9348308E+02
  2.7600000E+04     1   4.1350013E-01   1.2802175E-02   0.0000000E+00   1.2383934E+02   2.9811092E+02   0.0000000E+00   6.2752117E+00
  2.7600000E+04     2   6.5719299E-01   1.5442031E-03   0.0000000E+00   2.5397976E+02   1.0918843E+02   0.0000000E+00   1.9519770E+02
  2.7650000E+04     1   4.1335726E-01   1.2780734E-02   0.0000000E+00   2.6858536E+02   1.8464469E+02   0.0000000E+00   6.1124546E+00
  2.7650000E+04     2   6.5690387E-01   1.5269026E-03   0.0000000E+00   3.2386999E+02   3.5812361E+02   0.0000000E+00   1.9263354E+02
  2.7700000E+04     1   4.1320737E-01   1.2776675E-02   0.0000000E+00   9.0512437E+01   7.1136441E+01   0.0000000E+00   5.9432742E+00
  2.7700000E+04     2   6.5665981E-01   1.5241283E-03   0.0000000E+00   5.5353810E+01   2.4401049E+02   0.0000000E+00   1.9306923E+02
  2.7750000E+04     1   4.1306118E-01   1.2803870E-02   0.0000000E+00   3.0970744E+02   3.1753654E+02   0.0000000E+00   5.7938221E+00
  2.7750000E+04     2   6.5647746E-01   1.4934510E-03   0.0000000E+00   1.6291307E+02   1.3237410E+02   0.0000000E+00   1.9095626E+02
  2.7800000E+04     1   4.1289815E-01   1.2792841E-02   0.0000000E+00   2.0662617E+02   2.0338581E+02   0.0000000E+00   6.1646865E+00
  2.7800000E+04     2   6.5620545E-01   1.5514756E-03   0.0000000E+00   2.9377970E+02   1.6001539E+01   0.0000000E+00   1.9354896E+02
  2.7850000E+04     1   4.1274967E-01   1.2780732E-02   0.0000000E+00   1.4021099E+02   8.9788427E+01   0.0000000E+00   5.8952307E+00
  2.7850000E+04     2   6.5595605E-01   1.5381790E-03   0.0000000E+00   7.9365472E+01   2.6347607E+02   0.0000000E+00   1.9220759E+02
  2.7900000E+04     1   4.1259512E-01   1.2804517E-02   0.0000000E+00   1.1169218E+02   3.3551746E+02   0.0000000E+00   6.2628633E+00
  2.7900000E+04     2   6.5575524E-01   1.5396122E-03   0.0000000E+00   2.4799027E+02   1.4650472E+02   0.0000000E+00   1.9527561E+02
  2.7950000E+04     1   4.1244991E-01   1.2778619E-02   0.0000000E+00   1.1980458E+02   2.2187974E+02   0.0000000E+00   5.9024247E+00
  2.7950000E+04     2   6.5546939E-01   1.5340391E-03   0.0000000E+00   6.9549272E+01   3.5183967E+01   0.0000000E+00   1.9259819E+02
  2.8000000E+04     1   4.1229192E-01   1.2799823E-02   0.0000000E+00   1.6588195E+02   1.0754045E+02   0.0000000E+00   6.2087562E+00
  2.8000000E+04     2   6.5526095E-01   1.5545989E-03   0.0000000E+00   2.7425150E+02   2.7933430E+02   0.0000000E+00   1.9441491E+02
  2.8050000E+04     1   4.1214180E-01   1.2795771E-02   0.0000000E+00   2.4857358E+02   3.5389010E+02   0.0000000E+00   5.7335769E+00
  2.8050000E+04     2   6.5503353E-01   1.5136287E-03   0.0000000E+00   1.3172167E+02   1.6932201E+02   0.0000000E+00   1.9030167E+02
  2.8100000E+04     1   4.1200429E-01   1.2779117E-02   0.0000000E+00   9.3377042E+00   2.3946820E+02   0.0000000E+00   5.9980986E+00
  2.8100000E+04     2   6.5472885E-01   1.4994875E-03   0.0000000E+00   1.4673743E+01   5.2462355E+01   0.0000000E+00   1.9300394E+02
  2.8150000E+04     1   4.1183995E-01   1.2799916E-02   0.0000000E+00   1.6743804E+02   1.2504583E+02   0.0000000E+00   6.1968586E+00
  2.8150000E+04     2   6.5454201E-01   1.5548109E-03   0.0000000E+00   2.7498111E+02   2.9688217E+02   0.0000000E+00   1.9436052E+02
  2.8200000E+04     1   4.1172650E-01   1.2840480E-02   0.0000000E+00   2.5360333E+00   1.0985041E+01   0.0000000E+00   5.9534838E+00
  2.8200000E+04     2   6.5431135E-01   1.5065566E-03   0.0000000E+00   1.9108402E+02   1.8414578E+02   0.0000000E+00   1.9279275E+02
  2.8250000E+04     1   4.1153869E-01   1.2794071E-02   0.0000000E+00   2.3511289E+02   2.5683035E+02   0.0000000E+00   5.7321400E+00
  2.8250000E+04     2   6.5407269E-01   1.5198798E-03   0.0000000E+00   1.2504871E+02   7.2204154E+01   0.0000000E+00   1.9035834E+02
  2.8300000E+04     1   4.1139300E-01   1.2780982E-02   0.0000000E+00   1.4547724E+02   1.4227788E+02   0.0000000E+00   5.8624046E+00
  2.8300000E+04     2   6.5380272E-01   1.5389864E-03   0.0000000E+00   8.1840797E+01   3.1610691E+02   0.0000000E+00   1.9203338E+02
  2.8350000E+04     1   4.1124753E-01   1.2777543E-02   0.0000000E+00   9.3230603E+01   2.7753968E+01   0.0000000E+00   5.8968829E+00
  2.8350000E+04     2   6.5354645E-01   1.5254925E-03   0.0000000E+00   5.6613933E+01   2.0070378E+02   0.0000000E+00   1.9294707E+02
  2.8400000E+04     1   4.1109840E-01   1.2777167E-02   0.0000000E+00   7.8453129E+01   2.7319496E+02   0.0000000E+00   5.9037479E+00
  2.8400000E+04     2   6.5330355E-01   1.5197682E-03   0.0000000E+00   4.9358891E+01   8.6014511E+01   0.0000000E+00   1.9308420E+02
  2.8450000E+04     1   4.1094622E-01   1.2777856E-02   0.0000000E+00   1.0116335E+02   1.5860019E+02   0.0000000E+00   5.8865072E+00
  2.8450000E+04     2   6.5307102E-01   1.5284892E-03   0.0000000E+00   6.0471176E+01   3.3165394E+02   0.0000000E+00   1.9283275E+02
  2.8500000E+04     1   4.1079028E-01   1.2785563E-02   0.0000000E+00   1.6137669E+02   4.3979141E+01   0.0000000E+00   5.8289270E+00
  2.8500000E+04     2   6.5285296E-01   1.5399044E-03   0.0000000E+00   8.9424840E+01   2.1815711E+02   0.0000000E+00   1.9165096E+02
  2.8550000E+04     1   4.1063850E-01   1.2795584E-02   0.0000000E+00   2.5907697E+02   2.8936945E+02   0.0000000E+00   5.6949920E+00
  2.8550000E+04     2   6.5264494E-01   1.5090420E-03   0.0000000E+00   1.3690920E+02   1.0484623E+02   0.0000000E+00   1.9021821E+02
  2.8600000E+04     1   4.1051467E-01   1.2830351E-02   0.0000000E+00   3.4817135E+01   1.7422184E+02   0.0000000E+00   6.0667687E+00
  2.8600000E+04     2   6.5240452E-01   1.5130397E-03   0.0000000E+00   2.0849602E+02   3.4616777E+02   0.0000000E+00   1.9412084E+02
  2.8650000E+04     1   4.1033949E-01   1.2792656E-02   0.0000000E+00   2.0788868E+02   5.9306981E+01   0.0000000E+00   6.1034997E+00
  2.8650000E+04     2   6.5213843E-01   1.5515028E-03   0.0000000E+00   2.9429603E+02   2.3200704E+02   0.0000000E+00   1.9340344E+02
  2.8700000E+04     1   4.1019879E-01   1.2777556E-02   0.0000000E+00   5.8341638E+01   3.0456627E+02   0.0000000E+00   5.9074446E+00
  2.8700000E+04     2   6.5186735E-01   1.5120622E-03   0.0000000E+00   3.9355245E+01   1.1733557E+02   0.0000000E+00   1.9313815E+02
  2.8750000E+04     1   4.1005000E-01   1.2803440E-02   0.0000000E+00   3.0646764E+02   1.8974146E+02   0.0000000E+00   5.7208479E+00
  2.8750000E+04     2   6.5169425E-01   1.4942780E-03   0.0000000E+00   1.6111416E+02   4.7215373E+00   0.0000000E+00   1.9074077E+02
  2.8800000E+04     1   4.0989194E-01   1.2787741E-02   0.0000000E+00   2.3274547E+02   7.4350205E+01   0.0000000E+00   6.0659160E+00
  2.8800000E+04     2   6.5141436E-01   1.5436373E-03   0.0000000E+00   3.0625279E+02   2.4750310E+02   0.0000000E+00   1.9291302E+02
  2.8850000E+04     1   4.0973754E-01   1.2791303E-02   0.0000000E+00   1.9608880E+02   3.1952234E+02   0.0000000E+00   5.7616438E+00
  2.8850000E+04     2   6.5119655E-01   1.5350021E-03   0.0000000E+00   1.0602477E+02   1.3442279E+02   0.0000000E+00   1.9086119E+02
  2.8900000E+04     1   4.0958909E-01   1.2795376E-02   0.0000000E+00   1.9775963E+02   2.0400508E+02   0.0000000E+00   6.1020489E+00
  2.8900000E+04     2   6.5095092E-01   1.5536689E-03   0.0000000E+00   2.8941602E+02   1.6519899E+01   0.0000000E+00   1.9358723E+02
  2.8950000E+04     1   4.0943735E-01   1.2794651E-02   0.0000000E+00   2.3643595E+02   8.9153295E+01   0.0000000E+00   5.6893044E+00
  2.8950000E+04     2   6.5073322E-01   1.5197106E-03   0.0000000E+00   1.2562906E+02   2.6458687E+02   0.0000000E+00   1.9025573E+02
  2.9000000E+04     1   4.0929974E-01   1.2779387E-02   0.0000000E+00   3.1354068E+02   3.3354748E+02   0.0000000E+00   5.9933508E+00
  2.9000000E+04     2   6.5043873E-01   1.5078193E-03   0.0000000E+00   3.4618411E+02   1.4713038E+02   0.0000000E+00   1.9241045E+02
  2.9050000E+04     1   4.0914997E-01   1.2811809E-02   0.0000000E+00   6.8254095E+01   2.1803282E+02   0.0000000E+00   6.1457959E+00
  2.9050000E+04     2   6.5026640E-01   1.5216142E-03   0.0000000E+00   2.2600913E+02   2.9223631E+01   0.0000000E+00   1.9495498E+02
  2.9100000E+04     1   4.0898825E-01   1.2794173E-02   0.0000000E+00   2.2022158E+02   1.0300932E+02   0.0000000E+00   5.7026150E+00
  2.9100000E+04     2   6.5001505E-01   1.5268454E-03   0.0000000E+00   1.1767629E+02   2.7829513E+02   0.0000000E+00   1.9041681E+02
  2.9150000E+04     1   4.0885145E-01   1.2778223E-02   0.0000000E+00   5.0575373E+01   3.4733147E+02   0.0000000E+00   5.8817968E+00
  2.9150000E+04     2   6.4972423E-01   1.5094657E-03   0.0000000E+00   3.5423763E+01   1.6013629E+02   0.0000000E+00   1.9307697E+02
  2.9200000E+04     1   4.0869896E-01   1.2781113E-02   0.0000000E+00   2.7871373E+02   2.3163956E+02   0.0000000E+00   6.0046677E+00
  2.9200000E+04     2   6.4949649E-01   1.5228143E-03   0.0000000E+00   3.2871840E+02   4.5280361E+01   0.0000000E+00   1.9236387E+02
  2.9250000E+04     1   4.0854106E-01   1.2797427E-02   0.0000000E+00   1.8466296E+02   1.1591702E+02   0.0000000E+00   6.0991641E+00
  2.9250000E+04     2   6.4929158E-01   1.5552742E-03   0.0000000E+00   2.8311309E+02   2.8818499E+02   0.0000000E+00   1.9383119E+02
  2.9300000E+04     1   4.0839077E-01   1.2803228E-02   0.0000000E+00   1.2844884E+02   1.6357140E-01   0.0000000E+00   6.1623394E+00
  2.9300000E+04     2   6.4907180E-01   1.5464778E-03   0.0000000E+00   2.5605419E+02   1.7141497E+02   0.0000000E+00   1.9491094E+02
  2.9350000E+04     1   4.0824308E-01   1.2804692E-02   0.0000000E+00   1.1007822E+02   2.4440002E+02   0.0000000E+00   6.1674810E+00
  2.9350000E+04     2   6.4883843E-01   1.5393724E-03   0.0000000E+00   2.4704384E+02   5.5479035E+01   0.0000000E+00   1.9508847E+02
  2.9400000E+04     1   4.0809212E-01   1.2803009E-02   0.0000000E+00   1.2961432E+02   1.2858543E+02   0.0000000E+00   6.1541020E+00
  2.9400000E+04     2   6.4859697E-01   1.5468944E-03   0.0000000E+00   2.5661053E+02   2.9985911E+02   0.0000000E+00   1.9488042E+02
  2.9450000E+04     1   4.0794405E-01   1.2796659E-02   0.0000000E+00   1.8703633E+02   1.2760014E+01   0.0000000E+00   6.0835220E+00
  2.9450000E+04     2   6.4834167E-01   1.5551547E-03   0.0000000E+00   2.8422901E+02   1.8509093E+02   0.0000000E+00   1.9375261E+02
  2.9500000E+04     1   4.0780352E-01   1.2780857E-02   0.0000000E+00   2.8238194E+02   2.5690266E+02   0.0000000E+00   5.9813479E+00
  2.9500000E+04     2   6.4807196E-01   1.5211812E-03   0.0000000E+00   3.3050878E+02   7.0575525E+01   0.0000000E+00   1.9230848E+02
  2.9550000E+04     1   4.0765688E-01   1.2778330E-02   0.0000000E+00   5.5665249E+01   1.4101457E+02   0.0000000E+00   5.8515329E+00
  2.9550000E+04     2   6.4782721E-01   1.5114756E-03   0.0000000E+00   3.7929219E+01   3.1384374E+02   0.0000000E+00   1.9302236E+02
  2.9600000E+04     1   4.0749543E-01   1.2794985E-02   0.0000000E+00   2.2689575E+02   2.5115822E+01   0.0000000E+00   5.6599012E+00
  2.9600000E+04     2   6.4764453E-01   1.5243573E-03   0.0000000E+00   1.2088072E+02   2.0051293E+02   0.0000000E+00   1.9026279E+02
  2.9650000E+04     1   4.0735555E-01   1.2809573E-02   0.0000000E+00   7.6745866E+01   2.6853218E+02   0.0000000E+00   6.1241598E+00
  2.9650000E+04     2   6.4741954E-01   1.5250705E-03   0.0000000E+00   2.3029997E+02   7.9667214E+01   0.0000000E+00   1.9498912E+02
  2.9700000E+04     1   4.0721028E-01   1.2778536E-02   0.0000000E+00   3.2405035E+02   1.5249139E+02   0.0000000E+00   5.9381959E+00
  2.9700000E+04     2   6.4711560E-01   1.5047139E-03   0.0000000E+00   3.5143363E+02   3.2605203E+02   0.0000000E+00   1.9237756E+02
  2.9750000E+04     1   4.0704951E-01   1.2795069E-02   0.0000000E+00   2.4927911E+02   3.6518505E+01   0.0000000E+00   5.6232620E+00
  2.9750000E+04     2   6.4694037E-01   1.5141992E-03   0.0000000E+00   1.3189441E+02   2.1207528E+02   0.0000000E+00   1.9006649E+02
  2.9800000E+04     1   4.0690333E-01   1.2792246E-02   0.0000000E+00   2.1326568E+02   2.7979125E+02   0.0000000E+00   6.0251702E+00
  2.9800000E+04     2   6.4667476E-01   1.5505682E-03   0.0000000E+00   2.9676092E+02   9.2675759E+01   0.0000000E+00   1.9314067E+02
  2.9850000E+04     1   4.0675117E-01   1.2793604E-02   0.0000000E+00   2.1462537E+02   1.6373712E+02   0.0000000E+00   5.6627184E+00
  2.9850000E+04     2   6.4645773E-01   1.5294422E-03   0.0000000E+00   1.1487876E+02   3.3900240E+02   0.0000000E+00   1.9039744E+02
  2.9900000E+04     1   4.0660982E-01   1.2784768E-02   0.0000000E+00   2.5475349E+02   4.6965605E+01   0.0000000E+00   5.9765833E+00
  2.9900000E+04     2   6.4618738E-01   1.5346281E-03   0.0000000E+00   3.1684409E+02   2.2048655E+02   0.0000000E+00   1.9245564E+02
  2.9950000E+04     1   4.0647952E-01   1.2820024E-02   0.0000000E+00   3.3248591E+02   2.9067571E+02   0.0000000E+00   5.7226955E+00
  2.9950000E+04     2   6.4599584E-01   1.4972623E-03   0.0000000E+00   1.7471763E+02   1.0506238E+02   0.0000000E+00   1.9133603E+02
  3.0000000E+04     1   4.0631515E-01   1.2777015E-02   0.0000000E+00   8.8677560E+01   1.7401785E+02   0.0000000E+00   5.7898893E+00
  3.0000000E+04     2   6.4570631E-01   1.5244429E-03   0.0000000E+00   5.4214550E+01   3.4703703E+02   0.0000000E+00   1.9277071E+02
  3.0050000E+04     1   4.0616290E-01   1.2785837E-02   0.0000000E+00   2.4319080E+02   5.7166918E+01   0.0000000E+00   5.9787148E+00
  3.0050000E+04     2   6.4548281E-01   1.5398389E-03   0.0000000E+00   3.1119040E+02   2.3056128E+02   0.0000000E+00   1.9258435E+02
  3.0100000E+04     1   4.0601742E-01   1.2810010E-02   0.0000000E+00   7.5811639E+01   3.0033684E+02   0.0000000E+00   6.0948977E+00
  3.0100000E+04     2   6.4529240E-01   1.5248302E-03   0.0000000E+00   2.2977632E+02   1.1151378E+02   0.0000000E+00   1.9491795E+02
  3.0150000E+04     1   4.0587290E-01   1.2802303E-02   0.0000000E+00   3.0614740E+02   1.8398015E+02   0.0000000E+00   5.6270499E+00
  3.0150000E+04     2   6.4505583E-01   1.4949622E-03   0.0000000E+00   1.6080156E+02   3.5906581E+02   0.0000000E+00   1.9054139E+02
  3.0200000E+04     1   4.0571130E-01   1.2793188E-02   0.0000000E+00   2.1515995E+02   6.7112523E+01   0.0000000E+00   5.6405184E+00
  3.0200000E+04     2   6.4480533E-01   1.5293895E-03   0.0000000E+00   1.1510174E+02   2.4241101E+02   0.0000000E+00   1.9034203E+02
  3.0250000E+04     1   4.0556614E-01   1.2784997E-02   0.0000000E+00   1.6250670E+02   3.1011733E+02   0.0000000E+00   5.7136813E+00
  3.0250000E+04     2   6.4455125E-01   1.5406515E-03   0.0000000E+00   8.9784587E+01   1.2444293E+02   0.0000000E+00   1.9138808E+02
  3.0300000E+04     1   4.0541919E-01   1.2782162E-02   0.0000000E+00   1.4808424E+02   1.9311626E+02   0.0000000E+00   5.7280391E+00
  3.0300000E+04     2   6.4431040E-01   1.5402252E-03   0.0000000E+00   8.2883610E+01   7.1387891E+00   0.0000000E+00   1.9170551E+02
  3.0350000E+04     1   4.0526888E-01   1.2787460E-02   0.0000000E+00   1.7192690E+02   7.6095212E+01   0.0000000E+00   5.6974357E+00
  3.0350000E+04     2   6.4408345E-01   1.5402338E-03   0.0000000E+00   9.4281017E+01   2.5062636E+02   0.0000000E+00   1.9116628E+02
  3.0400000E+04     1   4.0511836E-01   1.2795129E-02   0.0000000E+00   2.3403543E+02   3.1907660E+02   0.0000000E+00   5.5967305E+00
  3.0400000E+04     2   6.4386850E-01   1.5216028E-03   0.0000000E+00   1.2429756E+02   1.3459513E+02   0.0000000E+00   1.9007820E+02
  3.0450000E+04     1   4.0499700E-01   1.2822025E-02   0.0000000E+00   3.3468921E+02   2.0179719E+02   0.0000000E+00   5.6998248E+00
  3.0450000E+04     2   6.4363748E-01   1.4981291E-03   0.0000000E+00   1.7584278E+02   1.6148918E+01   0.0000000E+00   1.9134809E+02
  3.0500000E+04     1   4.0482348E-01   1.2803676E-02   0.0000000E+00   1.1398122E+02   8.4182690E+01   0.0000000E+00   6.0887469E+00
  3.0500000E+04     2   6.4340364E-01   1.5412428E-03   0.0000000E+00   2.4884772E+02   2.5536996E+02   0.0000000E+00   1.9490148E+02
  3.0550000E+04     1   4.0468465E-01   1.2778856E-02   0.0000000E+00   2.9115732E+02   3.2703527E+02   0.0000000E+00   5.9091822E+00
  3.0550000E+04     2   6.4311216E-01   1.5174152E-03   0.0000000E+00   3.3477426E+02   1.4079426E+02   0.0000000E+00   1.9215019E+02
  3.0600000E+04     1   4.0453077E-01   1.2782462E-02   0.0000000E+00   1.4671284E+02   2.0985187E+02   0.0000000E+00   5.7099020E+00
  3.0600000E+04     2   6.4289786E-01   1.5402790E-03   0.0000000E+00   8.2195208E+01   2.3868028E+01   0.0000000E+00   1.9169374E+02
  3.0650000E+04     1   4.0440260E-01   1.2824950E-02   0.0000000E+00   4.1122639E+01   9.2176424E+01   0.0000000E+00   5.9596590E+00
  3.0650000E+04     2   6.4269785E-01   1.5146257E-03   0.0000000E+00   2.1164816E+02   2.6406942E+02   0.0000000E+00   1.9406667E+02
  3.0700000E+04     1   4.0424343E-01   1.2778219E-02   0.0000000E+00   3.3369418E+02   3.3474918E+02   0.0000000E+00   5.8651498E+00
  3.0700000E+04     2   6.4239898E-01   1.5027093E-03   0.0000000E+00   3.5622974E+02   1.4829910E+02   0.0000000E+00   1.9231522E+02
  3.0750000E+04     1   4.0409521E-01   1.2801275E-02   0.0000000E+00   3.0456766E+02   2.1743592E+02   0.0000000E+00   5.5885185E+00
  3.0750000E+04     2   6.4223165E-01   1.4954122E-03   0.0000000E+00   1.5991502E+02   3.2598993E+01   0.0000000E+00   1.9042545E+02
  3.0800000E+04     1   4.0394700E-01   1.2778370E-02   0.0000000E+00   3.1446102E+02   9.9522202E+01   0.0000000E+00   5.8751350E+00
  3.0800000E+04     2   6.4193231E-01   1.5081028E-03   0.0000000E+00   3.4646215E+02   2.7322813E+02   0.0000000E+00   1.9216921E+02
  3.0850000E+04     1   4.0382385E-01   1.2839218E-02   0.0000000E+00   2.5171763E+00   3.4190695E+02   0.0000000E+00   5.7837544E+00
  3.0850000E+04     2   6.4175274E-01   1.5075999E-03   0.0000000E+00   1.9080205E+02   1.5525536E+02   0.0000000E+00   1.9243534E+02
  3.0900000E+04     1   4.0364946E-01   1.2776221E-02   0.0000000E+00   8.9162716E+01   2.2418295E+02   0.0000000E+00   5.7307888E+00
  3.0900000E+04     2   6.4147041E-01   1.5249195E-03   0.0000000E+00   5.4358099E+01   3.7271602E+01   0.0000000E+00   1.9264214E+02
  3.0950000E+04     1   4.0349557E-01   1.2790084E-02   0.0000000E+00   2.1464425E+02   1.0612467E+02   0.0000000E+00   5.9521262E+00
  3.0950000E+04     2   6.4125831E-01   1.5504486E-03   0.0000000E+00   2.9730691E+02   2.7911595E+02   0.0000000E+00   1.9296085E+02
  3.1000000E+04     1   4.0337908E-01   1.2838620E-02   0.0000000E+00   1.8371005E+01   3.4833301E+02   0.0000000E+00   5.8435724E+00
  3.1000000E+04     2   6.4105014E-01   1.5113273E-03   0.0000000E+00   1.9939001E+02   1.6105029E+02   0.0000000E+00   1.9312629E+02
  3.1050000E+04     1   4.0319693E-01   1.2792443E-02   0.0000000E+00   2.2058174E+02   2.3061642E+02   0.0000000E+00   5.5686162E+00
  3.1050000E+04     2   6.4081115E-01   1.5275576E-03   0.0000000E+00   1.1764829E+02   4.6043314E+01   0.0000000E+00   1.9014172E+02
  3.1100000E+04     1   4.0305840E-01   1.2775795E-02   0.0000000E+00   1.0180208E+02   1.1243986E+02   0.0000000E+00   5.7176228E+00
  3.1100000E+04     2   6.4053641E-01   1.5296554E-03   0.0000000E+00   6.0509022E+01   2.8569069E+02   0.0000000E+00   1.9246680E+02
  3.1150000E+04     1   4.0291573E-01   1.2779142E-02   0.0000000E+00   2.1601880E+01   3.5427081E+02   0.0000000E+00   5.7850694E+00
  3.1150000E+04     2   6.4028690E-01   1.5023298E-03   0.0000000E+00   2.0590230E+01   1.6737406E+02   0.0000000E+00   1.9268182E+02
  3.1200000E+04     1   4.0276819E-01   1.2777328E-02   0.0000000E+00   3.4003816E+02   2.3606435E+02   0.0000000E+00   5.8278430E+00
  3.1200000E+04     2   6.4005357E-01   1.5016543E-03   0.0000000E+00   3.5940963E+02   4.9587720E+01   0.0000000E+00   1.9230447E+02
  3.1250000E+04     1   4.0262085E-01   1.2778768E-02   0.0000000E+00   3.3711498E+02   1.1783569E+02   0.0000000E+00   5.8313767E+00
  3.1250000E+04     2   6.3981990E-01   1.5023085E-03   0.0000000E+00   3.5791455E+02   2.9139432E+02   0.0000000E+00   1.9227275E+02
  3.1300000E+04     1   4.0247414E-01   1.2778666E-02   0.0000000E+00   1.2853153E+01   3.5958952E+02   0.0000000E+00   5.7838888E+00
  3.1300000E+04     2   6.3958456E-01   1.5010500E-03   0.0000000E+00   1.6127078E+01   1.7278096E+02   0.0000000E+00   1.9259245E+02
  3.1350000E+04     1   4.0232347E-01   1.2776857E-02   0.0000000E+00   8.7286549E+01   2.4130920E+02   0.0000000E+00   5.7098882E+00
  3.1350000E+04     2   6.3936237E-01   1.5244696E-03   0.0000000E+00   5.3396718E+01   5.4410700E+01   0.0000000E+00   1.9260839E+02
  3.1400000E+04     1   4.0216689E-01   1.2792485E-02   0.0000000E+00   2.0043323E+02   1.2300635E+02   0.0000000E+00   5.5852475E+00
  3.1400000E+04     2   6.3916660E-01   1.5350719E-03   0.0000000E+00   1.0785465E+02   2.9816094E+02   0.0000000E+00   1.9043065E+02
  3.1450000E+04     1   4.0205380E-01   1.2835394E-02   0.0000000E+00   3.5258065E+02   4.4062135E+00   0.0000000E+00   5.7050506E+00
  3.1450000E+04     2   6.3894396E-01   1.5045873E-03   0.0000000E+00   1.8535907E+02   1.7818999E+02   0.0000000E+00   1.9192127E+02
  3.1500000E+04     1   4.0187338E-01   1.2796575E-02   0.0000000E+00   1.8365611E+02   2.4561303E+02   0.0000000E+00   5.9530138E+00
  3.1500000E+04     2   6.3869531E-01   1.5560006E-03   0.0000000E+00   2.8240238E+02   5.8015208E+01   0.0000000E+00   1.9355084E+02
  3.1550000E+04     1   4.0173771E-01   1.2776887E-02   0.0000000E+00   5.3102308E+01   1.2721074E+02   0.0000000E+00   5.7263343E+00
  3.1550000E+04     2   6.3842031E-01   1.5111928E-03   0.0000000E+00   3.6440796E+01   3.0018426E+02   0.0000000E+00   1.9275281E+02
  3.1600000E+04     1   4.0159847E-01   1.2811658E-02   0.0000000E+00   3.2147887E+02   8.6566948E+00   0.0000000E+00   5.5819684E+00
  3.1600000E+04     2   6.3824975E-01   1.4959549E-03   0.0000000E+00   1.6870422E+02   1.8348290E+02   0.0000000E+00   1.9075576E+02
  3.1650000E+04     1   4.0144034E-01   1.2781064E-02   0.0000000E+00   2.6909423E+02   2.4964763E+02   0.0000000E+00   5.8477922E+00
  3.1650000E+04     2   6.3796553E-01   1.5282797E-03   0.0000000E+00   3.2370797E+02   6.3410667E+01   0.0000000E+00   1.9208475E+02
  3.1700000E+04     1   4.0128625E-01   1.2794315E-02   0.0000000E+00   2.5500462E+02   1.3116757E+02   0.0000000E+00   5.4979632E+00
  3.1700000E+04     2   6.3778120E-01   1.5125112E-03   0.0000000E+00   1.3454698E+02   3.0687188E+02   0.0000000E+00   1.8979365E+02
  3.1750000E+04     1   4.0114785E-01   1.2780923E-02   0.0000000E+00   2.8047367E+02   1.1957181E+01   0.0000000E+00   5.8352469E+00
  3.1750000E+04     2   6.3749586E-01   1.5229094E-03   0.0000000E+00   3.2932865E+02   1.8578299E+02   0.0000000E+00   1.9200943E+02
  3.1800000E+04     1   4.0102285E-01   1.2828701E-02   0.0000000E+00   3.4436750E+02   2.5318581E+02   0.0000000E+00   5.6514284E+00
  3.1800000E+04     2   6.3731209E-01   1.5017694E-03   0.0000000E+00   1.8089403E+02   6.7301245E+01   0.0000000E+00   1.9153600E+02
  3.1850000E+04     1   4.0085492E-01   1.2776982E-02   0.0000000E+00   8.7399316E+01   1.3415271E+02   0.0000000E+00   5.6727756E+00
  3.1850000E+04     2   6.3702878E-01   1.5246898E-03   0.0000000E+00   5.3397390E+01   3.0729137E+02   0.0000000E+00   1.9253412E+02
  3.1900000E+04     1   4.0070336E-01   1.2787147E-02   0.0000000E+00   2.2958912E+02   1.4871129E+01   0.0000000E+00   5.8724373E+00
  3.1900000E+04     2   6.3681326E-01   1.5458706E-03   0.0000000E+00   3.0441170E+02   1.8819020E+02   0.0000000E+00   1.9255336E+02
  3.1950000E+04     1   4.0057127E-01   1.2819712E-02   0.0000000E+00   5.0583317E+01   2.5569402E+02   0.0000000E+00   5.9159582E+00
  3.1950000E+04     2   6.3661845E-01   1.5170546E-03   0.0000000E+00   2.1651835E+02   6.7425306E+01   0.0000000E+00   1.9418467E+02
  3.2000000E+04     1   4.0040874E-01   1.2794412E-02   0.0000000E+00   2.7016693E+02   1.3690015E+02   0.0000000E+00   5.4630633E+00
  3.2000000E+04     2   6.3638605E-01   1.5058684E-03   0.0000000E+00   1.4212895E+02   3.1258620E+02   0.0000000E+00   1.8977701E+02
  3.2050000E+04     1   4.0026167E-01   1.2785242E-02   0.0000000E+00   1.6930531E+02   1.7496346E+01   0.0000000E+00   5.5962444E+00
  3.2050000E+04     2   6.3612456E-01   1.5411292E-03   0.0000000E+00   9.2856637E+01   1.9209049E+02   0.0000000E+00   1.9100210E+02
  3.2100000E+04     1   4.0012099E-01   1.2777925E-02   0.0000000E+00   1.0742235E+02   2.5810542E+02   0.0000000E+00   5.6425854E+00
  3.2100000E+04     2   6.3587089E-01   1.5320985E-03   0.0000000E+00   6.3134202E+01   7.1503683E+01   0.0000000E+00   1.9224432E+02
  3.2150000E+04     1   3.9997668E-01   1.2776317E-02   0.0000000E+00   8.4578646E+01   1.3868126E+02   0.0000000E+00   5.6584977E+00
  3.2150000E+04     2   6.3563192E-01   1.5236589E-03   0.0000000E+00   5.1986789E+01   3.1181305E+02   0.0000000E+00   1.9252672E+02
  3.2200000E+04     1   3.9982909E-01   1.2778080E-02   0.0000000E+00   1.0079480E+02   1.9222691E+01   0.0000000E+00   5.6454868E+00
  3.2200000E+04     2   6.3540405E-01   1.5299483E-03   0.0000000E+00   5.9906646E+01   1.9253619E+02   0.0000000E+00   1.9233199E+02
  3.2250000E+04     1   3.9967782E-01   1.2783968E-02   0.0000000E+00   1.5609128E+02   2.5973497E+02   0.0000000E+00   5.5916932E+00
  3.2250000E+04     2   6.3519013E-01   1.5415777E-03   0.0000000E+00   8.6515475E+01   7.4060980E+01   0.0000000E+00   1.9126568E+02
  3.2300000E+04     1   3.9952889E-01   1.2795563E-02   0.0000000E+00   2.5044860E+02   1.4025779E+02   0.0000000E+00   5.4622970E+00
  3.2300000E+04     2   6.3498783E-01   1.5150468E-03   0.0000000E+00   1.3221761E+02   3.1599563E+02   0.0000000E+00   1.8972446E+02
  3.2350000E+04     1   3.9941395E-01   1.2836201E-02   0.0000000E+00   2.4377459E+01   2.0290762E+01   0.0000000E+00   5.7807289E+00
  3.2350000E+04     2   6.3475340E-01   1.5127442E-03   0.0000000E+00   2.0250205E+02   1.9286781E+02   0.0000000E+00   1.9320369E+02
  3.2400000E+04     1   3.9923792E-01   1.2793569E-02   0.0000000E+00   1.9731657E+02   2.6044973E+02   0.0000000E+00   5.8776385E+00
  3.2400000E+04     2   6.3450041E-01   1.5548073E-03   0.0000000E+00   2.8885111E+02   7.3195720E+01   0.0000000E+00   1.9313165E+02
  3.2450000E+04     1   3.9910234E-01   1.2777791E-02   0.0000000E+00   4.9162540E+01   1.4083909E+02   0.0000000E+00   5.6760643E+00
  3.2450000E+04     2   6.3423144E-01   1.5102420E-03   0.0000000E+00   3.4375653E+01   3.1388274E+02   0.0000000E+00   1.9263241E+02
  3.2500000E+04     1   3.9895489E-01   1.2800477E-02   0.0000000E+00   3.0024492E+02   2.1159102E+01   0.0000000E+00   5.4665104E+00
  3.2500000E+04     2   6.3406490E-01   1.4969346E-03   0.0000000E+00   1.5748790E+02   1.9652692E+02   0.0000000E+00   1.9009869E+02
  3.2550000E+04     1   3.9880320E-01   1.2787546E-02   0.0000000E+00   2.3109643E+02   2.6087239E+02   0.0000000E+00   5.8296812E+00
  3.2550000E+04     2   6.3379273E-01   1.5456158E-03   0.0000000E+00   3.0507609E+02   7.4259354E+01   0.0000000E+00   1.9244272E+02
  3.2600000E+04     1   3.9865287E-01   1.2791902E-02   0.0000000E+00   2.0056935E+02   1.4117488E+02   0.0000000E+00   5.5114857E+00
  3.2600000E+04     2   6.3358192E-01   1.5355925E-03   0.0000000E+00   1.0780077E+02   3.1641454E+02   0.0000000E+00   1.9027183E+02
  3.2650000E+04     1   3.9850971E-01   1.2792167E-02   0.0000000E+00   2.0995846E+02   2.0778896E+01   0.0000000E+00   5.8467319E+00
  3.2650000E+04     2   6.3333688E-01   1.5523565E-03   0.0000000E+00   2.9488643E+02   1.9379507E+02   0.0000000E+00   1.9283056E+02
  3.2700000E+04     1   3.9836251E-01   1.2795044E-02   0.0000000E+00   2.5793955E+02   2.6104386E+02   0.0000000E+00   5.4301039E+00
  3.2700000E+04     2   6.3313452E-01   1.5117265E-03   0.0000000E+00   1.3591253E+02   7.6816161E+01   0.0000000E+00   1.8965781E+02
  3.2750000E+04     1   3.9822849E-01   1.2778762E-02   0.0000000E+00   3.4592482E+02   1.4055983E+02   0.0000000E+00   5.7235415E+00
  3.2750000E+04     2   6.3283872E-01   1.5015548E-03   0.0000000E+00   2.2508146E+00   3.1413320E+02   0.0000000E+00   1.9215018E+02
  3.2800000E+04     1   3.9807113E-01   1.2803460E-02   0.0000000E+00   1.1319142E+02   2.0080252E+01   0.0000000E+00   5.9476171E+00
  3.2800000E+04     2   6.3267195E-01   1.5415209E-03   0.0000000E+00   2.4822936E+02   1.9142041E+02   0.0000000E+00   1.9460746E+02
  3.2850000E+04     1   3.9792910E-01   1.2796284E-02   0.0000000E+00   2.7914172E+02   2.6024498E+02   0.0000000E+00   5.4195965E+00
  3.2850000E+04     2   6.3244339E-01   1.5029070E-03   0.0000000E+00   1.4660008E+02   7.5925558E+01   0.0000000E+00   1.8973902E+02
  3.2900000E+04     1   3.9778521E-01   1.2778616E-02   0.0000000E+00   1.2512301E+02   1.3969183E+02   0.0000000E+00   5.5799888E+00
  3.2900000E+04     2   6.3216716E-01   1.5375149E-03   0.0000000E+00   7.1605851E+01   3.1343748E+02   0.0000000E+00   1.9183434E+02
  3.2950000E+04     1   3.9764668E-01   1.2778986E-02   0.0000000E+00   1.0481705E+01   1.9117803E+01   0.0000000E+00   5.6887661E+00
  3.2950000E+04     2   6.3191310E-01   1.5015080E-03   0.0000000E+00   1.4753397E+01   1.9244964E+02   0.0000000E+00   1.9235693E+02
  3.3000000E+04     1   3.9749857E-01   1.2779601E-02   0.0000000E+00   2.9523480E+02   2.5852318E+02   0.0000000E+00   5.7476113E+00
  3.3000000E+04     2   6.3169089E-01   1.5166115E-03   0.0000000E+00   3.3656341E+02   7.2450976E+01   0.0000000E+00   1.9181981E+02
  3.3050000E+04     1   3.9735027E-01   1.2783168E-02   0.0000000E+00   2.5940781E+02   1.3789833E+02   0.0000000E+00   5.7736356E+00
  3.3050000E+04     2   6.3146997E-01   1.5335567E-03   0.0000000E+00   3.1880674E+02   3.1168231E+02   0.0000000E+00   1.9198966E+02
  3.3100000E+04     1   3.9720533E-01   1.2783450E-02   0.0000000E+00   2.6303038E+02   1.7238986E+01   0.0000000E+00   5.7665231E+00
  3.3100000E+04     2   6.3123799E-01   1.5319026E-03   0.0000000E+00   3.2057879E+02   1.9105865E+02   0.0000000E+00   1.9194686E+02
  3.3150000E+04     1   3.9706352E-01   1.2778800E-02   0.0000000E+00   3.0613007E+02   2.5653981E+02   0.0000000E+00   5.7321133E+00
  3.3150000E+04     2   6.3099590E-01   1.5121240E-03   0.0000000E+00   3.4202076E+02   7.0450134E+01   0.0000000E+00   1.9182179E+02
  3.3200000E+04     1   3.9692007E-01   1.2779296E-02   0.0000000E+00   2.8702828E+01   1.3582359E+02   0.0000000E+00   5.6507659E+00
  3.3200000E+04     2   6.3075984E-01   1.5046670E-03   0.0000000E+00   2.3985178E+01   3.0901521E+02   0.0000000E+00   1.9245915E+02
  3.3250000E+04     1   3.9676599E-01   1.2783261E-02   0.0000000E+00   1.5079799E+02   1.5068143E+01   0.0000000E+00   5.5356814E+00
  3.3250000E+04     2   6.3055999E-01   1.5418050E-03   0.0000000E+00   8.3884100E+01   1.8935088E+02   0.0000000E+00   1.9125295E+02
  3.3300000E+04     1   3.9663243E-01   1.2806291E-02   0.0000000E+00   3.1249714E+02   2.5421404E+02   0.0000000E+00   5.4495574E+00
  3.3300000E+04     2   6.3036517E-01   1.4963159E-03   0.0000000E+00   1.6380394E+02   6.9383440E+01   0.0000000E+00   1.9028016E+02
  3.3350000E+04     1   3.9647159E-01   1.2800872E-02   0.0000000E+00   1.5426001E+02   1.3280816E+02   0.0000000E+00   5.8756246E+00
  3.3350000E+04     2   6.3012194E-01   1.5545729E-03   0.0000000E+00   2.6812992E+02   3.0474605E+02   0.0000000E+00   1.9393773E+02
  3.3400000E+04     1   3.9633974E-01   1.2778067E-02   0.0000000E+00   3.5011612E+01   1.1975473E+01   0.0000000E+00   5.6303089E+00
  3.3400000E+04     2   6.2983854E-01   1.5062261E-03   0.0000000E+00   2.7156777E+01   1.8513966E+02   0.0000000E+00   1.9246613E+02
  3.3450000E+04     1   3.9619885E-01   1.2808194E-02   0.0000000E+00   3.1547118E+02   2.5100889E+02   0.0000000E+00   5.4472994E+00
  3.3450000E+04     2   6.2967367E-01   1.4964405E-03   0.0000000E+00   1.6534910E+02   6.6119030E+01   0.0000000E+00   1.9033716E+02
  3.3500000E+04     1   3.9604621E-01   1.2780358E-02   0.0000000E+00   2.7601723E+02   1.2953422E+02   0.0000000E+00   5.7278517E+00
  3.3500000E+04     2   6.2939031E-01   1.5256365E-03   0.0000000E+00   3.2694457E+02   3.0346219E+02   0.0000000E+00   1.9179988E+02
  3.3550000E+04     1   3.9589653E-01   1.2795451E-02   0.0000000E+00   2.7564694E+02   8.5978776E+00   0.0000000E+00   5.3785311E+00
  3.3550000E+04     2   6.2921376E-01   1.5045732E-03   0.0000000E+00   1.4475313E+02   1.8435748E+02   0.0000000E+00   1.8961893E+02
  3.3600000E+04     1   3.9575949E-01   1.2778585E-02   0.0000000E+00   3.1560802E+02   2.4695300E+02   0.0000000E+00   5.6944653E+00
  3.3600000E+04     2   6.2892096E-01   1.5087896E-03   0.0000000E+00   3.4675686E+02   6.0847387E+01   0.0000000E+00   1.9180008E+02
  3.3650000E+04     1   3.9562967E-01   1.2827960E-02   0.0000000E+00   3.5026318E+01   1.2550274E+02   0.0000000E+00   5.7502710E+00
  3.3650000E+04     2   6.2874963E-01   1.5145121E-03   0.0000000E+00   2.0809835E+02   2.9779269E+02   0.0000000E+00   1.9346032E+02
  3.3700000E+04     1   3.9546205E-01   1.2783340E-02   0.0000000E+00   1.5393741E+02   4.2550022E+00   0.0000000E+00   5.5028471E+00
  3.3700000E+04     2   6.2848939E-01   1.5421264E-03   0.0000000E+00   8.5339523E+01   1.7863561E+02   0.0000000E+00   1.9112224E+02
  3.3750000E+04     1   3.9532544E-01   1.2776999E-02   0.0000000E+00   3.1302596E+02   2.4252402E+02   0.0000000E+00   5.6917956E+00
  3.3750000E+04     2   6.2823187E-01   1.5096330E-03   0.0000000E+00   3.4543932E+02   5.6443573E+01   0.0000000E+00   1.9177224E+02
  3.3800000E+04     1   3.9516891E-01   1.2801204E-02   0.0000000E+00   1.5186122E+02   1.2075938E+02   0.0000000E+00   5.8553694E+00
  3.3800000E+04     2   6.2805239E-01   1.5542537E-03   0.0000000E+00   2.6693196E+02   2.9268571E+02   0.0000000E+00   1.9392904E+02
  3.3850000E+04     1   3.9505372E-01   1.2831043E-02   0.0000000E+00   3.0212661E+01   3.5922400E+02   0.0000000E+00   5.7122735E+00
  3.3850000E+04     2   6.2782959E-01   1.5138443E-03   0.0000000E+00   2.0549663E+02   1.7168984E+02   0.0000000E+00   1.9324643E+02
  3.3900000E+04     1   3.9489400E-01   1.2802975E-02   0.0000000E+00   3.0827194E+02   2.3776473E+02   0.0000000E+00   5.4000263E+00
  3.3900000E+04     2   6.2760566E-01   1.4966756E-03   0.0000000E+00   1.6152932E+02   5.3071397E+01   0.0000000E+00   1.9009336E+02
  3.3950000E+04     1   3.9473848E-01   1.2793902E-02   0.0000000E+00   2.6641957E+02   1.1599752E+02   0.0000000E+00   5.3455571E+00
  3.3950000E+04     2   6.2737460E-01   1.5084134E-03   0.0000000E+00   1.4004167E+02   2.9183842E+02   0.0000000E+00   1.8950466E+02
  3.4000000E+04     1   3.9459390E-01   1.2794063E-02   0.0000000E+00   2.6449512E+02   3.5410947E+02   0.0000000E+00   5.3472693E+00
  3.4000000E+04     2   6.2714493E-01   1.5093152E-03   0.0000000E+00   1.3907083E+02   1.6995985E+02   0.0000000E+00   1.8949690E+02
  3.4050000E+04     1   3.9445883E-01   1.2800623E-02   0.0000000E+00   3.0249789E+02   2.3212547E+02   0.0000000E+00   5.3753047E+00
  3.4050000E+04     2   6.2691797E-01   1.4973075E-03   0.0000000E+00   1.5850275E+02   4.7559316E+01   0.0000000E+00   1.8994145E+02
  3.4100000E+04     1   3.9433604E-01   1.2835888E-02   0.0000000E+00   2.0639263E+01   1.0984204E+02   0.0000000E+00   5.6588732E+00
  3.4100000E+04     2   6.2668084E-01   1.5126126E-03   0.0000000E+00   2.0030977E+02   2.8268134E+02   0.0000000E+00   1.9281957E+02
  3.4150000E+04     1   3.9415867E-01   1.2800280E-02   0.0000000E+00   1.3866414E+02   3.4756626E+02   0.0000000E+00   5.8433485E+00
  3.4150000E+04     2   6.2645056E-01   1.5508776E-03   0.0000000E+00   2.6052543E+02   1.5929457E+02   0.0000000E+00   1.9411503E+02
  3.4200000E+04     1   3.9402542E-01   1.2777110E-02   0.0000000E+00   2.9632317E+02   2.2556128E+02   0.0000000E+00   5.6758149E+00
  3.4200000E+04     2   6.2617122E-01   1.5163668E-03   0.0000000E+00   3.3698994E+02   3.9570834E+01   0.0000000E+00   1.9166626E+02
  3.4250000E+04     1   3.9387636E-01   1.2779574E-02   0.0000000E+00   1.3393151E+02   1.0351611E+02   0.0000000E+00   5.4914256E+00
  3.4250000E+04     2   6.2595957E-01   1.5399500E-03   0.0000000E+00   7.5704951E+01   2.7752262E+02   0.0000000E+00   1.9148491E+02
  3.4300000E+04     1   3.9376200E-01   1.2839089E-02   0.0000000E+00   1.1829046E+01   3.4111532E+02   0.0000000E+00   5.6080946E+00
  3.4300000E+04     2   6.2576371E-01   1.5111858E-03   0.0000000E+00   1.9551463E+02   1.5431926E+02   0.0000000E+00   1.9240415E+02
  3.4350000E+04     1   3.9359291E-01   1.2778441E-02   0.0000000E+00   2.8971958E+02   2.1869184E+02   0.0000000E+00   5.6667987E+00
  3.4350000E+04     2   6.2548629E-01   1.5194604E-03   0.0000000E+00   3.3367122E+02   3.2713809E+01   0.0000000E+00   1.9164483E+02
  3.4400000E+04     1   3.9343952E-01   1.2793280E-02   0.0000000E+00   2.4728135E+02   9.6584457E+01   0.0000000E+00   5.3324982E+00
  3.4400000E+04     2   6.2530964E-01   1.5173587E-03   0.0000000E+00   1.3043208E+02   2.7245930E+02   0.0000000E+00   1.8945766E+02
  3.4450000E+04     1   3.9330136E-01   1.2785145E-02   0.0000000E+00   2.4557470E+02   3.3373797E+02   0.0000000E+00   5.6972422E+00
  3.4450000E+04     2   6.2504206E-01   1.5403213E-03   0.0000000E+00   3.1190990E+02   1.4746404E+02   0.0000000E+00   1.9197117E+02
  3.4500000E+04     1   3.9315708E-01   1.2795393E-02   0.0000000E+00   2.8325785E+02   2.1153864E+02   0.0000000E+00   5.3198475E+00
  3.4500000E+04     2   6.2485800E-01   1.5021923E-03   0.0000000E+00   1.4853618E+02   2.7291311E+01   0.0000000E+00   1.8956718E+02
  3.4550000E+04     1   3.9302078E-01   1.2778445E-02   0.0000000E+00   1.6637873E+00   8.8649189E+01   0.0000000E+00   5.5979106E+00
  3.4550000E+04     2   6.2456207E-01   1.5014979E-03   0.0000000E+00   1.0098007E+01   2.6218203E+02   0.0000000E+00   1.9206507E+02
  3.4600000E+04     1   3.9286459E-01   1.2802321E-02   0.0000000E+00   1.2016872E+02   3.2573333E+02   0.0000000E+00   5.8310270E+00
  3.4600000E+04     2   6.2439676E-01   1.5446980E-03   0.0000000E+00   2.5147775E+02   1.3725545E+02   0.0000000E+00   1.9430890E+02
  3.4650000E+04     1   3.9272490E-01   1.2795554E-02   0.0000000E+00   2.7813056E+02   2.0346861E+02   0.0000000E+00   5.3095301E+00
  3.4650000E+04     2   6.2417252E-01   1.5041307E-03   0.0000000E+00   1.4590607E+02   1.9282575E+01   0.0000000E+00   1.8949556E+02
  3.4700000E+04     1   3.9258383E-01   1.2777766E-02   0.0000000E+00   1.1690823E+02   8.0486089E+01   0.0000000E+00   5.4737332E+00
  3.4700000E+04     2   6.2389738E-01   1.5360441E-03   0.0000000E+00   6.7467263E+01   2.5420981E+02   0.0000000E+00   1.9175001E+02
  3.4750000E+04     1   3.9244632E-01   1.2778153E-02   0.0000000E+00   3.5585572E+02   3.1747490E+02   0.0000000E+00   5.5931026E+00
  3.4750000E+04     2   6.2364937E-01   1.5015795E-03   0.0000000E+00   7.1169246E+00   1.3108239E+02   0.0000000E+00   1.9198562E+02
  3.4800000E+04     1   3.9229861E-01   1.2781314E-02   0.0000000E+00   2.7496889E+02   1.9445535E+02   0.0000000E+00   5.6509842E+00
  3.4800000E+04     2   6.2343517E-01   1.5266957E-03   0.0000000E+00   3.2629703E+02   8.4682540E+00   0.0000000E+00   1.9163808E+02
  3.4850000E+04     1   3.9215151E-01   1.2787059E-02   0.0000000E+00   2.3429799E+02   7.1395533E+01   0.0000000E+00   5.6843559E+00
  3.4850000E+04     2   6.2322010E-01   1.5451828E-03   0.0000000E+00   3.0639903E+02   2.4498767E+02   0.0000000E+00   1.9209222E+02
  3.4900000E+04     1   3.9200810E-01   1.2788080E-02   0.0000000E+00   2.3386114E+02   3.0830318E+02   0.0000000E+00   5.6824434E+00
  3.4900000E+04     2   6.2299241E-01   1.5454534E-03   0.0000000E+00   3.0618215E+02   1.2189282E+02   0.0000000E+00   1.9209281E+02
  3.4950000E+04     1   3.9186841E-01   1.2781173E-02   0.0000000E+00   2.7368283E+02   1.8517852E+02   0.0000000E+00   5.6425417E+00
  3.4950000E+04     2   6.2275200E-01   1.5273498E-03   0.0000000E+00   3.2564741E+02   3.5919379E+02   0.0000000E+00   1.9162727E+02
  3.5000000E+04     1   3.9172945E-01   1.2778956E-02   0.0000000E+00   3.5378858E+02   6.2013022E+01   0.0000000E+00   5.5796268E+00
  3.5000000E+04     2   6.2251030E-01   1.5018186E-03   0.0000000E+00   6.0377505E+00   2.3565938E+02   0.0000000E+00   1.9193327E+02
  3.5050000E+04     1   3.9158053E-01   1.2778338E-02   0.0000000E+00   1.1417342E+02   2.9883758E+02   0.0000000E+00   5.4545630E+00
  3.5050000E+04     2   6.2230167E-01   1.5354485E-03   0.0000000E+00   6.6111507E+01   1.1254007E+02   0.0000000E+00   1.9175208E+02
  3.5100000E+04     1   3.9143400E-01   1.2795905E-02   0.0000000E+00   2.7487961E+02   1.7563552E+02   0.0000000E+00   5.2811236E+00
  3.5100000E+04     2   6.2212149E-01   1.5056600E-03   0.0000000E+00   1.4421004E+02   3.5150584E+02   0.0000000E+00   1.8941080E+02
  3.5150000E+04     1   3.9128788E-01   1.2803876E-02   0.0000000E+00   1.1660402E+02   5.1709791E+01   0.0000000E+00   5.7990787E+00
  3.5150000E+04     2   6.2189108E-01   1.5435353E-03   0.0000000E+00   2.4967619E+02   2.2323515E+02   0.0000000E+00   1.9427372E+02
  3.5200000E+04     1   3.9115695E-01   1.2778235E-02   0.0000000E+00   3.5803658E+02   2.8843196E+02   0.0000000E+00   5.5606192E+00
  3.5200000E+04     2   6.2160030E-01   1.5017066E-03   0.0000000E+00   8.1848234E+00   1.0204574E+02   0.0000000E+00   1.9194684E+02
  3.5250000E+04     1   3.9100582E-01   1.2796563E-02   0.0000000E+00   2.7984986E+02   1.6513300E+02   0.0000000E+00   5.2735300E+00
  3.5250000E+04     2   6.2143990E-01   1.5038848E-03   0.0000000E+00   1.4672166E+02   3.4097304E+02   0.0000000E+00   1.8943349E+02
  3.5300000E+04     1   3.9086386E-01   1.2785595E-02   0.0000000E+00   2.4273036E+02   4.1133274E+01   0.0000000E+00   5.6455264E+00
  3.5300000E+04     2   6.2116967E-01   1.5418483E-03   0.0000000E+00   3.1044424E+02   2.1487698E+02   0.0000000E+00   1.9190183E+02
  3.5350000E+04     1   3.9071546E-01   1.2794982E-02   0.0000000E+00   2.4537650E+02   2.7777932E+02   0.0000000E+00   5.2774662E+00
  3.5350000E+04     2   6.2097995E-01   1.5188979E-03   0.0000000E+00   1.2939681E+02   9.3709492E+01   0.0000000E+00   1.8934729E+02
  3.5400000E+04     1   3.9058214E-01   1.2779795E-02   0.0000000E+00   2.8917922E+02   1.5368549E+02   0.0000000E+00   5.6032050E+00
  3.5400000E+04     2   6.2070182E-01   1.5201749E-03   0.0000000E+00   3.3329936E+02   3.2777735E+02   0.0000000E+00   1.9151135E+02
  3.5450000E+04     1   3.9046403E-01   1.2839408E-02   0.0000000E+00   1.3118305E+01   2.9900793E+01   0.0000000E+00   5.5464773E+00
  3.5450000E+04     2   6.2052314E-01   1.5119286E-03   0.0000000E+00   1.9610410E+02   2.0312909E+02   0.0000000E+00   1.9231818E+02
  3.5500000E+04     1   3.9029176E-01   1.2780259E-02   0.0000000E+00   1.3754418E+02   2.6611092E+02   0.0000000E+00   5.4060432E+00
  3.5500000E+04     2   6.2026469E-01   1.5411133E-03   0.0000000E+00   7.7314253E+01   8.0271781E+01   0.0000000E+00   1.9124518E+02
  3.5550000E+04     1   3.9015486E-01   1.2777169E-02   0.0000000E+00   3.0284296E+02   1.4193925E+02   0.0000000E+00   5.5908140E+00
  3.5550000E+04     2   6.2001811E-01   1.5141681E-03   0.0000000E+00   3.4013037E+02   3.1602577E+02   0.0000000E+00   1.9150429E+02
  3.5600000E+04     1   3.9000096E-01   1.2801420E-02   0.0000000E+00   1.4867969E+02   1.7734863E+01   0.0000000E+00   5.7466933E+00
  3.5600000E+04     2   6.1983988E-01   1.5540219E-03   0.0000000E+00   2.6522416E+02   1.8972389E+02   0.0000000E+00   1.9375766E+02
  3.5650000E+04     1   3.8988504E-01   1.2827449E-02   0.0000000E+00   3.4849908E+01   2.5373379E+02   0.0000000E+00   5.6235474E+00
  3.5650000E+04     2   6.1962013E-01   1.5149733E-03   0.0000000E+00   2.0780815E+02   6.6162371E+01   0.0000000E+00   1.9319497E+02
  3.5700000E+04     1   3.8973553E-01   1.2811148E-02   0.0000000E+00   3.2152128E+02   1.2980920E+02   0.0000000E+00   5.3279141E+00
  3.5700000E+04     2   6.1939635E-01   1.4978665E-03   0.0000000E+00   1.6831646E+02   3.0491733E+02   0.0000000E+00   1.9021978E+02
  3.5750000E+04     1   3.8958081E-01   1.2795704E-02   0.0000000E+00   2.8903899E+02   5.6148241E+00   0.0000000E+00   5.2468108E+00
  3.5750000E+04     2   6.1917218E-01   1.5009035E-03   0.0000000E+00   1.5137449E+02   1.8138324E+02   0.0000000E+00   1.8947840E+02
  3.5800000E+04     1   3.8944083E-01   1.2798378E-02   0.0000000E+00   2.9731800E+02   2.4125918E+02   0.0000000E+00   5.2636931E+00
  3.5800000E+04     2   6.1894587E-01   1.4989951E-03   0.0000000E+00   1.5564370E+02   5.6906331E+01   0.0000000E+00   1.8961655E+02
  3.5850000E+04     1   3.8932002E-01   1.2830197E-02   0.0000000E+00   3.4641030E+02   1.1671295E+02   0.0000000E+00   5.4056327E+00
  3.5850000E+04     2   6.1871218E-01   1.5041600E-03   0.0000000E+00   1.8159035E+02   2.9103057E+02   0.0000000E+00   1.9108802E+02
  3.5900000E+04     1   3.8915504E-01   1.2806251E-02   0.0000000E+00   7.6386199E+01   3.5192540E+02   0.0000000E+00   5.7334926E+00
  3.5900000E+04     2   6.1849357E-01   1.5262608E-03   0.0000000E+00   2.2949092E+02   1.6349433E+02   0.0000000E+00   1.9416457E+02
  3.5950000E+04     1   3.8900689E-01   1.2790828E-02   0.0000000E+00   2.0674767E+02   2.2744479E+02   0.0000000E+00   5.6491649E+00
  3.5950000E+04     2   6.1823616E-01   1.5539953E-03   0.0000000E+00   2.9302375E+02   4.0619459E+01   0.0000000E+00   1.9247450E+02
  3.6000000E+04     1   3.8887498E-01   1.2777077E-02   0.0000000E+00   1.7775788E+01   1.0298088E+02   0.0000000E+00   5.4893908E+00
  3.6000000E+04     2   6.1797433E-01   1.5033135E-03   0.0000000E+00   1.8160615E+01   2.7645285E+02   0.0000000E+00   1.9201742E+02
  3.6050000E+04     1   3.8871972E-01   1.2793583E-02   0.0000000E+00   2.2951170E+02   3.3852351E+02   0.0000000E+00   5.2523832E+00
  3.6050000E+04     2   6.1780506E-01   1.5263348E-03   0.0000000E+00   1.2151516E+02   1.5439039E+02   0.0000000E+00   1.8938550E+02
  3.6100000E+04     1   3.8857819E-01   1.2801798E-02   0.0000000E+00   1.2272385E+02   2.1330783E+02   0.0000000E+00   5.7393032E+00
  3.6100000E+04     2   6.1758407E-01   1.5459926E-03   0.0000000E+00   2.5258359E+02   2.4955814E+01   0.0000000E+00   1.9409132E+02
  3.6150000E+04     1   3.8844732E-01   1.2776898E-02   0.0000000E+00   5.6021449E+01   8.8779000E+01   0.0000000E+00   5.4378517E+00
  3.6150000E+04     2   6.1730106E-01   1.5139719E-03   0.0000000E+00   3.7442239E+01   2.6206641E+02   0.0000000E+00   1.9215044E+02
  3.6200000E+04     1   3.8832192E-01   1.2830798E-02   0.0000000E+00   3.0572861E+01   3.2376688E+02   0.0000000E+00   5.5751692E+00
  3.6200000E+04     2   6.1713188E-01   1.5146245E-03   0.0000000E+00   2.0546133E+02   1.3637956E+02   0.0000000E+00   1.9296248E+02
  3.6250000E+04     1   3.8816382E-01   1.2776851E-02   0.0000000E+00   4.5761096E+01   1.9893385E+02   0.0000000E+00   5.4384819E+00
  3.6250000E+04     2   6.1684816E-01   1.5103656E-03   0.0000000E+00   3.2288502E+01   1.2245141E+01   0.0000000E+00   1.9212719E+02
  3.6300000E+04     1   3.8801250E-01   1.2802950E-02   0.0000000E+00   1.0224136E+02   7.3623874E+01   0.0000000E+00   5.7362313E+00
  3.6300000E+04     2   6.1668509E-01   1.5375688E-03   0.0000000E+00   2.4247011E+02   2.4514255E+02   0.0000000E+00   1.9421755E+02
  3.6350000E+04     1   3.8786839E-01   1.2791218E-02   0.0000000E+00   1.9893703E+02   3.0896150E+02   0.0000000E+00   5.2792846E+00
  3.6350000E+04     2   6.1644181E-01   1.5377370E-03   0.0000000E+00   1.0664608E+02   1.2442357E+02   0.0000000E+00   1.8981721E+02
  3.6400000E+04     1   3.8773868E-01   1.2776889E-02   0.0000000E+00   3.3721314E+02   1.8357594E+02   0.0000000E+00   5.5096597E+00
  3.6400000E+04     2   6.1617035E-01   1.5040244E-03   0.0000000E+00   3.5745078E+02   3.5748656E+02   0.0000000E+00   1.9159904E+02
  3.6450000E+04     1   3.8758415E-01   1.2800005E-02   0.0000000E+00   1.5639157E+02   5.8177217E+01   0.0000000E+00   5.6869370E+00
  3.6450000E+04     2   6.1599638E-01   1.5557303E-03   0.0000000E+00   2.6885441E+02   2.3036206E+02   0.0000000E+00   1.9350209E+02
  3.6500000E+04     1   3.8747634E-01   1.2837924E-02   0.0000000E+00   1.6198088E+01   2.9306831E+02   0.0000000E+00   5.4929581E+00
  3.6500000E+04     2   6.1577673E-01   1.5127087E-03   0.0000000E+00   1.9767288E+02   1.0624096E+02   0.0000000E+00   1.9232031E+02
  3.6550000E+04     1   3.8730531E-01   1.2794797E-02   0.0000000E+00   2.7693963E+02   1.6797865E+02   0.0000000E+00   5.1903965E+00
  3.6550000E+04     2   6.1555938E-01   1.5054634E-03   0.0000000E+00   1.4511197E+02   3.4393169E+02   0.0000000E+00   1.8923735E+02
  3.6600000E+04     1   3.8715926E-01   1.2792209E-02   0.0000000E+00   2.1902940E+02   4.2493347E+01   0.0000000E+00   5.2341767E+00
  3.6600000E+04     2   6.1532204E-01   1.5308728E-03   0.0000000E+00   1.1634630E+02   2.1827883E+02   0.0000000E+00   1.8944869E+02
  3.6650000E+04     1   3.8701817E-01   1.2791396E-02   0.0000000E+00   2.0215298E+02   2.7695693E+02   0.0000000E+00   5.2593143E+00
  3.6650000E+04     2   6.1509185E-01   1.5369306E-03   0.0000000E+00   1.0816940E+02   9.2493682E+01   0.0000000E+00   1.8972257E+02
  3.6700000E+04     1   3.8687621E-01   1.2793390E-02   0.0000000E+00   2.2628680E+02   1.5141715E+02   0.0000000E+00   5.2158074E+00
  3.6700000E+04     2   6.1487428E-01   1.5280185E-03   0.0000000E+00   1.1987550E+02   3.2729295E+02   0.0000000E+00   1.8934000E+02
  3.6750000E+04     1   3.8674273E-01   1.2797579E-02   0.0000000E+00   2.9153831E+02   2.5786689E+01   0.0000000E+00   5.1955066E+00
  3.6750000E+04     2   6.1466051E-01   1.5008385E-03   0.0000000E+00   1.5256558E+02   2.0158801E+02   0.0000000E+00   1.8939418E+02
  3.6800000E+04     1   3.8661793E-01   1.2825500E-02   0.0000000E+00   3.8258832E+01   2.5972203E+02   0.0000000E+00   5.5685221E+00
  3.6800000E+04     2   6.1443148E-01   1.5158128E-03   0.0000000E+00   2.0951669E+02   7.2119017E+01   0.0000000E+00   1.9317154E+02
  3.6850000E+04     1   3.8645327E-01   1.2794567E-02   0.0000000E+00   1.8586030E+02   1.3387215E+02   0.0000000E+00   5.6212383E+00
  3.6850000E+04     2   6.1418743E-01   1.5573214E-03   0.0000000E+00   2.8293712E+02   3.0667580E+02   0.0000000E+00   1.9281759E+02
  3.6900000E+04     1   3.8632380E-01   1.2777543E-02   0.0000000E+00   1.4391370E+01   8.1865265E+00   0.0000000E+00   5.4407587E+00
  3.6900000E+04     2   6.1392002E-01   1.5031972E-03   0.0000000E+00   1.6351276E+01   1.8175131E+02   0.0000000E+00   1.9187597E+02
  3.6950000E+04     1   3.8617002E-01   1.2794250E-02   0.0000000E+00   2.4403586E+02   2.4250823E+02   0.0000000E+00   5.1785080E+00
  3.6950000E+04     2   6.1375569E-01   1.5201825E-03   0.0000000E+00   1.2857607E+02   5.8539343E+01   0.0000000E+00   1.8914740E+02
  3.7000000E+04     1   3.8602823E-01   1.2799125E-02   0.0000000E+00   1.5557561E+02   1.1605695E+02   0.0000000E+00   5.6543240E+00
  3.7000000E+04     2   6.1352380E-01   1.5556359E-03   0.0000000E+00   2.6841164E+02   2.8826027E+02   0.0000000E+00   1.9345100E+02
  3.7050000E+04     1   3.8589514E-01   1.2777037E-02   0.0000000E+00   1.0759906E+02   3.5029625E+02   0.0000000E+00   5.3402326E+00
  3.7050000E+04     2   6.1326374E-01   1.5340354E-03   0.0000000E+00   6.2735895E+01   1.6403000E+02   0.0000000E+00   1.9160648E+02
  3.7100000E+04     1   3.8574907E-01   1.2803918E-02   0.0000000E+00   1.0149847E+02   2.2383504E+02   0.0000000E+00   5.6856717E+00
  3.7100000E+04     2   6.1308766E-01   1.5374877E-03   0.0000000E+00   2.4202377E+02   3.5403338E+01   0.0000000E+00   1.9411737E+02
  3.7150000E+04     1   3.8561046E-01   1.2780241E-02   0.0000000E+00   1.3600174E+02   9.7990680E+01   0.0000000E+00   5.3118446E+00
  3.7150000E+04     2   6.1282439E-01   1.5415247E-03   0.0000000E+00   7.6419068E+01   2.7222840E+02   0.0000000E+00   1.9107412E+02
  3.7200000E+04     1   3.8546741E-01   1.2791019E-02   0.0000000E+00   2.1240210E+02   3.3147237E+02   0.0000000E+00   5.5680241E+00
  3.7200000E+04     2   6.1260818E-01   1.5531574E-03   0.0000000E+00   2.9562049E+02   1.4483694E+02   0.0000000E+00   1.9220345E+02
  3.7250000E+04     1   3.8534644E-01   1.2818030E-02   0.0000000E+00   3.2958851E+02   2.0542661E+02   0.0000000E+00   5.2618869E+00
  3.7250000E+04     2   6.1241313E-01   1.4999362E-03   0.0000000E+00   1.7244662E+02   2.0405187E+01   0.0000000E+00   1.9028331E+02
  3.7300000E+04     1   3.8518835E-01   1.2778544E-02   0.0000000E+00   1.2844595E+02   7.8978545E+01   0.0000000E+00   5.3068284E+00
  3.7300000E+04     2   6.1215000E-01   1.5400112E-03   0.0000000E+00   7.2775398E+01   2.5307954E+02   0.0000000E+00   1.9120584E+02
  3.7350000E+04     1   3.8505379E-01   1.2777703E-02   0.0000000E+00   3.2879255E+02   3.1234559E+02   0.0000000E+00   5.4631881E+00
  3.7350000E+04     2   6.1190517E-01   1.5062452E-03   0.0000000E+00   3.5307498E+02   1.2639847E+02   0.0000000E+00   1.9141030E+02
  3.7400000E+04     1   3.8490384E-01   1.2791790E-02   0.0000000E+00   2.1046367E+02   1.8570684E+02   0.0000000E+00   5.5542469E+00
  3.7400000E+04     2   6.1171348E-01   1.5537030E-03   0.0000000E+00   2.9466891E+02   3.5904689E+02   0.0000000E+00   1.9221420E+02
  3.7450000E+04     1   3.8476004E-01   1.2801316E-02   0.0000000E+00   1.3354056E+02   5.8998396E+01   0.0000000E+00   5.6534270E+00
  3.7450000E+04     2   6.1151408E-01   1.5502055E-03   0.0000000E+00   2.5772768E+02   2.3086771E+02   0.0000000E+00   1.9378411E+02
  3.7500000E+04     1   3.8462282E-01   1.2805021E-02   0.0000000E+00   9.7971068E+01   2.9230772E+02   0.0000000E+00   5.6591017E+00
  3.7500000E+04     2   6.1129722E-01   1.5360781E-03   0.0000000E+00   2.4022719E+02   1.0389561E+02   0.0000000E+00   1.9407121E+02
  3.7550000E+04     1   3.8448126E-01   1.2803240E-02   0.0000000E+00   1.0386495E+02   1.6554924E+02   0.0000000E+00   5.6576030E+00
  3.7550000E+04     2   6.1107294E-01   1.5385831E-03   0.0000000E+00   2.4315748E+02   3.3715304E+02   0.0000000E+00   1.9405380E+02
  3.7600000E+04     1   3.8433795E-01   1.2800325E-02   0.0000000E+00   1.5121940E+02   3.8747605E+01   0.0000000E+00   5.6248711E+00
  3.7600000E+04     2   6.1083879E-01   1.5550273E-03   0.0000000E+00   2.6625872E+02   2.1091102E+02   0.0000000E+00   1.9346146E+02
  3.7650000E+04     1   3.8420335E-01   1.2785538E-02   0.0000000E+00   2.4000391E+02   2.7195552E+02   0.0000000E+00   5.5074519E+00
  3.7650000E+04     2   6.1058600E-01   1.5437325E-03   0.0000000E+00   3.0889537E+02   8.5815832E+01   0.0000000E+00   1.9164714E+02
  3.7700000E+04     1   3.8407016E-01   1.2778467E-02   0.0000000E+00   1.0308628E+01   1.4509424E+02   0.0000000E+00   5.3988437E+00
  3.7700000E+04     2   6.1033852E-01   1.5031316E-03   0.0000000E+00   1.4196731E+01   3.1875124E+02   0.0000000E+00   1.9174184E+02
  3.7750000E+04     1   3.8391830E-01   1.2788750E-02   0.0000000E+00   1.8210457E+02   1.8224467E+01   0.0000000E+00   5.2219618E+00
  3.7750000E+04     2   6.1015685E-01   1.5422075E-03   0.0000000E+00   9.8427057E+01   1.9346067E+02   0.0000000E+00   1.8998575E+02
  3.7800000E+04     1   3.8380187E-01   1.2827428E-02   0.0000000E+00   3.5890167E+01   2.5085338E+02   0.0000000E+00   5.5041689E+00
  3.7800000E+04     2   6.0995379E-01   1.5157911E-03   0.0000000E+00   2.0815967E+02   6.3390881E+01   0.0000000E+00   1.9296667E+02
  3.7850000E+04     1   3.8364611E-01   1.2778801E-02   0.0000000E+00   2.9099778E+02   1.2370837E+02   0.0000000E+00   5.4529140E+00
  3.7850000E+04     2   6.0967877E-01   1.5201417E-03   0.0000000E+00   3.3396981E+02   2.9796390E+02   0.0000000E+00   1.9119738E+02
  3.7900000E+04     1   3.8349579E-01   1.2793227E-02   0.0000000E+00   2.2746397E+02   3.5675025E+02   0.0000000E+00   5.1472371E+00
  3.7900000E+04     2   6.0950205E-01   1.5280690E-03   0.0000000E+00   1.2033768E+02   1.7271817E+02   0.0000000E+00   1.8917932E+02
  3.7950000E+04     1   3.8335833E-01   1.2792659E-02   0.0000000E+00   2.0622590E+02   2.2905841E+02   0.0000000E+00   5.5280969E+00
  3.7950000E+04     2   6.0925932E-01   1.5548513E-03   0.0000000E+00   2.9258470E+02   4.2350716E+01   0.0000000E+00   1.9223579E+02
  3.8000000E+04     1   3.8321541E-01   1.2793287E-02   0.0000000E+00   2.2591859E+02   1.0203898E+02   0.0000000E+00   5.1403868E+00
  3.8000000E+04     2   6.0905603E-01   1.5287885E-03   0.0000000E+00   1.1957328E+02   2.7799519E+02   0.0000000E+00   1.8918418E+02
  3.8050000E+04     1   3.8308516E-01   1.2779836E-02   0.0000000E+00   2.8795960E+02   3.3427936E+02   0.0000000E+00   5.4488157E+00
  3.8050000E+04     2   6.0878840E-01   1.5216692E-03   0.0000000E+00   3.3243649E+02   1.4854709E+02   0.0000000E+00   1.9118109E+02
  3.8100000E+04     1   3.8296284E-01   1.2829898E-02   0.0000000E+00   3.1416102E+01   2.0674092E+02   0.0000000E+00   5.4642698E+00
  3.8100000E+04     2   6.0861606E-01   1.5152273E-03   0.0000000E+00   2.0573441E+02   1.9446699E+01   0.0000000E+00   1.9275849E+02
  3.8150000E+04     1   3.8279719E-01   1.2787134E-02   0.0000000E+00   1.7637955E+02   7.9374893E+01   0.0000000E+00   5.2075284E+00
  3.8150000E+04     2   6.0837261E-01   1.5431657E-03   0.0000000E+00   9.5647432E+01   2.5452100E+02   0.0000000E+00   1.9006142E+02
  3.8200000E+04     1   3.8266828E-01   1.2777347E-02   0.0000000E+00   3.4983739E+00   3.1153377E+02   0.0000000E+00   5.3749536E+00
  3.8200000E+04     2   6.0811075E-01   1.5027195E-03   0.0000000E+00   1.0677356E+01   1.2529308E+02   0.0000000E+00   1.9161565E+02
  3.8250000E+04     1   3.8252044E-01   1.2787340E-02   0.0000000E+00   2.3233591E+02   1.8368129E+02   0.0000000E+00   5.4820714E+00
  3.8250000E+04     2   6.0791518E-01   1.5470239E-03   0.0000000E+00   3.0512431E+02   3.5746597E+02   0.0000000E+00   1.9169739E+02
  3.8300000E+04     1   3.8237540E-01   1.2800362E-02   0.0000000E+00   1.4296277E+02   5.5762862E+01   0.0000000E+00   5.5910289E+00
  3.8300000E+04     2   6.0772200E-01   1.5531502E-03   0.0000000E+00   2.6221036E+02   2.2782940E+02   0.0000000E+00   1.9352449E+02
  3.8350000E+04     1   3.8223971E-01   1.2804795E-02   0.0000000E+00   9.5325732E+01   2.8786335E+02   0.0000000E+00   5.6098468E+00
  3.8350000E+04     2   6.0750924E-01   1.5350658E-03   0.0000000E+00   2.3882618E+02   9.9504955E+01   0.0000000E+00   1.9396824E+02
  3.8400000E+04     1   3.8210112E-01   1.2805042E-02   0.0000000E+00   8.9521939E+01   1.5991490E+02   0.0000000E+00   5.5997393E+00
  3.8400000E+04     2   6.0728763E-01   1.5324687E-03   0.0000000E+00   2.3590835E+02   3.3156739E+02   0.0000000E+00   1.9394725E+02
  3.8450000E+04     1   3.8195669E-01   1.2801717E-02   0.0000000E+00   1.2560624E+02   3.1883000E+01   0.0000000E+00   5.5997386E+00
  3.8450000E+04     2   6.0705999E-01   1.5476612E-03   0.0000000E+00   2.5376975E+02   2.0371624E+02   0.0000000E+00   1.9376650E+02
  3.8500000E+04     1   3.8181917E-01   1.2792318E-02   0.0000000E+00   2.0349763E+02   2.6387341E+02   0.0000000E+00   5.4994227E+00
  3.8500000E+04     2   6.0681447E-01   1.5555229E-03   0.0000000E+00   2.9122580E+02   7.7146126E+01   0.0000000E+00   1.9222670E+02
  3.8550000E+04     1   3.8168902E-01   1.2777483E-02   0.0000000E+00   3.2329042E+02   1.3580463E+02   0.0000000E+00   5.3940151E+00
  3.8550000E+04     2   6.0655926E-01   1.5080941E-03   0.0000000E+00   3.5016697E+02   3.0997988E+02   0.0000000E+00   1.9121876E+02
  3.8600000E+04     1   3.8154383E-01   1.2778861E-02   0.0000000E+00   1.2496446E+02   7.7204627E+00   0.0000000E+00   5.2351498E+00
  3.8600000E+04     2   6.0635653E-01   1.5397384E-03   0.0000000E+00   7.0977510E+01   1.8184276E+02   0.0000000E+00   1.9111285E+02
  3.8650000E+04     1   3.8142067E-01   1.2816811E-02   0.0000000E+00   3.2870843E+02   2.3946043E+02   0.0000000E+00   5.1777701E+00
  3.8650000E+04     2   6.0617494E-01   1.5003041E-03   0.0000000E+00   1.7184607E+02   5.4557471E+01   0.0000000E+00   1.9008073E+02
  3.8700000E+04     1   3.8126203E-01   1.2790372E-02   0.0000000E+00   2.1476127E+02   1.1079725E+02   0.0000000E+00   5.4717420E+00
  3.8700000E+04     2   6.0592371E-01   1.5529318E-03   0.0000000E+00   2.9661122E+02   2.8430254E+02   0.0000000E+00   1.9196646E+02
  3.8750000E+04     1   3.8112394E-01   1.2780420E-02   0.0000000E+00   1.4230043E+02   3.4259341E+02   0.0000000E+00   5.2149502E+00
  3.8750000E+04     2   6.0569736E-01   1.5430827E-03   0.0000000E+00   7.9288623E+01   1.5706247E+02   0.0000000E+00   1.9074588E+02
  3.8800000E+04     1   3.8098132E-01   1.2803555E-02   0.0000000E+00   1.1246559E+02   2.1371667E+02   0.0000000E+00   5.5842001E+00
  3.8800000E+04     2   6.0551075E-01   1.5426104E-03   0.0000000E+00   2.4729236E+02   2.5449200E+01   0.0000000E+00   1.9385167E+02
  3.8850000E+04     1   3.8084696E-01   1.2778120E-02   0.0000000E+00   1.2399695E+02   8.5470218E+01   0.0000000E+00   5.2203258E+00
  3.8850000E+04     2   6.0524860E-01   1.5395363E-03   0.0000000E+00   7.0489731E+01   2.5958913E+02   0.0000000E+00   1.9110142E+02
  3.8900000E+04     1   3.8070212E-01   1.2797238E-02   0.0000000E+00   1.7822746E+02   3.1652263E+02   0.0000000E+00   5.5144842E+00
  3.8900000E+04     2   6.0505042E-01   1.5582623E-03   0.0000000E+00   2.7909414E+02   1.2929946E+02   0.0000000E+00   1.9273766E+02
  3.8950000E+04     1   3.8056599E-01   1.2795596E-02   0.0000000E+00   2.7383936E+02   1.8823519E+02   0.0000000E+00   5.0459332E+00
  3.8950000E+04     2   6.0484894E-01   1.5078225E-03   0.0000000E+00   1.4330882E+02   4.3690218E+00   0.0000000E+00   1.8891210E+02
  3.9000000E+04     1   3.8043475E-01   1.2777469E-02   0.0000000E+00   5.2218409E+01   5.9216907E+01   0.0000000E+00   5.2738020E+00
  3.9000000E+04     2   6.0456711E-01   1.5136339E-03   0.0000000E+00   3.5267082E+01   2.3269593E+02   0.0000000E+00   1.9179478E+02
  3.9050000E+04     1   3.8028898E-01   1.2787433E-02   0.0000000E+00   2.3269937E+02   2.9018188E+02   0.0000000E+00   5.4331220E+00
  3.9050000E+04     2   6.0436867E-01   1.5471429E-03   0.0000000E+00   3.0522449E+02   1.0402363E+02   0.0000000E+00   1.9159137E+02
  3.9100000E+04     1   3.8014884E-01   1.2804614E-02   0.0000000E+00   9.5299475E+01   1.6111474E+02   0.0000000E+00   5.5659910E+00
  3.9100000E+04     2   6.0418613E-01   1.5351951E-03   0.0000000E+00   2.3874333E+02   3.3280415E+02   0.0000000E+00   1.9387658E+02
  3.9150000E+04     1   3.8004018E-01   1.2838953E-02   0.0000000E+00   3.5971012E+02   3.2377039E+01   0.0000000E+00   5.2676578E+00
  3.9150000E+04     2   6.0395699E-01   1.5099573E-03   0.0000000E+00   1.8847295E+02   2.0639298E+02   0.0000000E+00   1.9125172E+02
  3.9200000E+04     1   3.7987969E-01   1.2801621E-02   0.0000000E+00   3.0645571E+02   2.6345832E+02   0.0000000E+00   5.0742300E+00
  3.9200000E+04     2   6.0374476E-01   1.4991792E-03   0.0000000E+00   1.6006429E+02   7.9158992E+01   0.0000000E+00   1.8937355E+02
  3.9250000E+04     1   3.7973709E-01   1.2797764E-02   0.0000000E+00   2.9560473E+02   1.3430335E+02   0.0000000E+00   5.0551244E+00
  3.9250000E+04     2   6.0352450E-01   1.5009093E-03   0.0000000E+00   1.5442441E+02   3.1020887E+02   0.0000000E+00   1.8914961E+02
  3.9300000E+04     1   3.7961099E-01   1.2814575E-02   0.0000000E+00   3.2711306E+02   4.9815862E+00   0.0000000E+00   5.1304972E+00
  3.9300000E+04     2   6.0330051E-01   1.5001534E-03   0.0000000E+00   1.7093472E+02   1.8016864E+02   0.0000000E+00   1.8994344E+02
  3.9350000E+04     1   3.7947308E-01   1.2822077E-02   0.0000000E+00   4.1101296E+01   2.3538400E+02   0.0000000E+00   5.4319976E+00
  3.9350000E+04     2   6.0307964E-01   1.5168184E-03   0.0000000E+00   2.1078895E+02   4.7861699E+01   0.0000000E+00   1.9295430E+02
  3.9400000E+04     1   3.7931162E-01   1.2797641E-02   0.0000000E+00   1.5723078E+02   1.0590596E+02   0.0000000E+00   5.5083135E+00
  3.9400000E+04     2   6.0284855E-01   1.5563725E-03   0.0000000E+00   2.6898039E+02   2.7829511E+02   0.0000000E+00   1.9311916E+02
  3.9450000E+04     1   3.7918452E-01   1.2776002E-02   0.0000000E+00   3.1545904E+02   3.3659146E+02   0.0000000E+00   5.3474761E+00
  3.9450000E+04     2   6.0258119E-01   1.5106832E-03   0.0000000E+00   3.4611565E+02   1.5087907E+02   0.0000000E+00   1.9105987E+02
  3.9500000E+04     1   3.7903793E-01   1.2782780E-02   0.0000000E+00   1.5599704E+02   2.0724486E+02   0.0000000E+00   5.1546563E+00
  3.9500000E+04     2   6.0238879E-01   1.5445297E-03   0.0000000E+00   8.5771791E+01   2.2048921E+01   0.0000000E+00   1.9035060E+02
  3.9550000E+04     1   3.7891931E-01   1.2823985E-02   0.0000000E+00   3.9327387E+01   7.7400018E+01   0.0000000E+00   5.4144091E+00
  3.9550000E+04     2   6.0219781E-01   1.5166255E-03   0.0000000E+00   2.0982777E+02   2.4994315E+02   0.0000000E+00   1.9287128E+02
  3.9600000E+04     1   3.7876922E-01   1.2776845E-02   0.0000000E+00   3.2476215E+02   3.0779881E+02   0.0000000E+00   5.3272155E+00
  3.9600000E+04     2   6.0191909E-01   1.5079557E-03   0.0000000E+00   3.5081192E+02   1.2203157E+02   0.0000000E+00   1.9109446E+02
  3.9650000E+04     1   3.7862692E-01   1.2796697E-02   0.0000000E+00   2.9240952E+02   1.7833849E+02   0.0000000E+00   5.0267976E+00
  3.9650000E+04     2   6.0176156E-01   1.5018418E-03   0.0000000E+00   1.5273703E+02   3.5431962E+02   0.0000000E+00   1.8904567E+02
  3.9700000E+04     1   3.7849118E-01   1.2777781E-02   0.0000000E+00   3.0307393E+02   4.8222267E+01   0.0000000E+00   5.3388273E+00
  3.9700000E+04     2   6.0148283E-01   1.5154967E-03   0.0000000E+00   3.3984687E+02   2.2258178E+02   0.0000000E+00   1.9097931E+02
  3.9750000E+04     1   3.7837549E-01   1.2835788E-02   0.0000000E+00   3.5579721E+02   2.7845152E+02   0.0000000E+00   5.2191396E+00
  3.9750000E+04     2   6.0131297E-01   1.5088490E-03   0.0000000E+00   1.8629640E+02   9.2663294E+01   0.0000000E+00   1.9100737E+02
  3.9800000E+04     1   3.7821282E-01   1.2775721E-02   0.0000000E+00   9.1104523E+01   1.4852140E+02   0.0000000E+00   5.1862042E+00
  3.9800000E+04     2   6.0104861E-01   1.5289205E-03   0.0000000E+00   5.4438854E+01   3.2222791E+02   0.0000000E+00   1.9147970E+02
  3.9850000E+04     1   3.7807015E-01   1.2785831E-02   0.0000000E+00   2.2917278E+02   1.8281360E+01   0.0000000E+00   5.3945701E+00
  3.9850000E+04     2   6.0084416E-01   1.5484996E-03   0.0000000E+00   3.0344857E+02   1.9211646E+02   0.0000000E+00   1.9155947E+02
  3.9900000E+04     1   3.7794576E-01   1.2818807E-02   0.0000000E+00   4.9587137E+01   2.4815259E+02   0.0000000E+00   5.4306652E+00
  3.9900000E+04     2   6.0066030E-01   1.5187352E-03   0.0000000E+00   2.1522462E+02   6.0436876E+01   0.0000000E+00   1.9314638E+02
  3.9950000E+04     1   3.7779257E-01   1.2793459E-02   0.0000000E+00   2.7215415E+02   1.1838976E+02   0.0000000E+00   4.9871130E+00
  3.9950000E+04     2   6.0044142E-01   1.5087966E-03   0.0000000E+00   1.4236059E+02   2.9459980E+02   0.0000000E+00   1.8877708E+02
  4.0000000E+04     1   3.7765274E-01   1.2787212E-02   0.0000000E+00   1.7781012E+02   3.4803549E+02   0.0000000E+00   5.1016871E+00
  4.0000000E+04     2   6.0019743E-01   1.5437260E-03   0.0000000E+00   9.6161195E+01   1.6333020E+02   0.0000000E+00   1.8980698E+02
  4.0050000E+04     1   3.7751900E-01   1.2777932E-02   0.0000000E+00   1.2601988E+02   2.1767146E+02   0.0000000E+00   5.1472163E+00
  4.0050000E+04     2   5.9996082E-01   1.5404013E-03   0.0000000E+00   7.1350413E+01   3.1904596E+01   0.0000000E+00   1.9091408E+02
  4.0100000E+04     1   3.7738181E-01   1.2777661E-02   0.0000000E+00   1.1682003E+02   8.7275782E+01   0.0000000E+00   5.1584262E+00
  4.0100000E+04     2   5.9973863E-01   1.5380649E-03   0.0000000E+00   6.6913121E+01   2.6135189E+02   0.0000000E+00   1.9108232E+02
  4.0150000E+04     1   3.7724089E-01   1.2782704E-02   0.0000000E+00   1.5023302E+02   3.1685366E+02   0.0000000E+00   5.1207106E+00
  4.0150000E+04     2   5.9953012E-01   1.5445172E-03   0.0000000E+00   8.2954494E+01   1.3157603E+02   0.0000000E+00   1.9039834E+02
  4.0200000E+04     1   3.7709897E-01   1.2794122E-02   0.0000000E+00   2.2625484E+02   1.8643062E+02   0.0000000E+00   5.0138953E+00
  4.0200000E+04     2   5.9933522E-01   1.5296995E-03   0.0000000E+00   1.1953261E+02   2.5323809E+00   0.0000000E+00   1.8891213E+02
  4.0250000E+04     1   3.7699107E-01   1.2830832E-02   0.0000000E+00   3.4520914E+02   5.5705364E+01   0.0000000E+00   5.1445146E+00
  4.0250000E+04     2   5.9911981E-01   1.5056421E-03   0.0000000E+00   1.8052848E+02   2.3035371E+02   0.0000000E+00   1.9049617E+02
  4.0300000E+04     1   3.7682308E-01   1.2799145E-02   0.0000000E+00   1.4707760E+02   2.8472286E+02   0.0000000E+00   5.4679987E+00
  4.0300000E+04     2   5.9889652E-01   1.5545979E-03   0.0000000E+00   2.6401122E+02   9.6984441E+01   0.0000000E+00   1.9320642E+02
  4.0350000E+04     1   3.7669815E-01   1.2777520E-02   0.0000000E+00   3.5121480E+02   1.5416748E+02   0.0000000E+00   5.2646014E+00
  4.0350000E+04     2   5.9862408E-01   1.5036253E-03   0.0000000E+00   4.2089775E+00   3.2819821E+02   0.0000000E+00   1.9123388E+02
  4.0400000E+04     1   3.7654801E-01   1.2794093E-02   0.0000000E+00   2.3805364E+02   2.3616106E+01   0.0000000E+00   4.9813521E+00
  4.0400000E+04     2   5.9846229E-01   1.5245046E-03   0.0000000E+00   1.2529779E+02   1.9983581E+02   0.0000000E+00   1.8876165E+02
  4.0450000E+04     1   3.7641042E-01   1.2797444E-02   0.0000000E+00   1.6837947E+02   2.5228794E+02   0.0000000E+00   5.4366273E+00
  4.0450000E+04     2   5.9823358E-01   1.5581379E-03   0.0000000E+00   2.7423650E+02   6.4959491E+01   0.0000000E+00   1.9276508E+02
  4.0500000E+04     1   3.7627730E-01   1.2780767E-02   0.0000000E+00   1.4078941E+02   1.2163808E+02   0.0000000E+00   5.1107768E+00
  4.0500000E+04     2   5.9799435E-01   1.5435593E-03   0.0000000E+00   7.8401039E+01   2.9618713E+02   0.0000000E+00   1.9056172E+02
  4.0550000E+04     1   3.7613487E-01   1.2799093E-02   0.0000000E+00   1.5667301E+02   3.5028110E+02   0.0000000E+00   5.4463414E+00
  4.0550000E+04     2   5.9779978E-01   1.5567133E-03   0.0000000E+00   2.6860985E+02   1.6273093E+02   0.0000000E+00   1.9299651E+02
  4.0600000E+04     1   3.7599748E-01   1.2793559E-02   0.0000000E+00   2.1468981E+02   2.1959923E+02   0.0000000E+00   5.0045889E+00
  4.0600000E+04     2   5.9758123E-01   1.5344893E-03   0.0000000E+00   1.1386304E+02   3.5583387E+01   0.0000000E+00   1.8902043E+02
  4.0650000E+04     1   3.7587140E-01   1.2777467E-02   0.0000000E+00   3.1627683E+02   8.8159292E+01   0.0000000E+00   5.2766387E+00
  4.0650000E+04     2   5.9731592E-01   1.5109565E-03   0.0000000E+00   3.4641755E+02   2.6251847E+02   0.0000000E+00   1.9091746E+02
  4.0700000E+04     1   3.7572550E-01   1.2804182E-02   0.0000000E+00   1.0069616E+02   3.1672603E+02   0.0000000E+00   5.4748850E+00
  4.0700000E+04     2   5.9715689E-01   1.5379324E-03   0.0000000E+00   2.4128676E+02   1.2852479E+02   0.0000000E+00   1.9367612E+02
  4.0750000E+04     1   3.7559186E-01   1.2796781E-02   0.0000000E+00   2.8740280E+02   1.8589533E+02   0.0000000E+00   4.9534374E+00
  4.0750000E+04     2   5.9693987E-01   1.5037974E-03   0.0000000E+00   1.5005972E+02   2.0137248E+00   0.0000000E+00   1.8883504E+02
  4.0800000E+04     1   3.7545120E-01   1.2783758E-02   0.0000000E+00   1.5766309E+02   5.4383842E+01   0.0000000E+00   5.0785580E+00
  4.0800000E+04     2   5.9668939E-01   1.5451634E-03   0.0000000E+00   8.6450624E+01   2.2930404E+02   0.0000000E+00   1.9015836E+02
  4.0850000E+04     1   3.7532110E-01   1.2776686E-02   0.0000000E+00   7.0865045E+01   2.8285041E+02   0.0000000E+00   5.1463200E+00
  4.0850000E+04     2   5.9644605E-01   1.5212955E-03   0.0000000E+00   4.4380271E+01   9.6475826E+01   0.0000000E+00   1.9152091E+02
  4.0900000E+04     1   3.7518587E-01   1.2778291E-02   0.0000000E+00   2.7054046E+01   1.5126707E+02   0.0000000E+00   5.1908710E+00
  4.0900000E+04     2   5.9622157E-01   1.5068273E-03   0.0000000E+00   2.2403769E+01   3.2498576E+02   0.0000000E+00   1.9147218E+02
  4.0950000E+04     1   3.7504873E-01   1.2778185E-02   0.0000000E+00   2.6226970E+01   1.9658372E+01   0.0000000E+00   5.1873753E+00
  4.0950000E+04     2   5.9600355E-01   1.5066495E-03   0.0000000E+00   2.1978906E+01   1.9338664E+02   0.0000000E+00   1.9145911E+02
  4.1000000E+04     1   3.7490979E-01   1.2777001E-02   0.0000000E+00   6.8409973E+01   2.4802063E+02   0.0000000E+00   5.1408803E+00
  4.1000000E+04     2   5.9579165E-01   1.5204040E-03   0.0000000E+00   4.3149786E+01   6.1646269E+01   0.0000000E+00   1.9151524E+02
  4.1050000E+04     1   3.7476576E-01   1.2783410E-02   0.0000000E+00   1.5365043E+02   1.1633333E+02   0.0000000E+00   5.0677770E+00
  4.1050000E+04     2   5.9559817E-01   1.5451191E-03   0.0000000E+00   8.4508310E+01   2.9118412E+02   0.0000000E+00   1.9021698E+02
  4.1100000E+04     1   3.7463047E-01   1.2796599E-02   0.0000000E+00   2.8193850E+02   3.4463309E+02   0.0000000E+00   4.9303794E+00
  4.1100000E+04     2   5.9541365E-01   1.5058028E-03   0.0000000E+00   1.4723042E+02   1.6083711E+02   0.0000000E+00   1.8872636E+02
  4.1150000E+04     1   3.7449220E-01   1.2804769E-02   0.0000000E+00   9.3950716E+01   2.1224561E+02   0.0000000E+00   5.4447085E+00
  4.1150000E+04     2   5.9519569E-01   1.5350290E-03   0.0000000E+00   2.3787722E+02   2.4066102E+01   0.0000000E+00   1.9362421E+02
  4.1200000E+04     1   3.7436216E-01   1.2777697E-02   0.0000000E+00   3.0847718E+02   8.0448547E+01   0.0000000E+00   5.2505600E+00
  4.1200000E+04     2   5.9491958E-01   1.5139164E-03   0.0000000E+00   3.4242828E+02   2.5488413E+02   0.0000000E+00   1.9081498E+02
  4.1250000E+04     1   3.7421461E-01   1.2792448E-02   0.0000000E+00   2.0609649E+02   3.0865759E+02   0.0000000E+00   4.9828944E+00
  4.1250000E+04     2   5.9474479E-01   1.5377643E-03   0.0000000E+00   1.0964291E+02   1.2455437E+02   0.0000000E+00   1.8908611E+02
  4.1300000E+04     1   3.7407733E-01   1.2800120E-02   0.0000000E+00   1.4757578E+02   1.7612315E+02   0.0000000E+00   5.4122117E+00
  4.1300000E+04     2   5.9453248E-01   1.5550116E-03   0.0000000E+00   2.6416158E+02   3.4845557E+02   0.0000000E+00   1.9307980E+02
  4.1350000E+04     1   3.7394632E-01   1.2779616E-02   0.0000000E+00   1.3155068E+02   4.4256063E+01   0.0000000E+00   5.0716240E+00
  4.1350000E+04     2   5.9428565E-01   1.5422541E-03   0.0000000E+00   7.3891843E+01   2.1867537E+02   0.0000000E+00   1.9065231E+02
  4.1400000E+04     1   3.7380403E-01   1.2799142E-02   0.0000000E+00   1.5940495E+02   2.7167832E+02   0.0000000E+00   5.3929477E+00
  4.1400000E+04     2   5.9409442E-01   1.5573728E-03   0.0000000E+00   2.6984435E+02   8.4232919E+01   0.0000000E+00   1.9283835E+02
  4.1450000E+04     1   3.7366737E-01   1.2794600E-02   0.0000000E+00   2.2979037E+02   1.3977855E+02   0.0000000E+00   4.9338758E+00
  4.1450000E+04     2   5.9388227E-01   1.5287284E-03   0.0000000E+00   1.2114539E+02   3.1599528E+02   0.0000000E+00   1.8871714E+02
  4.1500000E+04     1   3.7354316E-01   1.2777866E-02   0.0000000E+00   3.4416048E+02   7.1063026E+00   0.0000000E+00   5.2032258E+00
  4.1500000E+04     2   5.9361104E-01   1.5047207E-03   0.0000000E+00   5.0530165E-01   1.8128285E+02   0.0000000E+00   1.9102668E+02
  4.1550000E+04     1   3.7339403E-01   1.2800836E-02   0.0000000E+00   1.4178229E+02   2.3442764E+02   0.0000000E+00   5.4050717E+00
  4.1550000E+04     2   5.9344803E-01   1.5536124E-03   0.0000000E+00   2.6134016E+02   4.6681162E+01   0.0000000E+00   1.9315155E+02
  4.1600000E+04     1   3.7328614E-01   1.2827969E-02   0.0000000E+00   3.4223872E+02   1.0219613E+02   0.0000000E+00   5.0575643E+00
  4.1600000E+04     2   5.9323440E-01   1.5051272E-03   0.0000000E+00   1.7880755E+02   2.7703673E+02   0.0000000E+00   1.9021697E+02
  4.1650000E+04     1   3.7312114E-01   1.2793365E-02   0.0000000E+00   2.2626755E+02   3.2968559E+02   0.0000000E+00   4.9250536E+00
  4.1650000E+04     2   5.9301332E-01   1.5302516E-03   0.0000000E+00   1.1940221E+02   1.4587968E+02   0.0000000E+00   1.8873096E+02
  4.1700000E+04     1   3.7298839E-01   1.2782262E-02   0.0000000E+00   1.5391929E+02   1.9686879E+02   0.0000000E+00   5.0328287E+00
  4.1700000E+04     2   5.9277369E-01   1.5452622E-03   0.0000000E+00   8.4578145E+01   1.1766701E+01   0.0000000E+00   1.9013492E+02
  4.1750000E+04     1   3.7285455E-01   1.2778626E-02   0.0000000E+00   1.2490347E+02   6.4062410E+01   0.0000000E+00   5.0529304E+00
  4.1750000E+04     2   5.9254761E-01   1.5408192E-03   0.0000000E+00   7.0658028E+01   2.3838258E+02   0.0000000E+00   1.9073276E+02
  4.1800000E+04     1   3.7271699E-01   1.2780331E-02   0.0000000E+00   1.3928785E+02   2.9121765E+02   0.0000000E+00   5.0404917E+00
  4.1800000E+04     2   5.9233554E-01   1.5438102E-03   0.0000000E+00   7.7564196E+01   1.0581763E+02   0.0000000E+00   1.9044052E+02
  4.1850000E+04     1   3.7257649E-01   1.2791573E-02   0.0000000E+00   1.9706959E+02   1.5836317E+02   0.0000000E+00   4.9631223E+00
  4.1850000E+04     2   5.9213795E-01   1.5407059E-03   0.0000000E+00   1.0523571E+02   3.3414382E+02   0.0000000E+00   1.8918247E+02
  4.1900000E+04     1   3.7244939E-01   1.2799819E-02   0.0000000E+00   2.9835987E+02   2.5413801E+01   0.0000000E+00   4.9057676E+00
  4.1900000E+04     2   5.9194058E-01   1.5016053E-03   0.0000000E+00   1.5560490E+02   2.0144172E+02   0.0000000E+00   1.8887785E+02
  4.1950000E+04     1   3.7230973E-01   1.2806188E-02   0.0000000E+00   8.3649567E+01   2.5188305E+02   0.0000000E+00   5.3914851E+00
  4.1950000E+04     2   5.9172425E-01   1.5307149E-03   0.0000000E+00   2.3261586E+02   6.3787721E+01   0.0000000E+00   1.9348682E+02
  4.2000000E+04     1   3.7217567E-01   1.2780062E-02   0.0000000E+00   2.7190030E+02   1.1887851E+02   0.0000000E+00   5.2294471E+00
  4.2000000E+04     2   5.9145754E-01   1.5304119E-03   0.0000000E+00   3.2410196E+02   2.9334142E+02   0.0000000E+00   1.9076654E+02
  4.2050000E+04     1   3.7203576E-01   1.2781345E-02   0.0000000E+00   1.4364206E+02   3.4585720E+02   0.0000000E+00   5.0227203E+00
  4.2050000E+04     2   5.9125497E-01   1.5445507E-03   0.0000000E+00   7.9627596E+01   1.6056199E+02   0.0000000E+00   1.9031793E+02
  4.2100000E+04     1   3.7190926E-01   1.2813470E-02   0.0000000E+00   5.9452021E+01   2.1226568E+02   0.0000000E+00   5.3358545E+00
  4.2100000E+04     2   5.9107475E-01   1.5217828E-03   0.0000000E+00   2.2018598E+02   2.4473638E+01   0.0000000E+00   1.9312789E+02
  4.2150000E+04     1   3.7177180E-01   1.2777757E-02   0.0000000E+00   1.8398054E+01   7.9086959E+01   0.0000000E+00   5.1276907E+00
  4.2150000E+04     2   5.9079545E-01   1.5055177E-03   0.0000000E+00   1.7893490E+01   2.5295634E+02   0.0000000E+00   1.9125831E+02
  4.2200000E+04     1   3.7165417E-01   1.2835515E-02   0.0000000E+00   2.1210384E+01   3.0558724E+02   0.0000000E+00   5.1883704E+00
  4.2200000E+04     2   5.9063585E-01   1.5151221E-03   0.0000000E+00   1.9985770E+02   1.1892892E+02   0.0000000E+00   1.9184670E+02
  4.2250000E+04     1   3.7149807E-01   1.2775780E-02   0.0000000E+00   6.7527297E+01   1.7217446E+02   0.0000000E+00   5.0650579E+00
  4.2250000E+04     2   5.9036979E-01   1.5203076E-03   0.0000000E+00   4.2594754E+01   3.4587588E+02   0.0000000E+00   1.9136363E+02
  4.2300000E+04     1   3.7135163E-01   1.2797754E-02   0.0000000E+00   1.5790350E+02   3.8300895E+01   0.0000000E+00   5.3477344E+00
  4.2300000E+04     2   5.9019736E-01   1.5572255E-03   0.0000000E+00   2.6904307E+02   2.1088344E+02   0.0000000E+00   1.9276519E+02
  4.2350000E+04     1   3.7122353E-01   1.2797748E-02   0.0000000E+00   2.9126193E+02   2.6508438E+02   0.0000000E+00   4.8658129E+00
  4.2350000E+04     2   5.8999576E-01   1.5033700E-03   0.0000000E+00   1.5189412E+02   8.1254130E+01   0.0000000E+00   1.8869606E+02
  4.2400000E+04     1   3.7108769E-01   1.2775882E-02   0.0000000E+00   1.0893298E+02   1.3118730E+02   0.0000000E+00   5.0299912E+00
  4.2400000E+04     2   5.8973275E-01   1.5362705E-03   0.0000000E+00   6.2886754E+01   3.0528204E+02   0.0000000E+00   1.9093526E+02
  4.2450000E+04     1   3.7095644E-01   1.2777766E-02   0.0000000E+00   3.3033824E+02   3.5723765E+02   0.0000000E+00   5.1627031E+00
  4.2450000E+04     2   5.8950246E-01   1.5075075E-03   0.0000000E+00   3.5337938E+02   1.7160874E+02   0.0000000E+00   1.9079161E+02
  4.2500000E+04     1   3.7081410E-01   1.2785538E-02   0.0000000E+00   2.3544664E+02   2.2327903E+02   0.0000000E+00   5.2324219E+00
  4.2500000E+04     2   5.8930968E-01   1.5469670E-03   0.0000000E+00   3.0624064E+02   3.7377931E+01   0.0000000E+00   1.9113352E+02
  4.2550000E+04     1   3.7067448E-01   1.2795737E-02   0.0000000E+00   1.8433278E+02   8.9258862E+01   0.0000000E+00   5.2953590E+00
  4.2550000E+04     2   5.8911107E-01   1.5589859E-03   0.0000000E+00   2.8168344E+02   2.6238949E+02   0.0000000E+00   1.9216473E+02
  4.2600000E+04     1   3.7053854E-01   1.2796306E-02   0.0000000E+00   1.7698814E+02   3.1521972E+02   0.0000000E+00   5.2986041E+00
  4.2600000E+04     2   5.8889803E-01   1.5590365E-03   0.0000000E+00   2.7816398E+02   1.2819911E+02   0.0000000E+00   1.9231922E+02
  4.2650000E+04     1   3.7040563E-01   1.2790528E-02   0.0000000E+00   2.1344064E+02   1.8115658E+02   0.0000000E+00   5.2517498E+00
  4.2650000E+04     2   5.8867075E-01   1.5544116E-03   0.0000000E+00   2.9561905E+02   3.5488373E+02   0.0000000E+00   1.9152460E+02
  4.2700000E+04     1   3.7027688E-01   1.2778586E-02   0.0000000E+00   2.9373571E+02   4.7047918E+01   0.0000000E+00   5.1740686E+00
  4.2700000E+04     2   5.8843197E-01   1.5204696E-03   0.0000000E+00   3.3488891E+02   2.2161389E+02   0.0000000E+00   1.9060810E+02
  4.2750000E+04     1   3.7014270E-01   1.2777275E-02   0.0000000E+00   5.7868677E+01   2.7291476E+02   0.0000000E+00   5.0530097E+00
  4.2750000E+04     2   5.8821315E-01   1.5168816E-03   0.0000000E+00   3.7743906E+01   8.6631697E+01   0.0000000E+00   1.9133607E+02
  4.2800000E+04     1   3.6999624E-01   1.2794415E-02   0.0000000E+00   2.2586521E+02   1.3876587E+02   0.0000000E+00   4.8624926E+00
  4.2800000E+04     2   5.8804673E-01   1.5309825E-03   0.0000000E+00   1.1910238E+02   3.1502734E+02   0.0000000E+00   1.8860102E+02
  4.2850000E+04     1   3.6986857E-01   1.2807110E-02   0.0000000E+00   7.8409966E+01   3.9164074E+00   0.0000000E+00   5.3353060E+00
  4.2850000E+04     2   5.8784246E-01   1.5287031E-03   0.0000000E+00   2.2987551E+02   1.7591353E+02   0.0000000E+00   1.9333818E+02
  4.2900000E+04     1   3.6973777E-01   1.2777603E-02   0.0000000E+00   3.3431261E+02   2.2962437E+02   0.0000000E+00   5.1314796E+00
  4.2900000E+04     2   5.8756516E-01   1.5067627E-03   0.0000000E+00   3.5536017E+02   4.3986247E+01   0.0000000E+00   1.9076960E+02
  4.2950000E+04     1   3.6959440E-01   1.2795145E-02   0.0000000E+00   2.7409541E+02   9.5365643E+01   0.0000000E+00   4.8220732E+00
  4.2950000E+04     2   5.8741150E-01   1.5094712E-03   0.0000000E+00   1.4306878E+02   2.7175560E+02   0.0000000E+00   1.8843212E+02
  4.3000000E+04     1   3.6946264E-01   1.2782359E-02   0.0000000E+00   2.5852192E+02   3.2038900E+02   0.0000000E+00   5.1827524E+00
  4.3000000E+04     2   5.8715161E-01   1.5371111E-03   0.0000000E+00   3.1743159E+02   1.3480975E+02   0.0000000E+00   1.9076201E+02
  4.3050000E+04     1   3.6932675E-01   1.2796566E-02   0.0000000E+00   2.8630692E+02   1.8602785E+02   0.0000000E+00   4.8255278E+00
  4.3050000E+04     2   5.8698298E-01   1.5051533E-03   0.0000000E+00   1.4928692E+02   2.3071579E+00   0.0000000E+00   1.8854622E+02
  4.3100000E+04     1   3.6919787E-01   1.2778036E-02   0.0000000E+00   3.5874029E+02   5.0992443E+01   0.0000000E+00   5.0956398E+00
  4.3100000E+04     2   5.8670484E-01   1.5042433E-03   0.0000000E+00   7.7925112E+00   2.2511790E+02   0.0000000E+00   1.9097018E+02
  4.3150000E+04     1   3.6905154E-01   1.2801789E-02   0.0000000E+00   1.1523013E+02   2.7591170E+02   0.0000000E+00   5.3364423E+00
  4.3150000E+04     2   5.8655035E-01   1.5445573E-03   0.0000000E+00   2.4825685E+02   8.7938140E+01   0.0000000E+00   1.9331001E+02
  4.3200000E+04     1   3.6891945E-01   1.2795663E-02   0.0000000E+00   2.7511869E+02   1.4148644E+02   0.0000000E+00   4.8057071E+00
  4.3200000E+04     2   5.8633863E-01   1.5091768E-03   0.0000000E+00   1.4356440E+02   3.1788423E+02   0.0000000E+00   1.8840791E+02
  4.3250000E+04     1   3.6878712E-01   1.2777365E-02   0.0000000E+00   1.1978314E+02   6.3269555E+00   0.0000000E+00   4.9731924E+00
  4.3250000E+04     2   5.8608141E-01   1.5399304E-03   0.0000000E+00   6.8056364E+01   1.8064876E+02   0.0000000E+00   1.9065139E+02
  4.3300000E+04     1   3.6865828E-01   1.2778284E-02   0.0000000E+00   8.5552374E+00   2.3114891E+02   0.0000000E+00   5.0769455E+00
  4.3300000E+04     2   5.8584729E-01   1.5047314E-03   0.0000000E+00   1.2778488E+01   4.5186512E+01   0.0000000E+00   1.9103934E+02
  4.3350000E+04     1   3.6852142E-01   1.2777755E-02   0.0000000E+00   3.0146272E+02   9.5942143E+01   0.0000000E+00   5.1324858E+00
  4.3350000E+04     2   5.8563983E-01   1.5173242E-03   0.0000000E+00   3.3870271E+02   2.7053703E+02   0.0000000E+00   1.9053760E+02
  4.3400000E+04     1   3.6838509E-01   1.2779950E-02   0.0000000E+00   2.7852859E+02   3.2070299E+02   0.0000000E+00   5.1491589E+00
  4.3400000E+04     2   5.8543104E-01   1.5277431E-03   0.0000000E+00   3.2725536E+02   1.3528650E+02   0.0000000E+00   1.9056564E+02
  4.3450000E+04     1   3.6825192E-01   1.2778188E-02   0.0000000E+00   2.9978804E+02   1.8542461E+02   0.0000000E+00   5.1281832E+00
  4.3450000E+04     2   5.8521206E-01   1.5180798E-03   0.0000000E+00   3.3785293E+02   2.9794358E-02   0.0000000E+00   1.9052300E+02
  4.3500000E+04     1   3.6811950E-01   1.2778203E-02   0.0000000E+00   5.2568923E+00   5.0112274E+01   0.0000000E+00   5.0698292E+00
  4.3500000E+04     2   5.8499105E-01   1.5045805E-03   0.0000000E+00   1.1080664E+01   2.2419497E+02   0.0000000E+00   1.9098713E+02
  4.3550000E+04     1   3.6797936E-01   1.2777868E-02   0.0000000E+00   1.1495535E+02   2.7477419E+02   0.0000000E+00   4.9584910E+00
  4.3550000E+04     2   5.8479562E-01   1.5386835E-03   0.0000000E+00   6.5696398E+01   8.9034709E+01   0.0000000E+00   1.9069797E+02
  4.3600000E+04     1   3.6784087E-01   1.2795399E-02   0.0000000E+00   2.6890550E+02   1.3941634E+02   0.0000000E+00   4.7854620E+00
  4.3600000E+04     2   5.8462528E-01   1.5119226E-03   0.0000000E+00   1.4038537E+02   3.1587645E+02   0.0000000E+00   1.8832536E+02
  4.3650000E+04     1   3.6770533E-01   1.2803178E-02   0.0000000E+00   1.0782301E+02   3.3256562E+00   0.0000000E+00   5.3065147E+00
  4.3650000E+04     2   5.8441079E-01   1.5415743E-03   0.0000000E+00   2.4455741E+02   1.7533301E+02   0.0000000E+00   1.9329916E+02
  4.3700000E+04     1   3.6758134E-01   1.2777535E-02   0.0000000E+00   3.5040151E+02   2.2787277E+02   0.0000000E+00   5.0742634E+00
  4.3700000E+04     2   5.8413641E-01   1.5047418E-03   0.0000000E+00   3.4867807E+00   4.2123881E+01   0.0000000E+00   1.9082316E+02
  4.3750000E+04     1   3.6743899E-01   1.2795947E-02   0.0000000E+00   2.7729655E+02   9.2407417E+01   0.0000000E+00   4.7767399E+00
  4.3750000E+04     2   5.8398524E-01   1.5085974E-03   0.0000000E+00   1.4462098E+02   2.6882308E+02   0.0000000E+00   1.8836107E+02
  4.3800000E+04     1   3.6730662E-01   1.2783325E-02   0.0000000E+00   2.4921737E+02   3.1622785E+02   0.0000000E+00   5.1475241E+00
  4.3800000E+04     2   5.8372929E-01   1.5415698E-03   0.0000000E+00   3.1281455E+02   1.3059574E+02   0.0000000E+00   1.9077963E+02
  4.3850000E+04     1   3.6716837E-01   1.2795152E-02   0.0000000E+00   2.6485697E+02   1.8069155E+02   0.0000000E+00   4.7705433E+00
  4.3850000E+04     2   5.8355684E-01   1.5137732E-03   0.0000000E+00   1.3832137E+02   3.5718394E+02   0.0000000E+00   1.8827816E+02
  4.3900000E+04     1   3.6704337E-01   1.2777249E-02   0.0000000E+00   3.2559867E+02   4.4416993E+01   0.0000000E+00   5.0834336E+00
  4.3900000E+04     2   5.8328494E-01   1.5090955E-03   0.0000000E+00   3.5084212E+02   2.1891592E+02   0.0000000E+00   1.9058451E+02
  4.3950000E+04     1   3.6690737E-01   1.2808993E-02   0.0000000E+00   7.0671563E+01   2.6820590E+02   0.0000000E+00   5.2619280E+00
  4.3950000E+04     2   5.8313251E-01   1.5259208E-03   0.0000000E+00   2.2581904E+02   8.0353603E+01   0.0000000E+00   1.9311423E+02
  4.4000000E+04     1   3.6676341E-01   1.2793239E-02   0.0000000E+00   2.1967405E+02   1.3251155E+02   0.0000000E+00   4.8031157E+00
  4.4000000E+04     2   5.8290710E-01   1.5339133E-03   0.0000000E+00   1.1597679E+02   3.0877334E+02   0.0000000E+00   1.8854133E+02
  4.4050000E+04     1   3.6664055E-01   1.2776704E-02   0.0000000E+00   5.3788309E+01   3.5613770E+02   0.0000000E+00   4.9852733E+00
  4.4050000E+04     2   5.8264681E-01   1.5157100E-03   0.0000000E+00   3.5587385E+01   1.6993710E+02   0.0000000E+00   1.9118587E+02
  4.4100000E+04     1   3.6650506E-01   1.2778479E-02   0.0000000E+00   2.9239693E+02   2.1974830E+02   0.0000000E+00   5.0969693E+00
  4.4100000E+04     2   5.8243843E-01   1.5214681E-03   0.0000000E+00   3.3409289E+02   3.4402361E+01   0.0000000E+00   1.9044291E+02
  4.4150000E+04     1   3.6636474E-01   1.2789541E-02   0.0000000E+00   2.1551975E+02   8.3333615E+01   0.0000000E+00   5.1652248E+00
  4.4150000E+04     2   5.8224781E-01   1.5541796E-03   0.0000000E+00   2.9648508E+02   2.5719103E+02   0.0000000E+00   1.9130781E+02
  4.4200000E+04     1   3.6622843E-01   1.2795755E-02   0.0000000E+00   1.8320701E+02   3.0687442E+02   0.0000000E+00   5.2018856E+00
  4.4200000E+04     2   5.8204548E-01   1.5593906E-03   0.0000000E+00   2.8099813E+02   1.2008074E+02   0.0000000E+00   1.9199557E+02
  4.4250000E+04     1   3.6609534E-01   1.2793288E-02   0.0000000E+00   1.9546566E+02   1.7039240E+02   0.0000000E+00   5.1841613E+00
  4.4250000E+04     2   5.8182871E-01   1.5583484E-03   0.0000000E+00   2.8686084E+02   3.4385648E+02   0.0000000E+00   1.9172009E+02
  4.4300000E+04     1   3.6596622E-01   1.2783544E-02   0.0000000E+00   2.5232643E+02   3.3881706E+01   0.0000000E+00   5.1172347E+00
  4.4300000E+04     2   5.8159776E-01   1.5403874E-03   0.0000000E+00   3.1428602E+02   2.0831753E+02   0.0000000E+00   1.9068142E+02
  4.4350000E+04     1   3.6583819E-01   1.2777807E-02   0.0000000E+00   3.5383510E+02   2.5731536E+02   0.0000000E+00   5.0337979E+00
  4.4350000E+04     2   5.8136610E-01   1.5047437E-03   0.0000000E+00   5.1790506E+00   7.1570757E+01   0.0000000E+00   1.9077840E+02
  4.4400000E+04     1   3.6569683E-01   1.2781123E-02   0.0000000E+00   1.3998167E+02   1.2072915E+02   0.0000000E+00   4.8929499E+00
  4.4400000E+04     2   5.8117936E-01   1.5448826E-03   0.0000000E+00   7.7663348E+01   2.9550312E+02   0.0000000E+00   1.9011899E+02
  4.4450000E+04     1   3.6558130E-01   1.2818930E-02   0.0000000E+00   3.3095860E+02   3.4395852E+02   0.0000000E+00   4.8575922E+00
  4.4450000E+04     2   5.8100002E-01   1.5031017E-03   0.0000000E+00   1.7251237E+02   1.5935425E+02   0.0000000E+00   1.8946187E+02
  4.4500000E+04     1   3.6542745E-01   1.2791152E-02   0.0000000E+00   2.0698469E+02   2.0680008E+02   0.0000000E+00   5.1513830E+00
  4.4500000E+04     2   5.8076215E-01   1.5563775E-03   0.0000000E+00   2.9235502E+02   2.0513094E+01   0.0000000E+00   1.9143837E+02
  4.4550000E+04     1   3.6529696E-01   1.2778342E-02   0.0000000E+00   1.2726230E+02   7.0091756E+01   0.0000000E+00   4.8984163E+00
  4.4550000E+04     2   5.8053816E-01   1.5423200E-03   0.0000000E+00   7.1544000E+01   2.4462811E+02   0.0000000E+00   1.9036206E+02
  4.4600000E+04     1   3.6516175E-01   1.2804658E-02   0.0000000E+00   9.2908204E+01   2.9272511E+02   0.0000000E+00   5.2514236E+00
  4.4600000E+04     2   5.8036643E-01   1.5351975E-03   0.0000000E+00   2.3704392E+02   1.0476100E+02   0.0000000E+00   1.9321553E+02
  4.4650000E+04     1   3.6503197E-01   1.2776289E-02   0.0000000E+00   1.0272042E+02   1.5594728E+02   0.0000000E+00   4.9078933E+00
  4.4650000E+04     2   5.8010660E-01   1.5349036E-03   0.0000000E+00   5.9668822E+01   3.3009262E+02   0.0000000E+00   1.9076256E+02
  4.4700000E+04     1   3.6489061E-01   1.2799118E-02   0.0000000E+00   1.5798525E+02   1.8474287E+01   0.0000000E+00   5.2107165E+00
  4.4700000E+04     2   5.7992872E-01   1.5578603E-03   0.0000000E+00   2.6886851E+02   1.9120376E+02   0.0000000E+00   1.9248125E+02
  4.4750000E+04     1   3.6475874E-01   1.2794618E-02   0.0000000E+00   2.5736769E+02   2.4168645E+02   0.0000000E+00   4.7208991E+00
  4.4750000E+04     2   5.7972731E-01   1.5174444E-03   0.0000000E+00   1.3448616E+02   5.8244577E+01   0.0000000E+00   1.8816277E+02
  4.4800000E+04     1   3.6463552E-01   1.2777571E-02   0.0000000E+00   4.2314721E+01   1.0413448E+02   0.0000000E+00   4.9547181E+00
  4.4800000E+04     2   5.7945813E-01   1.5120895E-03   0.0000000E+00   2.9759496E+01   2.7800970E+02   0.0000000E+00   1.9107950E+02
  4.4850000E+04     1   3.6449538E-01   1.2786481E-02   0.0000000E+00   2.3211487E+02   3.2657734E+02   0.0000000E+00   5.1055043E+00
  4.4850000E+04     2   5.7926934E-01   1.5489249E-03   0.0000000E+00   3.0441944E+02   1.4076808E+02   0.0000000E+00   1.9091476E+02
  4.4900000E+04     1   3.6435931E-01   1.2803004E-02   0.0000000E+00   1.0681752E+02   1.8897089E+02   0.0000000E+00   5.2414981E+00
  4.4900000E+04     2   5.7909283E-01   1.5413616E-03   0.0000000E+00   2.4395045E+02   1.0499467E+00   0.0000000E+00   1.9316244E+02
  4.4950000E+04     1   3.6425236E-01   1.2832729E-02   0.0000000E+00   2.6192878E+01   5.1592261E+01   0.0000000E+00   5.0552643E+00
  4.4950000E+04     2   5.7887694E-01   1.5163719E-03   0.0000000E+00   2.0230365E+02   2.2491268E+02   0.0000000E+00   1.9173484E+02
  4.5000000E+04     1   3.6412179E-01   1.2833061E-02   0.0000000E+00   3.5062035E+02   2.7408997E+02   0.0000000E+00   4.9014261E+00
  4.5000000E+04     2   5.7866399E-01   1.5089934E-03   0.0000000E+00   1.8301996E+02   8.8830891E+01   0.0000000E+00   1.9016050E+02
  4.5050000E+04     1   3.6399066E-01   1.2836723E-02   0.0000000E+00   2.4816221E-01   1.3632872E+02   0.0000000E+00   4.9382146E+00
  4.5050000E+04     2   5.7845142E-01   1.5118201E-03   0.0000000E+00   1.8823081E+02   3.1069110E+02   0.0000000E+00   1.9057583E+02
  4.5100000E+04     1   3.6384002E-01   1.2812479E-02   0.0000000E+00   5.5098419E+01   3.5831347E+02   0.0000000E+00   5.1561303E+00
  4.5100000E+04     2   5.7824747E-01   1.5209073E-03   0.0000000E+00   2.1764571E+02   1.7079503E+02   0.0000000E+00   1.9267456E+02
  4.5150000E+04     1   3.6369153E-01   1.2796400E-02   0.0000000E+00   1.5487165E+02   2.2038222E+02   0.0000000E+00   5.1888882E+00
  4.5150000E+04     2   5.7802414E-01   1.5571023E-03   0.0000000E+00   2.6733200E+02   3.3080495E+01   0.0000000E+00   1.9249062E+02
  4.5200000E+04     1   3.6356882E-01   1.2775979E-02   0.0000000E+00   2.9954467E+02   8.2563343E+01   0.0000000E+00   5.0333032E+00
  4.5200000E+04     2   5.7777010E-01   1.5184865E-03   0.0000000E+00   3.3757437E+02   2.5727796E+02   0.0000000E+00   1.9031869E+02
  4.5250000E+04     1   3.6343138E-01   1.2777557E-02   0.0000000E+00   1.2928770E+02   3.0470204E+02   0.0000000E+00   4.8558574E+00
  4.5250000E+04     2   5.7757437E-01   1.5429142E-03   0.0000000E+00   7.2454829E+01   1.1931899E+02   0.0000000E+00   1.9023891E+02
  4.5300000E+04     1   3.6332601E-01   1.2838491E-02   0.0000000E+00   4.4168317E+00   1.6651014E+02   0.0000000E+00   4.9450069E+00
  4.5300000E+04     2   5.7739463E-01   1.5130374E-03   0.0000000E+00   1.9047390E+02   3.4071716E+02   0.0000000E+00   1.9073798E+02
  4.5350000E+04     1   3.6316919E-01   1.2777078E-02   0.0000000E+00   2.8472101E+02   2.8236808E+01   0.0000000E+00   5.0304558E+00
  4.5350000E+04     2   5.7713993E-01   1.5251624E-03   0.0000000E+00   3.3015419E+02   2.0295835E+02   0.0000000E+00   1.9030892E+02
  4.5400000E+04     1   3.6302817E-01   1.2793125E-02   0.0000000E+00   2.4980589E+02   2.5029758E+02   0.0000000E+00   4.6967135E+00
  4.5400000E+04     2   5.7697657E-01   1.5210980E-03   0.0000000E+00   1.3066029E+02   6.6888594E+01   0.0000000E+00   1.8810570E+02
  4.5450000E+04     1   3.6290184E-01   1.2780817E-02   0.0000000E+00   2.6074884E+02   1.1162573E+02   0.0000000E+00   5.0428549E+00
  4.5450000E+04     2   5.7672433E-01   1.5366282E-03   0.0000000E+00   3.1830516E+02   2.8621642E+02   0.0000000E+00   1.9045216E+02
  4.5500000E+04     1   3.6277810E-01   1.2807055E-02   0.0000000E+00   3.1631830E+02   3.3349295E+02   0.0000000E+00   4.7553462E+00
  4.5500000E+04     2   5.7655800E-01   1.5015018E-03   0.0000000E+00   1.6466267E+02   1.4936709E+02   0.0000000E+00   1.8888120E+02
  4.5550000E+04     1   3.6264019E-01   1.2776223E-02   0.0000000E+00   5.7540732E+01   1.9488179E+02   0.0000000E+00   4.8910180E+00
  4.5550000E+04     2   5.7629070E-01   1.5174278E-03   0.0000000E+00   3.7325417E+01   8.7722448E+00   0.0000000E+00   1.9100056E+02
  4.5600000E+04     1   3.6249922E-01   1.2790407E-02   0.0000000E+00   2.0413220E+02   5.6115716E+01   0.0000000E+00   5.1030953E+00
  4.5600000E+04     2   5.7610970E-01   1.5571620E-03   0.0000000E+00   2.9089512E+02   2.2983824E+02   0.0000000E+00   1.9138057E+02
  4.5650000E+04     1   3.6238813E-01   1.2826559E-02   0.0000000E+00   3.5768122E+01   2.7753364E+02   0.0000000E+00   5.0556529E+00
  4.5650000E+04     2   5.7592293E-01   1.5175580E-03   0.0000000E+00   2.0737854E+02   9.0566997E+01   0.0000000E+00   1.9202230E+02
  4.5700000E+04     1   3.6223518E-01   1.2793469E-02   0.0000000E+00   2.7245682E+02   1.3918142E+02   0.0000000E+00   4.6684805E+00
  4.5700000E+04     2   5.7571562E-01   1.5111309E-03   0.0000000E+00   1.4199292E+02   3.1575116E+02   0.0000000E+00   1.8809874E+02
  4.5750000E+04     1   3.6209998E-01   1.2789992E-02   0.0000000E+00   1.9493351E+02   3.1314887E-01   0.0000000E+00   4.7497474E+00
  4.5750000E+04     2   5.7548712E-01   1.5426620E-03   0.0000000E+00   1.0386050E+02   1.7629428E+02   0.0000000E+00   1.8876862E+02
  4.5800000E+04     1   3.6196969E-01   1.2783464E-02   0.0000000E+00   1.6276185E+02   2.2140466E+02   0.0000000E+00   4.7923020E+00
  4.5800000E+04     2   5.7526646E-01   1.5468868E-03   0.0000000E+00   8.8443861E+01   3.6737881E+01   0.0000000E+00   1.8945909E+02
  4.5850000E+04     1   3.6183640E-01   1.2787200E-02   0.0000000E+00   1.7593816E+02   8.2481789E+01   0.0000000E+00   4.7739054E+00
  4.5850000E+04     2   5.7506039E-01   1.5462272E-03   0.0000000E+00   9.4741650E+01   2.5809617E+02   0.0000000E+00   1.8915952E+02
  4.5900000E+04     1   3.6170239E-01   1.2793772E-02   0.0000000E+00   2.3447952E+02   3.0355493E+02   0.0000000E+00   4.6800310E+00
  4.5900000E+04     2   5.7486722E-01   1.5284003E-03   0.0000000E+00   1.2304696E+02   1.2008775E+02   0.0000000E+00   1.8814721E+02
  4.5950000E+04     1   3.6159619E-01   1.2825124E-02   0.0000000E+00   3.3868615E+02   1.6434251E+02   0.0000000E+00   4.8052688E+00
  4.5950000E+04     2   5.7465964E-01   1.5056390E-03   0.0000000E+00   1.7651157E+02   3.3957664E+02   0.0000000E+00   1.8957113E+02
  4.6000000E+04     1   3.6143802E-01   1.2799850E-02   0.0000000E+00   1.2860225E+02   2.4827916E+01   0.0000000E+00   5.1664400E+00
  4.6000000E+04     2   5.7444872E-01   1.5501200E-03   0.0000000E+00   2.5454875E+02   1.9716351E+02   0.0000000E+00   1.9283085E+02
  4.6050000E+04     1   3.6131702E-01   1.2776535E-02   0.0000000E+00   3.2352304E+02   2.4576081E+02   0.0000000E+00   4.9724349E+00
  4.6050000E+04     2   5.7418549E-01   1.5102569E-03   0.0000000E+00   3.4959871E+02   6.0409844E+01   0.0000000E+00   1.9032341E+02
  4.6100000E+04     1   3.6117393E-01   1.2791181E-02   0.0000000E+00   2.0391198E+02   1.0668271E+02   0.0000000E+00   4.7133314E+00
  4.6100000E+04     2   5.7401865E-01   1.5402829E-03   0.0000000E+00   1.0815553E+02   2.8283984E+02   0.0000000E+00   1.8855620E+02
  4.6150000E+04     1   3.6104167E-01   1.2800459E-02   0.0000000E+00   1.3052096E+02   3.2685243E+02   0.0000000E+00   5.1636260E+00
  4.6150000E+04     2   5.7381846E-01   1.5509054E-03   0.0000000E+00   2.5547300E+02   1.3922172E+02   0.0000000E+00   1.9279434E+02
  4.6200000E+04     1   3.6091738E-01   1.2776320E-02   0.0000000E+00   1.0197315E+02   1.8770302E+02   0.0000000E+00   4.8211605E+00
  4.6200000E+04     2   5.7356757E-01   1.5350874E-03   0.0000000E+00   5.9167487E+01   1.9326844E+00   0.0000000E+00   1.9059149E+02
  4.6250000E+04     1   3.6077834E-01   1.2801410E-02   0.0000000E+00   1.1967954E+02   4.7821439E+01   0.0000000E+00   5.1663579E+00
  4.6250000E+04     2   5.7340125E-01   1.5469226E-03   0.0000000E+00   2.5016950E+02   2.2007489E+02   0.0000000E+00   1.9291291E+02
  4.6300000E+04     1   3.6064711E-01   1.2788422E-02   0.0000000E+00   1.8229588E+02   2.6860293E+02   0.0000000E+00   4.7358319E+00
  4.6300000E+04     2   5.7317298E-01   1.5454999E-03   0.0000000E+00   9.7747015E+01   8.4371774E+01   0.0000000E+00   1.8896699E+02
  4.6350000E+04     1   3.6052337E-01   1.2778066E-02   0.0000000E+00   2.9120830E+02   1.2866281E+02   0.0000000E+00   4.9798938E+00
  4.6350000E+04     2   5.7293295E-01   1.5226487E-03   0.0000000E+00   3.3330382E+02   3.0345309E+02   0.0000000E+00   1.9018962E+02
