  0.0000000E+00     1   5.0000000E-01   1.0000000E-01   1.0000000E+00   3.6000000E+02   3.2697042E-06   2.0000000E+01
  0.0000000E+00     2   7.5000000E-01   2.0000000E-01   2.0000000E+00   2.3660469E-06   3.6000000E+02   0.0000000E+00
  0.0000000E+00     3   1.0000000E+00   2.0000000E-01   2.0000000E+00   1.6730478E-06   3.6000000E+02   0.0000000E+00
  5.0000000E+01     1   4.9478753E-01   5.8448938E-02   9.9227053E-01   2.3941095E+02   3.5928996E+02   2.0813803E+01
  5.0000000E+01     2   6.9864712E-01   4.7594519E-02   1.9004523E+00   6.2281403E+01   1.2994368E+00   3.5986302E+02
  5.0000000E+01     3   8.9464101E-01   1.3183036E-02   1.8238223E+00   1.6918015E+02   3.5942418E+02   8.7886400E-02
  1.0000000E+02     1   4.9286056E-01   3.4089362E-02   9.8712384E-01   2.8189803E+02   3.5910922E+02   2.1669924E+01
  1.0000000E+02     2   6.9476729E-01   1.2807895E-02   1.8117366E+00   6.9857880E+01   7.4510974E+00   3.5960157E+02
  1.0000000E+02     3   8.9161257E-01   1.0296267E-03   1.6617611E+00   2.9226621E+02   3.2424731E+02   9.8811634E-02
  1.5000000E+02     1   4.9201337E-01   2.0053878E-02   9.8301449E-01   1.7210647E+02   3.5964557E+02   2.2372836E+01
  1.5000000E+02     2   6.9355576E-01   3.8922658E-03   1.7268465E+00   2.4604749E+02   3.5591753E+02   3.5926047E+02
  1.5000000E+02     3   8.8898277E-01   4.0816376E-04   1.5143884E+00   3.0466956E+02   1.3978105E+02   1.7743994E-01
  2.0000000E+02     1   4.9155206E-01   1.1427467E-02   9.7876099E-01   1.6368330E+02   3.5951565E+02   2.3051547E+01
  2.0000000E+02     2   6.9247270E-01   1.6504554E-03   1.6458170E+00   1.2828728E+02   3.5405445E+02   3.5882245E+02
  2.0000000E+02     3   8.8642445E-01   4.6246376E-04   1.3802205E+00   2.1374572E+02   1.5270642E+02   3.2071284E-01
  2.5000000E+02     1   4.9121768E-01   6.7673485E-03   9.7427451E-01   2.1593710E+02   2.6974157E+00   2.3511874E+01
  2.5000000E+02     2   6.9140082E-01   6.2342850E-04   1.5673943E+00   3.0649566E+02   1.2630616E+02   3.5832084E+02
  2.5000000E+02     3   8.8393598E-01   4.2133242E-04   1.2581492E+00   6.2228501E+01   3.2003214E+02   5.0376769E-01
  3.0000000E+02     1   4.9090402E-01   3.9989614E-03   9.6706392E-01   3.2746672E+02   3.5778056E+02   2.4022259E+01
  3.0000000E+02     2   6.9041262E-01   8.2365127E-04   1.4934479E+00   8.0610879E+01   1.2218345E+01   3.5775029E+02
  3.0000000E+02     3   8.8139649E-01   3.8167644E-04   1.1474011E+00   3.0717518E+02   1.8446324E+02   7.2886932E-01
  3.5000000E+02     1   4.9062606E-01   2.1858584E-03   9.6655087E-01   1.1609102E+02   2.7621935E+00   2.4441060E+01
  3.5000000E+02     2   6.8945364E-01   7.2675293E-04   1.4198224E+00   7.9483224E+01   1.0254633E+02   3.5704233E+02
  3.5000000E+02     3   8.7876655E-01   3.8790575E-04   1.0466987E+00   5.2903981E+01   2.8166958E+02   1.0392798E+00
  4.0000000E+02     1   4.9037413E-01   1.1424205E-03   9.6017707E-01   3.1431506E+02   3.6258460E+00   2.4816710E+01
  4.0000000E+02     2   6.8836674E-01   7.6447941E-04   1.3512596E+00   3.3715543E+02   3.1486601E+00   3.5628669E+02
  4.0000000E+02     3   8.7640109E-01   3.4730049E-04   9.5506856E-01   8.9394948E+01   1.8164658E+02   1.3918560E+00
  4.5000000E+02     1   4.9006568E-01   8.9239172E-04   9.5438147E-01   1.9374375E+02   8.6172614E+00   2.4889925E+01
  4.5000000E+02     2   6.8739598E-01   7.6147538E-04   1.2839923E+00   2.6641026E+02   3.0114680E+02   3.5550812E+02
  4.5000000E+02     3   8.7387271E-01   3.4152178E-04   8.7221711E-01   1.7673060E+02   1.2430346E+02   1.8201404E+00
  5.0000000E+02     1   4.8979586E-01   5.4178819E-04   9.4891633E-01   1.3579768E+02   3.5587055E+02   2.4945480E+01
  5.0000000E+02     2   6.8637813E-01   7.2287536E-04   1.2196218E+00   3.5607482E+02   1.4752287E+02   3.5462387E+02
  5.0000000E+02     3   8.7143141E-01   3.2426194E-04   7.9680609E-01   1.0507984E+02   3.1968679E+02   2.3202355E+00
  5.5000000E+02     1   4.8953771E-01   2.6849655E-04   9.4200804E-01   8.4791706E+01   2.1183238E+01   2.4882025E+01
  5.5000000E+02     2   6.8543906E-01   6.7920907E-04   1.1577330E+00   1.2455058E+02   2.3858205E+01   3.5373501E+02
  5.5000000E+02     3   8.6886253E-01   3.7009002E-04   7.2870195E-01   8.6239128E+01   1.9611066E+02   2.8607214E+00
  6.0000000E+02     1   4.8920844E-01   3.3177017E-04   9.3550296E-01   1.2657288E+02   3.5860251E+02   2.4774609E+01
  6.0000000E+02     2   6.8451918E-01   5.2385906E-04   1.0977441E+00   1.4844171E+02   7.3528950E+01   3.5275247E+02
  6.0000000E+02     3   8.6649151E-01   3.0968472E-04   6.6696872E-01   3.5881264E+02   2.3516902E+02   3.4814923E+00
  6.5000000E+02     1   4.8894124E-01   2.6145292E-04   9.2867207E-01   2.2777619E+02   3.2157309E+02   2.4562635E+01
  6.5000000E+02     2   6.8339709E-01   6.6435363E-04   1.0404727E+00   3.5253086E+02   1.1544140E+01   3.5167896E+02
  6.5000000E+02     3   8.6409452E-01   3.2608370E-04   6.1122815E-01   9.9192746E+01   1.8076633E+02   4.1906765E+00
  7.0000000E+02     1   4.8866127E-01   1.0080316E-04   9.2151352E-01   5.4253288E+01   2.4421882E+02   2.4307034E+01
  7.0000000E+02     2   6.8248115E-01   6.0968693E-04   9.8528059E-01   2.1912460E+02   3.5578149E+02   3.5056083E+02
  7.0000000E+02     3   8.6156995E-01   3.7078626E-04   5.6066889E-01   2.6462334E+02   1.5584559E+02   4.9544160E+00
  7.5000000E+02     1   4.8843469E-01   1.4859200E-04   9.1377382E-01   3.4954623E+02   1.0304719E+02   2.3999348E+01
  7.5000000E+02     2   6.8152528E-01   5.9496989E-04   9.3206011E-01   8.5504119E+00   1.2577552E+02   3.4936803E+02
  7.5000000E+02     3   8.5911366E-01   3.2734306E-04   5.1538528E-01   3.2921168E+00   2.9256311E+02   5.7816409E+00
  8.0000000E+02     1   4.8811531E-01   1.0447525E-04   9.0604049E-01   2.1024803E+02   8.1500124E+01   2.3603956E+01
  8.0000000E+02     2   6.8053713E-01   5.6326413E-04   8.8055136E-01   6.2473901E+01   5.9828612E+01   3.4817522E+02
  8.0000000E+02     3   8.5674503E-01   3.4810570E-04   4.7432170E-01   3.8632397E+01   2.2783520E+02   6.6176975E+00
  8.5000000E+02     1   4.8783870E-01   1.6220935E-04   8.9813661E-01   1.3042643E+02   4.5507951E+01   2.3166792E+01
  8.5000000E+02     2   6.7959934E-01   6.3392983E-04   8.3218067E-01   1.4402560E+01   1.6457970E+02   3.4685517E+02
  8.5000000E+02     3   8.5431090E-01   3.3219260E-04   4.3704341E-01   1.4014413E+01   3.1848191E+02   7.5903120E+00
  9.0000000E+02     1   4.8757748E-01   1.6245318E-04   8.8983632E-01   2.6726752E+02   1.9796254E+02   2.2653515E+01
  9.0000000E+02     2   6.7859301E-01   6.7385356E-04   7.8390483E-01   2.3973196E+02   6.4508606E+01   3.4555446E+02
  9.0000000E+02     3   8.5196383E-01   3.6729559E-04   4.0399290E-01   2.7958519E+02   2.1491003E+02   8.4886425E+00
  9.5000000E+02     1   4.8729280E-01   1.4337628E-04   8.8130432E-01   1.6605672E+02   2.7353868E+02   2.2100097E+01
  9.5000000E+02     2   6.7759175E-01   7.0363492E-04   7.3898705E-01   1.8353310E+01   1.2002616E+02   3.4400601E+02
  9.5000000E+02     3   8.4966061E-01   2.9580512E-04   3.7402147E-01   1.1275894E+02   2.7976300E+02   9.6106027E+00
  1.0000000E+03     1   4.8699116E-01   5.9463417E-05   8.7287804E-01   2.7168099E+02   1.8738512E+02   2.1488075E+01
  1.0000000E+03     2   6.7684026E-01   2.9948724E-04   6.9891420E-01   2.0910309E+02   1.9203919E+02   3.4266345E+02
  1.0000000E+03     3   8.4719671E-01   1.9315922E-04   3.4520831E-01   3.9577456E+01   3.4759297E+02   1.0662067E+01
  1.0500000E+03     1   4.8672806E-01   2.2636048E-04   8.6399895E-01   1.6932071E+02   3.5436568E+02   2.0825129E+01
  1.0500000E+03     2   6.7569573E-01   7.0036591E-04   6.6178448E-01   1.5928614E+02   2.1426853E+02   3.4051723E+02
  1.0500000E+03     3   8.4484753E-01   3.4509522E-04   3.2083801E-01   1.0609985E+02   1.2000041E+01   1.2363885E+01
  1.1000000E+03     1   4.8645285E-01   2.1926135E-04   8.5492819E-01   3.3906442E+02   2.9442323E+02   2.0103961E+01
  1.1000000E+03     2   6.7470029E-01   7.4606035E-04   6.2182379E-01   3.4318276E+02   7.1092661E+01   3.3905517E+02
  1.1000000E+03     3   8.4257098E-01   3.4187333E-04   2.9863091E-01   8.5947951E+01   2.2110896E+02   1.3317227E+01
  1.1500000E+03     1   4.8617163E-01   1.6372605E-04   8.4583787E-01   8.8766025E+01   3.3969054E+02   1.9343497E+01
  1.1500000E+03     2   6.7378471E-01   6.7385740E-04   5.8272450E-01   2.6635799E+02   2.5780008E+02   3.3747223E+02
  1.1500000E+03     3   8.4013943E-01   3.5624224E-04   2.7895689E-01   1.8320314E+02   5.0497974E+01   1.4266372E+01
  1.2000000E+03     1   4.8592166E-01   4.7658789E-05   8.3641191E-01   5.4150382E+01   2.1448554E+02   1.8527536E+01
  1.2000000E+03     2   6.7282051E-01   6.4723577E-04   5.4490569E-01   2.4455346E+02   9.8545239E+01   3.3577003E+02
  1.2000000E+03     3   8.3788006E-01   3.9464052E-04   2.6152867E-01   1.2653034E+01   2.4586572E+02   1.5198563E+01
  1.2500000E+03     1   4.8562757E-01   2.0581091E-04   8.2700489E-01   2.3901871E+02   2.7501625E+02   1.7678669E+01
  1.2500000E+03     2   6.7193015E-01   6.8404247E-04   5.0926410E-01   3.1963724E+02   2.7174440E+02   3.3403037E+02
  1.2500000E+03     3   8.3539732E-01   3.8845054E-04   2.4542630E-01   3.2568112E+02   5.6097396E+01   1.6116523E+01
  1.3000000E+03     1   4.8534425E-01   2.0376887E-04   8.1733982E-01   8.2376706E+01   2.3239846E+00   1.6773787E+01
  1.3000000E+03     2   6.7092364E-01   7.6708640E-04   4.7519083E-01   2.9452441E+02   2.5443547E+02   3.3223994E+02
  1.3000000E+03     3   8.3313096E-01   3.7364496E-04   2.3083957E-01   2.0581319E+02   3.8199480E+01   1.6954840E+01
  1.3500000E+03     1   4.8507325E-01   2.6153140E-04   8.0747404E-01   2.8953356E+01   3.1681538E+01   1.5816995E+01
  1.3500000E+03     2   6.6998013E-01   6.5654518E-04   4.4243600E-01   1.5611002E+02   5.9947989E+01   3.3039831E+02
  1.3500000E+03     3   8.3084393E-01   3.7269787E-04   2.1757174E-01   1.4516319E+01   1.9105002E+02   1.7723380E+01
  1.4000000E+03     1   4.8481071E-01   2.5681102E-05   7.9766904E-01   2.0178624E+02   2.4008506E+02   1.4826696E+01
  1.4000000E+03     2   6.6939068E-01   3.7975631E-04   4.1111330E-01   3.2550861E+02   3.4719591E+02   3.2848202E+02
  1.4000000E+03     3   8.2832469E-01   2.3115563E-04   2.0548497E-01   1.5670320E+02   1.1020971E+02   1.8399219E+01
  1.4500000E+03     1   4.8450853E-01   1.8474929E-04   7.8755860E-01   2.1047048E+02   2.9796581E+02   1.3787640E+01
  1.4500000E+03     2   6.6850356E-01   5.8362456E-04   3.8111817E-01   3.5086654E+02   1.2825728E+02   3.2654872E+02
  1.4500000E+03     3   8.2602333E-01   2.4831204E-04   1.9432492E-01   1.7808954E+02   2.5031609E+02   1.8960531E+01
  1.5000000E+03     1   4.8423780E-01   3.1303218E-04   7.7742090E-01   1.8279218E+02   7.7568661E+01   1.2724776E+01
  1.5000000E+03     2   6.6719345E-01   6.8984379E-04   3.5269643E-01   1.8790859E+02   1.6759101E+02   3.2464534E+02
  1.5000000E+03     3   8.2391883E-01   4.2249701E-04   1.8381930E-01   4.2680389E+01   2.8773668E+02   1.9390474E+01
  1.5500000E+03     1   4.8397536E-01   3.6576682E-04   7.6717688E-01   1.5189032E+02   2.6574985E+02   1.1607549E+01
  1.5500000E+03     2   6.6615297E-01   8.8647029E-04   3.2562924E-01   3.3864567E+02   3.2334693E+02   3.2263114E+02
  1.5500000E+03     3   8.2161830E-01   4.6563081E-04   1.7415671E-01   2.5146201E+02   8.1909623E+01   1.9752394E+01
  1.6000000E+03     1   4.8375110E-01   2.6776297E-04   7.5663140E-01   3.3597564E+02   2.8435576E+02   1.0463064E+01
  1.6000000E+03     2   6.6529406E-01   9.5299711E-04   2.9987912E-01   1.0062779E+01   3.0880442E+02   3.2057595E+02
  1.6000000E+03     3   8.1921313E-01   5.2015170E-04   1.6513603E-01   7.1888472E+00   7.0458814E+01   1.9998353E+01
  1.6500000E+03     1   4.8343691E-01   3.4756437E-04   7.4628203E-01   8.7556997E+01   6.0886694E+01   9.2639406E+00
  1.6500000E+03     2   6.6425454E-01   1.0562606E-03   2.7519809E-01   2.7555201E+02   1.3081776E+02   3.1846345E+02
  1.6500000E+03     3   8.1705296E-01   5.8314791E-04   1.5674923E-01   3.4973067E+01   2.4866707E+02   2.0131013E+01
  1.7000000E+03     1   4.8315048E-01   2.9920201E-04   7.3573390E-01   6.5305758E+01   1.6696034E+01   8.0475049E+00
  1.7000000E+03     2   6.6334735E-01   1.2466290E-03   2.5227632E-01   3.3984327E+02   2.2505326E+02   3.1634903E+02
  1.7000000E+03     3   8.1474567E-01   5.7514755E-04   1.4865466E-01   2.5024888E+02   3.4133678E+02   2.0207886E+01
  1.7500000E+03     1   4.8288093E-01   2.6295198E-04   7.2521866E-01   2.2270182E+02   1.9832657E+02   6.7695112E+00
  1.7500000E+03     2   6.6239832E-01   1.3640534E-03   2.2999980E-01   6.4172345E+00   6.8191945E+01   3.1417657E+02
  1.7500000E+03     3   8.1249409E-01   6.5153293E-04   1.4115861E-01   1.0386311E+02   1.7821837E+02   2.0109638E+01
  1.8000000E+03     1   4.8263553E-01   4.1384785E-04   7.1454550E-01   8.7711121E+00   7.6796678E+01   5.4730263E+00
  1.8000000E+03     2   6.6147083E-01   1.4181524E-03   2.0894086E-01   2.0366957E+02   1.7242094E+02   3.1204127E+02
  1.8000000E+03     3   8.1020414E-01   7.4656741E-04   1.3390435E-01   1.5213505E+02   2.8314460E+02   1.9891676E+01
  1.8500000E+03     1   4.8234983E-01   8.9747091E-05   7.0381576E-01   2.7944528E+02   2.3616255E+02   4.1512953E+00
  1.8500000E+03     2   6.6075592E-01   1.3436004E-03   1.8932968E-01   3.0060182E+02   8.9256850E+01   3.0993054E+02
  1.8500000E+03     3   8.0786133E-01   7.1795014E-04   1.2687705E-01   1.3762488E+02   1.9380924E+02   1.9628832E+01
  1.9000000E+03     1   4.8206168E-01   3.9939598E-04   6.9311064E-01   2.2407197E+02   4.7137397E+01   2.7805257E+00
  1.9000000E+03     2   6.5948953E-01   1.8997597E-03   1.7029873E-01   3.1476262E+02   1.6195711E+02   3.0762359E+02
  1.9000000E+03     3   8.0578882E-01   1.0056615E-03   1.2044537E-01   6.3465361E+01   2.6748514E+02   1.9201717E+01
  1.9500000E+03     1   4.8181305E-01   4.2529732E-04   6.8232298E-01   2.9412495E+02   1.3825117E+02   1.3862037E+00
  1.9500000E+03     2   6.5856914E-01   2.2598146E-03   1.5284416E-01   1.7463967E+02   1.0307324E+02   3.0551091E+02
  1.9500000E+03     3   8.0349945E-01   1.1739172E-03   1.1393089E-01   2.2784011E+02   2.0583823E+02   1.8746983E+01
  2.0000000E+03     1   4.8154485E-01   2.0481648E-04   6.7165215E-01   2.7433935E+02   4.8103816E+00   3.5994863E+02
  2.0000000E+03     2   6.5758763E-01   2.5871785E-03   1.3632364E-01   2.8573473E+02   2.2892872E+02   3.0326310E+02
  2.0000000E+03     3   8.0127144E-01   1.3719393E-03   1.0785353E-01   3.1243116E+02   3.2722660E+02   1.8239689E+01
  2.0500000E+03     1   4.8124104E-01   1.0090518E-04   6.6079493E-01   1.9951640E+02   3.3204781E+02   3.5848907E+02
  2.0500000E+03     2   6.5656116E-01   3.1650348E-03   1.2047678E-01   3.0894159E+02   1.6099579E+02   3.0115316E+02
  2.0500000E+03     3   7.9908901E-01   1.6695082E-03   1.0190011E-01   3.2950218E+02   2.5910935E+02   1.7563539E+01
  2.1000000E+03     1   4.8100299E-01   2.7428284E-04   6.5000857E-01   7.6062299E+00   1.0197310E+02   3.5698430E+02
  2.1000000E+03     2   6.5546086E-01   4.1021648E-03   1.0620785E-01   2.5382947E+02   2.5398128E+02   2.9921752E+02
  2.1000000E+03     3   7.9694081E-01   2.0887073E-03   9.6007185E-02   2.9025518E+02   3.4908681E+02   1.6971582E+01
  2.1500000E+03     1   4.8073534E-01   5.5345685E-04   6.3930441E-01   3.5315893E+02   1.0016625E+02   3.5546452E+02
  2.1500000E+03     2   6.5421520E-01   5.0078869E-03   9.2346218E-02   1.5853476E+02   1.1659171E+02   2.9732034E+02
  2.1500000E+03     3   7.9492742E-01   2.5794546E-03   9.0379121E-02   2.2178937E+02   2.0858975E+02   1.6199057E+01
  2.2000000E+03     1   4.8043853E-01   2.6209231E-04   6.2850500E-01   2.4490773E+02   2.3785137E+02   3.5389371E+02
  2.2000000E+03     2   6.5287691E-01   5.9535898E-03   8.0010596E-02   6.5438150E+01   7.5654056E+01   2.9561109E+02
  2.2000000E+03     3   7.9293319E-01   2.9540876E-03   8.4917703E-02   1.5530573E+02   1.6354710E+02   1.5586957E+01
  2.2500000E+03     1   4.8016719E-01   5.6524114E-04   6.1785590E-01   9.5990749E+01   1.0196144E+02   3.5231004E+02
  2.2500000E+03     2   6.5140548E-01   6.6715256E-03   6.8213463E-02   2.8038648E+01   8.7357683E+01   2.9415769E+02
  2.2500000E+03     3   7.9100939E-01   3.2512716E-03   7.9611057E-02   1.2654311E+02   1.7594274E+02   1.4842493E+01
  2.3000000E+03     1   4.7989290E-01   6.0398494E-04   6.0706952E-01   1.7749565E+02   1.4141559E+02   3.5068593E+02
  2.3000000E+03     2   6.4991553E-01   6.9917438E-03   5.7127795E-02   7.8068126E+01   1.2746271E+02   2.9287365E+02
  2.3000000E+03     3   7.8909767E-01   3.3967762E-03   7.4612226E-02   1.6495722E+02   2.1452628E+02   1.4067882E+01
  2.3500000E+03     1   4.7962043E-01   2.6734779E-04   5.9653086E-01   1.3996261E+02   3.4571572E+02   3.4901836E+02
  2.3500000E+03     2   6.4844014E-01   6.9676597E-03   4.7290283E-02   2.3582702E+02   1.7975156E+02   2.9185877E+02
  2.3500000E+03     3   7.8715524E-01   3.4391796E-03   6.9834027E-02   2.8385393E+02   2.6507894E+02   1.3479193E+01
  2.4000000E+03     1   4.7940346E-01   5.8191132E-04   5.8591681E-01   6.6725815E+01   2.7156973E+02   3.4731645E+02
  2.4000000E+03     2   6.4691340E-01   7.0891145E-03   3.8244132E-02   1.5433594E+02   2.3203745E+02   2.9232596E+02
  2.4000000E+03     3   7.8525593E-01   3.4028285E-03   6.5008994E-02   1.3058281E+02   3.2034920E+02   1.2885976E+01
  2.4500000E+03     1   4.7908657E-01   4.7707099E-04   5.7528981E-01   2.1773520E+02   1.8969293E+01   3.4559568E+02
  2.4500000E+03     2   6.4531796E-01   6.9784111E-03   2.9529854E-02   1.9185696E+02   2.8776763E+02   2.9380562E+02
  2.4500000E+03     3   7.8348323E-01   3.2797345E-03   6.0540059E-02   6.8699266E+01   1.7001356E+01   1.2140775E+01
  2.5000000E+03     1   4.7882098E-01   6.9871981E-04   5.6476271E-01   3.3819607E+02   2.0285555E+02   3.4384470E+02
  2.5000000E+03     2   6.4377493E-01   7.2923435E-03   2.1886624E-02   6.7453961E+00   3.2817673E+02   2.9707704E+02
  2.5000000E+03     3   7.8162584E-01   3.5185209E-03   5.6386281E-02   1.1245890E+02   6.0788879E+01   1.1591328E+01
  2.5500000E+03     1   4.7853711E-01   5.6801307E-04   5.5435844E-01   3.2875185E+02   2.0260304E+02   3.4205194E+02
  2.5500000E+03     2   6.4227742E-01   7.1485958E-03   1.5590205E-02   2.9433463E+02   1.5037346E+01   3.0598775E+02
  2.5500000E+03     3   7.7969481E-01   3.3625251E-03   5.2247663E-02   2.3601729E+02   1.1775297E+02   1.1218362E+01
  2.6000000E+03     1   4.7827808E-01   9.4992924E-04   5.4389007E-01   1.8200113E+02   2.5600554E+01   3.4021465E+02
  2.6000000E+03     2   6.4068659E-01   7.0660696E-03   1.0655611E-02   3.5875378E+02   3.8191396E+01   3.2684591E+02
  2.6000000E+03     3   7.7789708E-01   3.5362800E-03   4.8346695E-02   1.0564436E+02   1.6239715E+02   1.0702945E+01
  2.6500000E+03     1   4.7802756E-01   3.9494333E-04   5.3354808E-01   3.4462498E+02   3.0529264E+02   3.3836506E+02
  2.6500000E+03     2   6.3920947E-01   6.9105101E-03   9.0436089E-03   1.7750135E+02   5.9546515E+01   8.6721004E-01
  2.6500000E+03     3   7.7606741E-01   3.3263630E-03   4.4755687E-02   5.7289980E+01   2.1865356E+02   1.0378538E+01
  2.7000000E+03     1   4.7776357E-01   7.5774156E-04   5.2340928E-01   4.5343709E+01   1.2976405E+01   3.3647636E+02
  2.7000000E+03     2   6.3772451E-01   7.2162075E-03   1.1227471E-02   1.3278900E+02   7.6067888E+01   2.8978309E+01
  2.7000000E+03     3   7.7411709E-01   3.4257124E-03   4.1293418E-02   1.1529656E+02   2.6257856E+02   1.0316278E+01
  2.7500000E+03     1   4.7748405E-01   9.6996218E-04   5.1322660E-01   2.9945578E+02   2.9340605E+02   3.3456098E+02
  2.7500000E+03     2   6.3619233E-01   7.3207046E-03   1.5262664E-02   2.1518978E+02   1.0642116E+02   4.2686119E+01
  2.7500000E+03     3   7.7228742E-01   3.5115257E-03   3.7964510E-02   2.6716140E+02   3.0708334E+02   1.0298148E+01
  2.8000000E+03     1   4.7719366E-01   1.3206589E-03   5.0324318E-01   1.6864009E+02   2.8505540E+02   3.3261317E+02
  2.8000000E+03     2   6.3462394E-01   7.1942642E-03   1.9509685E-02   6.6972176E+01   1.4171200E+02   4.9032892E+01
  2.8000000E+03     3   7.7048750E-01   3.5227135E-03   3.4920961E-02   1.5549968E+02   3.4988338E+02   1.0428942E+01
  2.8500000E+03     1   4.7692431E-01   7.5523623E-04   4.9312156E-01   2.6435565E+02   9.6401715E+01   3.3059383E+02
  2.8500000E+03     2   6.3313249E-01   7.1690258E-03   2.3628568E-02   4.1026353E+01   1.8630351E+02   5.1316555E+01
  2.8500000E+03     3   7.6864121E-01   3.4656912E-03   3.2105509E-02   1.3912475E+02   3.2296670E+01   1.0913690E+01
  2.9000000E+03     1   4.7667390E-01   1.7198639E-03   4.8313947E-01   3.0510159E+02   9.3684645E+00   3.2859633E+02
  2.9000000E+03     2   6.3163202E-01   7.1167022E-03   2.7472730E-02   1.5036362E+02   2.2533163E+02   5.1648939E+01
  2.9000000E+03     3   7.6680157E-01   3.5635251E-03   2.9444620E-02   2.1745969E+02   7.5361718E+01   1.1623226E+01
  2.9500000E+03     1   4.7635430E-01   1.5907719E-03   4.7346606E-01   2.1420724E+02   1.0039520E+02   3.2656433E+02
  2.9500000E+03     2   6.3020760E-01   7.3659211E-03   3.1074392E-02   2.3369736E+01   2.6992780E+02   5.1085912E+01
  2.9500000E+03     3   7.6490821E-01   3.4678948E-03   2.6964631E-02   3.1289997E+01   1.1854391E+02   1.2642004E+01
  3.0000000E+03     1   4.7608393E-01   1.5979283E-03   4.6367981E-01   9.5216743E+01   2.6677222E+02   3.2450155E+02
  3.0000000E+03     2   6.2863315E-01   7.3840607E-03   3.4353974E-02   2.5731353E+01   3.1430569E+02   5.0044258E+01
  3.0000000E+03     3   7.6316564E-01   3.3289317E-03   2.4753589E-02   3.0480587E+02   1.5807645E+02   1.3895992E+01
  3.0500000E+03     1   4.7584061E-01   1.2243086E-03   4.5392282E-01   1.9026720E+02   2.6653485E+02   3.2241982E+02
  3.0500000E+03     2   6.2710062E-01   7.2762912E-03   3.7239387E-02   1.7315530E+02   3.4337361E+02   4.8305302E+01
  3.0500000E+03     3   7.6139257E-01   3.5471932E-03   2.2747169E-02   3.2522855E+02   1.8678238E+02   1.5684306E+01
  3.1000000E+03     1   4.7556210E-01   4.3701666E-03   4.4492429E-01   1.4156746E+02   9.6378893E+01   3.2026284E+02
  3.1000000E+03     2   6.2568132E-01   6.4938616E-03   3.9986887E-02   6.4276453E+01   3.9163071E+01   4.6482881E+01
  3.1000000E+03     3   7.5946820E-01   3.5652612E-03   2.0926118E-02   6.7860578E+01   2.2957426E+02   1.7953031E+01
  3.1500000E+03     1   4.7532930E-01   3.1142345E-03   4.3560047E-01   9.9501582E+01   3.3604504E+02   3.1817651E+02
  3.1500000E+03     2   6.2409752E-01   7.0672246E-03   4.2158291E-02   1.1922279E+02   6.0101152E+01   4.4414573E+01
  3.1500000E+03     3   7.5776306E-01   3.2424466E-03   1.9384407E-02   2.8132068E+02   2.5801165E+02   2.0550246E+01
  3.2000000E+03     1   4.7480294E-01   1.3240415E-02   4.2706517E-01   2.1639051E+02   9.4714321E+01   3.1629959E+02
  3.2000000E+03     2   6.2269376E-01   6.3260948E-03   4.3720257E-02   3.1347584E+02   8.4300677E+01   4.2414852E+01
  3.2000000E+03     3   7.5596604E-01   3.2874985E-03   1.7968595E-02   2.7335818E+02   2.4164530E+02   2.3330074E+01
  3.2500000E+03     1   4.7421049E-01   1.6494331E-02   4.1563224E-01   3.5090050E+02   3.1376259E+02   3.1429564E+02
  3.2500000E+03     2   6.2126849E-01   8.9441346E-03   4.5383292E-02   2.6670673E+02   9.9054186E+01   3.8895313E+01
  3.2500000E+03     3   7.5422668E-01   3.6488728E-03   1.6782296E-02   2.8602884E+02   3.0337578E+02   2.6591085E+01
  3.3000000E+03     1   4.7303471E-01   1.0812050E-02   4.0683271E-01   2.0492126E+02   2.5951519E+02   3.1251383E+02
  3.3000000E+03     2   6.2030422E-01   9.0688235E-03   4.6093021E-02   2.1487891E+02   2.2665250E+02   3.6058483E+01
  3.3000000E+03     3   7.5242334E-01   5.0686339E-03   1.5858327E-02   1.5103804E+01   2.4389776E+01   3.0475779E+01
  3.3500000E+03     1   4.7261399E-01   1.4912142E-02   3.9830800E-01   1.2144920E+02   2.6313714E+02   3.0947463E+02
  3.3500000E+03     2   6.1862963E-01   1.0231467E-02   4.8481825E-02   2.9894419E+02   3.4470711E+02   3.4412037E+01
  3.3500000E+03     3   7.5077371E-01   3.6487839E-03   1.5661398E-02   1.3918542E+02   1.6808060E+02   3.3541821E+01
  3.4000000E+03     1   4.7058718E-01   3.1338143E-02   3.9006616E-01   3.0672269E+02   2.4498756E+02   3.0779106E+02
  3.4000000E+03     2   6.1736651E-01   7.9289514E-03   4.8645299E-02   1.4341805E+02   9.8020542E+01   3.1981860E+01
  3.4000000E+03     3   7.4930625E-01   5.1305792E-03   1.5018343E-02   2.3384146E+01   2.7743366E+02   3.6510514E+01
  3.4500000E+03     1   4.7019446E-01   9.4271513E-03   3.7888649E-01   3.5652801E+02   1.6335016E+02   3.0560909E+02
  3.4500000E+03     2   6.1584196E-01   8.4863603E-03   4.9498089E-02   1.6593865E+02   1.8473405E+02   2.7965872E+01
  3.4500000E+03     3   7.4745609E-01   3.1224092E-03   1.4775765E-02   6.8145434E+01   3.1545896E+02   4.0581148E+01
  3.5000000E+03     1   4.6917331E-01   2.2617606E-02   3.6839590E-01   3.3921690E+02   2.6948669E+02   3.0313068E+02
  3.5000000E+03     2   6.1485225E-01   7.7176362E-03   5.0826740E-02   2.9298914E+02   2.8437682E+02   2.5310149E+01
  3.5000000E+03     3   7.4565748E-01   3.6929136E-03   1.4540108E-02   1.7538030E+02   3.4482413E+01   4.2553981E+01
  3.5500000E+03     1   4.6739146E-01   2.5603853E-02   3.5922743E-01   4.1476165E+01   2.4934558E+02   3.0124496E+02
  3.5500000E+03     2   6.1316416E-01   1.0146798E-02   5.0846797E-02   2.1405701E+02   3.4035213E+02   2.1977591E+01
  3.5500000E+03     3   7.4437571E-01   3.2925927E-03   1.4409399E-02   1.2887484E+00   1.1616210E+02   4.5542212E+01
  3.6000000E+03     1   4.6703985E-01   6.0020635E-03   3.4985260E-01   2.0562160E+02   2.8333974E+02   2.9953409E+02
  3.6000000E+03     2   6.1182443E-01   4.6851108E-03   5.0175914E-02   2.4434757E+02   6.2094166E+01   1.8562959E+01
  3.6000000E+03     3   7.4233787E-01   3.6622621E-03   1.4489253E-02   3.0855007E+02   1.7595276E+02   4.8197700E+01
  3.6500000E+03     1   4.6591602E-01   2.7917384E-02   3.4455880E-01   2.2367222E+02   2.0243599E+02   2.9707397E+02
  3.6500000E+03     2   6.1052890E-01   3.2091659E-03   5.0525634E-02   1.2381418E+02   6.8693469E+01   1.6496050E+01
  3.6500000E+03     3   7.4084168E-01   3.9967256E-03   1.4774949E-02   2.8562194E+00   2.2598223E+02   5.0546269E+01
  3.7000000E+03     1   4.6441452E-01   1.5712096E-02   3.3768889E-01   1.5898838E+02   1.7642856E+02   2.9501503E+02
  3.7000000E+03     2   6.0919461E-01   8.6466139E-03   4.9975767E-02   3.5918687E+02   1.8446108E+02   1.4027441E+01
  3.7000000E+03     3   7.3923640E-01   3.8374953E-03   1.5015935E-02   1.1734896E+02   3.0111241E+02   5.1794148E+01
  3.7500000E+03     1   4.6375520E-01   1.2046028E-02   3.2735977E-01   1.4843105E+02   2.3817904E+02   2.9222429E+02
  3.7500000E+03     2   6.0794936E-01   6.3022899E-03   5.1331192E-02   1.0715380E+00   3.0225671E+02   1.0879902E+01
  3.7500000E+03     3   7.3744172E-01   4.0884059E-03   1.5065126E-02   3.1031674E+02   4.1412174E+01   5.2602086E+01
  3.8000000E+03     1   4.6303973E-01   1.5001667E-02   3.2009418E-01   2.3702163E+02   3.1578591E+02   2.9033640E+02
  3.8000000E+03     2   6.0631030E-01   1.1890209E-02   5.0548903E-02   1.4937949E+02   4.6904567E+01   6.9508125E+00
  3.8000000E+03     3   7.3591437E-01   3.5965457E-03   1.5560922E-02   2.2655529E+02   1.5558062E+02   5.4550393E+01
  3.8500000E+03     1   4.6138388E-01   3.0053415E-02   3.1202785E-01   3.2136215E+02   3.0527513E+02   2.8775733E+02
  3.8500000E+03     2   6.0525013E-01   9.5605313E-03   5.0779953E-02   6.2876632E+01   1.3966093E+02   4.0547123E+00
  3.8500000E+03     3   7.3441692E-01   4.7805142E-03   1.5801015E-02   2.2716162E+02   2.7622774E+02   5.4490495E+01
  3.9000000E+03     1   4.6085287E-01   8.8833777E-03   3.0809777E-01   2.5392530E+02   2.4872964E+02   2.8537711E+02
  3.9000000E+03     2   6.0371893E-01   6.1480473E-03   5.0467158E-02   1.4745301E+02   2.1370502E+02   2.3878347E+00
  3.9000000E+03     3   7.3258645E-01   3.4721770E-03   1.6067017E-02   6.0735555E+01   2.9755417E+02   5.4867602E+01
  3.9500000E+03     1   4.5931169E-01   3.0174947E-02   3.0039223E-01   2.4207538E+02   2.9073692E+02   2.8320303E+02
  3.9500000E+03     2   6.0262181E-01   7.4330352E-03   4.9550191E-02   3.3148496E+02   3.0873476E+02   3.5952987E+02
  3.9500000E+03     3   7.3102742E-01   3.8389656E-03   1.6218799E-02   3.0489001E+02   1.1335111E+01   5.3749400E+01
  4.0000000E+03     1   4.5877836E-01   2.7721340E-03   2.9386413E-01   3.0503024E+02   1.8918979E+02   2.8153948E+02
  4.0000000E+03     2   6.0096604E-01   4.3692396E-03   4.8059736E-02   2.6287647E+02   4.8931161E+01   3.5609846E+02
  4.0000000E+03     3   7.2932600E-01   3.7005969E-03   1.6521088E-02   2.2525961E+02   1.3985783E+02   5.3750830E+01
  4.0500000E+03     1   4.5791815E-01   1.2137494E-02   2.8408056E-01   1.0351954E+02   8.3605346E+01   2.7886814E+02
  4.0500000E+03     2   5.9981860E-01   2.9701542E-03   4.8272562E-02   1.6015841E+01   1.1711322E+02   3.5250674E+02
  4.0500000E+03     3   7.2761301E-01   3.6468334E-03   1.6641404E-02   3.3505738E+02   1.8042335E+02   5.2552559E+01
  4.1000000E+03     1   4.5709765E-01   2.0243337E-02   2.7639583E-01   1.1710566E+02   2.6304739E+02   2.7651832E+02
  4.1000000E+03     2   5.9846730E-01   3.9515976E-03   4.8006493E-02   3.2396581E+02   1.2064824E+02   3.4929227E+02
  4.1000000E+03     3   7.2602449E-01   3.7609891E-03   1.6732121E-02   1.4515485E+02   2.5890526E+02   5.1818310E+01
  4.1500000E+03     1   4.5633078E-01   2.3503011E-02   2.7296950E-01   1.3791823E+02   2.3763664E+02   2.7386317E+02
  4.1500000E+03     2   5.9676746E-01   6.1418166E-03   4.7797969E-02   6.9399334E+00   1.7009310E+02   3.4698375E+02
  4.1500000E+03     3   7.2455589E-01   3.8795581E-03   1.7098152E-02   1.1341801E+02   2.7222428E+02   5.1462487E+01
  4.2000000E+03     1   4.5525771E-01   2.6871043E-02   2.6803554E-01   3.3303381E+02   2.2052768E+02   2.7094891E+02
  4.2000000E+03     2   5.9546114E-01   6.6008685E-03   4.7619287E-02   2.3238343E+02   1.7325074E+02   3.4423733E+02
  4.2000000E+03     3   7.2297575E-01   3.4640783E-03   1.7468501E-02   1.9398049E+02   2.6904892E+02   5.0185123E+01
  4.2500000E+03     1   4.5435509E-01   1.5094412E-02   2.5974655E-01   3.7799916E+01   2.1364832E+02   2.6786349E+02
  4.2500000E+03     2   5.9394926E-01   9.8628571E-03   4.7752067E-02   2.4685103E+02   1.5068781E+02   3.4091438E+02
  4.2500000E+03     3   7.2141898E-01   3.6897907E-03   1.7594021E-02   9.9869505E+00   2.6711547E+02   4.8200683E+01
  4.3000000E+03     1   4.5353900E-01   2.2058326E-02   2.5119152E-01   2.6158134E+02   1.6226689E+02   2.6537688E+02
  4.3000000E+03     2   5.9267489E-01   7.6397526E-03   4.7005708E-02   1.6234589E+01   1.5917893E+02   3.3784227E+02
  4.3000000E+03     3   7.1974788E-01   3.1681724E-03   1.7418527E-02   3.0302985E+02   2.5073434E+02   4.5859199E+01
  4.3500000E+03     1   4.5206199E-01   3.4419473E-02   2.4463089E-01   2.6850419E+02   1.6845944E+02   2.6231358E+02
  4.3500000E+03     2   5.9161986E-01   4.8766488E-03   4.6437051E-02   3.2901040E+02   1.1419341E+02   3.3506566E+02
  4.3500000E+03     3   7.1816235E-01   3.6888237E-03   1.7522009E-02   3.5530300E+02   2.1150963E+02   4.3202772E+01
  4.4000000E+03     1   4.4988655E-01   2.6645757E-02   2.3955073E-01   3.3182047E+02   1.7629665E+02   2.6003616E+02
  4.4000000E+03     2   5.9085099E-01   1.0167306E-02   4.5027853E-02   2.5557963E+02   1.7973592E+02   3.3174736E+02
  4.4000000E+03     3   7.1661096E-01   5.5182142E-03   1.7732066E-02   3.9327780E+01   2.7316982E+02   4.1427670E+01
  4.4500000E+03     1   4.4883676E-01   1.8972468E-02   2.3377853E-01   3.1152738E+02   1.8449361E+02   2.5781028E+02
  4.4500000E+03     2   5.8941945E-01   8.7811241E-03   4.3828594E-02   2.8011022E+02   2.7906562E+02   3.2925914E+02
  4.4500000E+03     3   7.1497110E-01   4.1010869E-03   1.7506352E-02   1.3696557E+02   2.0197491E+01   3.9402628E+01
  4.5000000E+03     1   4.4820337E-01   1.3054575E-02   2.2744623E-01   1.7930822E+01   2.5324096E+02   2.5518385E+02
  4.5000000E+03     2   5.8798139E-01   8.2555055E-03   4.3047969E-02   1.0673187E+02   5.1516989E+00   3.2585784E+02
  4.5000000E+03     3   7.1334912E-01   3.7891446E-03   1.7561697E-02   2.2992265E+01   8.1794551E+01   3.7351851E+01
  4.5500000E+03     1   4.4720419E-01   1.3057160E-03   2.2225934E-01   2.7225880E+02   3.3168137E+02   2.5297273E+02
  4.5500000E+03     2   5.8671681E-01   1.1748192E-02   4.1800292E-02   3.4283701E+02   1.5302724E+02   3.2335148E+02
  4.5500000E+03     3   7.1173522E-01   4.4737729E-03   1.7330963E-02   2.8532389E+02   2.3335885E+02   3.5266096E+01
  4.6000000E+03     1   4.4613383E-01   7.6999615E-03   2.1747605E-01   2.1986722E+02   1.9891516E+02   2.5050033E+02
  4.6000000E+03     2   5.8539478E-01   1.2879161E-02   4.1050859E-02   3.5104485E+02   2.9972484E+02   3.2073358E+02
  4.6000000E+03     3   7.1019204E-01   4.7762226E-03   1.7175860E-02   2.8546011E+02   2.7559030E+01   3.3521284E+01
  4.6500000E+03     1   4.4520492E-01   8.3693616E-03   2.1235992E-01   1.1864133E+02   3.1123566E+02   2.4810579E+02
  4.6500000E+03     2   5.8405275E-01   1.1883295E-02   4.0198078E-02   1.5410565E+02   7.3191215E+01   3.1765337E+02
  4.6500000E+03     3   7.0859813E-01   4.4968423E-03   1.7081034E-02   4.8188289E+01   1.5894542E+02   3.1734917E+01
  4.7000000E+03     1   4.4421614E-01   5.4645673E-03   2.0706215E-01   1.9072599E+02   9.4038266E+01   2.4584331E+02
  4.7000000E+03     2   5.8289018E-01   1.2023850E-02   3.8829904E-02   8.8116016E+01   2.0942945E+02   3.1427808E+02
  4.7000000E+03     3   7.0695838E-01   4.7641395E-03   1.7036349E-02   2.7244999E+02   2.9140105E+02   2.9297881E+01
  4.7500000E+03     1   4.4321218E-01   6.8535940E-03   2.0239940E-01   1.0089690E+02   2.4176365E+02   2.4359217E+02
  4.7500000E+03     2   5.8147932E-01   1.2441840E-02   3.7515920E-02   1.5153823E+02   3.5066506E+02   3.1175597E+02
  4.7500000E+03     3   7.0536533E-01   4.8623360E-03   1.6781186E-02   2.2866458E+02   7.3867455E+01   2.6814682E+01
  4.8000000E+03     1   4.4221712E-01   7.2077757E-03   1.9802411E-01   2.3208936E+02   1.3079564E+01   2.4123126E+02
  4.8000000E+03     2   5.8018269E-01   1.2201131E-02   3.6585599E-02   3.5276924E+02   1.3100034E+02   3.0943285E+02
  4.8000000E+03     3   7.0382535E-01   4.5787297E-03   1.6473938E-02   2.8865401E+02   2.1415643E+02   2.4700014E+01
  4.8500000E+03     1   4.4123373E-01   6.5576569E-03   1.9341027E-01   2.0417508E+02   1.5017376E+02   2.3877929E+02
  4.8500000E+03     2   5.7885640E-01   1.2317647E-02   3.5855775E-02   3.3711147E+02   2.6548452E+02   3.0642253E+02
  4.8500000E+03     3   7.0225685E-01   4.7905588E-03   1.6315076E-02   9.7655705E+01   3.4773615E+02   2.2772973E+01
  4.9000000E+03     1   4.4024714E-01   6.7480342E-03   1.8858742E-01   2.1239007E+01   2.8851219E+02   2.3643434E+02
  4.9000000E+03     2   5.7755730E-01   1.2150827E-02   3.4776738E-02   9.1689025E+01   4.7365442E+01   3.0319830E+02
  4.9000000E+03     3   7.0070759E-01   4.6267832E-03   1.6170200E-02   2.1250115E+00   1.2907418E+02   2.0350741E+01
  4.9500000E+03     1   4.3926435E-01   6.6743425E-03   1.8422571E-01   4.9402979E+01   6.2750185E+01   2.3419239E+02
  4.9500000E+03     2   5.7632765E-01   1.2168761E-02   3.3422071E-02   3.5230385E+02   1.8055027E+02   3.0041971E+02
  4.9500000E+03     3   6.9904575E-01   4.7457061E-03   1.5934834E-02   1.8096442E+01   2.6237476E+02   1.7607254E+01
  5.0000000E+03     1   4.3827542E-01   6.7666387E-03   1.8031916E-01   2.8657859E+02   1.9616041E+02   2.3181656E+02
  5.0000000E+03     2   5.7498823E-01   1.2347001E-02   3.2486517E-02   3.1318047E+01   3.1301741E+02   2.9818812E+02
  5.0000000E+03     3   6.9753056E-01   4.7913732E-03   1.5602205E-02   1.3849500E+02   3.4224081E+01   1.5290765E+01
  5.0500000E+03     1   4.3733845E-01   6.5744387E-03   1.7615699E-01   1.1730169E+01   3.3028221E+02   2.2935252E+02
  5.0500000E+03     2   5.7368049E-01   1.2233399E-02   3.1802684E-02   2.0931928E+02   8.5921530E+01   2.9528234E+02
  5.0500000E+03     3   6.9603306E-01   4.8983860E-03   1.5393063E-02   1.8613765E+00   1.6669481E+02   1.3213114E+01
  5.1000000E+03     1   4.3635515E-01   6.6345065E-03   1.7173629E-01   3.0836396E+02   1.0220917E+02   2.2700005E+02
  5.1000000E+03     2   5.7242961E-01   1.2177811E-02   3.0761880E-02   1.6682888E+02   2.1904879E+02   2.9196075E+02
  5.1000000E+03     3   6.9446183E-01   4.8771099E-03   1.5236369E-02   3.3042739E+02   2.9870984E+02   1.0615058E+01
  5.1500000E+03     1   4.3538157E-01   6.7356911E-03   1.6788229E-01   9.6838656E+01   2.3240112E+02   2.2470727E+02
  5.1500000E+03     2   5.7109734E-01   1.2322122E-02   2.9559944E-02   2.6466452E+02   3.5082957E+02   2.8946740E+02
  5.1500000E+03     3   6.9291393E-01   4.8742332E-03   1.4933841E-02   4.2596237E+01   7.1888423E+01   7.7996598E+00
  5.2000000E+03     1   4.3436364E-01   6.8054160E-03   1.6429641E-01   9.5824312E+01   3.1416423E+00   2.2228155E+02
  5.2000000E+03     2   5.6986582E-01   1.2284852E-02   2.8807300E-02   1.4292661E+02   1.2219090E+02   2.8725838E+02
  5.2000000E+03     3   6.9128311E-01   4.8255298E-03   1.4589481E-02   2.2157879E+02   2.0263631E+02   5.5173995E+00
  5.2500000E+03     1   4.3340013E-01   6.5798359E-03   1.6034680E-01   3.0794017E+02   1.3246297E+02   2.1980555E+02
  5.2500000E+03     2   5.6863108E-01   1.2135557E-02   2.8144239E-02   1.6238206E+02   2.5387484E+02   2.8420529E+02
  5.2500000E+03     3   6.8969783E-01   4.7026012E-03   1.4387221E-02   1.4483590E+02   3.3436434E+02   3.2731601E+00
  5.3000000E+03     1   4.3243190E-01   6.6785824E-03   1.5645145E-01   1.3931520E+01   2.6003129E+02   2.1749108E+02
  5.3000000E+03     2   5.6754197E-01   1.2039736E-02   2.7079310E-02   3.2523889E+02   2.3331617E+01   2.8114826E+02
  5.3000000E+03     3   6.8811577E-01   4.6096228E-03   1.4166132E-02   1.7670593E+02   1.0357156E+02   4.7325226E-01
  5.3500000E+03     1   4.3149154E-01   6.7544758E-03   1.5314363E-01   2.9432594E+02   2.6092305E+01   2.1512907E+02
  5.3500000E+03     2   5.6606926E-01   1.2193024E-02   2.6092684E-02   2.7334594E+02   1.4805852E+02   2.7897751E+02
  5.3500000E+03     3   6.8663732E-01   4.7637428E-03   1.3828579E-02   3.1844893E+02   2.2869696E+02   3.5774572E+02
  5.4000000E+03     1   4.3048939E-01   6.6710341E-03   1.4966578E-01   6.8302361E+01   1.5220254E+02   2.1260832E+02
  5.4000000E+03     2   5.6515972E-01   1.2232485E-02   2.5543797E-02   2.1653221E+00   2.7455420E+02   2.7637591E+02
  5.4000000E+03     3   6.8496965E-01   4.7467906E-03   1.3559163E-02   2.0454761E+02   3.5515508E+02   3.5554017E+02
  5.4500000E+03     1   4.2959026E-01   6.7418066E-03   1.4595959E-01   5.8128995E+01   2.7663616E+02   2.1021158E+02
  5.4500000E+03     2   5.6351788E-01   1.2202311E-02   2.4708637E-02   2.3435412E+02   4.0848731E+01   2.7314483E+02
  5.4500000E+03     3   6.8357463E-01   4.6748655E-03   1.3368097E-02   1.9806835E+02   1.2128349E+02   3.5287354E+02
  5.5000000E+03     1   4.2858312E-01   6.7789830E-03   1.4278465E-01   2.6450120E+02   3.9568433E+01   2.0787828E+02
  5.5000000E+03     2   5.6227327E-01   1.2209657E-02   2.3699359E-02   2.5290552E+02   1.6281602E+02   2.7083386E+02
  5.5000000E+03     3   6.8204672E-01   4.7770354E-03   1.3052840E-02   3.0294617E+02   2.4325541E+02   3.4997408E+02
  5.5500000E+03     1   4.2759757E-01   6.8337295E-03   1.3964576E-01   3.2807704E+02   1.6122822E+02   2.0533575E+02
  5.5500000E+03     2   5.6098842E-01   1.2319433E-02   2.3189656E-02   5.5791286E+01   2.8391456E+02   2.6853379E+02
  5.5500000E+03     3   6.8054723E-01   4.8143740E-03   1.2751281E-02   1.5580542E+02   3.9809446E+00   3.4769740E+02
  5.6000000E+03     1   4.2663518E-01   6.8385962E-03   1.3618848E-01   2.4862426E+02   2.8232122E+02   2.0289415E+02
  5.6000000E+03     2   5.5972575E-01   1.2326108E-02   2.2474619E-02   2.9453737E+00   4.5760986E+01   2.6525829E+02
  5.6000000E+03     3   6.7904401E-01   4.8057427E-03   1.2567370E-02   1.1567397E+02   1.2577534E+02   3.4508169E+02
  5.6500000E+03     1   4.2568540E-01   6.8356528E-03   1.3320733E-01   2.7070642E+01   4.2794454E+01   2.0054772E+02
  5.6500000E+03     2   5.5848226E-01   1.2287626E-02   2.1538340E-02   9.4504537E+01   1.6677702E+02   2.6295965E+02
  5.6500000E+03     3   6.7749529E-01   4.8323332E-03   1.2265104E-02   1.8464085E+02   2.4693894E+02   3.4213257E+02
  5.7000000E+03     1   4.2474124E-01   6.6621679E-03   1.3031822E-01   2.4930984E+01   1.6214255E+02   1.9799665E+02
  5.7000000E+03     2   5.5726924E-01   1.2143086E-02   2.1058789E-02   3.3165208E+02   2.8707249E+02   2.6080646E+02
  5.7000000E+03     3   6.7595153E-01   4.7723765E-03   1.1957783E-02   1.0881060E+00   8.4848964E+00   3.3980958E+02
  5.7500000E+03     1   4.2377309E-01   6.9168351E-03   1.2709034E-01   2.4307748E+02   2.7985634E+02   1.9553992E+02
  5.7500000E+03     2   5.5599165E-01   1.2192306E-02   2.0434938E-02   3.5470073E+02   4.7988869E+01   2.5761591E+02
  5.7500000E+03     3   6.7450567E-01   4.6138754E-03   1.1762601E-02   2.8789869E+02   1.2877378E+02   3.3721687E+02
  5.8000000E+03     1   4.2287082E-01   6.6474448E-03   1.2434334E-01   3.2109771E+02   3.7040919E+01   1.9317531E+02
  5.8000000E+03     2   5.5474364E-01   1.2140819E-02   1.9559810E-02   1.7117199E+02   1.6034102E+02   2.5534279E+02
  5.8000000E+03     3   6.7302666E-01   4.8891529E-03   1.1479964E-02   3.3213201E+02   2.4121181E+02   3.3423130E+02
  5.8500000E+03     1   4.2188633E-01   6.6232781E-03   1.2159449E-01   2.6027500E+02   1.5338669E+02   1.9057788E+02
  5.8500000E+03     2   5.5354985E-01   1.2113741E-02   1.9174118E-02   1.2717557E+02   2.7965534E+02   2.5314485E+02
  5.8500000E+03     3   6.7140644E-01   4.7267471E-03   1.1195504E-02   1.1728919E+02   1.4970780E+00   3.3194195E+02
  5.9000000E+03     1   4.2100211E-01   6.7328623E-03   1.1859820E-01   6.2153251E+01   2.6771892E+02   1.8812515E+02
  5.9000000E+03     2   5.5221276E-01   1.2260336E-02   1.8511580E-02   2.3771005E+02   3.2240021E+01   2.4991662E+02
  5.9000000E+03     3   6.7002894E-01   4.9083977E-03   1.1018437E-02   2.1104617E+01   1.1358208E+02   3.2916343E+02
  5.9500000E+03     1   4.1999176E-01   6.8039464E-03   1.1612474E-01   8.6719083E+01   2.1033543E+01   1.8568125E+02
  5.9500000E+03     2   5.5099817E-01   1.2068976E-02   1.7840400E-02   1.2869410E+02   1.5059552E+02   2.4807107E+02
  5.9500000E+03     3   6.6851391E-01   4.6555193E-03   1.0704337E-02   2.7246082E+01   2.3359754E+02   3.2636300E+02
  6.0000000E+03     1   4.1907331E-01   6.6340854E-03   1.1342147E-01   3.3358250E+02   1.3472055E+02   1.8307906E+02
  6.0000000E+03     2   5.4983088E-01   1.2114448E-02   1.7490457E-02   1.7508025E+02   2.6202801E+02   2.4547282E+02
  6.0000000E+03     3   6.6691830E-01   4.7233300E-03   1.0473814E-02   1.5271111E+02   3.4453155E+02   3.2405447E+02
  6.0500000E+03     1   4.1811358E-01   6.6541693E-03   1.1073771E-01   8.5931302E+01   2.4572887E+02   1.8067367E+02
  6.0500000E+03     2   5.4860467E-01   1.2134743E-02   1.6783915E-02   1.0332742E+01   1.3289396E+01   2.4257919E+02
  6.0500000E+03     3   6.6543345E-01   4.7705448E-03   1.0270605E-02   2.9242238E+01   9.5948721E+01   3.2111130E+02
  6.1000000E+03     1   4.1718071E-01   6.6624294E-03   1.0844600E-01   6.2746411E+01   3.5622891E+02   1.7810741E+02
  6.1000000E+03     2   5.4737439E-01   1.2131353E-02   1.6321368E-02   3.5469889E+02   1.2313540E+02   2.4083518E+02
  6.1000000E+03     3   6.6394763E-01   4.7789986E-03   9.9749615E-03   1.7478039E+01   2.0667564E+02   3.1853537E+02
  6.1500000E+03     1   4.1625028E-01   6.6339849E-03   1.0577322E-01   2.6479912E+02   1.0612253E+02   1.7554947E+02
  6.1500000E+03     2   5.4615814E-01   1.2099725E-02   1.5920810E-02   1.2866561E+02   2.3407836E+02   2.3776377E+02
  6.1500000E+03     3   6.6244634E-01   4.7365612E-03   9.7949724E-03   1.1781480E+02   3.1697835E+02   3.1604807E+02
  6.2000000E+03     1   4.1533605E-01   6.8864194E-03   1.0350774E-01   3.3497691E+02   2.1308313E+02   1.7309809E+02
  6.2000000E+03     2   5.4487491E-01   1.2126207E-02   1.5279578E-02   5.2951143E+01   3.4362809E+02   2.3566373E+02
  6.2000000E+03     3   6.6106094E-01   4.6513434E-03   9.5423245E-03   3.3059804E+02   6.7395099E+01   3.1309389E+02
  6.2500000E+03     1   4.1439889E-01   6.6938607E-03   1.0116199E-01   2.6987261E+02   3.2168201E+02   1.7045708E+02
  6.2500000E+03     2   5.4370385E-01   1.2083217E-02   1.4996740E-02   1.3492586E+02   8.5948178E+01   2.3329083E+02
  6.2500000E+03     3   6.5958708E-01   4.8670305E-03   9.3169807E-03   3.0447151E+02   1.6863724E+02   3.1076272E+02
  6.3000000E+03     1   4.1345521E-01   6.6747918E-03   9.8755379E-02   7.4518464E+01   6.7120170E+01   1.6799520E+02
  6.3000000E+03     2   5.4249255E-01   1.2127496E-02   1.4424328E-02   1.4679106E+00   1.9525456E+02   2.3043874E+02
  6.3000000E+03     3   6.5802640E-01   4.7823607E-03   9.1309734E-03   2.2142767E+01   2.7944820E+02   3.0786369E+02
  6.3500000E+03     1   4.1253002E-01   6.7181652E-03   9.6707082E-02   1.0660031E+02   1.7290783E+02   1.6538795E+02
  6.3500000E+03     2   5.4158715E-01   1.2210978E-02   1.4057250E-02   2.3480998E+01   2.9925609E+02   2.2872356E+02
  6.3500000E+03     3   6.5645258E-01   4.8131907E-03   8.8676573E-03   2.1927599E+02   2.3797613E+01   3.0532048E+02
  6.4000000E+03     1   4.1164312E-01   6.6941781E-03   9.4319896E-02   9.0263810E+00   2.7679592E+02   1.6280804E+02
  6.4000000E+03     2   5.4005223E-01   1.2121078E-02   1.3692192E-02   1.9679583E+02   4.5317641E+01   2.2565808E+02
  6.4000000E+03     3   6.5508429E-01   4.7286835E-03   8.7047048E-03   1.6812594E+02   1.3010160E+02   3.0274325E+02
  6.4500000E+03     1   4.1068684E-01   6.8720234E-03   9.2353596E-02   1.4215426E+02   1.9183997E+01   1.6028351E+02
  6.4500000E+03     2   5.3882297E-01   1.2221686E-02   1.3191194E-02   1.6691012E+02   1.4571144E+02   2.2383337E+02
  6.4500000E+03     3   6.5364577E-01   4.8443496E-03   8.4643587E-03   2.3689027E+02   2.3086555E+02   2.9984960E+02
  6.5000000E+03     1   4.0977106E-01   6.8588835E-03   9.0150927E-02   1.4697274E+02   1.1997934E+02   1.5759705E+02
  6.5000000E+03     2   5.3758550E-01   1.2266328E-02   1.2967017E-02   2.9071963E+02   2.4629483E+02   2.2106132E+02
  6.5000000E+03     3   6.5224678E-01   4.8746902E-03   8.2877749E-03   5.9322061E+01   3.3185340E+02   2.9751370E+02
  6.5500000E+03     1   4.0889293E-01   6.6944561E-03   8.8153906E-02   2.1847801E+01   2.2138141E+02   1.5513185E+02
  6.5500000E+03     2   5.3637774E-01   1.2179989E-02   1.2432166E-02   2.0782369E+02   3.4666554E+02   2.1875850E+02
  6.5500000E+03     3   6.5080364E-01   4.9280968E-03   8.0885452E-03   3.5779300E+02   7.2355125E+01   2.9451068E+02
  6.6000000E+03     1   4.0794391E-01   6.8552620E-03   8.6177679E-02   1.3109195E+02   3.2030070E+02   1.5239210E+02
  6.6000000E+03     2   5.3517675E-01   1.2265597E-02   1.2257148E-02   2.7968632E+02   8.6287285E+01   2.1656401E+02
  6.6000000E+03     3   6.4933369E-01   4.8898473E-03   7.8839928E-03   5.0897571E+01   1.7280442E+02   2.9220753E+02
  6.6500000E+03     1   4.0701889E-01   6.8840411E-03   8.4171950E-02   1.1205122E+02   5.9743568E+01   1.4989274E+02
  6.6500000E+03     2   5.3400933E-01   1.2220333E-02   1.1789285E-02   1.4609424E+02   1.8655382E+02   2.1382549E+02
  6.6500000E+03     3   6.4781324E-01   4.8555073E-03   7.7238975E-03   2.2107370E+02   2.7246597E+02   2.8929273E+02
  6.7000000E+03     1   4.0612166E-01   6.6681255E-03   8.2380558E-02   3.2811723E+02   1.5756956E+02   1.4719049E+02
  6.7000000E+03     2   5.3284993E-01   1.2087052E-02   1.1569290E-02   1.6816795E+02   2.8527650E+02   2.1203054E+02
  6.7000000E+03     3   6.4632834E-01   4.7487658E-03   7.5040419E-03   1.4624767E+02   1.2711917E+01   2.8686232E+02
  6.7500000E+03     1   4.0520243E-01   6.7432151E-03   8.0377757E-02   5.9530676E+01   2.5382682E+02   1.4462472E+02
  6.7500000E+03     2   5.3193973E-01   1.2119759E-02   1.1204115E-02   3.4896881E+02   2.2069499E+01   2.0902406E+02
  6.7500000E+03     3   6.4479394E-01   4.7428610E-03   7.3621948E-03   1.9179694E+02   1.0927343E+02   2.8410831E+02
  6.8000000E+03     1   4.0429862E-01   6.7152722E-03   7.8707228E-02   2.7404751E+01   3.4835499E+02   1.4192831E+02
  6.8000000E+03     2   5.3046310E-01   1.2096992E-02   1.0943567E-02   3.2790027E+02   1.1543580E+02   2.0730154E+02
  6.8000000E+03     3   6.4345400E-01   4.8049724E-03   7.1533113E-03   3.5618651E+02   2.0357565E+02   2.8151130E+02
  6.8500000E+03     1   4.0338030E-01   6.7430657E-03   7.6774929E-02   2.3055848E+02   8.2968852E+01   1.3932319E+02
  6.8500000E+03     2   5.2931725E-01   1.2044923E-02   1.0630711E-02   1.0580485E+02   2.0778384E+02   2.0410494E+02
  6.8500000E+03     3   6.4207261E-01   4.8520284E-03   7.0299185E-03   2.8161241E+02   2.9409508E+02   2.7883743E+02
  6.9000000E+03     1   4.0250501E-01   6.9461930E-03   7.5176881E-02   3.1311838E+02   1.7439023E+02   1.3662455E+02
  6.9000000E+03     2   5.2804922E-01   1.2116049E-02   1.0378194E-02   3.5224399E+01   3.0430722E+02   2.0253394E+02
  6.9000000E+03     3   6.4064755E-01   4.6660549E-03   6.8206883E-03   3.1602591E+02   3.3062685E+01   2.7619125E+02
  6.9500000E+03     1   4.0158371E-01   6.6659244E-03   7.3331542E-02   2.7114938E+02   2.6734116E+02   1.3398579E+02
  6.9500000E+03     2   5.2692289E-01   1.2065881E-02   1.0118096E-02   1.2917125E+02   3.5369903E+01   1.9936994E+02
  6.9500000E+03     3   6.3912732E-01   4.7618234E-03   6.6987859E-03   1.1671746E+02   1.2366997E+02   2.7361399E+02
  7.0000000E+03     1   4.0067560E-01   6.6939315E-03   7.1820534E-02   1.0979987E+02   3.5745444E+02   1.3129850E+02
  7.0000000E+03     2   5.2574070E-01   1.2100828E-02   9.8512415E-03   2.1703679E+01   1.2448775E+02   1.9769301E+02
  7.0000000E+03     3   6.3770832E-01   4.7945117E-03   6.5082312E-03   3.6020200E+01   2.1407252E+02   2.7089897E+02
  7.0500000E+03     1   3.9978010E-01   6.6871756E-03   7.0045490E-02   1.8737372E+02   8.7162580E+01   1.2862057E+02
  7.0500000E+03     2   5.2456931E-01   1.2092928E-02   9.6199035E-03   7.3032426E+01   2.1497594E+02   1.9452280E+02
  7.0500000E+03     3   6.3627330E-01   4.7776462E-03   6.3914211E-03   7.4486306E+01   3.0389391E+02   2.6832975E+02
  7.1000000E+03     1   3.9889204E-01   6.9447825E-03   6.8585052E-02   1.4637830E+02   1.7483453E+02   1.2590130E+02
  7.1000000E+03     2   5.2336305E-01   1.2162513E-02   9.3861820E-03   2.8418796E+02   3.0337416E+02   1.9283566E+02
  7.1000000E+03     3   6.3490120E-01   4.6900165E-03   6.2088994E-03   2.3207031E+02   3.3858293E+01   2.6562351E+02
  7.1500000E+03     1   3.9801105E-01   6.7754314E-03   6.6907016E-02   3.4523645E+02   2.6287318E+02   1.2322981E+02
  7.1500000E+03     2   5.2229094E-01   1.1892643E-02   9.1567642E-03   2.9621295E+02   3.2138189E+01   1.8969712E+02
  7.1500000E+03     3   6.3344314E-01   4.6137611E-03   6.0963921E-03   1.5107964E+02   1.2175746E+02   2.6304075E+02
  7.2000000E+03     1   3.9710730E-01   6.9094604E-03   6.5505504E-02   6.7830932E+01   3.4819191E+02   1.2047719E+02
  7.2000000E+03     2   5.2100743E-01   1.2201597E-02   8.9492034E-03   1.1401448E+02   1.1384889E+02   1.8788018E+02
  7.2000000E+03     3   6.3205581E-01   4.8659008E-03   5.9292578E-03   1.9619559E+02   2.0352344E+02   2.6038354E+02
  7.2500000E+03     1   3.9621626E-01   6.8749983E-03   6.3911754E-02   3.2946167E+01   7.2498675E+01   1.1780291E+02
  7.2500000E+03     2   5.1982035E-01   1.2044318E-02   8.7065862E-03   8.6818494E+01   2.0279476E+02   1.8476888E+02
  7.2500000E+03     3   6.3070078E-01   4.7070646E-03   5.8216645E-03   3.5383222E+02   2.9305029E+02   2.5767893E+02
  7.3000000E+03     1   3.9534238E-01   6.8849749E-03   6.2548365E-02   2.4035687E+02   1.5736171E+02   1.1501333E+02
  7.3000000E+03     2   5.1869415E-01   1.2156495E-02   8.5502675E-03   2.2825930E+02   2.8314927E+02   1.8285105E+02
  7.3000000E+03     3   6.2922154E-01   4.8372941E-03   5.6641463E-03   2.8114750E+02   1.3552911E+01   2.5513787E+02
  7.3500000E+03     1   3.9448324E-01   6.7250709E-03   6.1053692E-02   3.3363551E+02   2.3958873E+02   1.1236591E+02
  7.3500000E+03     2   5.1751749E-01   1.2082607E-02   8.2664920E-03   1.7229284E+02   3.9632781E+00   1.7978743E+02
  7.3500000E+03     3   6.2788803E-01   4.9213357E-03   5.5627465E-03   3.3011663E+02   9.3882177E+01   2.5226766E+02
  7.4000000E+03     1   3.9357802E-01   6.8044065E-03   5.9708726E-02   3.1162369E+02   3.2161159E+02   1.0950285E+02
  7.4000000E+03     2   5.1642127E-01   1.1892809E-02   8.1756049E-03   2.7230763E+02   9.0523409E+01   1.7772117E+02
  7.4000000E+03     3   6.2641551E-01   4.6094103E-03   5.4145528E-03   1.3252381E+02   1.8182861E+02   2.4988060E+02
  7.4500000E+03     1   3.9268773E-01   6.8456324E-03   5.8342523E-02   1.7679742E+02   4.1345191E+01   1.0684837E+02
  7.4500000E+03     2   5.1518551E-01   1.1981688E-02   7.8960301E-03   1.8177683E+02   1.7108626E+02   1.7500573E+02
  7.4500000E+03     3   6.2506569E-01   4.6679723E-03   5.3043614E-03   6.3946384E+01   2.6326852E+02   2.4695947E+02
  7.5000000E+03     1   3.9181902E-01   6.8089471E-03   5.6979219E-02   2.8791442E+02   1.2105669E+02   1.0398089E+02
  7.5000000E+03     2   5.1408898E-01   1.1897054E-02   7.8078359E-03   2.5590288E+02   2.5035848E+02   1.7236608E+02
  7.5000000E+03     3   6.2363225E-01   4.6105374E-03   5.1844505E-03   1.1987879E+02   3.4190837E+02   2.4457178E+02
  7.5500000E+03     1   3.9094891E-01   6.7512586E-03   5.5748000E-02   2.8723370E+02   1.9895872E+02   1.0129392E+02
  7.5500000E+03     2   5.1293141E-01   1.2033432E-02   7.5419674E-03   1.4057873E+02   3.2249441E+02   1.7007778E+02
  7.5500000E+03     3   6.2228192E-01   4.8946132E-03   5.0640535E-03   3.0631880E+02   5.3350446E+01   2.4160490E+02
  7.6000000E+03     1   3.9005337E-01   6.9231703E-03   5.4384997E-02   1.7498866E+02   2.7587008E+02   9.8455283E+01
  7.6000000E+03     2   5.1176348E-01   1.2168690E-02   7.4241162E-03   1.8381353E+02   4.1803221E+01   1.6689195E+02
  7.6000000E+03     3   6.2083144E-01   4.8632887E-03   4.9720386E-03   2.4748573E+02   1.3262450E+02   2.3914011E+02
  7.6500000E+03     1   3.8920059E-01   6.9700386E-03   5.3231045E-02   3.1324776E+02   3.5068882E+02   9.5639651E+01
  7.6500000E+03     2   5.1060234E-01   1.2086311E-02   7.2564223E-03   3.2267313E+01   1.1979481E+02   1.6499747E+02
  7.6500000E+03     3   6.1948921E-01   4.6922268E-03   4.8367874E-03   3.1248980E+02   2.1205448E+02   2.3637531E+02
  7.7000000E+03     1   3.8830630E-01   6.9257388E-03   5.1942063E-02   3.4081288E+02   6.5529976E+01   9.2894285E+01
  7.7000000E+03     2   5.0946112E-01   1.2215952E-02   7.0514689E-03   5.4259227E+01   1.9135040E+02   1.6171258E+02
  7.7000000E+03     3   6.1807042E-01   4.8602629E-03   4.7573566E-03   1.5063182E+02   2.8244501E+02   2.3359214E+02
  7.7500000E+03     1   3.8745203E-01   6.8267157E-03   5.0787931E-02   2.5928462E+02   1.3969684E+02   8.9991764E+01
  7.7500000E+03     2   5.0833997E-01   1.1915673E-02   6.9679431E-03   2.3580261E+02   2.6880337E+02   1.5949537E+02
  7.7500000E+03     3   6.1670079E-01   4.6297178E-03   4.6340469E-03   1.0422522E+02   1.4616614E+00   2.3111897E+02
  7.8000000E+03     1   3.8662812E-01   6.8858347E-03   4.9632918E-02   7.0568139E+01   2.1182154E+02   8.7260461E+01
  7.8000000E+03     2   5.0719590E-01   1.2125075E-02   6.7351668E-03   2.3137751E+02   3.3936052E+02   1.5679465E+02
  7.8000000E+03     3   6.1528584E-01   4.7511752E-03   4.5394914E-03   1.9133377E+02   7.2394831E+01   2.2813127E+02
  7.8500000E+03     1   3.8569861E-01   6.7204187E-03   4.8438172E-02   1.3475836E+02   2.8276669E+02   8.4363729E+01
  7.8500000E+03     2   5.0610002E-01   1.2064680E-02   6.6413833E-03   3.4912233E+01   4.9830386E+01   1.5367570E+02
  7.8500000E+03     3   6.1388906E-01   4.8117558E-03   4.4528909E-03   4.4518722E+01   1.4190398E+02   2.2566341E+02
  7.9000000E+03     1   3.8483663E-01   6.7345103E-03   4.7412533E-02   9.2684825E+01   3.5248661E+02   8.1529171E+01
  7.9000000E+03     2   5.0496374E-01   1.2062083E-02   6.4777548E-03   6.6644888E+00   1.1898338E+02   1.5161784E+02
  7.9000000E+03     3   6.1252090E-01   4.8257622E-03   4.3381016E-03   2.3250990E+01   2.1195647E+02   2.2282790E+02
  7.9500000E+03     1   3.8398908E-01   6.7155513E-03   4.6254665E-02   3.0445889E+02   6.1716130E+01   7.8744388E+01
  7.9500000E+03     2   5.0383530E-01   1.2032081E-02   6.2985990E-03   1.4725494E+02   1.8913902E+02   1.4830928E+02
  7.9500000E+03     3   6.1114030E-01   4.7910922E-03   4.2650744E-03   1.2851233E+02   2.8160058E+02   2.2001525E+02
  8.0000000E+03     1   3.8311728E-01   6.8978097E-03   4.5203866E-02   5.3386023E+01   1.2822586E+02   7.5769990E+01
  8.0000000E+03     2   5.0264244E-01   1.2009590E-02   6.2283504E-03   9.7324182E+01   2.5816899E+02   1.4580450E+02
  8.0000000E+03     3   6.0987150E-01   4.7371527E-03   4.1635792E-03   3.3057879E-01   3.5091593E+02   2.1749981E+02
  8.0500000E+03     1   3.8231950E-01   6.8277426E-03   4.4204738E-02   5.6847495E+01   1.9516912E+02   7.2982662E+01
  8.0500000E+03     2   5.0150086E-01   1.2156356E-02   6.0265680E-03   2.2473273E+02   3.1939144E+02   1.4328480E+02
  8.0500000E+03     3   6.0852073E-01   4.9542649E-03   4.0724719E-03   7.7021870E+00   5.2202388E+01   2.1447729E+02
  8.1000000E+03     1   3.8141900E-01   6.7253137E-03   4.3117667E-02   3.1742161E+02   2.6110556E+02   7.0100084E+01
  8.1000000E+03     2   5.0045808E-01   1.2032038E-02   5.9089400E-03   1.5534454E+02   2.8767361E+01   1.3990662E+02
  8.1000000E+03     3   6.0704890E-01   4.7951498E-03   4.0029636E-03   1.3430697E+02   1.2124554E+02   2.1184353E+02
  8.1500000E+03     1   3.8056933E-01   6.9025635E-03   4.2168886E-02   1.1811404E+02   3.2395000E+02   6.7127856E+01
  8.1500000E+03     2   4.9927014E-01   1.2186959E-02   5.8169416E-03   2.6471070E+02   8.9149485E+01   1.3754583E+02
  8.1500000E+03     3   6.0579191E-01   4.9339747E-03   3.9052028E-03   3.7096070E+01   1.8207348E+02   2.0918126E+02
  8.2000000E+03     1   3.7970701E-01   6.8742693E-03   4.1210982E-02   1.7571258E+02   2.7576257E+01   6.4323635E+01
  8.2000000E+03     2   4.9816005E-01   1.1960074E-02   5.6288646E-03   1.7831787E+02   1.5733891E+02   1.3481806E+02
  8.2000000E+03     3   6.0441901E-01   4.6998869E-03   3.8241855E-03   6.0164293E+01   2.5122833E+02   2.0615638E+02
  8.2500000E+03     1   3.7885833E-01   6.9769183E-03   4.0206345E-02   1.3447320E+02   8.8899647E+01   6.1375807E+01
  8.2500000E+03     2   4.9708201E-01   1.2117569E-02   5.5347237E-03   2.7169355E+02   2.1819589E+02   1.3149295E+02
  8.2500000E+03     3   6.0302675E-01   4.7348540E-03   3.7565210E-03   2.2069776E+02   3.1130459E+02   2.0353953E+02
  8.3000000E+03     1   3.7802705E-01   6.7524707E-03   3.9328552E-02   3.5257493E+02   1.5032951E+02   5.8419645E+01
  8.3000000E+03     2   4.9598465E-01   1.2032909E-02   5.4287476E-03   1.7795297E+02   2.7777446E+02   1.2917554E+02
  8.3000000E+03     3   6.0164073E-01   4.7931490E-03   3.6634747E-03   1.5079098E+02   1.1014025E+01   2.0077674E+02
  8.3500000E+03     1   3.7717748E-01   6.9579599E-03   3.8416066E-02   1.1397191E+02   2.0866332E+02   5.5555808E+01
  8.3500000E+03     2   4.9485816E-01   1.2113574E-02   5.2584839E-03   2.5788287E+02   3.3742223E+02   1.2625011E+02
  8.3500000E+03     3   6.0032593E-01   4.7479953E-03   3.5920768E-03   2.1019059E+02   7.1269749E+01   1.9771226E+02
  8.4000000E+03     1   3.7631358E-01   6.8878870E-03   3.7476644E-02   1.3699174E+02   2.6667913E+02   5.2594424E+01
  8.4000000E+03     2   4.9371142E-01   1.1958492E-02   5.1671989E-03   1.5171163E+02   3.7362381E+01   1.2291754E+02
  8.4000000E+03     3   5.9903726E-01   4.7281482E-03   3.5265131E-03   3.9989813E+01   1.3066843E+02   1.9506842E+02
  8.4500000E+03     1   3.7552458E-01   6.8554149E-03   3.6649582E-02   6.3214703E+01   3.2359196E+02   4.9595653E+01
  8.4500000E+03     2   4.9259249E-01   1.2143546E-02   5.0709585E-03   2.2742273E+02   8.8681476E+01   1.2040649E+02
  8.4500000E+03     3   5.9771513E-01   4.9600672E-03   3.4444709E-03   9.0388603E+00   1.8143542E+02   1.9229132E+02
  8.5000000E+03     1   3.7463063E-01   6.7351766E-03   3.5817131E-02   2.5277890E+02   1.9919514E+01   4.6726368E+01
  8.5000000E+03     2   4.9157541E-01   1.2021465E-02   4.9074814E-03   1.1092812E+02   1.4761022E+02   1.1763513E+02
  8.5000000E+03     3   5.9626578E-01   4.8132206E-03   3.3724285E-03   1.0055127E+02   2.4088359E+02   1.8920691E+02
  8.5500000E+03     1   3.7382700E-01   6.7706350E-03   3.4931074E-02   3.4875582E+02   7.3906135E+01   4.3755349E+01
  8.5500000E+03     2   4.9042397E-01   1.2049325E-02   4.7996148E-03   1.7766178E+02   1.9945564E+02   1.1411306E+02
  8.5500000E+03     3   5.9503710E-01   4.9517648E-03   3.3172921E-03   3.3213174E+02   2.9144710E+02   1.8638460E+02
  8.6000000E+03     1   3.7296741E-01   6.9675453E-03   3.4136838E-02   3.5086581E+02   1.2658939E+02   4.0689347E+01
  8.6000000E+03     2   4.8931720E-01   1.2031497E-02   4.7357617E-03   5.3607559E+01   2.5749820E+02   1.1152844E+02
  8.6000000E+03     3   5.9368987E-01   4.7409889E-03   3.2376362E-03   3.2687652E+02   3.5042844E+02   1.8370140E+02
  8.6500000E+03     1   3.7212030E-01   6.7397358E-03   3.3385400E-02   2.5802273E+02   1.7989349E+02   3.7763844E+01
  8.6500000E+03     2   4.8828206E-01   1.2013193E-02   4.5929993E-03   1.1376049E+02   3.0791863E+02   1.0892718E+02
  8.6500000E+03     3   5.9227310E-01   4.8172100E-03   3.1658958E-03   1.0241199E+02   4.1297293E+01   1.8063724E+02
  8.7000000E+03     1   3.7128326E-01   6.7701303E-03   3.2574586E-02   7.4664283E+01   2.3021937E+02   3.4814278E+01
  8.7000000E+03     2   4.8718142E-01   1.2028151E-02   4.4649594E-03   3.5181045E+02   3.5855759E+02   1.0551591E+02
  8.7000000E+03     3   5.9096304E-01   4.8513238E-03   3.1119958E-03   1.0895163E+01   9.1745836E+01   1.7764416E+02
  8.7500000E+03     1   3.7044916E-01   6.7584093E-03   3.1793884E-02   1.5929504E+02   2.8010693E+02   3.1743668E+01
  8.7500000E+03     2   4.8609873E-01   1.2037822E-02   4.3976161E-03   4.7836484E+01   4.8842933E+01   1.0234784E+02
  8.7500000E+03     3   5.8963116E-01   4.8344816E-03   3.0500208E-03   5.2820757E+01   1.4157339E+02   1.7494119E+02
  8.8000000E+03     1   3.6962419E-01   7.0134261E-03   3.1086056E-02   1.5430916E+02   3.2789971E+02   2.8695864E+01
  8.8000000E+03     2   4.8498240E-01   1.2096684E-02   4.3057472E-03   2.8297603E+02   9.7851854E+01   9.9855783E+01
  8.8000000E+03     3   5.8835807E-01   4.7431452E-03   2.9757393E-03   2.2832506E+02   1.9160319E+02   1.7201289E+02
  8.8500000E+03     1   3.6880306E-01   6.8223153E-03   3.0377231E-02   5.8260685E+01   1.5998272E+01   2.5745361E+01
  8.8500000E+03     2   4.8414127E-01   1.1987543E-02   4.1685829E-03   3.3962632E+02   1.4488503E+02   9.6914778E+01
  8.8500000E+03     3   5.8693343E-01   4.7721671E-03   2.9165008E-03   1.8116711E+02   2.3846326E+02   1.6889193E+02
  8.9000000E+03     1   3.6798271E-01   6.9471224E-03   2.9635703E-02   2.3492672E+02   6.1584967E+01   2.2725505E+01
  8.9000000E+03     2   4.8281123E-01   1.2092664E-02   4.0639498E-03   2.1875852E+02   1.8957472E+02   9.3429588E+01
  8.9000000E+03     3   5.8571156E-01   4.8781537E-03   2.8670175E-03   2.7149501E+02   2.8211226E+02   1.6593166E+02
  8.9500000E+03     1   3.6716375E-01   6.8543608E-03   2.8932829E-02   3.2355255E+02   1.0627834E+02   1.9617128E+01
  8.9500000E+03     2   4.8178054E-01   1.1829163E-02   4.0034566E-03   2.7455774E+02   2.3749502E+02   9.0441289E+01
  8.9500000E+03     3   5.8440407E-01   4.6630706E-03   2.8044473E-03   1.3166831E+02   3.3059167E+02   1.6316594E+02
  9.0000000E+03     1   3.6634152E-01   6.7651902E-03   2.8290278E-02   3.2543972E+02   1.4962948E+02   1.6548168E+01
  9.0000000E+03     2   4.8067807E-01   1.1996796E-02   3.9076152E-03   1.5728591E+02   2.7880028E+02   8.7804076E+01
  9.0000000E+03     3   5.8306683E-01   4.8195666E-03   2.7401318E-03   1.3430523E+02   1.2216265E+01   1.6015613E+02
  9.0500000E+03     1   3.6551974E-01   6.9480755E-03   2.7636807E-02   2.4107834E+02   1.9175365E+02   1.3537205E+01
  9.0500000E+03     2   4.7957897E-01   1.2088582E-02   3.7859692E-03   2.2239306E+02   3.1954843E+02   8.4835910E+01
  9.0500000E+03     3   5.8178995E-01   4.8815342E-03   2.6840994E-03   2.7400097E+02   5.2647592E+01   1.5697278E+02
  9.1000000E+03     1   3.6469137E-01   6.9788507E-03   2.6967676E-02   7.2316345E+01   2.3214757E+02   1.0487382E+01
  9.1000000E+03     2   4.7849021E-01   1.2127842E-02   3.6853119E-03   1.1007397E+02   3.1123464E-01   8.1366748E+01
  9.1000000E+03     3   5.8049667E-01   4.9043648E-03   2.6376191E-03   1.9022471E+02   9.2715046E+01   1.5393611E+02
  9.1500000E+03     1   3.6387496E-01   6.9733559E-03   2.6319334E-02   1.7869700E+02   2.7230837E+02   7.3636814E+00
  9.1500000E+03     2   4.7742739E-01   1.2105207E-02   3.6194115E-03   1.8068748E+02   4.0783282E+01   7.8101453E+01
  9.1500000E+03     3   5.7919347E-01   4.8982965E-03   2.5850633E-03   2.4274677E+02   1.3306574E+02   1.5110113E+02
  9.2000000E+03     1   3.6305437E-01   6.7705065E-03   2.5719247E-02   2.0250970E+02   3.1086122E+02   4.2237421E+00
  9.2000000E+03     2   4.7639743E-01   1.2013292E-02   3.5479458E-03   7.5026055E+01   8.0416993E+01   7.5369802E+01
  9.2000000E+03     3   5.7786181E-01   4.8387562E-03   2.5244725E-03   7.2578922E+01   1.7350529E+02   1.4813905E+02
  9.2500000E+03     1   3.6224754E-01   6.9224733E-03   2.5137498E-02   1.4486425E+02   3.4744256E+02   1.1355930E+00
  9.2500000E+03     2   4.7526124E-01   1.1933215E-02   3.4485189E-03   1.5399886E+02   1.1951321E+02   7.2620314E+01
  9.2500000E+03     3   5.7665755E-01   4.7563583E-03   2.4673292E-03   4.0404155E+01   2.1382457E+02   1.4496809E+02
  9.3000000E+03     1   3.6143588E-01   6.9868681E-03   2.4544341E-02   5.4788971E+00   2.3227988E+01   3.5807163E+02
  9.3000000E+03     2   4.7421704E-01   1.2142951E-02   3.3418275E-03   6.4939234E+01   1.5152714E+02   6.9373785E+01
  9.3000000E+03     3   5.7532464E-01   4.8961412E-03   2.4207235E-03   1.5614403E+02   2.4439085E+02   1.4177939E+02
  9.3500000E+03     1   3.6062756E-01   6.9214668E-03   2.3947583E-02   1.4555617E+02   5.8004994E+01   3.5496235E+02
  9.3500000E+03     2   4.7313641E-01   1.1929602E-02   3.2630970E-03   1.5420367E+02   1.9078857E+02   6.5947726E+01
  9.3500000E+03     3   5.7408019E-01   4.7590949E-03   2.3750906E-03   4.0423372E+01   2.8473507E+02   1.3877995E+02
  9.4000000E+03     1   3.5981485E-01   6.7810081E-03   2.3373245E-02   2.0604374E+02   9.1925912E+01   3.5179142E+02
  9.4000000E+03     2   4.7214788E-01   1.2002951E-02   3.1979280E-03   7.6624440E+01   2.2239746E+02   6.2675997E+01
  9.4000000E+03     3   5.7270865E-01   4.8425417E-03   2.3272961E-03   7.3468973E+01   3.1539742E+02   1.3582005E+02
  9.4500000E+03     1   3.5901569E-01   6.9813409E-03   2.2835049E-02   1.8836827E+02   1.2415160E+02   3.4860665E+02
  9.4500000E+03     2   4.7105366E-01   1.2092687E-02   3.1316284E-03   1.8614869E+02   2.5302171E+02   5.9785983E+01
  9.4500000E+03     3   5.7146219E-01   4.9029317E-03   2.2745656E-03   2.4638605E+02   3.4570551E+02   1.3279908E+02
  9.5000000E+03     1   3.5821052E-01   6.9926532E-03   2.2314582E-02   9.3694782E+01   1.5468323E+02   3.4544883E+02
  9.5000000E+03     2   4.6999093E-01   1.2107114E-02   3.0490448E-03   1.2300897E+02   2.8331065E+02   5.6976390E+01
  9.5000000E+03     3   5.7018647E-01   4.9128412E-03   2.2227475E-03   1.9927476E+02   1.6218929E+01   1.2962786E+02
  9.5500000E+03     1   3.5743366E-01   6.9473232E-03   2.1797080E-02   2.8201061E+02   1.8453271E+02   3.4232314E+02
  9.5500000E+03     2   4.6895678E-01   1.2049357E-02   2.9565889E-03   2.4773789E+02   3.1378937E+02   5.3936620E+01
  9.5500000E+03     3   5.6889598E-01   4.8857140E-03   2.1762451E-03   2.9213123E+02   4.7361428E+01   1.2637900E+02
  9.6000000E+03     1   3.5665578E-01   6.8891782E-03   2.1274263E-02   3.4907958E+01   2.1310025E+02   3.3919015E+02
  9.6000000E+03     2   4.6790282E-01   1.2033274E-02   2.8722013E-03   2.0165009E+02   3.4382215E+02   5.0570438E+01
  9.6000000E+03     3   5.6761451E-01   4.8222151E-03   2.1342716E-03   1.6642190E+02   7.8005377E+01   1.2320196E+02
  9.6500000E+03     1   3.5581073E-01   6.8522384E-03   2.0761066E-02   7.3465918E+01   2.4021620E+02   3.3600043E+02
  9.6500000E+03     2   4.6712454E-01   1.2011126E-02   2.8048864E-03   3.4741108E+02   1.1046824E+01   4.7192956E+01
  9.6500000E+03     3   5.6625861E-01   4.8219673E-03   2.0923625E-03   1.8593959E+02   1.0472853E+02   1.2012680E+02
  9.7000000E+03     1   3.5501586E-01   6.8231379E-03   2.0262137E-02   3.9163821E+01   2.6531677E+02   3.3276695E+02
  9.7000000E+03     2   4.6582957E-01   1.1988737E-02   2.7442912E-03   3.2492076E+02   3.6021136E+01   4.3873766E+01
  9.7000000E+03     3   5.6507905E-01   4.8832036E-03   2.0500145E-03   3.4935338E+02   1.2943919E+02   1.1705484E+02
  9.7500000E+03     1   3.5423937E-01   6.8402678E-03   1.9787502E-02   2.9113738E+02   2.9018095E+02   3.2953359E+02
  9.7500000E+03     2   4.6478542E-01   1.1949550E-02   2.6845040E-03   1.3548252E+02   5.7914902E+01   4.0762399E+01
  9.7500000E+03     3   5.6388218E-01   4.9285996E-03   2.0056413E-03   2.9914977E+02   1.5017438E+02   1.1397205E+02
  9.8000000E+03     1   3.5342302E-01   6.9539416E-03   1.9330400E-02   1.1248323E+02   3.1259307E+02   3.2628019E+02
  9.8000000E+03     2   4.6368961E-01   1.1929131E-02   2.6228688E-03   1.3061776E+02   8.6077458E+01   3.7945641E+01
  9.8000000E+03     3   5.6262687E-01   4.7889146E-03   1.9574963E-03   2.2256156E+01   1.8045902E+02   1.1080841E+02
  9.8500000E+03     1   3.5262368E-01   7.0773953E-03   1.8882998E-02   2.2221475E+02   3.3456706E+02   3.2306170E+02
  9.8500000E+03     2   4.6268688E-01   1.2044097E-02   2.5521522E-03   3.2456220E+02   1.0696230E+02   3.4943303E+01
  9.8500000E+03     3   5.6134294E-01   4.7515800E-03   1.9140756E-03   2.5812754E+02   2.0144600E+02   1.0756463E+02
  9.9000000E+03     1   3.5184402E-01   7.0646521E-03   1.8442479E-02   2.6241151E+02   3.5501143E+02   3.1984026E+02
  9.9000000E+03     2   4.6164490E-01   1.2023926E-02   2.4790323E-03   3.5102594E+02   1.2762558E+02   3.1834619E+01
  9.9000000E+03     3   5.6009428E-01   4.7487873E-03   1.8733551E-03   2.7801703E+02   2.2216846E+02   1.0429174E+02
  9.9500000E+03     1   3.5106829E-01   6.9171603E-03   1.8008287E-02   2.3340457E+02   1.4574242E+01   3.1662135E+02
  9.9500000E+03     2   4.6060409E-01   1.1865168E-02   2.4078855E-03   2.1080510E+02   1.4793466E+02   2.8591649E+01
  9.9500000E+03     3   5.5884005E-01   4.7255880E-03   1.8349109E-03   8.1937428E+01   2.4306275E+02   1.0104031E+02
  1.0000000E+04     1   3.5027593E-01   6.9847499E-03   1.7577669E-02   1.3800920E+02   3.1242253E+01   3.1336409E+02
  1.0000000E+04     2   4.5955886E-01   1.2105891E-02   2.3409932E-03   2.7169251E+02   1.6045667E+02   2.5216053E+01
  1.0000000E+04     3   5.5761377E-01   4.9584371E-03   1.7985159E-03   3.9533382E+01   2.5506835E+02   9.7766026E+01
  1.0050000E+04     1   3.4950255E-01   6.8049430E-03   1.7153930E-02   3.3291754E+02   4.9329112E+01   3.1012468E+02
  1.0050000E+04     2   4.5858517E-01   1.1971685E-02   2.2810785E-03   1.5911039E+02   1.8074382E+02   2.1827513E+01
  1.0050000E+04     3   5.5627736E-01   4.8497147E-03   1.7614149E-03   1.3418565E+02   2.7511707E+02   9.4589613E+01
  1.0100000E+04     1   3.4872609E-01   6.9636515E-03   1.6743616E-02   1.0478617E+02   6.3398795E+01   3.0680802E+02
  1.0100000E+04     2   4.5749750E-01   1.2100028E-02   2.2258298E-03   2.4947646E+02   1.9275134E+02   1.8476202E+01
  1.0100000E+04     3   5.5512652E-01   4.9783422E-03   1.7256588E-03   2.2895384E+01   2.8701135E+02   9.1364071E+01
  1.0150000E+04     1   3.4792890E-01   6.9454755E-03   1.6342015E-02   1.6988309E+02   7.8113074E+01   3.0350697E+02
  1.0150000E+04     2   4.5647847E-01   1.1901853E-02   2.1772802E-03   1.6793028E+02   2.1223062E+02   1.5250811E+01
  1.0150000E+04     3   5.5386809E-01   4.7745962E-03   1.6870286E-03   4.9528076E+01   3.0712610E+02   8.8221129E+01
  1.0200000E+04     1   3.4713846E-01   7.0775089E-03   1.5955205E-02   1.7230933E+02   9.0437304E+01   3.0018276E+02
  1.0200000E+04     2   4.5549392E-01   1.2043227E-02   2.1261642E-03   2.9038702E+02   2.2367069E+02   1.2007548E+01
  1.0200000E+04     3   5.5259911E-01   4.7760594E-03   1.6507108E-03   2.3182693E+02   3.1847696E+02   8.5007810E+01
  1.0250000E+04     1   3.4638738E-01   7.0166092E-03   1.5577269E-02   1.1124926E+02   1.0199372E+02   2.9685048E+02
  1.0250000E+04     2   4.5447392E-01   1.2045595E-02   2.0753989E-03   2.5000466E+02   2.3467407E+02   8.8177905E+00
  1.0250000E+04     3   5.5134621E-01   4.8063041E-03   1.6144209E-03   2.0145035E+02   3.2967169E+02   8.1770843E+01
  1.0300000E+04     1   3.4560616E-01   7.0235135E-03   1.5207583E-02   3.4932935E+02   1.1128434E+02   2.9350251E+02
  1.0300000E+04     2   4.5342969E-01   1.1967021E-02   2.0252672E-03   4.7115967E+01   2.4556680E+02   5.6549778E+00
  1.0300000E+04     3   5.5016001E-01   4.7876867E-03   1.5780495E-03   3.1949354E+02   3.4016918E+02   7.8494696E+01
  1.0350000E+04     1   3.4481094E-01   6.8788926E-03   1.4850743E-02   1.6439137E+02   1.2132639E+02   2.9016631E+02
  1.0350000E+04     2   4.5263274E-01   1.1968943E-02   1.9727380E-03   4.8031793E+01   2.5069403E+02   2.3735534E+00
  1.0350000E+04     3   5.4883310E-01   4.8876801E-03   1.5446540E-03   2.3212328E+02   3.4433545E+02   7.5223166E+01
  1.0400000E+04     1   3.4407302E-01   6.9756807E-03   1.4499310E-02   2.8130185E+02   1.2819898E+02   2.8680856E+02
  1.0400000E+04     2   4.5143262E-01   1.2020674E-02   1.9239688E-03   2.4471147E+02   2.5879773E+02   3.5924628E+02
  1.0400000E+04     3   5.4764404E-01   4.9050824E-03   1.5093332E-03   2.8868467E+02   3.5323456E+02   7.1919564E+01
  1.0450000E+04     1   3.4329035E-01   6.9053910E-03   1.4157588E-02   3.3872547E+02   1.3438423E+02   2.8343729E+02
  1.0450000E+04     2   4.5047487E-01   1.1781391E-02   1.8752277E-03   2.8005832E+02   2.6767128E+02   3.5611278E+02
  1.0450000E+04     3   5.4642323E-01   4.7127033E-03   1.4751319E-03   1.3363591E+02   3.0207019E+00   6.8600345E+01
  1.0500000E+04     1   3.4252690E-01   6.8302381E-03   1.3823718E-02   3.3852280E+02   1.3896570E+02   2.8006569E+02
  1.0500000E+04     2   4.4943113E-01   1.1956205E-02   1.8262645E-03   1.6136885E+02   2.7058162E+02   3.5283807E+02
  1.0500000E+04     3   5.4517845E-01   4.8595943E-03   1.4432101E-03   1.3521069E+02   5.9057821E+00   6.5275846E+01
  1.0550000E+04     1   3.4176842E-01   6.9789900E-03   1.3494301E-02   2.8135550E+02   1.4206534E+02   2.7668003E+02
  1.0550000E+04     2   4.4840970E-01   1.2017865E-02   1.7795818E-03   2.4432649E+02   2.7258434E+02   3.4955654E+02
  1.0550000E+04     3   5.4397778E-01   4.9090691E-03   1.4114221E-03   2.8820245E+02   7.4911844E+00   6.1937857E+01
  1.0600000E+04     1   3.4097974E-01   7.0251335E-03   1.3174461E-02   1.6823787E+02   1.4400148E+02   2.7328062E+02
  1.0600000E+04     2   4.4739418E-01   1.2055603E-02   1.7339054E-03   1.6928347E+02   2.7401845E+02   3.4626807E+02
  1.0600000E+04     3   5.4277157E-01   4.9282112E-03   1.3803798E-03   2.3221541E+02   8.8251232E+00   5.8594017E+01
  1.0650000E+04     1   3.4023305E-01   6.8958237E-03   1.2861428E-02   6.2107738E-01   1.4438358E+02   2.6986226E+02
  1.0650000E+04     2   4.4641365E-01   1.1971277E-02   1.6894677E-03   2.9647402E+02   2.7541089E+02   3.4298236E+02
  1.0650000E+04     3   5.4153946E-01   4.9104702E-03   1.3502340E-03   3.2685163E+02   1.0843250E+01   5.5235502E+01
  1.0700000E+04     1   3.3945647E-01   7.0648659E-03   1.2553432E-02   1.3955303E+02   1.4319745E+02   2.6644454E+02
  1.0700000E+04     2   4.4540478E-01   1.2033884E-02   1.6472365E-03   2.6733856E+02   2.7602851E+02   3.3966633E+02
  1.0700000E+04     3   5.4035125E-01   4.8057101E-03   1.3200368E-03   2.1381072E+02   1.2339313E+01   5.1884086E+01
  1.0750000E+04     1   3.3868721E-01   6.8873174E-03   1.2255644E-02   2.2420798E+02   1.4229758E+02   2.6302317E+02
  1.0750000E+04     2   4.4448567E-01   1.1894972E-02   1.6042798E-03   8.7756132E+01   2.7056318E+02   3.3626576E+02
  1.0750000E+04     3   5.3915037E-01   4.8993535E-03   1.2920112E-03   2.6202073E+02   4.8969767E+00   4.8521096E+01
  1.0800000E+04     1   3.3793628E-01   6.8205893E-03   1.1962429E-02   2.5872890E+02   1.3845743E+02   2.5957155E+02
  1.0800000E+04     2   4.4343992E-01   1.1948658E-02   1.5639069E-03   1.0754939E+02   2.6996406E+02   3.3295110E+02
  1.0800000E+04     3   5.3789433E-01   4.8743715E-03   1.2633138E-03   9.4740088E+01   5.6528450E+00   4.5143829E+01
  1.0850000E+04     1   3.3717415E-01   7.0344123E-03   1.1674520E-02   2.4326712E+02   1.3245813E+02   2.5610705E+02
  1.0850000E+04     2   4.4239386E-01   1.2094497E-02   1.5245321E-03   3.3929227E+02   2.6227997E+02   3.2949221E+02
  1.0850000E+04     3   5.3675714E-01   4.9243032E-03   1.2363073E-03   8.9236361E+01   3.5798017E+02   4.1759080E+01
  1.0900000E+04     1   3.3641487E-01   6.8963125E-03   1.1395420E-02   1.7572200E+02   1.2767126E+02   2.5265374E+02
  1.0900000E+04     2   4.4159292E-01   1.1937169E-02   1.4849890E-03   5.4302727E+01   2.5689211E+02   3.2605152E+02
  1.0900000E+04     3   5.3548886E-01   4.8950102E-03   1.2096710E-03   2.3625988E+02   3.5162513E+02   3.8371970E+01
  1.0950000E+04     1   3.3567448E-01   6.8997518E-03   1.1121203E-02   6.1310217E+01   1.1991431E+02   2.4917504E+02
  1.0950000E+04     2   4.4065036E-01   1.1903377E-02   1.4469851E-03   3.3507648E+02   2.5206549E+02   3.2272667E+02
  1.0950000E+04     3   5.3424712E-01   4.8153725E-03   1.1824528E-03   1.7470463E+02   3.4819203E+02   3.4950148E+01
  1.1000000E+04     1   3.3492375E-01   6.8857498E-03   1.0854089E-02   2.5917324E+02   1.1095254E+02   2.4569888E+02
  1.1000000E+04     2   4.3949803E-01   1.1889678E-02   1.4081720E-03   1.1056580E+02   2.3944154E+02   3.1913938E+02
  1.1000000E+04     3   5.3316561E-01   4.9216682E-03   1.1580023E-03   2.7887166E+02   3.3395673E+02   3.1517341E+01
  1.1050000E+04     1   3.3417188E-01   7.0436352E-03   1.0593816E-02   5.1387937E+01   9.9675430E+01   2.4219674E+02
  1.1050000E+04     2   4.3845471E-01   1.2068504E-02   1.3709401E-03   9.0328911E+01   2.3014996E+02   3.1572550E+02
  1.1050000E+04     3   5.3194358E-01   4.9346344E-03   1.1327903E-03   1.7274666E+02   3.2529829E+02   2.8063516E+01
  1.1100000E+04     1   3.3341839E-01   7.0867778E-03   1.0341139E-02   1.5760459E+02   8.7623501E+01   2.3869296E+02
  1.1100000E+04     2   4.3749235E-01   1.2020445E-02   1.3347320E-03   2.7820101E+02   2.2104882E+02   3.1234744E+02
  1.1100000E+04     3   5.3075927E-01   4.8079811E-03   1.1073648E-03   2.2145202E+02   3.1776544E+02   2.4603658E+01
  1.1150000E+04     1   3.3266974E-01   7.0421465E-03   1.0094683E-02   2.1978421E+02   7.4066530E+01   2.3517447E+02
  1.1150000E+04     2   4.3648487E-01   1.2074160E-02   1.2962733E-03   3.2286051E+02   2.0423381E+02   3.0889198E+02
  1.1150000E+04     3   5.2959689E-01   4.9359616E-03   1.0836382E-03   7.6425865E+01   3.0050944E+02   2.1071211E+01
  1.1200000E+04     1   3.3194160E-01   6.9535516E-03   9.8551003E-03   2.3755026E+02   6.0297096E+01   2.3165243E+02
  1.1200000E+04     2   4.3551457E-01   1.1834000E-02   1.2626692E-03   2.1003166E+02   1.9467763E+02   3.0561271E+02
  1.1200000E+04     3   5.2840734E-01   4.7664030E-03   1.0583522E-03   7.9700022E+01   2.9179699E+02   1.7600350E+01
  1.1250000E+04     1   3.3117796E-01   7.1177783E-03   9.6229448E-03   2.1458220E+02   4.3645897E+01   2.2809077E+02
  1.1250000E+04     2   4.3455632E-01   1.1998500E-02   1.2292378E-03   3.1548709E+02   1.7710514E+02   3.0230164E+02
  1.1250000E+04     3   5.2721905E-01   4.7897224E-03   1.0344302E-03   2.4935546E+02   2.7428753E+02   1.4071733E+01
  1.1300000E+04     1   3.3044548E-01   7.0827885E-03   9.3948116E-03   1.4984115E+02   2.6055592E+01   2.2451164E+02
  1.1300000E+04     2   4.3359003E-01   1.2009521E-02   1.1986556E-03   2.7250455E+02   1.5907232E+02   2.9901023E+02
  1.1300000E+04     3   5.2602394E-01   4.8148932E-03   1.0104457E-03   2.1689731E+02   2.5676744E+02   1.0562064E+01
  1.1350000E+04     1   3.2970520E-01   7.0076954E-03   9.1712871E-03   4.5307906E+01   6.7908393E+00   2.2091549E+02
  1.1350000E+04     2   4.3258351E-01   1.1904413E-02   1.1706653E-03   8.1391792E+01   1.4106474E+02   2.9566631E+02
  1.1350000E+04     3   5.2489021E-01   4.8344254E-03   9.8686927E-04   3.4366426E+02   2.3845620E+02   7.0958731E+00
  1.1400000E+04     1   3.2897364E-01   6.8988840E-03   8.9501675E-03   2.5995215E+02   3.4783790E+02   2.1732062E+02
  1.1400000E+04     2   4.3169222E-01   1.1875173E-02   1.1434273E-03   1.0997014E+02   1.1586353E+02   2.9217399E+02
  1.1400000E+04     3   5.2369718E-01   4.9254305E-03   9.6474760E-04   2.7790396E+02   2.1177874E+02   3.6364331E+00
  1.1450000E+04     1   3.2822954E-01   6.8636887E-03   8.7317601E-03   7.8408272E+01   3.2551972E+02   2.1368973E+02
  1.1450000E+04     2   4.3070424E-01   1.1941146E-02   1.1181534E-03   3.4599659E+02   9.6785424E+01   2.8856214E+02
  1.1450000E+04     3   5.2247171E-01   4.9175952E-03   9.4353616E-04   2.7643601E+00   1.9397164E+02   1.8462482E-01
  1.1500000E+04     1   3.2749175E-01   6.9144606E-03   8.5176635E-03   2.1846509E+02   3.0327727E+02   2.1009405E+02
  1.1500000E+04     2   4.2980874E-01   1.1878784E-02   1.0897216E-03   8.1804611E+01   7.1936447E+01   2.8476506E+02
  1.1500000E+04     3   5.2133093E-01   4.9072725E-03   9.2408249E-04   2.5653993E+02   1.6752721E+02   3.5668775E+02
  1.1550000E+04     1   3.2678494E-01   7.0923521E-03   8.3100167E-03   3.2518287E+02   2.7716040E+02   2.0648321E+02
  1.1550000E+04     2   4.2873656E-01   1.1950934E-02   1.0603298E-03   2.7661430E+01   5.1742034E+01   2.8117572E+02
  1.1550000E+04     3   5.2019571E-01   4.8115795E-03   9.0371406E-04   3.0326483E+02   1.4880680E+02   3.5311146E+02
  1.1600000E+04     1   3.2607934E-01   6.9536447E-03   8.1112381E-03   3.4334825E+01   2.5254051E+02   2.0287641E+02
  1.1600000E+04     2   4.2779843E-01   1.1971135E-02   1.0285464E-03   1.9557541E+02   2.4752930E+01   2.7761670E+02
  1.1600000E+04     3   5.1897420E-01   4.8746585E-03   8.8431375E-04   1.5918302E+02   1.2220479E+02   3.4947315E+02
  1.1650000E+04     1   3.2534975E-01   7.0209224E-03   7.9206125E-03   7.1565729E+01   2.2483532E+02   1.9922293E+02
  1.1650000E+04     2   4.2683603E-01   1.1998149E-02   1.0002402E-03   2.2011176E+02   3.5708512E+02   2.7429260E+02
  1.1650000E+04     3   5.1782130E-01   4.8619319E-03   8.6379787E-04   1.7731608E+02   9.5112331E+01   3.4582872E+02
  1.1700000E+04     1   3.2457303E-01   7.0114675E-03   7.7341054E-03   7.7051069E+01   1.9501197E+02   1.9553601E+02
  1.1700000E+04     2   4.2585002E-01   1.1882996E-02   9.7652784E-04   1.0161924E+02   3.2935584E+02   2.7098610E+02
  1.1700000E+04     3   5.1672599E-01   4.8468880E-03   8.4304171E-04   3.5824119E+02   6.7443366E+01   3.4225267E+02
  1.1750000E+04     1   3.2389698E-01   6.9533104E-03   7.5467976E-03   4.9646957E+01   1.6522134E+02   1.9183309E+02
  1.1750000E+04     2   4.2489124E-01   1.2007368E-02   9.5508960E-04   2.0861189E+02   2.9383171E+02   2.6742578E+02
  1.1750000E+04     3   5.1558023E-01   5.0148910E-03   8.2382654E-04   3.5058493E+02   3.1215001E+01   3.3872479E+02
  1.1800000E+04     1   3.2314616E-01   6.8813984E-03   7.3603661E-03   3.5174209E+02   1.3415793E+02   1.8813254E+02
  1.1800000E+04     2   4.2399666E-01   1.1933355E-02   9.3402837E-04   1.6673916E+02   2.6597090E+02   2.6364312E+02
  1.1800000E+04     3   5.1433700E-01   4.8917836E-03   8.0597272E-04   1.3755058E+02   3.7218828E+00   3.3521105E+02
  1.1850000E+04     1   3.2239801E-01   7.0618586E-03   7.1791114E-03   2.6646731E+02   9.9888598E+01   1.8445171E+02
  1.1850000E+04     2   4.2300989E-01   1.2060614E-02   9.0762765E-04   3.5205650E+02   2.3012604E+02   2.5970986E+02
  1.1850000E+04     3   5.1323814E-01   4.9348594E-03   7.8969401E-04   9.7632912E+01   3.2729875E+02   3.3156626E+02
  1.1900000E+04     1   3.2167196E-01   6.9232783E-03   7.0077680E-03   1.5086928E+02   6.6554012E+01   1.8078498E+02
  1.1900000E+04     2   4.2230874E-01   1.1970514E-02   8.7866334E-04   3.4419250E+01   1.9675544E+02   2.5616075E+02
  1.1900000E+04     3   5.1199138E-01   4.9220851E-03   7.7229761E-04   2.1957448E+02   2.9365652E+02   3.2781249E+02
  1.1950000E+04     1   3.2096852E-01   6.9397954E-03   6.8435341E-03   9.9918279E+00   3.0295167E+01   1.7704764E+02
  1.1950000E+04     2   4.2122837E-01   1.1747681E-02   8.5699994E-04   2.9721391E+02   1.6349274E+02   2.5287238E+02
  1.1950000E+04     3   5.1089657E-01   4.7646397E-03   7.5338788E-04   1.4466047E+02   2.6182163E+02   3.2415971E+02
  1.2000000E+04     1   3.2023314E-01   6.9345509E-03   6.6791517E-03   2.0299750E+02   3.5287108E+02   1.7327050E+02
  1.2000000E+04     2   4.2031283E-01   1.1870112E-02   8.3834921E-04   6.9904849E+01   1.2148061E+02   2.4938603E+02
  1.2000000E+04     3   5.0976874E-01   4.9073899E-03   7.3554867E-04   2.4682576E+02   2.1852954E+02   3.2053889E+02
  1.2050000E+04     1   3.1952614E-01   7.0654231E-03   6.5124018E-03   1.2268998E+01   3.1272238E+02   1.6948710E+02
  1.2050000E+04     2   4.1924082E-01   1.2047350E-02   8.2062705E-04   6.1742743E+01   8.2941635E+01   2.4544309E+02
  1.2050000E+04     3   5.0864420E-01   4.9424968E-03   7.1989473E-04   1.5003947E+02   1.8012375E+02   3.1698085E+02
  1.2100000E+04     1   3.1880606E-01   7.1129619E-03   6.3527614E-03   1.5707630E+02   2.7199231E+02   1.6575811E+02
  1.2100000E+04     2   4.1832322E-01   1.1988728E-02   7.9711510E-04   2.7527316E+02   4.5471478E+01   2.4155167E+02
  1.2100000E+04     3   5.0750759E-01   4.8320566E-03   7.0473106E-04   2.1798051E+02   1.4391426E+02   3.1327450E+02
  1.2150000E+04     1   3.1809286E-01   7.0664168E-03   6.2026047E-03   2.7969004E+02   2.2974535E+02   1.6200143E+02
  1.2150000E+04     2   4.1736208E-01   1.2046393E-02   7.7149729E-04   7.5671834E-02   3.5990129E+02   2.3801276E+02
  1.2150000E+04     3   5.0638431E-01   4.9355226E-03   6.8902337E-04   1.0333428E+02   9.7786114E+01   3.0942681E+02
  1.2200000E+04     1   3.1739152E-01   6.9422356E-03   6.0556965E-03   1.9788012E+01   1.8733316E+02   1.5818665E+02
  1.2200000E+04     2   4.1655106E-01   1.1749847E-02   7.5441857E-04   3.0325658E+02   3.2025453E+02   2.3467381E+02
  1.2200000E+04     3   5.0520024E-01   4.7771133E-03   6.7184337E-04   1.4893532E+02   5.9054970E+01   3.0575888E+02
  1.2250000E+04     1   3.1667159E-01   7.0270376E-03   5.9049954E-03   1.0200312E+02   1.4113681E+02   1.5433531E+02
  1.2250000E+04     2   4.1548219E-01   1.1858501E-02   7.3953753E-04   1.1683923E+02   2.7560181E+02   2.3082679E+02
  1.2250000E+04     3   5.0414946E-01   4.8579875E-03   6.5660134E-04   8.8423647E+00   1.4392882E+01   3.0213987E+02
  1.2300000E+04     1   3.1596877E-01   7.0098140E-03   5.7582967E-03   1.6345470E+02   9.4852265E+01   1.5055686E+02
  1.2300000E+04     2   4.1455464E-01   1.1841615E-02   7.1862742E-04   1.5774575E+02   2.2954482E+02   2.2677018E+02
  1.2300000E+04     3   5.0301605E-01   4.8402261E-03   6.4311091E-04   3.9184923E+01   3.2828388E+02   2.9840886E+02
  1.2350000E+04     1   3.1525022E-01   6.9405178E-03   5.6226580E-03   2.0622195E+02   4.7761304E+01   1.4677034E+02
  1.2350000E+04     2   4.1377028E-01   1.1860032E-02   6.9406599E-04   7.1268145E+01   1.7675232E+02   2.2316561E+02
  1.2350000E+04     3   5.0184130E-01   4.9125154E-03   6.2899017E-04   2.4746419E+02   2.7399410E+02   2.9448470E+02
  1.2400000E+04     1   3.1456035E-01   7.0592367E-03   5.4883520E-03   2.3346700E+02   3.5792529E+02   1.4287203E+02
  1.2400000E+04     2   4.1273375E-01   1.1985432E-02   6.8034779E-04   2.0783994E+02   1.2821078E+02   2.1976374E+02
  1.2400000E+04     3   5.0072115E-01   4.9510733E-03   6.1317533E-04   2.5872029E+02   2.2649474E+02   2.9078413E+02
  1.2450000E+04     1   3.1385952E-01   6.9888702E-03   5.3505063E-03   2.4501606E+02   3.0670526E+02   1.3899159E+02
  1.2450000E+04     2   4.1179536E-01   1.1799273E-02   6.6631495E-04   2.1179826E+02   8.1038218E+01   2.1573125E+02
  1.2450000E+04     3   4.9963286E-01   4.7992444E-03   5.9970169E-04   7.9502178E+01   1.8014634E+02   2.8713573E+02
  1.2500000E+04     1   3.1314529E-01   6.8728684E-03   5.2197173E-03   2.4169767E+02   2.5439206E+02   1.3518174E+02
  1.2500000E+04     2   4.1091923E-01   1.1908296E-02   6.4437290E-04   9.1822094E+01   2.6495105E+01   2.1168992E+02
  1.2500000E+04     3   4.9845356E-01   4.9118689E-03   5.8749430E-04   8.0881952E+01   1.2472986E+02   2.8326024E+02
  1.2550000E+04     1   3.1245160E-01   7.0647253E-03   5.0976664E-03   2.2529083E+02   2.0029884E+02   1.3128000E+02
  1.2550000E+04     2   4.0996859E-01   1.1984222E-02   6.2671638E-04   2.0207412E+02   3.3067471E+02   2.0834649E+02
  1.2550000E+04     3   4.9736887E-01   4.9547966E-03   5.7307612E-04   2.5425256E+02   6.9102815E+01   2.7936333E+02
  1.2600000E+04     1   3.1174867E-01   7.0758168E-03   4.9711882E-03   1.9683776E+02   1.4473622E+02   1.2733678E+02
  1.2600000E+04     2   4.0904804E-01   1.1990079E-02   6.1528950E-04   1.8310283E+02   2.7507095E+02   2.0445547E+02
  1.2600000E+04     3   4.9625751E-01   4.9581799E-03   5.5972270E-04   2.4005013E+02   1.3285658E+01   2.7569250E+02
  1.2650000E+04     1   3.1104196E-01   6.8869806E-03   4.8470638E-03   1.5768603E+02   8.7506191E+01   1.2346778E+02
  1.2650000E+04     2   4.0816457E-01   1.1918874E-02   5.9676396E-04   3.5707811E+01   2.1948120E+02   2.0025377E+02
  1.2650000E+04     3   4.9511926E-01   4.9240364E-03   5.4841318E-04   3.8597741E+01   3.1797590E+02   2.7184010E+02
  1.2700000E+04     1   3.1035028E-01   7.0366559E-03   4.7340332E-03   1.0947725E+02   2.8183220E+01   1.1954564E+02
  1.2700000E+04     2   4.0718880E-01   1.1849685E-02   5.7935195E-04   1.2079358E+02   1.6271829E+02   1.9683205E+02
  1.2700000E+04     3   4.9408780E-01   4.8694369E-03   5.3511519E-04   1.1268131E+01   2.6226105E+02   2.6788670E+02
  1.2750000E+04     1   3.0965898E-01   7.0891978E-03   4.6168344E-03   5.1715895E+01   3.2837919E+02   1.1555537E+02
  1.2750000E+04     2   4.0629756E-01   1.2014534E-02   5.6829267E-04   8.6251904E+01   9.8614231E+01   1.9298288E+02
  1.2750000E+04     3   4.9293914E-01   4.9574782E-03   5.2253319E-04   1.6758704E+02   1.9689538E+02   2.6414839E+02
  1.2800000E+04     1   3.0897447E-01   6.9691309E-03   4.5013827E-03   3.4623624E+02   2.6730926E+02   1.1165078E+02
  1.2800000E+04     2   4.0545406E-01   1.1718745E-02   5.5191431E-04   2.7894444E+02   4.1344758E+01   1.8879070E+02
  1.2800000E+04     3   4.9182583E-01   4.7761813E-03   5.1159211E-04   1.2980787E+02   1.4046566E+02   2.6027665E+02
  1.2850000E+04     1   3.0827793E-01   7.1490295E-03   4.3960715E-03   2.7636317E+02   2.0296339E+02   1.0767664E+02
  1.2850000E+04     2   4.0448565E-01   1.1933662E-02   5.3544542E-04   3.5232196E+02   3.3681781E+02   1.8529045E+02
  1.2850000E+04     3   4.9076283E-01   4.8245994E-03   4.9935687E-04   2.7516237E+02   7.6396943E+01   2.5626617E+02
  1.2900000E+04     1   3.0757347E-01   7.1534949E-03   4.2860996E-03   2.0024422E+02   1.3814922E+02   1.0365789E+02
  1.2900000E+04     2   4.0359202E-01   1.1955431E-02   5.2544757E-04   3.0191139E+02   2.7158670E+02   1.8131590E+02
  1.2900000E+04     3   4.8965326E-01   4.8324516E-03   4.8759819E-04   2.3709957E+02   1.1307210E+01   2.5250229E+02
  1.2950000E+04     1   3.0689393E-01   7.0358232E-03   4.1805136E-03   1.2046730E+02   7.1549780E+01   9.9718612E+01
  1.2950000E+04     2   4.0265377E-01   1.1834201E-02   5.0854889E-04   1.2754603E+02   2.0640243E+02   1.7715713E+02
  1.2950000E+04     3   4.8858589E-01   4.8704900E-03   4.7753736E-04   1.5989387E+01   3.0593727E+02   2.4852925E+02
  1.3000000E+04     1   3.0625048E-01   6.9716673E-03   4.0822115E-03   3.7574641E+01   3.8651182E+00   9.5690789E+01
  1.3000000E+04     2   4.0175418E-01   1.1951955E-02   4.9478080E-04   1.9757371E+02   1.3259554E+02   1.7368029E+02
  1.3000000E+04     3   4.8750356E-01   5.0276522E-03   4.6570281E-04   3.4096095E+02   2.3168513E+02   2.4452330E+02
  1.3050000E+04     1   3.0553121E-01   6.8898793E-03   3.9780661E-03   3.1278454E+02   2.9501550E+02   9.1652909E+01
  1.3050000E+04     2   4.0091145E-01   1.1889410E-02   4.8463519E-04   1.3780195E+02   6.7123677E+01   1.6936731E+02
  1.3050000E+04     3   4.8632416E-01   4.9228542E-03   4.5562165E-04   1.1458175E+02   1.6625887E+02   2.4073038E+02
  1.3100000E+04     1   3.0483384E-01   7.0977725E-03   3.8835126E-03   2.2963941E+02   2.2274509E+02   8.7650301E+01
  1.3100000E+04     2   3.9996884E-01   1.2016610E-02   4.6782901E-04   3.2459846E+02   3.5283984E+02   1.6554760E+02
  1.3100000E+04     3   4.8529749E-01   4.9646795E-03   4.4550871E-04   7.5416816E+01   9.2386739E+01   2.3660073E+02
  1.3150000E+04     1   3.0414924E-01   6.9597930E-03   3.7883947E-03   1.4499388E+02   1.5166996E+02   8.3558132E+01
  1.3150000E+04     2   3.9932882E-01   1.1961213E-02   4.5937148E-04   2.7251994E+01   2.8186886E+02   1.6174660E+02
  1.3150000E+04     3   4.8409842E-01   4.9456510E-03   4.3446929E-04   2.1252610E+02   2.0891579E+01   2.3277028E+02
  1.3200000E+04     1   3.0347762E-01   6.9612447E-03   3.6933534E-03   6.4315392E+01   7.7356465E+01   7.9545604E+01
  1.3200000E+04     2   3.9838352E-01   1.1828033E-02   4.4533360E-04   3.3138583E+02   2.1000046E+02   1.5746938E+02
  1.3200000E+04     3   4.8302998E-01   4.8556542E-03   4.2534126E-04   1.6914194E+02   3.0962754E+02   2.2875405E+02
  1.3250000E+04     1   3.0282653E-01   6.9319177E-03   3.6068070E-03   3.4775620E+02   9.2622268E-01   7.5440446E+01
  1.3250000E+04     2   3.9730296E-01   1.1880020E-02   4.3321084E-04   1.6384023E+02   1.2953991E+02   1.5393531E+02
  1.3250000E+04     3   4.8206613E-01   5.0078882E-03   4.1478113E-04   3.1573509E+02   2.2864638E+02   2.2467594E+02
  1.3300000E+04     1   3.0213724E-01   7.0659882E-03   3.5141264E-03   2.7479802E+02   2.8383369E+02   7.1351349E+01
  1.3300000E+04     2   3.9642467E-01   1.1945924E-02   4.2348808E-04   2.3303528E+02   5.4992030E+01   1.4945323E+02
  1.3300000E+04     3   4.8092892E-01   4.9625010E-03   4.0597992E-04   2.7644919E+02   1.5400573E+02   2.2079091E+02
  1.3350000E+04     1   3.0144966E-01   7.0271644E-03   3.4314119E-03   2.0832195E+02   2.0464095E+02   6.7259588E+01
  1.3350000E+04     2   3.9550848E-01   1.1802294E-02   4.1020870E-04   1.8522919E+02   3.3896715E+02   1.4584258E+02
  1.3350000E+04     3   4.7989620E-01   4.8444564E-03   3.9617397E-04   5.8534431E+01   7.9683981E+01   2.1663574E+02
  1.3400000E+04     1   3.0076120E-01   6.9110220E-03   3.3445012E-03   1.4863651E+02   1.2431415E+02   6.3098615E+01
  1.3400000E+04     2   3.9467591E-01   1.1898260E-02   4.0221529E-04   2.7958445E+01   2.5604001E+02   1.4159097E+02
  1.3400000E+04     3   4.7876126E-01   4.9384778E-03   3.8710609E-04   3.1934261E+01   3.5578799E+02   2.1272821E+02
  1.3450000E+04     1   3.0009550E-01   7.1045994E-03   3.2643095E-03   9.7639650E+01   4.1862369E+01   5.9015492E+01
  1.3450000E+04     2   3.9375428E-01   1.1984873E-02   3.8801077E-04   1.1520632E+02   1.7228761E+02   1.3763007E+02
  1.3450000E+04     3   4.7771894E-01   4.9720360E-03   3.7856077E-04   1.8844384E+02   2.7160716E+02   2.0850581E+02
  1.3500000E+04     1   2.9942389E-01   7.1074190E-03   3.1828980E-03   5.6235093E+01   3.1802169E+02   5.4810828E+01
  1.3500000E+04     2   3.9287043E-01   1.1993045E-02   3.8123551E-04   8.7597129E+01   8.8296280E+01   1.3361333E+02
  1.3500000E+04     3   4.7665136E-01   4.9675903E-03   3.6932101E-04   1.6775250E+02   1.8754516E+02   2.0459072E+02
  1.3550000E+04     1   2.9875827E-01   6.9529061E-03   3.1051391E-03   2.5585115E+01   2.3274156E+02   5.0713170E+01
  1.3550000E+04     2   3.9202011E-01   1.1884807E-02   3.6786946E-04   3.0585101E+02   4.3567136E+00   1.2942505E+02
  1.3550000E+04     3   4.7556467E-01   4.9660307E-03   3.6136720E-04   3.3036332E+02   1.0435086E+02   2.0037855E+02
  1.3600000E+04     1   2.9808895E-01   7.0988852E-03   3.0287764E-03   8.1609554E+00   1.4496341E+02   4.6460623E+01
  1.3600000E+04     2   3.9110311E-01   1.1874777E-02   3.6132080E-04   5.1268269E+01   2.7943447E+02   1.2558699E+02
  1.3600000E+04     3   4.7455779E-01   4.8781125E-03   3.5222690E-04   3.1855130E+02   1.9841927E+01   1.9638087E+02
  1.3650000E+04     1   2.9741698E-01   7.1104268E-03   2.9542585E-03   2.8249951E+00   5.6722339E+01   4.2334648E+01
  1.3650000E+04     2   3.9023593E-01   1.1999716E-02   3.4868684E-04   5.1757269E+01   1.8714715E+02   1.2122481E+02
  1.3650000E+04     3   4.7346288E-01   4.9604036E-03   3.4496682E-04   1.4066663E+02   2.8670210E+02   1.9216679E+02
  1.3700000E+04     1   2.9675804E-01   6.9876929E-03   2.8818045E-03   1.1746466E+01   3.2739303E+02   3.8074498E+01
  1.3700000E+04     2   3.8945619E-01   1.1702659E-02   3.4227593E-04   2.9421104E+02   1.0062065E+02   1.1742989E+02
  1.3700000E+04     3   4.7237659E-01   4.8033250E-03   3.3608331E-04   1.4033956E+02   2.0142890E+02   1.8814363E+02
  1.3750000E+04     1   2.9608568E-01   7.0826005E-03   2.8107048E-03   3.8841393E+01   2.3399062E+02   3.3906756E+01
  1.3750000E+04     2   3.8847981E-01   1.1851405E-02   3.3091192E-04   7.1304384E+01   8.7730451E+00   1.1306697E+02
  1.3750000E+04     3   4.7138397E-01   4.8893532E-03   3.2893783E-04   3.3333368E+02   1.0932157E+02   1.8392077E+02
  1.3800000E+04     1   2.9542104E-01   7.0701661E-03   2.7412195E-03   8.1352936E+01   1.4055553E+02   2.9609426E+01
  1.3800000E+04     2   3.8760686E-01   1.1832045E-02   3.2452497E-04   9.9503196E+01   2.7507350E+02   1.0912288E+02
  1.3800000E+04     3   4.7033087E-01   4.8962043E-03   3.2069402E-04   3.5424745E+02   1.5938749E+01   1.7984947E+02
  1.3850000E+04     1   2.9475638E-01   6.9803405E-03   2.6743635E-03   1.4094920E+02   4.6571327E+01   2.5434856E+01
  1.3850000E+04     2   3.8700961E-01   1.1956308E-02   3.1279708E-04   2.2818565E+01   1.7702676E+02   1.0487378E+02
  1.3850000E+04     3   4.6914608E-01   4.9577098E-03   3.1384166E-04   2.0829193E+02   2.7720863E+02   1.7554704E+02
  1.3900000E+04     1   2.9410776E-01   7.1023549E-03   2.6072761E-03   2.2179536E+02   3.0948802E+02   2.1111761E+01
  1.3900000E+04     2   3.8590362E-01   1.1947803E-02   3.0741661E-04   1.9674062E+02   7.9916298E+01   1.0067497E+02
  1.3900000E+04     3   4.6817984E-01   4.9742494E-03   3.0618828E-04   2.4878322E+02   1.7989426E+02   1.7151307E+02
  1.3950000E+04     1   2.9345545E-01   7.0104118E-03   2.5447229E-03   3.2344948E+02   2.1092776E+02   1.6874466E+01
  1.3950000E+04     2   3.8506691E-01   1.1702184E-02   2.9704330E-04   2.6094473E+02   3.4475779E+02   9.6660634E+01
  1.3950000E+04     3   4.6714028E-01   4.8034846E-03   2.9915965E-04   1.1490188E+02   8.6095415E+01   1.6719295E+02
  1.4000000E+04     1   2.9281706E-01   7.1085192E-03   2.4798577E-03   8.7802619E+01   1.1025583E+02   1.2547548E+01
  1.4000000E+04     2   3.8418149E-01   1.1935192E-02   2.9102538E-04   2.2522578E+02   2.4288849E+02   9.2218314E+01
  1.4000000E+04     3   4.6608185E-01   4.9054059E-03   2.9230372E-04   1.7832348E+02   3.4421772E+02   1.6310156E+02
  1.4050000E+04     1   2.9213081E-01   6.9136961E-03   2.4211165E-03   2.3458397E+02   8.8274127E+00   8.2546948E+00
  1.4050000E+04     2   3.8334937E-01   1.1874122E-02   2.8172849E-04   8.3629579E+01   1.4023161E+02   8.8397706E+01
  1.4050000E+04     3   4.6501556E-01   4.9408071E-03   2.8517701E-04   7.3056785E+01   2.4125947E+02   1.5874134E+02
  1.4100000E+04     1   2.9152424E-01   7.0577704E-03   2.3588076E-03   4.6541125E+01   2.6532151E+02   3.9353697E+00
  1.4100000E+04     2   3.8246203E-01   1.1921319E-02   2.7481699E-04   1.9789855E+02   3.7452366E+01   8.3714840E+01
  1.4100000E+04     3   4.6398980E-01   4.9251289E-03   2.7905471E-04   1.5798779E+02   1.3863830E+02   1.5457942E+02
  1.4150000E+04     1   2.9083666E-01   7.0361737E-03   2.3021631E-03   2.4499444E+02   1.5981762E+02   3.5955619E+02
  1.4150000E+04     2   3.8159137E-01   1.1760477E-02   2.6825889E-04   2.0794142E+02   2.9377204E+02   7.9937513E+01
  1.4150000E+04     3   4.6299572E-01   4.8419858E-03   2.7184212E-04   7.4721941E+01   3.5670793E+01   1.5030339E+02
  1.4200000E+04     1   2.9017713E-01   7.1265874E-03   2.2448909E-03   1.1062784E+02   5.2704081E+01   3.5525627E+02
  1.4200000E+04     2   3.8074303E-01   1.1960350E-02   2.5915792E-04   1.2222088E+02   1.8300025E+02   7.5376203E+01
  1.4200000E+04     3   4.6193500E-01   4.9797039E-03   2.6616933E-04   1.9286273E+02   2.8339738E+02   1.4594881E+02
  1.4250000E+04     1   2.8953484E-01   7.0064385E-03   2.1884167E-03   4.2107691E+00   3.0468215E+02   3.5083890E+02
  1.4250000E+04     2   3.7996556E-01   1.1686371E-02   2.5453339E-04   2.8787048E+02   7.8056342E+01   7.1194571E+01
  1.4250000E+04     3   4.6088679E-01   4.8116028E-03   2.5947556E-04   1.3494061E+02   1.7954903E+02   1.4179610E+02
  1.4300000E+04     1   2.8888858E-01   7.1826240E-03   2.1360040E-03   2.8945239E+02   1.9322047E+02   3.4646754E+02
  1.4300000E+04     2   3.7904045E-01   1.1893594E-02   2.4629557E-04   3.5776501E+02   3.2685569E+02   6.7136264E+01
  1.4300000E+04     3   4.5989793E-01   4.8569920E-03   2.5337091E-04   2.7765615E+02   6.8644149E+01   1.3736584E+02
  1.4350000E+04     1   2.8822722E-01   7.1904077E-03   2.0815802E-03   2.4454503E+02   8.1341282E+01   3.4208974E+02
  1.4350000E+04     2   3.7819931E-01   1.1907431E-02   2.4003493E-04   3.2808612E+02   2.1496011E+02   6.2432857E+01
  1.4350000E+04     3   4.5886478E-01   4.8535778E-03   2.4781800E-04   2.5526791E+02   3.1646391E+02   1.3313302E+02
  1.4400000E+04     1   2.8759647E-01   7.0446568E-03   2.0306832E-03   2.3202480E+02   3.2807262E+02   3.3762806E+02
  1.4400000E+04     2   3.7733800E-01   1.1760458E-02   2.3458431E-04   1.9876067E+02   1.0201696E+02   5.8487794E+01
  1.4400000E+04     3   4.5784341E-01   4.8537711E-03   2.4148516E-04   6.7565027E+01   2.0422946E+02   1.2880181E+02
  1.4450000E+04     1   2.8694046E-01   7.1288812E-03   1.9810548E-03   2.5457180E+02   2.1172636E+02   3.3323636E+02
  1.4450000E+04     2   3.7649417E-01   1.1975705E-02   2.2642071E-04   3.3824264E+02   3.4136681E+02   5.4093323E+01
  1.4450000E+04     3   4.5681419E-01   4.9716626E-03   2.3619459E-04   8.4270299E+01   8.2987505E+01   1.2432750E+02
  1.4500000E+04     1   2.8631812E-01   7.1785318E-03   1.9302787E-03   3.1152142E+02   9.4497121E+01   3.2878779E+02
  1.4500000E+04     2   3.7565599E-01   1.1879966E-02   2.2170679E-04   1.1873475E+01   2.2872874E+02   4.9474321E+01
  1.4500000E+04     3   4.5579782E-01   4.8687558E-03   2.3067536E-04   2.8804690E+02   3.3026427E+02   1.2010260E+02
  1.4550000E+04     1   2.8566237E-01   6.9653355E-03   1.8837940E-03   4.4283409E+01   3.3648042E+02   3.2428967E+02
  1.4550000E+04     2   3.7484700E-01   1.1856050E-02   2.1598448E-04   3.1616310E+02   1.0741570E+02   4.5503557E+01
  1.4550000E+04     3   4.5473182E-01   4.9785084E-03   2.2488469E-04   3.3700168E+02   2.0920261E+02   1.1567999E+02
  1.4600000E+04     1   2.8502304E-01   7.1349352E-03   1.8372257E-03   1.7546990E+02   2.1612310E+02   3.1986438E+02
  1.4600000E+04     2   3.7398541E-01   1.1942694E-02   2.0868086E-04   1.6451826E+02   3.4612633E+02   4.1016095E+01
  1.4600000E+04     3   4.5373021E-01   4.9856620E-03   2.1993580E-04   2.2402008E+02   8.7379992E+01   1.1118944E+02
  1.4650000E+04     1   2.8440441E-01   7.0360895E-03   1.7900052E-03   3.4636794E+02   9.3716621E+01   3.1535828E+02
  1.4650000E+04     2   3.7316465E-01   1.1874098E-02   2.0413583E-04   2.7746595E+02   2.2497194E+02   3.6317508E+01
  1.4650000E+04     3   4.5269996E-01   4.9852623E-03   2.1486957E-04   3.0805216E+02   3.2630798E+02   1.0689399E+02
  1.4700000E+04     1   2.8373823E-01   7.2048257E-03   1.7465116E-03   1.9824494E+02   3.2938699E+02   3.1081258E+02
  1.4700000E+04     2   3.7232045E-01   1.1917702E-02   1.9934472E-04   2.9675136E+02   1.0224001E+02   3.2300893E+01
  1.4700000E+04     3   4.5171734E-01   4.8707681E-03   2.0932782E-04   2.3125436E+02   2.0483952E+02   1.0246135E+02
  1.4750000E+04     1   2.8313304E-01   7.0828327E-03   1.7038137E-03   9.2052150E+01   2.0341205E+02   3.0631645E+02
  1.4750000E+04     2   3.7145515E-01   1.1940413E-02   1.9254063E-04   2.2983551E+02   3.3228378E+02   2.7892006E+01
  1.4750000E+04     3   4.5074151E-01   5.0440438E-03   2.0464404E-04   2.8579215E+00   7.4383449E+01   9.7895294E+01
  1.4800000E+04     1   2.8247885E-01   7.1139918E-03   1.6603075E-03   2.9197540E+01   7.5807372E+01   3.0179389E+02
  1.4800000E+04     2   3.7062822E-01   1.1837449E-02   1.8792332E-04   6.2748888E+01   2.1021972E+02   2.3139495E+01
  1.4800000E+04     3   4.4972337E-01   4.9090076E-03   1.9997632E-04   3.2588248E+02   3.1219017E+02   9.3541724E+01
  1.4850000E+04     1   2.8187307E-01   7.0018220E-03   1.6191447E-03   9.6326149E+00   3.0802338E+02   2.9720331E+02
  1.4850000E+04     2   3.6983454E-01   1.1870509E-02   1.8374986E-04   1.7178126E+02   7.9539062E+01   1.8850082E+01
  1.4850000E+04     3   4.4865289E-01   4.9485070E-03   1.9503076E-04   1.3787059E+02   1.8180994E+02   8.9119117E+01
  1.4900000E+04     1   2.8125613E-01   7.0628826E-03   1.5799452E-03   3.7449260E+01   1.7706637E+02   2.9264823E+02
  1.4900000E+04     2   3.6899795E-01   1.1895478E-02   1.7807066E-04   1.9021127E+02   3.0833290E+02   1.4659281E+01
  1.4900000E+04     3   4.4765344E-01   4.9429190E-03   1.9028621E-04   1.5146104E+02   5.1214481E+01   8.4538743E+01
  1.4950000E+04     1   2.8058432E-01   7.0960310E-03   1.5403432E-03   1.1370820E+02   4.3364774E+01   2.8808595E+02
  1.4950000E+04     2   3.6813929E-01   1.1798329E-02   1.7278109E-04   1.1876513E+02   1.7743084E+02   9.9480160E+00
  1.4950000E+04     3   4.4671278E-01   4.9168843E-03   1.8604627E-04   7.3655147E+00   2.8017079E+02   8.0017078E+01
  1.5000000E+04     1   2.7995327E-01   7.1454814E-03   1.5010545E-03   2.3805828E+02   2.6863167E+02   2.8346733E+02
  1.5000000E+04     2   3.6732767E-01   1.1962310E-02   1.6856787E-04   3.2618679E+02   3.8332419E+01   5.1621555E+00
  1.5000000E+04     3   4.4569737E-01   4.9845642E-03   1.8182773E-04   7.4620319E+01   1.4038630E+02   7.5556650E+01
  1.5050000E+04     1   2.7932886E-01   7.1102334E-03   1.4638763E-03   5.2355058E+01   1.3242280E+02   2.7881030E+02
  1.5050000E+04     2   3.6649691E-01   1.1819789E-02   1.6484466E-04   7.7653745E+01   2.6648033E+02   9.4994275E-01
  1.5050000E+04     3   4.4471597E-01   4.9189411E-03   1.7712871E-04   3.3673784E+02   9.0371722E+00   7.1048482E+01
  1.5100000E+04     1   2.7870785E-01   6.9415887E-03   1.4284774E-03   2.7700412E+02   3.5568852E+02   2.7420000E+02
  1.5100000E+04     2   3.6573037E-01   1.1845841E-02   1.5969448E-04   1.0971850E+02   1.2662492E+02   3.5664373E+02
  1.5100000E+04     3   4.4364771E-01   4.9581015E-03   1.7290128E-04   9.1518325E+01   2.2922190E+02   6.6416566E+01
  1.5150000E+04     1   2.7807753E-01   6.9540486E-03   1.3926723E-03   1.9595899E+02   2.1569639E+02   2.6958597E+02
  1.5150000E+04     2   3.6491339E-01   1.1861760E-02   1.5469568E-04   5.5789523E+01   3.4669655E+02   3.5191693E+02
  1.5150000E+04     3   4.4265665E-01   4.9608993E-03   1.6901915E-04   5.1063015E+01   8.9258687E+01   6.1808821E+01
  1.5200000E+04     1   2.7745362E-01   7.2059422E-03   1.3572601E-03   1.6988313E+02   7.3297481E+01   2.6490593E+02
  1.5200000E+04     2   3.6407391E-01   1.1910906E-02   1.5103350E-04   2.7697955E+02   2.0616169E+02   3.4711642E+02
  1.5200000E+04     3   4.4170439E-01   4.8907774E-03   1.6512079E-04   2.1584138E+02   3.0933487E+02   5.7295479E+01
  1.5250000E+04     1   2.7683037E-01   7.0216880E-03   1.3230239E-03   1.9756170E+02   2.9121592E+02   2.6020670E+02
  1.5250000E+04     2   3.6337883E-01   1.1806053E-02   1.4738913E-04   5.8977763E+01   5.9913840E+01   3.4246724E+02
  1.5250000E+04     3   4.4068557E-01   4.9423424E-03   1.6116886E-04   2.3492143E+02   1.6123299E+02   5.2739235E+01
  1.5300000E+04     1   2.7622200E-01   6.9472163E-03   1.2905988E-03   2.8394337E+02   1.4572474E+02   2.5548265E+02
  1.5300000E+04     2   3.6246717E-01   1.1840587E-02   1.4365233E-04   1.1394374E+02   2.7670490E+02   3.3822637E+02
  1.5300000E+04     3   4.3969058E-01   4.9612378E-03   1.5706651E-04   9.4474003E+01   1.9399906E+01   4.8096884E+01
  1.5350000E+04     1   2.7560237E-01   7.1565883E-03   1.2588171E-03   6.9080088E+01   3.5805726E+02   2.5077331E+02
  1.5350000E+04     2   3.6161848E-01   1.1945066E-02   1.3926982E-04   9.2350957E+01   1.2738313E+02   3.3373944E+02
  1.5350000E+04     3   4.3873993E-01   4.9891824E-03   1.5331835E-04   1.6937669E+02   2.2976776E+02   4.3384597E+01
  1.5400000E+04     1   2.7498104E-01   7.1521752E-03   1.2274151E-03   2.7403371E+02   2.0876768E+02   2.4606157E+02
  1.5400000E+04     2   3.6080328E-01   1.1956786E-02   1.3498807E-04   3.4932857E+02   3.3792541E+02   3.2899424E+02
  1.5400000E+04     3   4.3777444E-01   4.9799187E-03   1.4984153E-04   9.1719947E+01   8.0861694E+01   3.8690699E+01
  1.5450000E+04     1   2.7436923E-01   7.1550621E-03   1.1962935E-03   1.7918836E+02   5.9039473E+01   2.4133595E+02
  1.5450000E+04     2   3.6000802E-01   1.1922730E-02   1.3130917E-04   1.6535256E+02   1.8879240E+02   3.2412185E+02
  1.5450000E+04     3   4.3677464E-01   4.9949640E-03   1.4641409E-04   2.2381038E+02   2.9105569E+02   3.4060350E+01
  1.5500000E+04     1   2.7375216E-01   7.1990956E-03   1.1660320E-03   1.4897283E+02   2.6581214E+02   2.3655393E+02
  1.5500000E+04     2   3.5921285E-01   1.1904348E-02   1.2832760E-04   2.6257710E+02   3.8433433E+01   3.1938572E+02
  1.5500000E+04     3   4.3580177E-01   4.9049517E-03   1.4287386E-04   2.0471291E+02   1.4205314E+02   2.9451986E+01
  1.5550000E+04     1   2.7313649E-01   7.1538388E-03   1.1366973E-03   1.8279382E+02   1.1108161E+02   2.3174625E+02
  1.5550000E+04     2   3.5838278E-01   1.1939161E-02   1.2511207E-04   2.8840694E+02   2.4036144E+02   3.1469946E+02
  1.5550000E+04     3   4.3485808E-01   5.0145309E-03   1.3942675E-04   4.5662479E+01   3.4339920E+02   2.4763505E+01
  1.5600000E+04     1   2.7253983E-01   7.0660806E-03   1.1085201E-03   2.8070953E+02   3.1613442E+02   2.2693788E+02
  1.5600000E+04     2   3.5759794E-01   1.1706811E-02   1.2195522E-04   2.2891451E+02   8.9496575E+01   3.1027472E+02
  1.5600000E+04     3   4.3386713E-01   4.8561006E-03   1.3589491E-04   8.9069044E+01   1.9326009E+02   2.0043129E+01
  1.5650000E+04     1   2.7191745E-01   7.1189478E-03   1.0811637E-03   8.7699825E+01   1.5726812E+02   2.2211488E+02
  1.5650000E+04     2   3.5677160E-01   1.1793165E-02   1.1849320E-04   1.0005559E+02   2.9082742E+02   3.0568670E+02
  1.5650000E+04     3   4.3292066E-01   4.9317335E-03   1.3260729E-04   3.5279620E+02   3.4573251E+01   1.5265804E+01
  1.5700000E+04     1   2.7132145E-01   7.0602189E-03   1.0543876E-03   3.2106576E+02   3.5843799E+02   2.1730314E+02
  1.5700000E+04     2   3.5602178E-01   1.1671819E-02   1.1499352E-04   2.5578347E+02   1.3137514E+02   3.0102409E+02
  1.5700000E+04     3   4.3191772E-01   4.8421509E-03   1.2946711E-04   1.0922794E+02   2.3545566E+02   1.0484278E+01
  1.5750000E+04     1   2.7070158E-01   7.1614445E-03   1.0279938E-03   2.6623818E+02   1.9568233E+02   2.1245904E+02
  1.5750000E+04     2   3.5518905E-01   1.1946022E-02   1.1152454E-04   3.4346857E+02   3.2457124E+02   2.9622358E+02
  1.5750000E+04     3   4.3096523E-01   4.9843026E-03   1.2645077E-04   8.6946930E+01   6.8133435E+01   5.6616182E+00
  1.5800000E+04     1   2.7010439E-01   7.2213305E-03   1.0021866E-03   2.8152641E+02   3.2220993E+01   2.0760800E+02
  1.5800000E+04     2   3.5440256E-01   1.1867544E-02   1.0847966E-04   3.4965072E+02   1.6513220E+02   2.9137565E+02
  1.5800000E+04     3   4.3000574E-01   4.8835196E-03   1.2346701E-04   2.7007177E+02   2.6903830E+02   8.9715907E-01
  1.5850000E+04     1   2.6950479E-01   7.0313867E-03   9.7686817E-04   9.3183246E+00   2.2732254E+02   2.0274746E+02
  1.5850000E+04     2   3.5363130E-01   1.1838021E-02   1.0532605E-04   2.9041491E+02   3.5779840E+02   2.8648047E+02
  1.5850000E+04     3   4.2900390E-01   5.0018072E-03   1.2057872E-04   3.1654417E+02   1.0123333E+02   3.5608516E+02
  1.5900000E+04     1   2.6889191E-01   7.1696041E-03   9.5222520E-04   1.7166685E+02   6.0269515E+01   1.9784674E+02
  1.5900000E+04     2   3.5282142E-01   1.1915763E-02   1.0250618E-04   1.5951527E+02   1.8976764E+02   2.8159115E+02
  1.5900000E+04     3   4.2805777E-01   4.9997224E-03   1.1774650E-04   2.1902628E+02   2.9266620E+02   3.5128198E+02
  1.5950000E+04     1   2.6828886E-01   7.0017486E-03   9.2809986E-04   5.0164768E+01   2.5097736E+02   1.9292986E+02
  1.5950000E+04     2   3.5205407E-01   1.1831624E-02   9.9836773E-05   3.1739440E+02   2.1624022E+01   2.7671445E+02
  1.5950000E+04     3   4.2708379E-01   4.9995777E-03   1.1490791E-04   3.3657034E+02   1.2509315E+02   3.4646765E+02
  1.6000000E+04     1   2.6769424E-01   7.1633355E-03   9.0474188E-04   6.5842522E+00   7.9205361E+01   1.8798441E+02
  1.6000000E+04     2   3.5122813E-01   1.1826355E-02   9.7360148E-05   4.5459990E+01   2.1290964E+02   2.7190531E+02
  1.6000000E+04     3   4.2617991E-01   4.9222677E-03   1.1209824E-04   3.1179646E+02   3.1661180E+02   3.4164329E+02
  1.6050000E+04     1   2.6709079E-01   7.1734118E-03   8.8202380E-04   4.0299875E+01   2.6697383E+02   1.8303294E+02
  1.6050000E+04     2   3.5045009E-01   1.1934591E-02   9.4645728E-05   7.1933850E+01   3.6373729E+01   2.6698947E+02
  1.6050000E+04     3   4.2519482E-01   4.9911680E-03   1.0946963E-04   1.5340178E+02   1.3928133E+02   3.3676772E+02
  1.6100000E+04     1   2.6648419E-01   7.0432124E-03   8.5980559E-04   1.5396178E+02   9.3156520E+01   1.7807063E+02
  1.6100000E+04     2   3.4988317E-01   1.1892582E-02   9.2037433E-05   2.7288152E+01   2.2251698E+02   2.6211723E+02
  1.6100000E+04     3   4.2416776E-01   4.9798180E-03   1.0684458E-04   2.0956465E+02   3.2558363E+02   3.3188319E+02
  1.6150000E+04     1   2.6590310E-01   7.0611066E-03   8.3817355E-04   3.5061308E+02   2.7624532E+02   1.7307773E+02
  1.6150000E+04     2   3.4893688E-01   1.1649105E-02   8.9788416E-05   2.7493693E+02   4.9027966E+01   2.5734538E+02
  1.6150000E+04     3   4.2328619E-01   4.8460240E-03   1.0416038E-04   1.2326826E+02   1.5324847E+02   3.2700615E+02
  1.6200000E+04     1   2.6530627E-01   7.0318946E-03   8.1712160E-04   2.6995285E+02   9.7779036E+01   1.6808423E+02
  1.6200000E+04     2   3.4815659E-01   1.1756976E-02   8.7143485E-05   1.0618212E+02   2.2531331E+02   2.5231421E+02
  1.6200000E+04     3   4.2236571E-01   4.9688117E-03   1.0174245E-04   2.6985080E+02   3.2778292E+02   3.2206097E+02
  1.6250000E+04     1   2.6472223E-01   7.1469626E-03   7.9661062E-04   2.7406032E+02   2.7692640E+02   1.6306021E+02
  1.6250000E+04     2   3.4734007E-01   1.1878807E-02   8.4842078E-05   2.2668926E+02   4.6727178E+01   2.4746718E+02
  1.6250000E+04     3   4.2139029E-01   5.0018097E-03   9.9250957E-05   2.6877236E+02   1.5013665E+02   3.1712885E+02
  1.6300000E+04     1   2.6412140E-01   7.0633228E-03   7.7655442E-04   3.6416797E+00   9.4798043E+01   1.5802127E+02
  1.6300000E+04     2   3.4661246E-01   1.1647730E-02   8.2604531E-05   2.8348393E+02   2.2733877E+02   2.4261368E+02
  1.6300000E+04     3   4.2044612E-01   4.8502210E-03   9.6808294E-05   1.2959147E+02   3.3177000E+02   3.1217593E+02
  1.6350000E+04     1   2.6351587E-01   7.2394743E-03   7.5713839E-04   1.8208477E+02   2.6943446E+02   1.5296512E+02
  1.6350000E+04     2   3.4578823E-01   1.1883873E-02   8.0281966E-05   2.8293859E+02   4.1676602E+01   2.3763588E+02
  1.6350000E+04     3   4.1952559E-01   4.9038500E-03   9.4510853E-05   2.1922934E+02   1.4646657E+02   3.0719129E+02
  1.6400000E+04     1   2.6295782E-01   7.1696759E-03   7.3813213E-04   8.8163114E+01   8.3487392E+01   1.4789404E+02
  1.6400000E+04     2   3.4501290E-01   1.1880579E-02   7.8016414E-05   2.2086979E+02   2.1491094E+02   2.3268539E+02
  1.6400000E+04     3   4.1856760E-01   4.9479299E-03   9.2247072E-05   1.7269541E+02   3.1983766E+02   3.0217765E+02
  1.6450000E+04     1   2.6234248E-01   7.1380473E-03   7.1954886E-04   8.5920740E+01   2.5459548E+02   1.4281101E+02
  1.6450000E+04     2   3.4421010E-01   1.1778541E-02   7.5832212E-05   9.7430557E+01   2.8037150E+01   2.2773179E+02
  1.6450000E+04     3   4.1767991E-01   4.9451391E-03   8.9991144E-05   3.5011412E+02   1.3259953E+02   2.9715500E+02
  1.6500000E+04     1   2.6175398E-01   7.1771251E-03   7.0156924E-04   1.7544130E+02   6.4067106E+01   1.3770026E+02
  1.6500000E+04     2   3.4344862E-01   1.1917270E-02   7.3543568E-05   2.8181034E+02   1.9271704E+02   2.2272245E+02
  1.6500000E+04     3   4.1674058E-01   5.0276667E-03   8.7868200E-05   3.9850700E+01   2.9728210E+02   2.9207293E+02
  1.6550000E+04     1   2.6117983E-01   7.1856960E-03   6.8400378E-04   3.5813592E+02   2.3210837E+02   1.3257974E+02
  1.6550000E+04     2   3.4267979E-01   1.1819059E-02   7.1605095E-05   3.8880097E+01   5.2867570E+00   2.1782892E+02
  1.6550000E+04     3   4.1580588E-01   4.9269101E-03   8.5675664E-05   3.0636607E+02   1.0998696E+02   2.8703752E+02
  1.6600000E+04     1   2.6058892E-01   6.9809846E-03   6.6689232E-04   2.7488737E+02   3.9473095E+01   1.2744962E+02
  1.6600000E+04     2   3.4195737E-01   1.1819622E-02   6.9518359E-05   1.0557315E+02   1.6973652E+02   2.1287987E+02
  1.6600000E+04     3   4.1481272E-01   4.9794390E-03   8.3595733E-05   8.7038479E+01   2.7431343E+02   2.8194738E+02
  1.6650000E+04     1   2.6000763E-01   6.9850198E-03   6.5018997E-04   2.8968041E+02   2.0351990E+02   1.2227709E+02
  1.6650000E+04     2   3.4119113E-01   1.1818323E-02   6.7680075E-05   1.1532019E+02   3.3364666E+02   2.0794342E+02
  1.6650000E+04     3   4.1388488E-01   4.9813964E-03   8.1525325E-05   9.4266315E+01   7.8444944E+01   2.7685935E+02
  1.6700000E+04     1   2.5942120E-01   7.1564895E-03   6.3375141E-04   4.3983214E+01   4.3198276E+00   1.1706283E+02
  1.6700000E+04     2   3.4037900E-01   1.1795040E-02   6.6050304E-05   6.9074395E+01   1.3719632E+02   2.0292575E+02
  1.6700000E+04     3   4.1302618E-01   4.9454291E-03   7.9492700E-05   3.2880972E+02   2.4239926E+02   2.7177577E+02
  1.6750000E+04     1   2.5883827E-01   7.1867915E-03   6.1759474E-04   2.5669472E+02   1.6454930E+02   1.1185437E+02
  1.6750000E+04     2   3.3962487E-01   1.1923553E-02   6.4356640E-05   3.3539421E+02   2.9271639E+02   1.9779369E+02
  1.6750000E+04     3   4.1208468E-01   4.9966884E-03   7.7557242E-05   7.9951381E+01   3.7725368E+01   2.6667474E+02
  1.6800000E+04     1   2.5826864E-01   7.1174113E-03   6.0185713E-04   2.1030470E+02   3.2335173E+02   1.0664352E+02
  1.6800000E+04     2   3.3885868E-01   1.1735420E-02   6.2716053E-05   1.7979422E+02   9.6011261E+01   1.9261537E+02
  1.6800000E+04     3   4.1117097E-01   4.9162333E-03   7.5668625E-05   5.1104079E+01   2.0166504E+02   2.6158385E+02
  1.6850000E+04     1   2.5768533E-01   7.2495024E-03   5.8650521E-04   2.6807482E+02   1.1892391E+02   1.0142993E+02
  1.6850000E+04     2   3.3811701E-01   1.1852865E-02   6.0965656E-05   3.3896526E+02   2.5112184E+02   1.8731288E+02
  1.6850000E+04     3   4.1024461E-01   4.8971503E-03   7.3869925E-05   2.6107343E+02   3.5634783E+02   2.5645056E+02
  1.6900000E+04     1   2.5710510E-01   7.1517262E-03   5.7168928E-04   7.0041584E+01   2.7271743E+02   9.6191884E+01
  1.6900000E+04     2   3.3734005E-01   1.1776120E-02   5.9151173E-05   8.6074927E+01   4.5840170E+01   1.8209636E+02
  1.6900000E+04     3   4.0934314E-01   4.9512173E-03   7.2127453E-05   3.4128208E+02   1.5097285E+02   2.5125696E+02
  1.6950000E+04     1   2.5655841E-01   7.0399338E-03   5.5738408E-04   3.3696678E+02   6.5513311E+01   9.0955554E+01
  1.6950000E+04     2   3.3661466E-01   1.1782377E-02   5.7158217E-05   1.4945530E+02   1.9272975E+02   1.7691210E+02
  1.6950000E+04     3   4.0842498E-01   5.0263502E-03   7.0440206E-05   3.0142858E+02   2.9676625E+02   2.4598310E+02
  1.7000000E+04     1   2.5597586E-01   7.0337705E-03   5.4356356E-04   3.5158961E+02   2.1610864E+02   8.5661383E+01
  1.7000000E+04     2   3.3587328E-01   1.1822804E-02   5.5652684E-05   1.5586426E+02   3.4622250E+02   1.7199981E+02
  1.7000000E+04     3   4.0744999E-01   4.9858017E-03   6.8653170E-05   1.2407974E+02   9.1712803E+01   2.4076752E+02
  1.7050000E+04     1   2.5538613E-01   7.1991454E-03   5.2983930E-04   1.1621272E+02   3.9021902E+00   8.0313538E+01
  1.7050000E+04     2   3.3509798E-01   1.1902376E-02   5.4300272E-05   1.2066565E+02   1.3215182E+02   1.6694617E+02
  1.7050000E+04     3   4.0656330E-01   5.0086762E-03   6.6916467E-05   1.8898292E+02   2.3705786E+02   2.3553535E+02
  1.7100000E+04     1   2.5481412E-01   7.1962058E-03   5.1622603E-04   3.5178064E+02   1.4962051E+02   7.4974533E+01
  1.7100000E+04     2   3.3434243E-01   1.1919356E-02   5.3009650E-05   3.7920162E+01   2.7780023E+02   1.6159658E+02
  1.7100000E+04     3   4.0565998E-01   4.9939405E-03   6.5284381E-05   1.2687679E+02   2.2749495E+01   2.3035404E+02
  1.7150000E+04     1   2.5426369E-01   7.1131176E-03   5.0295384E-04   3.3909529E+02   2.9411223E+02   6.9652246E+01
  1.7150000E+04     2   3.3361743E-01   1.1828866E-02   5.1517299E-05   2.6809538E+02   6.3668581E+01   1.5612910E+02
  1.7150000E+04     3   4.0473052E-01   5.0174675E-03   6.3742079E-05   2.9875899E+02   1.6870768E+02   2.2511193E+02
  1.7200000E+04     1   2.5367141E-01   7.1595555E-03   4.9037536E-04   8.1553173E+01   7.5482811E+01   6.4315653E+01
  1.7200000E+04     2   3.3283422E-01   1.1770938E-02   4.9936636E-05   9.3264959E+01   2.0832918E+02   1.5089165E+02
  1.7200000E+04     3   4.0387690E-01   4.9579669E-03   6.2214269E-05   3.4637661E+02   3.1398422E+02   2.1979850E+02
  1.7250000E+04     1   2.5312813E-01   7.1587902E-03   4.7823672E-04   2.9805463E+02   2.1634090E+02   5.8936433E+01
  1.7250000E+04     2   3.3212188E-01   1.1848437E-02   4.8402265E-05   2.4079591E+02   3.4532475E+02   1.4584149E+02
  1.7250000E+04     3   4.0292391E-01   5.0139325E-03   6.0690036E-05   2.7837581E+02   9.0705753E+01   2.1442173E+02
  1.7300000E+04     1   2.5253691E-01   7.1993535E-03   4.6606580E-04   2.7330455E+02   3.5358353E+02   5.3496433E+01
  1.7300000E+04     2   3.3135688E-01   1.1914057E-02   4.7290121E-05   3.4551587E+02   1.2131761E+02   1.4066433E+02
  1.7300000E+04     3   4.0205067E-01   4.9979805E-03   5.9132686E-05   8.7127925E+01   2.2710897E+02   2.0912435E+02
  1.7350000E+04     1   2.5197502E-01   7.2028439E-03   4.5401897E-04   6.4383005E+00   1.2977565E+02   4.8086770E+01
  1.7350000E+04     2   3.3061758E-01   1.1912109E-02   4.6103777E-05   4.7244658E+01   2.5793581E+02   1.3509598E+02
  1.7350000E+04     3   4.0113925E-01   4.9972871E-03   5.7729242E-05   1.3368735E+02   3.0338150E+00   2.0385629E+02
  1.7400000E+04     1   2.5140672E-01   7.0072959E-03   4.4250191E-04   2.1962278E+02   2.6439949E+02   4.2693081E+01
  1.7400000E+04     2   3.2991677E-01   1.1817267E-02   4.4633666E-05   6.7553680E+01   3.4164142E+01   1.2962730E+02
  1.7400000E+04     3   4.0020688E-01   4.9881220E-03   5.6368461E-05   5.7891116E+01   1.3959685E+02   1.9847381E+02
  1.7450000E+04     1   2.5083951E-01   7.0808071E-03   4.3159166E-04   1.9528754E+02   3.6542331E+01   3.7241363E+01
  1.7450000E+04     2   3.2927786E-01   1.1778400E-02   4.3206346E-05   5.3463344E+01   1.6355450E+02   1.2459660E+02
  1.7450000E+04     3   3.9931266E-01   4.9629519E-03   5.4960746E-05   2.2868527E+02   2.6866437E+02   1.9299238E+02
  1.7500000E+04     1   2.5029613E-01   7.2587341E-03   4.2052577E-04   2.9634331E+02   1.6481816E+02   3.1715597E+01
  1.7500000E+04     2   3.2840611E-01   1.1830652E-02   4.2363006E-05   3.5648438E+02   2.9654571E+02   1.1930021E+02
  1.7500000E+04     3   3.9846981E-01   4.9128488E-03   5.3550055E-05   2.7369243E+02   4.2986771E+01   1.8766847E+02
  1.7550000E+04     1   2.4972130E-01   7.2552243E-03   4.0968860E-04   1.6108660E+02   2.9248652E+02   2.6246547E+01
  1.7550000E+04     2   3.2768663E-01   1.1860771E-02   4.1202872E-05   2.6704042E+02   6.3627849E+01   1.1362242E+02
  1.7550000E+04     3   3.9755993E-01   4.9301942E-03   5.2282745E-05   2.0620974E+02   1.7033908E+02   1.8231199E+02
  1.7600000E+04     1   2.4916839E-01   7.1517562E-03   3.9946754E-04   1.5269129E+02   5.8100159E+01   2.0760664E+01
  1.7600000E+04     2   3.2692023E-01   1.1739475E-02   3.9863093E-05   1.4006738E+02   1.9039037E+02   1.0829552E+02
  1.7600000E+04     3   3.9669971E-01   4.9523150E-03   5.1026816E-05   2.0803849E+01   2.9701494E+02   1.7681329E+02
  1.7650000E+04     1   2.4860673E-01   7.2058520E-03   3.8942281E-04   2.7322394E+02   1.8110789E+02   1.5187635E+01
  1.7650000E+04     2   3.2620057E-01   1.1904692E-02   3.8834971E-05   3.4489462E+02   3.0855491E+02   1.0312264E+02
  1.7650000E+04     3   3.9579503E-01   5.0000509E-03   4.9717198E-05   8.6370043E+01   5.4882663E+01   1.7131809E+02
  1.7700000E+04     1   2.4805521E-01   7.1531491E-03   3.7928984E-04   1.6298079E+02   3.0285885E+02   9.6443520E+00
  1.7700000E+04     2   3.2545906E-01   1.1738268E-02   3.7904088E-05   1.4677196E+02   7.5013046E+01   9.7435531E+01
  1.7700000E+04     3   3.9492526E-01   4.9517996E-03   4.8507569E-05   2.5713379E+01   1.8175448E+02   1.6593450E+02
  1.7750000E+04     1   2.4749035E-01   7.2735459E-03   3.6983775E-04   1.8521145E+02   6.1783589E+01   4.1063209E+00
  1.7750000E+04     2   3.2476171E-01   1.1858319E-02   3.6652653E-05   2.8270349E+02   1.9282245E+02   9.1943264E+01
  1.7750000E+04     3   3.9401799E-01   4.9236900E-03   4.7374822E-05   2.1784564E+02   2.9985184E+02   1.6038387E+02
  1.7800000E+04     1   2.4695580E-01   7.2326620E-03   3.6051698E-04   3.4102132E+02   1.7851544E+02   3.5847907E+02
  1.7800000E+04     2   3.2401513E-01   1.1802516E-02   3.5736317E-05   2.5461778E+01   3.1036316E+02   8.6741827E+01
  1.7800000E+04     3   3.9315504E-01   4.9357694E-03   4.6151184E-05   2.9522005E+02   5.7197672E+01   1.5485220E+02
  1.7850000E+04     1   2.4639657E-01   7.0726946E-03   3.5110864E-04   2.7007158E+02   2.9493875E+02   3.5290325E+02
  1.7850000E+04     2   3.2334706E-01   1.1724736E-02   3.4764422E-05   1.0349103E+02   6.1109029E+01   8.0841324E+01
  1.7850000E+04     3   3.9226619E-01   4.9769444E-03   4.5064370E-05   2.6639880E+02   1.6610765E+02   1.4938513E+02
  1.7900000E+04     1   2.4585235E-01   7.0380900E-03   3.4238985E-04   3.3731252E+02   4.7605974E+01   3.4730461E+02
  1.7900000E+04     2   3.2259994E-01   1.1801217E-02   3.3613102E-05   1.4491393E+02   1.7703065E+02   7.5527923E+01
  1.7900000E+04     3   3.9134450E-01   4.9980238E-03   4.3958980E-05   1.1521477E+02   2.8366773E+02   1.4375600E+02
  1.7950000E+04     1   2.4529074E-01   7.2180347E-03   3.3363547E-04   1.8282929E+02   1.5825471E+02   3.4160497E+02
  1.7950000E+04     2   3.2185652E-01   1.1875621E-02   3.2889684E-05   1.6348523E+02   2.8589408E+02   7.0132677E+01
  1.7950000E+04     3   3.9049281E-01   5.0178046E-03   4.2816557E-05   2.2021702E+02   3.2051407E+01   1.3821617E+02
  1.8000000E+04     1   2.4474116E-01   7.2198090E-03   3.2506472E-04   1.6837693E+02   2.6686551E+02   3.3597750E+02
  1.8000000E+04     2   3.2113493E-01   1.1876070E-02   3.1865321E-05   1.5380817E+02   3.4832085E+01   6.4227274E+01
  1.8000000E+04     3   3.8961914E-01   5.0175493E-03   4.1834909E-05   2.1295061E+02   1.4068405E+02   1.3264134E+02
  1.8050000E+04     1   2.4419647E-01   7.0196900E-03   3.1702721E-04   2.9556859E+02   1.3747171E+01   3.3028090E+02
  1.8050000E+04     2   3.2044374E-01   1.1795533E-02   3.0972103E-05   1.1695303E+02   1.4269075E+02   5.9065408E+01
  1.8050000E+04     3   3.8871983E-01   4.9991109E-03   4.0758192E-05   9.4320368E+01   2.4959255E+02   1.2696929E+02
  1.8100000E+04     1   2.4363892E-01   7.0962117E-03   3.0870264E-04   2.0634521E+02   1.1843026E+02   3.2457170E+02
  1.8100000E+04     2   3.1981134E-01   1.1752771E-02   3.0221658E-05   5.9985803E+01   2.4497449E+02   5.3075581E+01
  1.8100000E+04     3   3.8785992E-01   4.9641130E-03   3.9789882E-05   2.3316457E+02   3.5054743E+02   1.2142323E+02
  1.8150000E+04     1   2.4310041E-01   7.2799988E-03   3.0105783E-04   2.6384852E+02   2.1934846E+02   3.1885045E+02
  1.8150000E+04     2   3.1898364E-01   1.1833382E-02   2.9253430E-05   3.3409391E+02   3.5028621E+02   4.7710561E+01
  1.8150000E+04     3   3.8703036E-01   4.9159060E-03   3.8788018E-05   2.5631271E+02   9.7715587E+01   1.1569370E+02
  1.8200000E+04     1   2.4256884E-01   7.2273849E-03   2.9321874E-04   1.0693348E+02   3.1944927E+02   3.1308196E+02
  1.8200000E+04     2   3.1827999E-01   1.1846644E-02   2.8623709E-05   2.3026384E+02   8.9470247E+01   4.2039550E+01
  1.8200000E+04     3   3.8613834E-01   4.9655239E-03   3.7798171E-05   1.7813413E+02   1.9732710E+02   1.1008789E+02
  1.8250000E+04     1   2.4201188E-01   7.1790493E-03   2.8585867E-04   9.9090162E+01   5.6882252E+01   3.0735460E+02
  1.8250000E+04     2   3.1753593E-01   1.1745602E-02   2.7652251E-05   1.0327802E+02   1.8872250E+02   3.6325157E+01
  1.8250000E+04     3   3.8531607E-01   4.9723422E-03   3.6910285E-05   3.5295258E+02   2.9612341E+02   1.0435067E+02
  1.8300000E+04     1   2.4146839E-01   7.2225511E-03   2.7852787E-04   2.4130944E+02   1.5234803E+02   3.0152357E+02
  1.8300000E+04     2   3.1683608E-01   1.1889267E-02   2.7025678E-05   3.2268281E+02   2.7929329E+02   3.0764290E+01
  1.8300000E+04     3   3.8443944E-01   5.0144857E-03   3.5959989E-05   6.9077782E+01   2.6579098E+01   9.8652935E+01
  1.8350000E+04     1   2.4093497E-01   7.1652643E-03   2.7144363E-04   1.7473502E+02   2.4636718E+02   2.9576948E+02
  1.8350000E+04     2   3.1611713E-01   1.1725759E-02   2.6162277E-05   1.5358504E+02   1.8018031E+01   2.4913267E+01
  1.8350000E+04     3   3.8358860E-01   4.9577869E-03   3.5108684E-05   3.0272282E+01   1.2575384E+02   9.2922422E+01
  1.8400000E+04     1   2.4039190E-01   7.2861564E-03   2.6451831E-04   2.6280260E+02   3.3739671E+02   2.8990115E+02
  1.8400000E+04     2   3.1543052E-01   1.1829686E-02   2.5556228E-05   3.3301335E+02   1.0801867E+02   1.9401038E+01
  1.8400000E+04     3   3.8271929E-01   4.9191768E-03   3.4182947E-05   2.5530122E+02   2.1585015E+02   8.7167509E+01
  1.8450000E+04     1   2.3985553E-01   7.1743627E-03   2.5778592E-04   1.4592421E+02   6.6519961E+01   2.8410052E+02
  1.8450000E+04     2   3.1470261E-01   1.1729824E-02   2.4729978E-05   1.3420963E+02   1.9814761E+02   1.3464372E+01
  1.8450000E+04     3   3.8187660E-01   4.9677293E-03   3.3395539E-05   1.5769989E+01   3.0595310E+02   8.1395146E+01
  1.8500000E+04     1   2.3931349E-01   7.2261332E-03   2.5120394E-04   1.8691389E+02   1.5275158E+02   2.7818536E+02
  1.8500000E+04     2   3.1400834E-01   1.1877495E-02   2.4133268E-05   2.8621702E+02   2.7947681E+02   7.8655221E+00
  1.8500000E+04     3   3.8101861E-01   5.0390449E-03   3.2521941E-05   4.1495182E+01   2.7209200E+01   7.5597179E+01
  1.8550000E+04     1   2.3878331E-01   7.2082492E-03   2.4484109E-04   2.6016134E+01   2.3750747E+02   2.7234689E+02
  1.8550000E+04     2   3.1330158E-01   1.1772502E-02   2.3350358E-05   5.4155630E+01   9.1163759E+00   1.9726529E+00
  1.8550000E+04     3   3.8016891E-01   4.9666139E-03   3.1750739E-05   3.1615053E+02   1.1676035E+02   6.9769049E+01
  1.8600000E+04     1   2.3827815E-01   7.1336042E-03   2.3854839E-04   2.4693919E+01   3.2134685E+02   2.6641148E+02
  1.8600000E+04     2   3.1262655E-01   1.1818598E-02   2.2797515E-05   1.7538142E+02   9.0100502E+01   3.5628115E+02
  1.8600000E+04     3   3.7926589E-01   5.0014387E-03   3.0948559E-05   1.3719779E+02   1.9809541E+02   6.3975449E+01
  1.8650000E+04     1   2.3770705E-01   7.2955466E-03   2.3255735E-04   1.8812677E+02   4.0560140E+01   2.6050470E+02
  1.8650000E+04     2   3.1192509E-01   1.1843352E-02   2.2066374E-05   2.8324594E+02   1.7067159E+02   3.5045775E+02
  1.8650000E+04     3   3.7844572E-01   4.9352050E-03   3.0197529E-05   2.1752636E+02   2.7921371E+02   5.8057201E+01
  1.8700000E+04     1   2.3717562E-01   7.1065779E-03   2.2647221E-04   1.5375008E+02   1.1970021E+02   2.5455587E+02
  1.8700000E+04     2   3.1141514E-01   1.1858731E-02   2.1514418E-05   2.2746757E+01   2.4700655E+02   3.4440428E+02
  1.8700000E+04     3   3.7752056E-01   5.0067785E-03   2.9452097E-05   2.0383963E+02   3.5410491E+02   5.2257639E+01
  1.8750000E+04     1   2.3665399E-01   7.0349160E-03   2.2086845E-04   2.8684125E+02   1.9515001E+02   2.4859545E+02
  1.8750000E+04     2   3.1054936E-01   1.1784275E-02   2.0860750E-05   1.1008794E+02   3.2344415E+02   3.3890885E+02
  1.8750000E+04     3   3.7671708E-01   5.0056992E-03   2.8712701E-05   8.8654270E+01   7.1372301E+01   4.6279097E+01
  1.8800000E+04     1   2.3612597E-01   7.2268983E-03   2.1508319E-04   2.2753754E+02   2.6843822E+02   2.4262194E+02
  1.8800000E+04     2   3.0983107E-01   1.1850634E-02   2.0293968E-05   1.9185593E+02   3.5774492E+01   3.3263843E+02
  1.8800000E+04     3   3.7589823E-01   5.0251188E-03   2.8018869E-05   2.4072924E+02   1.4290640E+02   4.0422047E+01
  1.8850000E+04     1   2.3561264E-01   7.1580781E-03   2.0964620E-04   3.3793665E+02   3.3936791E+02   2.3656827E+02
  1.8850000E+04     2   3.0914703E-01   1.1802967E-02   1.9803132E-05   2.6466399E+02   1.0712763E+02   3.2708231E+02
  1.8850000E+04     3   3.7504682E-01   5.0361133E-03   2.7267344E-05   2.9484467E+02   2.1501944E+02   3.4457210E+01
  1.8900000E+04     1   2.3506438E-01   7.3000927E-03   2.0433748E-04   2.5982325E+02   4.7892294E+01   2.3057494E+02
  1.8900000E+04     2   3.0844191E-01   1.1824287E-02   1.9167171E-05   3.3030216E+02   1.7818540E+02   3.2103437E+02
  1.8900000E+04     3   3.7423962E-01   4.9259625E-03   2.6631717E-05   2.5286556E+02   2.8669639E+02   2.8484617E+01
  1.8950000E+04     1   2.3454027E-01   7.2384704E-03   1.9898055E-04   3.5449732E+02   1.1459839E+02   2.2451197E+02
  1.8950000E+04     2   3.0774299E-01   1.1880100E-02   1.8705243E-05   3.6832547E+01   2.4145693E+02   3.1491634E+02
  1.8950000E+04     3   3.7338979E-01   5.0070440E-03   2.5966512E-05   1.2455059E+02   3.4892175E+02   2.2559526E+01
  1.9000000E+04     1   2.3401732E-01   7.1046936E-03   1.9403028E-04   2.6309401E+02   1.8009064E+02   2.1844251E+02
  1.9000000E+04     2   3.0711300E-01   1.1705752E-02   1.8131387E-05   9.7047229E+01   3.0477603E+02   3.0935001E+02
  1.9000000E+04     3   3.7256180E-01   4.9783000E-03   2.5298222E-05   2.6063421E+02   5.2066025E+01   1.6477180E+01
  1.9050000E+04     1   2.3351538E-01   7.0931292E-03   1.8900242E-04   3.5007223E+02   2.4147064E+02   2.1239012E+02
  1.9050000E+04     2   3.0637865E-01   1.1758048E-02   1.7538763E-05   1.5489548E+02   6.8348035E+00   3.0301830E+02
  1.9050000E+04     3   3.7174846E-01   5.0479477E-03   2.4700485E-05   3.0377454E+02   1.1413493E+02   1.0455770E+01
  1.9100000E+04     1   2.3297695E-01   7.2261329E-03   1.8410852E-04   2.5423658E+02   3.0180767E+02   2.0624356E+02
  1.9100000E+04     2   3.0569567E-01   1.1839555E-02   1.7160638E-05   2.0906690E+02   6.8901277E+01   2.9702826E+02
  1.9100000E+04     3   3.7087663E-01   5.0295442E-03   2.4072783E-05   2.5332955E+02   1.7659984E+02   4.4995447E+00
  1.9150000E+04     1   2.3245443E-01   7.1425812E-03   1.7951999E-04   3.3907009E+02   3.5956863E+02   2.0009734E+02
  1.9150000E+04     2   3.0503339E-01   1.1611101E-02   1.6686852E-05   2.6222484E+02   1.2967393E+02   2.9130991E+02
  1.9150000E+04     3   3.7005428E-01   4.8972904E-03   2.3474894E-05   1.1117054E+02   2.3885862E+02   3.5838264E+02
  1.9200000E+04     1   2.3192281E-01   7.3105871E-03   1.7491528E-04   2.4705899E+02   5.3905218E+01   1.9396772E+02
  1.9200000E+04     2   3.0432520E-01   1.1822545E-02   1.6176701E-05   3.2142918E+02   1.8386264E+02   2.8505485E+02
  1.9200000E+04     3   3.6924187E-01   4.9291053E-03   2.2893236E-05   2.4593851E+02   2.9285000E+02   3.5229603E+02
  1.9250000E+04     1   2.3141972E-01   7.2732939E-03   1.7032303E-04   3.3851211E+02   1.0628146E+02   1.8778063E+02
  1.9250000E+04     2   3.0363232E-01   1.1780573E-02   1.5765942E-05   2.1591360E+01   2.3715787E+02   2.7888021E+02
  1.9250000E+04     3   3.6842379E-01   4.9531607E-03   2.2296410E-05   2.9118092E+02   3.4579893E+02   3.4623692E+02
  1.9300000E+04     1   2.3089001E-01   7.1158574E-03   1.6604087E-04   2.5368184E+02   1.5839404E+02   1.8157324E+02
  1.9300000E+04     2   3.0302066E-01   1.1700347E-02   1.5320420E-05   9.0276280E+01   2.8294396E+02   2.7305167E+02
  1.9300000E+04     3   3.6758415E-01   4.9743979E-03   2.1750292E-05   2.5529416E+02   3.0551175E+01   3.4006705E+02
  1.9350000E+04     1   2.3039188E-01   7.1035287E-03   1.6184585E-04   3.5811138E+02   2.0625709E+02   1.7538393E+02
  1.9350000E+04     2   3.0230180E-01   1.1788521E-02   1.4812419E-05   1.5655972E+02   3.3419661E+02   2.6696101E+02
  1.9350000E+04     3   3.6672956E-01   5.0140509E-03   2.1224476E-05   1.2271169E+02   8.3315281E+01   3.3388402E+02
  1.9400000E+04     1   2.2987594E-01   7.2173504E-03   1.5763630E-04   2.9174189E+02   2.5190771E+02   1.6915304E+02
  1.9400000E+04     2   3.0161753E-01   1.1816720E-02   1.4388049E-05   2.3335235E+02   1.9135560E+01   2.6054969E+02
  1.9400000E+04     3   3.6592135E-01   5.0341515E-03   2.0720508E-05   2.7115462E+02   1.2738920E+02   3.2774590E+02
  1.9450000E+04     1   2.2934192E-01   7.0905302E-03   1.5353927E-04   5.6571320E+01   2.9541596E+02   1.6285949E+02
  1.9450000E+04     2   3.0095348E-01   1.1774194E-02   1.4080796E-05   3.1605114E+02   6.3040636E+01   2.5439676E+02
  1.9450000E+04     3   3.6509686E-01   5.0384959E-03   2.0167861E-05   3.3270555E+02   1.7173011E+02   3.2158872E+02
  1.9500000E+04     1   2.2883314E-01   7.2425896E-03   1.4965900E-04   1.5302513E+01   3.3589371E+02   1.5655209E+02
  1.9500000E+04     2   3.0024562E-01   1.1765378E-02   1.3687033E-05   4.5656245E+01   1.0633989E+02   2.4846708E+02
  1.9500000E+04     3   3.6432495E-01   4.9753743E-03   1.9655345E-05   3.0907926E+02   2.1558096E+02   3.1534461E+02
  1.9550000E+04     1   2.2831837E-01   7.2600775E-03   1.4588041E-04   1.6720219E+02   1.5876663E+01   1.5027341E+02
  1.9550000E+04     2   2.9958730E-01   1.1851147E-02   1.3254131E-05   1.5071754E+02   1.4197320E+02   2.4235172E+02
  1.9550000E+04     3   3.6347884E-01   5.0284128E-03   1.9186176E-05   2.0944870E+02   2.5064940E+02   3.0905031E+02
  1.9600000E+04     1   2.2780412E-01   7.2482082E-03   1.4212190E-04   1.5841902E+02   5.1153443E+01   1.4395752E+02
  1.9600000E+04     2   2.9890478E-01   1.1851136E-02   1.2835032E-05   2.6569288E+02   1.7689791E+02   2.3592662E+02
  1.9600000E+04     3   3.6269805E-01   5.0596068E-03   1.8705243E-05   2.5315469E+01   2.8623605E+02   3.0279547E+02
  1.9650000E+04     1   2.2729705E-01   7.2584419E-03   1.3841933E-04   3.4682198E+02   8.5872106E+01   1.3761784E+02
  1.9650000E+04     2   2.9823949E-01   1.1871807E-02   1.2518779E-05   3.0754695E+01   2.1203235E+02   2.2951574E+02
  1.9650000E+04     3   3.6186085E-01   5.0124597E-03   1.8231616E-05   1.1945093E+02   3.2062934E+02   2.9657043E+02
  1.9700000E+04     1   2.2681302E-01   7.1451318E-03   1.3484489E-04   1.5744920E+01   1.1860269E+02   1.3123220E+02
  1.9700000E+04     2   2.9759224E-01   1.1794951E-02   1.2224178E-05   1.6783695E+02   2.4640161E+02   2.2335584E+02
  1.9700000E+04     3   3.6102402E-01   5.0155679E-03   1.7786382E-05   1.3079271E+02   3.5588184E+02   2.9029887E+02
  1.9750000E+04     1   2.2627666E-01   7.2590612E-03   1.3140905E-04   2.4951267E+02   1.4672861E+02   1.2481789E+02
  1.9750000E+04     2   2.9690376E-01   1.1864241E-02   1.1861003E-05   3.2602884E+02   2.7236367E+02   2.1719242E+02
  1.9750000E+04     3   3.6025474E-01   5.0224374E-03   1.7329712E-05   7.0510542E+01   2.1742572E+01   2.8394634E+02
  1.9800000E+04     1   2.2579575E-01   7.1190151E-03   1.2810304E-04   3.2571387E+02   1.7457753E+02   1.1841676E+02
  1.9800000E+04     2   2.9626375E-01   1.1722904E-02   1.1518036E-05   1.3761406E+02   2.9871271E+02   2.1107571E+02
  1.9800000E+04     3   3.5945757E-01   5.0297762E-03   1.6882281E-05   2.9036792E+02   4.7375716E+01   2.7754950E+02
  1.9850000E+04     1   2.2526484E-01   7.2624763E-03   1.2482042E-04   2.5001635E+02   1.9826070E+02   1.1197940E+02
  1.9850000E+04     2   2.9557612E-01   1.1864492E-02   1.1131846E-05   3.2621953E+02   3.2358359E+02   2.0469985E+02
  1.9850000E+04     3   3.5864378E-01   5.0238162E-03   1.6466990E-05   7.0583862E+01   7.3400760E+01   2.7116253E+02
  1.9900000E+04     1   2.2479101E-01   7.1612058E-03   1.2159307E-04   2.0531739E+01   2.2165619E+02   1.0555943E+02
  1.9900000E+04     2   2.9493536E-01   1.1796498E-02   1.0833173E-05   1.7075051E+02   3.4914215E+02   1.9824490E+02
  1.9900000E+04     3   3.5780311E-01   5.0172492E-03   1.6063655E-05   1.3279908E+02   9.9146607E+01   2.6479665E+02
  1.9950000E+04     1   2.2426152E-01   7.2659845E-03   1.1846859E-04   3.5232266E+00   2.4048027E+02   9.9069945E+01
  1.9950000E+04     2   2.9425670E-01   1.1865154E-02   1.0526028E-05   4.1431207E+01   6.2449659E+00   1.9174968E+02
  1.9950000E+04     3   3.5702693E-01   5.0155835E-03   1.5673201E-05   1.2727582E+02   1.1538568E+02   2.5838122E+02
  2.0000000E+04     1   2.2375414E-01   7.2649198E-03   1.1539849E-04   1.9836498E+02   2.5723506E+02   9.2562995E+01
  2.0000000E+04     2   2.9359464E-01   1.1851298E-02   1.0245284E-05   2.9170251E+02   2.2741341E+01   1.8526038E+02
  2.0000000E+04     3   3.5624840E-01   5.0434281E-03   1.5272767E-05   4.4496386E+01   1.3252052E+02   2.5196664E+02
  2.0050000E+04     1   2.2326402E-01   7.2513734E-03   1.1241965E-04   2.4563399E+02   2.7334398E+02   8.6047211E+01
  2.0050000E+04     2   2.9295341E-01   1.1825270E-02   9.9566261E-06   2.0207098E+02   3.9527644E+01   1.7883156E+02
  2.0050000E+04     3   3.5542042E-01   5.0348352E-03   1.4910516E-05   2.4743005E+02   1.4851843E+02   2.4554088E+02
