  0.0000000E+00     1   5.0000000E-01   1.0000000E-01   0.0000000E+00   8.7610656E-06   1.9999989E+01   0.0000000E+00   3.2000001E+02
  0.0000000E+00     2   8.9000000E-01   2.0000000E-01   0.0000000E+00   0.0000000E+00   0.0000000E+00   0.0000000E+00   3.4000000E+02
  5.0000000E+01     1   4.9997754E-01   9.9461686E-02   0.0000000E+00   1.5556310E+02   1.9904367E+01   0.0000000E+00   2.0685032E+02
  5.0000000E+01     2   8.8998537E-01   2.0000553E-01   0.0000000E+00   2.0100903E+02   1.0205072E-01   0.0000000E+00   2.2665264E+02
  1.0000000E+02     1   4.9996114E-01   9.9228746E-02   0.0000000E+00   3.1112953E+02   1.9826541E+01   0.0000000E+00   9.3645249E+01
  1.0000000E+02     2   8.8997041E-01   2.0012397E-01   0.0000000E+00   4.1991342E+01   2.2258744E-01   0.0000000E+00   1.1324920E+02
  1.5000000E+02     1   4.9997061E-01   9.8986056E-02   0.0000000E+00   1.0674888E+02   1.9607575E+01   0.0000000E+00   3.4073809E+02
  1.5000000E+02     2   8.8994178E-01   2.0011367E-01   0.0000000E+00   2.4300330E+02   3.4776110E-01   0.0000000E+00   3.5999790E+02
  2.0000000E+02     1   4.9998026E-01   9.8404857E-02   0.0000000E+00   2.6224340E+02   1.9463782E+01   0.0000000E+00   2.2784636E+02
  2.0000000E+02     2   8.8989434E-01   2.0023573E-01   0.0000000E+00   8.4051481E+01   4.5718430E-01   0.0000000E+00   2.4685296E+02
  2.5000000E+02     1   4.9999287E-01   9.8117107E-02   0.0000000E+00   5.7632994E+01   1.9323959E+01   0.0000000E+00   1.1512420E+02
  2.5000000E+02     2   8.8987223E-01   2.0025505E-01   0.0000000E+00   2.8510005E+02   6.0251024E-01   0.0000000E+00   1.3384565E+02
  3.0000000E+02     1   4.9996888E-01   9.7877345E-02   0.0000000E+00   2.1315820E+02   1.9121812E+01   0.0000000E+00   2.3385876E+00
  3.0000000E+02     2   8.8994923E-01   2.0031502E-01   0.0000000E+00   1.2615187E+02   7.1833582E-01   0.0000000E+00   2.0742064E+01
  3.5000000E+02     1   4.9996350E-01   9.7385181E-02   0.0000000E+00   8.7774902E+00   1.8952993E+01   0.0000000E+00   2.4929301E+02
  3.5000000E+02     2   8.8998574E-01   2.0045901E-01   0.0000000E+00   3.2715518E+02   8.3306286E-01   0.0000000E+00   2.6741294E+02
  4.0000000E+02     1   4.9999158E-01   9.6980907E-02   0.0000000E+00   1.6437080E+02   1.8812132E+01   0.0000000E+00   1.3621421E+02
  4.0000000E+02     2   8.8996409E-01   2.0041957E-01   0.0000000E+00   1.6813288E+02   9.7176206E-01   0.0000000E+00   1.5405458E+02
  4.5000000E+02     1   4.9996173E-01   9.6706839E-02   0.0000000E+00   3.2002116E+02   1.8663573E+01   0.0000000E+00   2.3057002E+01
  4.5000000E+02     2   8.9002656E-01   2.0062345E-01   0.0000000E+00   9.1221531E+00   1.0805003E+00   0.0000000E+00   4.0640075E+01
  5.0000000E+02     1   4.9997657E-01   9.6395523E-02   0.0000000E+00   1.1568481E+02   1.8357895E+01   0.0000000E+00   2.7030860E+02
  5.0000000E+02     2   8.8995515E-01   2.0054773E-01   0.0000000E+00   2.1013827E+02   1.2163336E+00   0.0000000E+00   2.8745017E+02
  5.5000000E+02     1   4.9997606E-01   9.5942005E-02   0.0000000E+00   2.7101015E+02   1.8277395E+01   0.0000000E+00   1.5753623E+02
  5.5000000E+02     2   8.8990739E-01   2.0067942E-01   0.0000000E+00   5.1218678E+01   1.3319094E+00   0.0000000E+00   1.7448172E+02
  6.0000000E+02     1   4.9996201E-01   9.5718479E-02   0.0000000E+00   6.6436115E+01   1.8173723E+01   0.0000000E+00   4.4650273E+01
  6.0000000E+02     2   8.8992777E-01   2.0075533E-01   0.0000000E+00   2.5226526E+02   1.4516535E+00   0.0000000E+00   6.1372343E+01
  6.5000000E+02     1   4.9996937E-01   9.5347241E-02   0.0000000E+00   2.2212177E+02   1.7824099E+01   0.0000000E+00   2.9199119E+02
  6.5000000E+02     2   8.8992721E-01   2.0078443E-01   0.0000000E+00   9.3296063E+01   1.5845169E+00   0.0000000E+00   3.0823077E+02
  7.0000000E+02     1   4.9996658E-01   9.4956339E-02   0.0000000E+00   1.7690826E+01   1.7735039E+01   0.0000000E+00   1.7881548E+02
  7.0000000E+02     2   8.8993796E-01   2.0087730E-01   0.0000000E+00   2.9429202E+02   1.6961755E+00   0.0000000E+00   1.9485435E+02
  7.5000000E+02     1   4.9996693E-01   9.4829950E-02   0.0000000E+00   1.7331439E+02   1.7610827E+01   0.0000000E+00   6.5638617E+01
  7.5000000E+02     2   8.8998521E-01   2.0084766E-01   0.0000000E+00   1.3527113E+02   1.8162001E+00   0.0000000E+00   8.1433244E+01
  8.0000000E+02     1   5.0000108E-01   9.4478856E-02   0.0000000E+00   3.2902422E+02   1.7277015E+01   0.0000000E+00   3.1288728E+02
  8.0000000E+02     2   8.9000307E-01   2.0099353E-01   0.0000000E+00   3.3628394E+02   1.9488264E+00   0.0000000E+00   3.2821547E+02
  8.5000000E+02     1   4.9997986E-01   9.4073579E-02   0.0000000E+00   1.2451636E+02   1.7136577E+01   0.0000000E+00   1.9998331E+02
  8.5000000E+02     2   8.8997155E-01   2.0094687E-01   0.0000000E+00   1.7732197E+02   2.0644506E+00   0.0000000E+00   2.1505544E+02
  9.0000000E+02     1   4.9997035E-01   9.3916362E-02   0.0000000E+00   2.7992172E+02   1.6962628E+01   0.0000000E+00   8.7325871E+01
  9.0000000E+02     2   8.8994924E-01   2.0104042E-01   0.0000000E+00   1.8399678E+01   2.1867436E+00   0.0000000E+00   1.0210176E+02
  9.5000000E+02     1   4.9997095E-01   9.3711213E-02   0.0000000E+00   7.5515413E+01   1.6699466E+01   0.0000000E+00   3.3458371E+02
  9.5000000E+02     2   8.8993078E-01   2.0106470E-01   0.0000000E+00   2.1943002E+02   2.3190038E+00   0.0000000E+00   3.4896417E+02
  1.0000000E+03     1   4.9998839E-01   9.3277789E-02   0.0000000E+00   2.3116447E+02   1.6513355E+01   0.0000000E+00   2.2153828E+02
  1.0000000E+03     2   8.8988147E-01   2.0110753E-01   0.0000000E+00   6.0437026E+01   2.4277029E+00   0.0000000E+00   2.3562393E+02
  1.0500000E+03     1   4.9998563E-01   9.2999651E-02   0.0000000E+00   2.6833049E+01   1.6305467E+01   0.0000000E+00   1.0851554E+02
  1.0500000E+03     2   8.8988810E-01   2.0118311E-01   0.0000000E+00   2.6139986E+02   2.5799058E+00   0.0000000E+00   1.2224110E+02
  1.1000000E+03     1   4.9996944E-01   9.2881764E-02   0.0000000E+00   1.8258949E+02   1.6045493E+01   0.0000000E+00   3.5548203E+02
  1.1000000E+03     2   8.8995798E-01   2.0118475E-01   0.0000000E+00   1.0238491E+02   2.6963404E+00   0.0000000E+00   8.8311864E+00
  1.1500000E+03     1   4.9996856E-01   9.2489722E-02   0.0000000E+00   3.3818056E+02   1.5804468E+01   0.0000000E+00   2.4268469E+02
  1.1500000E+03     2   8.8998576E-01   2.0129635E-01   0.0000000E+00   3.0342912E+02   2.8079699E+00   0.0000000E+00   2.5568119E+02
  1.2000000E+03     1   4.9998287E-01   9.2153396E-02   0.0000000E+00   1.3356596E+02   1.5658256E+01   0.0000000E+00   1.2998255E+02
  1.2000000E+03     2   8.8998296E-01   2.0128899E-01   0.0000000E+00   1.4447916E+02   2.9533491E+00   0.0000000E+00   1.4268745E+02
  1.2500000E+03     1   4.9996190E-01   9.2023369E-02   0.0000000E+00   2.8908082E+02   1.5474539E+01   0.0000000E+00   1.7159645E+01
  1.2500000E+03     2   8.9001837E-01   2.0142012E-01   0.0000000E+00   3.4555192E+02   3.0428563E+00   0.0000000E+00   2.9591328E+01
  1.3000000E+03     1   4.9996809E-01   9.1731152E-02   0.0000000E+00   8.4801313E+01   1.5086116E+01   0.0000000E+00   2.6453804E+02
  1.3000000E+03     2   8.8995678E-01   2.0138574E-01   0.0000000E+00   1.8655617E+02   3.1996181E+00   0.0000000E+00   2.7642453E+02
  1.3500000E+03     1   4.9996942E-01   9.1436100E-02   0.0000000E+00   2.4039694E+02   1.4982277E+01   0.0000000E+00   1.5135788E+02
  1.3500000E+03     2   8.8991442E-01   2.0146148E-01   0.0000000E+00   2.7554475E+01   3.3052141E+00   0.0000000E+00   1.6303494E+02
  1.4000000E+03     1   4.9996830E-01   9.1372913E-02   0.0000000E+00   3.6084303E+01   1.4807827E+01   0.0000000E+00   3.8209248E+01
  1.4000000E+03     2   8.8991438E-01   2.0150382E-01   0.0000000E+00   2.2852484E+02   3.4297628E+00   0.0000000E+00   4.9587313E+01
  1.4500000E+03     1   4.9996164E-01   9.1013099E-02   0.0000000E+00   1.9183933E+02   1.4421723E+01   0.0000000E+00   2.8552745E+02
  1.4500000E+03     2   8.8994483E-01   2.0153612E-01   0.0000000E+00   6.9538198E+01   3.5669153E+00   0.0000000E+00   2.9638226E+02
  1.5000000E+03     1   4.9997329E-01   9.0795084E-02   0.0000000E+00   3.4730563E+02   1.4281935E+01   0.0000000E+00   1.7267130E+02
  1.5000000E+03     2   8.8993919E-01   2.0156600E-01   0.0000000E+00   2.7059959E+02   3.6708042E+00   0.0000000E+00   1.8328243E+02
  1.5500000E+03     1   4.9998156E-01   9.0782542E-02   0.0000000E+00   1.4274049E+02   1.4069617E+01   0.0000000E+00   6.0064782E+01
  1.5500000E+03     2   8.8997697E-01   2.0152141E-01   0.0000000E+00   1.1166118E+02   3.8110773E+00   0.0000000E+00   7.0323322E+01
  1.6000000E+03     1   4.9999923E-01   9.0510129E-02   0.0000000E+00   2.9842246E+02   1.3716643E+01   0.0000000E+00   3.0741508E+02
  1.6000000E+03     2   8.8999957E-01   2.0164847E-01   0.0000000E+00   3.1270990E+02   3.9255136E+00   0.0000000E+00   3.1720621E+02
  1.6500000E+03     1   4.9998470E-01   9.0233860E-02   0.0000000E+00   9.4100772E+01   1.3516251E+01   0.0000000E+00   1.9434880E+02
  1.6500000E+03     2   8.8995378E-01   2.0158539E-01   0.0000000E+00   1.5368061E+02   4.0604285E+00   0.0000000E+00   2.0380462E+02
  1.7000000E+03     1   4.9996793E-01   9.0105368E-02   0.0000000E+00   2.4981987E+02   1.3269706E+01   0.0000000E+00   8.1343322E+01
  1.7000000E+03     2   8.8994975E-01   2.0168154E-01   0.0000000E+00   3.5466671E+02   4.1845968E+00   0.0000000E+00   9.0428431E+01
  1.7500000E+03     1   4.9997348E-01   9.0040927E-02   0.0000000E+00   4.5616026E+01   1.2972623E+01   0.0000000E+00   3.2833965E+02
  1.7500000E+03     2   8.8991754E-01   2.0169897E-01   0.0000000E+00   1.9563625E+02   4.3142113E+00   0.0000000E+00   3.3699806E+02
  1.8000000E+03     1   4.9999216E-01   8.9743484E-02   0.0000000E+00   2.0119757E+02   1.2726624E+01   0.0000000E+00   2.1557649E+02
  1.8000000E+03     2   8.8987546E-01   2.0168295E-01   0.0000000E+00   3.6678247E+01   4.4354040E+00   0.0000000E+00   2.2386771E+02
  1.8500000E+03     1   4.9997409E-01   8.9528627E-02   0.0000000E+00   3.5662962E+02   1.2523620E+01   0.0000000E+00   1.0295472E+02
  1.8500000E+03     2   8.8991454E-01   2.0179208E-01   0.0000000E+00   2.3774538E+02   4.5704060E+00   0.0000000E+00   1.1090794E+02
  1.9000000E+03     1   4.9997343E-01   8.9556123E-02   0.0000000E+00   1.5227709E+02   1.2188326E+01   0.0000000E+00   3.5031646E+02
  1.9000000E+03     2   8.8996338E-01   2.0173770E-01   0.0000000E+00   7.8784876E+01   4.7002205E+00   0.0000000E+00   3.5780456E+02
  1.9500000E+03     1   4.9996467E-01   8.9225982E-02   0.0000000E+00   3.0790736E+02   1.1916311E+01   0.0000000E+00   2.3753566E+02
  1.9500000E+03     2   8.8999926E-01   2.0183761E-01   0.0000000E+00   2.7983473E+02   4.8030882E+00   0.0000000E+00   2.4464888E+02
  2.0000000E+03     1   4.9996961E-01   8.9038354E-02   0.0000000E+00   1.0357058E+02   1.1767137E+01   0.0000000E+00   1.2435429E+02
  2.0000000E+03     2   8.9000321E-01   2.0184321E-01   0.0000000E+00   1.2077897E+02   4.9506029E+00   0.0000000E+00   1.3117083E+02
  2.0500000E+03     1   4.9996690E-01   8.9076344E-02   0.0000000E+00   2.5932306E+02   1.1530203E+01   0.0000000E+00   1.1262461E+01
  2.0500000E+03     2   8.9000017E-01   2.0187345E-01   0.0000000E+00   3.2178685E+02   5.0361130E+00   0.0000000E+00   1.7756551E+01
  2.1000000E+03     1   4.9996345E-01   8.8819579E-02   0.0000000E+00   5.5097882E+01   1.1110608E+01   0.0000000E+00   2.5863088E+02
  2.1000000E+03     2   8.8995278E-01   2.0189966E-01   0.0000000E+00   1.6277828E+02   5.1967107E+00   0.0000000E+00   2.6454477E+02
  2.1500000E+03     1   4.9997564E-01   8.8726127E-02   0.0000000E+00   2.1054702E+02   1.0968006E+01   0.0000000E+00   1.4581377E+02
  2.1500000E+03     2   8.8990311E-01   2.0188712E-01   0.0000000E+00   3.8459903E+00   5.3024116E+00   0.0000000E+00   1.5147937E+02
  2.2000000E+03     1   4.9997773E-01   8.8799999E-02   0.0000000E+00   6.0101804E+00   1.0726357E+01   0.0000000E+00   3.3243141E+01
  2.2000000E+03     2   8.8989961E-01   2.0191457E-01   0.0000000E+00   2.0492138E+02   5.4316350E+00   0.0000000E+00   3.8537862E+01
  2.2500000E+03     1   4.9996003E-01   8.8508597E-02   0.0000000E+00   1.6171676E+02   1.0362000E+01   0.0000000E+00   2.8058382E+02
  2.2500000E+03     2   8.8995281E-01   2.0195048E-01   0.0000000E+00   4.5948134E+01   5.5641536E+00   0.0000000E+00   2.8538166E+02
  2.3000000E+03     1   4.9998187E-01   8.8436031E-02   0.0000000E+00   3.1739603E+02   1.0154955E+01   0.0000000E+00   1.6754005E+02
  2.3000000E+03     2   8.8993763E-01   2.0191663E-01   0.0000000E+00   2.4695104E+02   5.6719537E+00   0.0000000E+00   1.7202306E+02
  2.3500000E+03     1   4.9998896E-01   8.8490558E-02   0.0000000E+00   1.1315691E+02   9.8799658E+00   0.0000000E+00   5.4534103E+01
  2.3500000E+03     2   8.8998378E-01   2.0191859E-01   0.0000000E+00   8.7898171E+01   5.8272994E+00   0.0000000E+00   5.8586770E+01
  2.4000000E+03     1   4.9999521E-01   8.8385038E-02   0.0000000E+00   2.6900749E+02   9.5211211E+00   0.0000000E+00   3.0160544E+02
  2.4000000E+03     2   8.8999050E-01   2.0196142E-01   0.0000000E+00   2.8889935E+02   5.9282383E+00   0.0000000E+00   3.0519832E+02
  2.4500000E+03     1   4.9998778E-01   8.8226306E-02   0.0000000E+00   6.4580361E+01   9.2649862E+00   0.0000000E+00   1.8887610E+02
  2.4500000E+03     2   8.8993903E-01   2.0191996E-01   0.0000000E+00   1.2991252E+02   6.0806989E+00   0.0000000E+00   1.9206038E+02
  2.5000000E+03     1   4.9996263E-01   8.8159835E-02   0.0000000E+00   2.2004848E+02   9.0300580E+00   0.0000000E+00   7.6278120E+01
  2.5000000E+03     2   8.8995473E-01   2.0200380E-01   0.0000000E+00   3.3100118E+02   6.1921797E+00   0.0000000E+00   7.9115999E+01
  2.5500000E+03     1   4.9997842E-01   8.8267602E-02   0.0000000E+00   1.5706743E+01   8.6858629E+00   0.0000000E+00   3.2364599E+02
  2.5500000E+03     2   8.8990219E-01   2.0199441E-01   0.0000000E+00   1.7204000E+02   6.3222267E+00   0.0000000E+00   3.2600962E+02
  2.6000000E+03     1   4.9998174E-01   8.8051021E-02   0.0000000E+00   1.7134437E+02   8.4214948E+00   0.0000000E+00   2.1083371E+02
  2.6000000E+03     2   8.8989192E-01   2.0198022E-01   0.0000000E+00   1.3058276E+01   6.4522572E+00   0.0000000E+00   2.1280295E+02
  2.6500000E+03     1   4.9996310E-01   8.7977097E-02   0.0000000E+00   3.2704189E+02   8.2448893E+00   0.0000000E+00   9.7675228E+01
  2.6500000E+03     2   8.8994249E-01   2.0205645E-01   0.0000000E+00   2.1403540E+02   6.5680465E+00   0.0000000E+00   9.9352071E+01
  2.7000000E+03     1   4.9996973E-01   8.8109675E-02   0.0000000E+00   1.2294975E+02   7.8232531E+00   0.0000000E+00   3.4481696E+02
  2.7000000E+03     2   8.8998170E-01   2.0199989E-01   0.0000000E+00   5.4985297E+01   6.7213093E+00   0.0000000E+00   3.4591890E+02
  2.7500000E+03     1   4.9996498E-01   8.7909488E-02   0.0000000E+00   2.7856886E+02   7.5735361E+00   0.0000000E+00   2.3199371E+02
  2.7500000E+03     2   8.9000441E-01   2.0203848E-01   0.0000000E+00   2.5604527E+02   6.8095538E+00   0.0000000E+00   2.3275770E+02
  2.8000000E+03     1   4.9996612E-01   8.7924209E-02   0.0000000E+00   7.4025289E+01   7.4202843E+00   0.0000000E+00   1.1918457E+02
  2.8000000E+03     2   8.9000426E-01   2.0203859E-01   0.0000000E+00   9.7068371E+01   6.9568429E+00   0.0000000E+00   1.1964801E+02
  2.8500000E+03     1   4.9997397E-01   8.8107416E-02   0.0000000E+00   2.2951969E+02   7.1416906E+00   0.0000000E+00   6.6589053E+00
  2.8500000E+03     2   8.8997535E-01   2.0198692E-01   0.0000000E+00   2.9818131E+02   7.0496718E+00   0.0000000E+00   6.7509241E+00
  2.9000000E+03     1   4.9996651E-01   8.7913383E-02   0.0000000E+00   2.5258361E+01   6.7568264E+00   0.0000000E+00   2.5399536E+02
  2.9000000E+03     2   8.8993614E-01   2.0206084E-01   0.0000000E+00   1.3918831E+02   7.1953786E+00   0.0000000E+00   2.5355680E+02
  2.9500000E+03     1   4.9998498E-01   8.7987346E-02   0.0000000E+00   1.8092473E+02   6.5595329E+00   0.0000000E+00   1.4094797E+02
  2.9500000E+03     2   8.8988797E-01   2.0198235E-01   0.0000000E+00   3.4017903E+02   7.3168599E+00   0.0000000E+00   1.4019065E+02
  3.0000000E+03     1   4.9997599E-01   8.8159956E-02   0.0000000E+00   3.3670375E+02   6.2735597E+00   0.0000000E+00   2.7947767E+01
  3.0000000E+03     2   8.8990661E-01   2.0201582E-01   0.0000000E+00   1.8115190E+02   7.4474167E+00   0.0000000E+00   2.6773910E+01
  3.0500000E+03     1   4.9996622E-01   8.8038611E-02   0.0000000E+00   1.3251221E+02   5.9512983E+00   0.0000000E+00   2.7499209E+02
  3.0500000E+03     2   8.8994665E-01   2.0201622E-01   0.0000000E+00   2.2128098E+01   7.5753523E+00   0.0000000E+00   2.7336804E+02
  3.1000000E+03     1   4.9998816E-01   8.8074534E-02   0.0000000E+00   2.8805916E+02   5.6946988E+00   0.0000000E+00   1.6231549E+02
  3.1000000E+03     2   8.8993829E-01   2.0194038E-01   0.0000000E+00   2.2318764E+02   7.6943777E+00   0.0000000E+00   1.6031581E+02
  3.1500000E+03     1   4.9999758E-01   8.8211638E-02   0.0000000E+00   8.3556309E+01   5.4440825E+00   0.0000000E+00   4.9703067E+01
  3.1500000E+03     2   8.8999079E-01   2.0199532E-01   0.0000000E+00   6.4233776E+01   7.8399942E+00   0.0000000E+00   4.7307155E+01
  3.2000000E+03     1   4.9999020E-01   8.8288107E-02   0.0000000E+00   2.3924226E+02   5.0752814E+00   0.0000000E+00   2.9708932E+02
  3.2000000E+03     2   8.8997934E-01   2.0194074E-01   0.0000000E+00   2.6529749E+02   7.9435787E+00   0.0000000E+00   2.9422102E+02
  3.2500000E+03     1   4.9997754E-01   8.8186075E-02   0.0000000E+00   3.4882334E+01   4.8144403E+00   0.0000000E+00   1.8425530E+02
  3.2500000E+03     2   8.8994407E-01   2.0197029E-01   0.0000000E+00   1.0628574E+02   8.0975185E+00   0.0000000E+00   1.8097222E+02
  3.3000000E+03     1   4.9995732E-01   8.8251357E-02   0.0000000E+00   1.9061153E+02   4.6204931E+00   0.0000000E+00   7.1087456E+01
  3.3000000E+03     2   8.8995847E-01   2.0199700E-01   0.0000000E+00   3.0726948E+02   8.2005018E+00   0.0000000E+00   6.7507447E+01
  3.3500000E+03     1   4.9997465E-01   8.8489499E-02   0.0000000E+00   3.4649591E+02   4.2131219E+00   0.0000000E+00   3.1823505E+02
  3.3500000E+03     2   8.8990426E-01   2.0197125E-01   0.0000000E+00   1.4823964E+02   8.3389607E+00   0.0000000E+00   3.1410921E+02
  3.4000000E+03     1   4.9997312E-01   8.8403425E-02   0.0000000E+00   1.4207694E+02   3.9944743E+00   0.0000000E+00   2.0539397E+02
  3.4000000E+03     2   8.8990585E-01   2.0194639E-01   0.0000000E+00   3.4926451E+02   8.4654238E+00   0.0000000E+00   2.0092302E+02
  3.4500000E+03     1   4.9996479E-01   8.8527438E-02   0.0000000E+00   2.9750713E+02   3.8547536E+00   0.0000000E+00   9.2601373E+01
  3.4500000E+03     2   8.8995120E-01   2.0194078E-01   0.0000000E+00   1.9033913E+02   8.5698756E+00   0.0000000E+00   8.7886252E+01
  3.5000000E+03     1   4.9996314E-01   8.8704702E-02   0.0000000E+00   9.3144808E+01   3.4149954E+00   0.0000000E+00   3.4026449E+02
  3.5000000E+03     2   8.9000481E-01   2.0194416E-01   0.0000000E+00   3.1388100E+01   8.7315432E+00   0.0000000E+00   3.3494794E+02
  3.5500000E+03     1   4.9997291E-01   8.8664099E-02   0.0000000E+00   2.4875105E+02   3.1971497E+00   0.0000000E+00   2.2737497E+02
  3.5500000E+03     2   8.8999686E-01   2.0189205E-01   0.0000000E+00   2.3244475E+02   8.8154110E+00   0.0000000E+00   2.2175671E+02
  3.6000000E+03     1   4.9996635E-01   8.8860231E-02   0.0000000E+00   4.4396872E+01   3.0266619E+00   0.0000000E+00   1.1428187E+02
  3.6000000E+03     2   8.8999801E-01   2.0189792E-01   0.0000000E+00   7.3401024E+01   8.9650102E+00   0.0000000E+00   1.0834352E+02
  3.6500000E+03     1   4.9997161E-01   8.9143078E-02   0.0000000E+00   2.0018382E+02   2.7253404E+00   0.0000000E+00   1.3064687E+00
  3.6500000E+03     2   8.8996620E-01   2.0180673E-01   0.0000000E+00   2.7439812E+02   9.0723701E+00   0.0000000E+00   3.5495944E+02
  3.7000000E+03     1   4.9997873E-01   8.9097073E-02   0.0000000E+00   3.5597059E+02   2.4112248E+00   0.0000000E+00   2.4836534E+02
  3.7000000E+03     2   8.8990650E-01   2.0185097E-01   0.0000000E+00   1.1538112E+02   9.1980720E+00   0.0000000E+00   2.4157849E+02
  3.7500000E+03     1   4.9999218E-01   8.9290273E-02   0.0000000E+00   1.5147752E+02   2.1776698E+00   0.0000000E+00   1.3569529E+02
  3.7500000E+03     2   8.8987646E-01   2.0175754E-01   0.0000000E+00   3.1642363E+02   9.3404431E+00   0.0000000E+00   1.2853251E+02
  3.8000000E+03     1   4.9997318E-01   8.9565933E-02   0.0000000E+00   3.0698346E+02   1.9275562E+00   0.0000000E+00   2.3074587E+01
  3.8000000E+03     2   8.8991858E-01   2.0177461E-01   0.0000000E+00   1.5750021E+02   9.4563734E+00   0.0000000E+00   1.5545770E+01
  3.8500000E+03     1   4.9997208E-01   8.9618196E-02   0.0000000E+00   1.0260774E+02   1.6317509E+00   0.0000000E+00   2.7036696E+02
  3.8500000E+03     2   8.8994067E-01   2.0175271E-01   0.0000000E+00   3.5853199E+02   9.5871147E+00   0.0000000E+00   2.6241160E+02
  3.9000000E+03     1   4.9998089E-01   8.9689288E-02   0.0000000E+00   2.5823657E+02   1.3856594E+00   0.0000000E+00   1.5751665E+02
  3.9000000E+03     2   8.8996002E-01   2.0168220E-01   0.0000000E+00   1.9954985E+02   9.7124179E+00   0.0000000E+00   1.4918989E+02
  3.9500000E+03     1   5.0000424E-01   8.9966733E-02   0.0000000E+00   5.3989203E+01   1.1795464E+00   0.0000000E+00   4.4334887E+01
  3.9500000E+03     2   8.8999728E-01   2.0174133E-01   0.0000000E+00   4.0499543E+01   9.8420483E+00   0.0000000E+00   3.5672385E+01
  4.0000000E+03     1   4.9997819E-01   9.0181181E-02   0.0000000E+00   2.0983517E+02   7.9621265E-01   0.0000000E+00   2.9148025E+02
  4.0000000E+03     2   8.8998100E-01   2.0162490E-01   0.0000000E+00   2.4149021E+02   9.9637136E+00   0.0000000E+00   2.8231275E+02
  4.0500000E+03     1   4.9996866E-01   9.0181202E-02   0.0000000E+00   5.3732763E+00   6.0578991E-01   0.0000000E+00   1.7863152E+02
  4.0500000E+03     2   8.8994639E-01   2.0167942E-01   0.0000000E+00   8.2509374E+01   1.0098813E+01   0.0000000E+00   1.6913849E+02
  4.1000000E+03     1   4.9996337E-01   9.0422801E-02   0.0000000E+00   1.6080834E+02   4.6526150E-01   0.0000000E+00   6.5830255E+01
  4.1000000E+03     2   8.8994300E-01   2.0162919E-01   0.0000000E+00   2.8358272E+02   1.0201839E+01   0.0000000E+00   5.6093677E+01
  4.1500000E+03     1   4.9996667E-01   9.0704177E-02   0.0000000E+00   3.1643521E+02   5.2633824E-02   0.0000000E+00   3.1344418E+02
  4.1500000E+03     2   8.8991704E-01   2.0161623E-01   0.0000000E+00   1.2465229E+02   1.0340037E+01   0.0000000E+00   3.0315678E+02
  4.2000000E+03     1   4.9997157E-01   9.0772811E-02   0.0000000E+00   1.1199040E+02   3.5989218E+02   0.0000000E+00   2.0048649E+02
  4.2000000E+03     2   8.8991032E-01   2.0156868E-01   0.0000000E+00   3.2566797E+02   1.0462652E+01   0.0000000E+00   1.8991601E+02
  4.2500000E+03     1   4.9997026E-01   9.1087841E-02   0.0000000E+00   2.6758010E+02   3.5976851E+02   0.0000000E+00   8.7369430E+01
  4.2500000E+03     2   8.8995401E-01   2.0148596E-01   0.0000000E+00   1.6667134E+02   1.0571936E+01   0.0000000E+00   7.6566002E+01
  4.3000000E+03     1   4.9995742E-01   9.1300545E-02   0.0000000E+00   6.3443637E+01   3.5936974E+02   0.0000000E+00   3.3452445E+02
  4.3000000E+03     2   8.9002292E-01   2.0155012E-01   0.0000000E+00   7.6286888E+00   1.0725100E+01   0.0000000E+00   3.2316910E+02
  4.3500000E+03     1   4.9998729E-01   9.1441277E-02   0.0000000E+00   2.1910216E+02   3.5918319E+02   0.0000000E+00   2.2145594E+02
  4.3500000E+03     2   8.8997509E-01   2.0139540E-01   0.0000000E+00   2.0864237E+02   1.0819872E+01   0.0000000E+00   2.0981926E+02
  4.4000000E+03     1   4.9996827E-01   9.1770256E-02   0.0000000E+00   1.4551387E+01   3.5900361E+02   0.0000000E+00   1.0873227E+02
  4.4000000E+03     2   8.8998818E-01   2.0142227E-01   0.0000000E+00   4.9677871E+01   1.0967566E+01   0.0000000E+00   9.6768314E+01
  4.4500000E+03     1   4.9996944E-01   9.2131646E-02   0.0000000E+00   1.7006491E+02   3.5875488E+02   0.0000000E+00   3.5608943E+02
  4.4500000E+03     2   8.8995795E-01   2.0131056E-01   0.0000000E+00   2.5075380E+02   1.1078255E+01   0.0000000E+00   3.4376606E+02
  4.5000000E+03     1   4.9999051E-01   9.2238367E-02   0.0000000E+00   3.2565528E+02   3.5849817E+02   0.0000000E+00   2.4333565E+02
  4.5000000E+03     2   8.8987988E-01   2.0129801E-01   0.0000000E+00   9.1798326E+01   1.1195310E+01   0.0000000E+00   2.3063851E+02
  4.5500000E+03     1   4.9998425E-01   9.2462567E-02   0.0000000E+00   1.2126586E+02   3.5827906E+02   0.0000000E+00   1.3044288E+02
  4.5500000E+03     2   8.8988850E-01   2.0125800E-01   0.0000000E+00   2.9278585E+02   1.1347585E+01   0.0000000E+00   1.1737436E+02
  4.6000000E+03     1   4.9997087E-01   9.2897491E-02   0.0000000E+00   2.7700545E+02   3.5807360E+02   0.0000000E+00   1.7290076E+01
  4.6000000E+03     2   8.8993147E-01   2.0120169E-01   0.0000000E+00   1.3376570E+02   1.1455663E+01   0.0000000E+00   3.9080168E+00
  4.6500000E+03     1   4.9996849E-01   9.3065642E-02   0.0000000E+00   7.2741429E+01   3.5779485E+02   0.0000000E+00   2.6433994E+02
  4.6500000E+03     2   8.8995006E-01   2.0119168E-01   0.0000000E+00   3.3474500E+02   1.1590524E+01   0.0000000E+00   2.5054426E+02
  4.7000000E+03     1   4.9997583E-01   9.3202034E-02   0.0000000E+00   2.2823766E+02   3.5763649E+02   0.0000000E+00   1.5147797E+02
  4.7000000E+03     2   8.8997816E-01   2.0110638E-01   0.0000000E+00   1.7578353E+02   1.1710779E+01   0.0000000E+00   1.3740368E+02
  4.7500000E+03     1   5.0001034E-01   9.3630931E-02   0.0000000E+00   2.3699237E+01   3.5747806E+02   0.0000000E+00   3.8674819E+01
  4.7500000E+03     2   8.8999453E-01   2.0113288E-01   0.0000000E+00   1.6840781E+01   1.1824310E+01   0.0000000E+00   2.4328572E+01
  4.8000000E+03     1   4.9996512E-01   9.3906107E-02   0.0000000E+00   1.7927919E+02   3.5712966E+02   0.0000000E+00   2.8618814E+02
  4.8000000E+03     2   8.8998740E-01   2.0101040E-01   0.0000000E+00   2.1790414E+02   1.1959183E+01   0.0000000E+00   2.7135862E+02
  4.8500000E+03     1   4.9996588E-01   9.4042622E-02   0.0000000E+00   3.3478431E+02   3.5702031E+02   0.0000000E+00   1.7317529E+02
  4.8500000E+03     2   8.8993897E-01   2.0103611E-01   0.0000000E+00   5.8925303E+01   1.2074806E+01   0.0000000E+00   1.5812079E+02
  4.9000000E+03     1   4.9997165E-01   9.4450131E-02   0.0000000E+00   1.3035951E+02   3.5691028E+02   0.0000000E+00   6.0043694E+01
  4.9000000E+03     2   8.8992379E-01   2.0093621E-01   0.0000000E+00   2.5992143E+02   1.2190448E+01   0.0000000E+00   4.4763524E+01
  4.9500000E+03     1   4.9996136E-01   9.4739673E-02   0.0000000E+00   2.8618725E+02   3.5654820E+02   0.0000000E+00   3.0716768E+02
  4.9500000E+03     2   8.8992888E-01   2.0092547E-01   0.0000000E+00   1.0090440E+02   1.2321267E+01   0.0000000E+00   2.9139462E+02
  5.0000000E+03     1   4.9998019E-01   9.4987261E-02   0.0000000E+00   8.1739195E+01   3.5643763E+02   0.0000000E+00   1.9407768E+02
  5.0000000E+03     2   8.8990049E-01   2.0083928E-01   0.0000000E+00   3.0190209E+02   1.2443975E+01   0.0000000E+00   1.7807134E+02
  5.0500000E+03     1   4.9997735E-01   9.5452263E-02   0.0000000E+00   2.3711240E+02   3.5632480E+02   0.0000000E+00   8.1307604E+01
  5.0500000E+03     2   8.8995434E-01   2.0071235E-01   0.0000000E+00   1.4296948E+02   1.2565320E+01   0.0000000E+00   6.5067080E+01
  5.1000000E+03     1   4.9996116E-01   9.5711692E-02   0.0000000E+00   3.2685006E+01   3.5602684E+02   0.0000000E+00   3.2869469E+02
  5.1000000E+03     2   8.9002414E-01   2.0079516E-01   0.0000000E+00   3.4402424E+02   1.2692448E+01   0.0000000E+00   3.1202908E+02
  5.1500000E+03     1   4.9999595E-01   9.5985298E-02   0.0000000E+00   1.8819757E+02   3.5586450E+02   0.0000000E+00   2.1581328E+02
  5.1500000E+03     2   8.8995674E-01   2.0058484E-01   0.0000000E+00   1.8506034E+02   1.2809588E+01   0.0000000E+00   1.9886820E+02
  5.2000000E+03     1   4.9996016E-01   9.6347214E-02   0.0000000E+00   3.4376142E+02   3.5570471E+02   0.0000000E+00   1.0283536E+02
  5.2000000E+03     2   8.8999272E-01   2.0065361E-01   0.0000000E+00   2.6058964E+01   1.2944138E+01   0.0000000E+00   8.5595933E+01
  5.2500000E+03     1   4.9996903E-01   9.6836863E-02   0.0000000E+00   1.3946801E+02   3.5551931E+02   0.0000000E+00   3.4967932E+02
  5.2500000E+03     2   8.8994876E-01   2.0050169E-01   0.0000000E+00   2.2703153E+02   1.3061439E+01   0.0000000E+00   3.3213719E+02
  5.3000000E+03     1   4.9999110E-01   9.7049667E-02   0.0000000E+00   2.9511912E+02   3.5530441E+02   0.0000000E+00   2.3670557E+02
  5.3000000E+03     2   8.8987485E-01   2.0044843E-01   0.0000000E+00   6.8035202E+01   1.3181546E+01   0.0000000E+00   2.1882843E+02
  5.3500000E+03     1   4.9997605E-01   9.7312627E-02   0.0000000E+00   9.0587938E+01   3.5517237E+02   0.0000000E+00   1.2382012E+02
  5.3500000E+03     2   8.8990127E-01   2.0044537E-01   0.0000000E+00   2.6905481E+02   1.3321588E+01   0.0000000E+00   1.0567090E+02
  5.4000000E+03     1   4.9997086E-01   9.7903013E-02   0.0000000E+00   2.4605956E+02   3.5499227E+02   0.0000000E+00   1.1065036E+01
  5.4000000E+03     2   8.8994156E-01   2.0030928E-01   0.0000000E+00   1.1011841E+02   1.3436166E+01   0.0000000E+00   3.5262114E+02
  5.4500000E+03     1   4.9995987E-01   9.8098329E-02   0.0000000E+00   4.1541408E+01   3.5477901E+02   0.0000000E+00   2.5837976E+02
  5.4500000E+03     2   8.8997145E-01   2.0033272E-01   0.0000000E+00   3.1118326E+02   1.3556329E+01   0.0000000E+00   2.3960244E+02
  5.5000000E+03     1   4.9997710E-01   9.8336950E-02   0.0000000E+00   1.9700906E+02   3.5471380E+02   0.0000000E+00   1.4530909E+02
  5.5000000E+03     2   8.8998703E-01   2.0021424E-01   0.0000000E+00   1.5219689E+02   1.3675984E+01   0.0000000E+00   1.2634691E+02
  5.5500000E+03     1   5.0000558E-01   9.8885365E-02   0.0000000E+00   3.5259515E+02   3.5458707E+02   0.0000000E+00   3.2201564E+01
  5.5500000E+03     2   8.8999396E-01   2.0019667E-01   0.0000000E+00   3.5320567E+02   1.3779761E+01   0.0000000E+00   1.3008873E+01
  5.6000000E+03     1   4.9995853E-01   9.9199150E-02   0.0000000E+00   1.4833506E+02   3.5430419E+02   0.0000000E+00   2.7925346E+02
  5.6000000E+03     2   8.8998695E-01   2.0008507E-01   0.0000000E+00   1.9417650E+02   1.3921944E+01   0.0000000E+00   2.5963570E+02
  5.6500000E+03     1   4.9997276E-01   9.9507190E-02   0.0000000E+00   3.0379148E+02   3.5426055E+02   0.0000000E+00   1.6614623E+02
  5.6500000E+03     2   8.8991958E-01   2.0003969E-01   0.0000000E+00   3.5201281E+01   1.4028129E+01   0.0000000E+00   1.4637865E+02
  5.7000000E+03     1   4.9997950E-01   1.0003615E-01   0.0000000E+00   9.9144804E+01   3.5417277E+02   0.0000000E+00   5.3340595E+01
  5.7000000E+03     2   8.8990557E-01   1.9993287E-01   0.0000000E+00   2.3625892E+02   1.4156541E+01   0.0000000E+00   3.3356820E+01
  5.7500000E+03     1   4.9996617E-01   1.0032813E-01   0.0000000E+00   2.5470393E+02   3.5391750E+02   0.0000000E+00   3.0064014E+02
  5.7500000E+03     2   8.8992657E-01   1.9989582E-01   0.0000000E+00   7.7317551E+01   1.4271983E+01   0.0000000E+00   2.8028566E+02
  5.8000000E+03     1   4.9998863E-01   1.0070370E-01   0.0000000E+00   5.0130382E+01   3.5383203E+02   0.0000000E+00   1.8770090E+02
  5.8000000E+03     2   8.8989400E-01   1.9979523E-01   0.0000000E+00   2.7834981E+02   1.4397860E+01   0.0000000E+00   1.6713507E+02
  5.8500000E+03     1   4.9997565E-01   1.0123154E-01   0.0000000E+00   2.0562795E+02   3.5374040E+02   0.0000000E+00   7.4652287E+01
  5.8500000E+03     2   8.8996972E-01   1.9967535E-01   0.0000000E+00   1.1935244E+02   1.4528075E+01   0.0000000E+00   5.3864610E+01
  5.9000000E+03     1   4.9996887E-01   1.0159417E-01   0.0000000E+00   1.3391668E+00   3.5353688E+02   0.0000000E+00   3.2153766E+02
  5.9000000E+03     2   8.9001793E-01   1.9970778E-01   0.0000000E+00   3.2034219E+02   1.4633095E+01   0.0000000E+00   3.0044144E+02
  5.9500000E+03     1   4.9999183E-01   1.0193956E-01   0.0000000E+00   1.5689996E+02   3.5339719E+02   0.0000000E+00   2.0850806E+02
  5.9500000E+03     2   8.8995597E-01   1.9950231E-01   0.0000000E+00   1.6132580E+02   1.4775400E+01   0.0000000E+00   1.8712986E+02
  6.0000000E+03     1   4.9995573E-01   1.0232056E-01   0.0000000E+00   3.1232387E+02   3.5331565E+02   0.0000000E+00   9.5560300E+01
  6.0000000E+03     2   8.8999142E-01   1.9956312E-01   0.0000000E+00   2.3755871E+00   1.4882147E+01   0.0000000E+00   7.3993804E+01
  6.0500000E+03     1   4.9997125E-01   1.0293952E-01   0.0000000E+00   1.0776480E+02   3.5317193E+02   0.0000000E+00   3.4275336E+02
  6.0500000E+03     2   8.8993618E-01   1.9938704E-01   0.0000000E+00   2.0341907E+02   1.5011944E+01   0.0000000E+00   3.2091335E+02
  6.1000000E+03     1   4.9998294E-01   1.0317452E-01   0.0000000E+00   2.6319493E+02   3.5302850E+02   0.0000000E+00   2.2996997E+02
  6.1000000E+03     2   8.8988660E-01   1.9932533E-01   0.0000000E+00   4.4483449E+01   1.5127499E+01   0.0000000E+00   2.0787097E+02
  6.1500000E+03     1   4.9997176E-01   1.0350936E-01   0.0000000E+00   5.8643689E+01   3.5299004E+02   0.0000000E+00   1.1686205E+02
  6.1500000E+03     2   8.8990910E-01   1.9931918E-01   0.0000000E+00   2.4549283E+02   1.5250078E+01   0.0000000E+00   9.4602010E+01
  6.2000000E+03     1   4.9996139E-01   1.0417358E-01   0.0000000E+00   2.1425835E+02   3.5280712E+02   0.0000000E+00   3.8623838E+00
  6.2000000E+03     2   8.8996651E-01   1.9915861E-01   0.0000000E+00   8.6485227E+01   1.5382261E+01   0.0000000E+00   3.4128725E+02
  6.2500000E+03     1   4.9995598E-01   1.0441586E-01   0.0000000E+00   9.8362344E+00   3.5269062E+02   0.0000000E+00   2.5074342E+02
  6.2500000E+03     2   8.8998837E-01   1.9915631E-01   0.0000000E+00   2.8750222E+02   1.5478229E+01   0.0000000E+00   2.2795581E+02
  6.3000000E+03     1   4.9998580E-01   1.0479581E-01   0.0000000E+00   1.6522469E+02   3.5269917E+02   0.0000000E+00   1.3760633E+02
  6.3000000E+03     2   8.8998254E-01   1.9900186E-01   0.0000000E+00   1.2850907E+02   1.5605617E+01   0.0000000E+00   1.1469989E+02
  6.3500000E+03     1   4.9999631E-01   1.0542025E-01   0.0000000E+00   3.2058937E+02   3.5260407E+02   0.0000000E+00   2.4799443E+01
  6.3500000E+03     2   8.8998796E-01   1.9893442E-01   0.0000000E+00   3.2959578E+02   1.5702696E+01   0.0000000E+00   1.7008114E+00
  6.4000000E+03     1   4.9996399E-01   1.0574965E-01   0.0000000E+00   1.1610358E+02   3.5241352E+02   0.0000000E+00   2.7199111E+02
  6.4000000E+03     2   8.8996882E-01   1.9884038E-01   0.0000000E+00   1.7062020E+02   1.5840660E+01   0.0000000E+00   2.4856397E+02
  6.4500000E+03     1   4.9998142E-01   1.0618973E-01   0.0000000E+00   2.7145701E+02   3.5239871E+02   0.0000000E+00   1.5898570E+02
  6.4500000E+03     2   8.8990121E-01   1.9873922E-01   0.0000000E+00   1.1670275E+01   1.5949783E+01   0.0000000E+00   1.3543462E+02
  6.5000000E+03     1   4.9997654E-01   1.0676212E-01   0.0000000E+00   6.6931597E+01   3.5233824E+02   0.0000000E+00   4.5892299E+01
  6.5000000E+03     2   8.8990500E-01   1.9866982E-01   0.0000000E+00   2.1266964E+02   1.6080549E+01   0.0000000E+00   2.2149992E+01
  6.5500000E+03     1   4.9997403E-01   1.0711371E-01   0.0000000E+00   2.2258289E+02   3.5218688E+02   0.0000000E+00   2.9274340E+02
  6.5500000E+03     2   8.8991894E-01   1.9856621E-01   0.0000000E+00   5.3660576E+01   1.6189443E+01   0.0000000E+00   2.6874083E+02
  6.6000000E+03     1   4.9998812E-01   1.0754890E-01   0.0000000E+00   1.8040441E+01   3.5211516E+02   0.0000000E+00   1.7971273E+02
  6.6000000E+03     2   8.8990511E-01   1.9847215E-01   0.0000000E+00   2.5467501E+02   1.6316731E+01   0.0000000E+00   1.5551116E+02
  6.6500000E+03     1   4.9997861E-01   1.0812649E-01   0.0000000E+00   1.7341310E+02   3.5208419E+02   0.0000000E+00   6.6712983E+01
  6.6500000E+03     2   8.8997945E-01   1.9835212E-01   0.0000000E+00   9.5703301E+01   1.6443926E+01   0.0000000E+00   4.2353243E+01
  6.7000000E+03     1   4.9997950E-01   1.0858803E-01   0.0000000E+00   3.2886912E+02   3.5194282E+02   0.0000000E+00   3.1387404E+02
  6.7000000E+03     2   8.9000619E-01   1.9831245E-01   0.0000000E+00   2.9677552E+02   1.6538886E+01   0.0000000E+00   2.8927798E+02
  6.7500000E+03     1   4.9997948E-01   1.0891475E-01   0.0000000E+00   1.2426035E+02   3.5185838E+02   0.0000000E+00   2.0098790E+02
  6.7500000E+03     2   8.8996830E-01   1.9816967E-01   0.0000000E+00   1.3779378E+02   1.6688731E+01   0.0000000E+00   1.7615755E+02
  6.8000000E+03     1   4.9995652E-01   1.0934416E-01   0.0000000E+00   2.7967853E+02   3.5185970E+02   0.0000000E+00   8.7822718E+01
  6.8000000E+03     2   8.8998152E-01   1.9816866E-01   0.0000000E+00   3.3883728E+02   1.6773044E+01   0.0000000E+00   6.2909375E+01
  6.8500000E+03     1   4.9996507E-01   1.1002718E-01   0.0000000E+00   7.5238071E+01   3.5172348E+02   0.0000000E+00   3.3478725E+02
  6.8500000E+03     2   8.8993703E-01   1.9802026E-01   0.0000000E+00   1.7981985E+02   1.6916287E+01   0.0000000E+00   3.0959444E+02
  6.9000000E+03     1   4.9997599E-01   1.1030368E-01   0.0000000E+00   2.3073023E+02   3.5167344E+02   0.0000000E+00   2.2163792E+02
  6.9000000E+03     2   8.8989790E-01   1.9792259E-01   0.0000000E+00   2.0834417E+01   1.7023092E+01   0.0000000E+00   1.9628826E+02
  6.9500000E+03     1   4.9997529E-01   1.1074772E-01   0.0000000E+00   2.6072351E+01   3.5171268E+02   0.0000000E+00   1.0850357E+02
  6.9500000E+03     2   8.8990756E-01   1.9787166E-01   0.0000000E+00   2.2186976E+02   1.7130882E+01   0.0000000E+00   8.3085377E+01
  7.0000000E+03     1   4.9995429E-01   1.1139173E-01   0.0000000E+00   1.8150283E+02   3.5155014E+02   0.0000000E+00   3.5576741E+02
  7.0000000E+03     2   8.8998677E-01   1.9773501E-01   0.0000000E+00   6.2912882E+01   1.7272376E+01   0.0000000E+00   3.3004517E+02
  7.0500000E+03     1   4.9996341E-01   1.1170572E-01   0.0000000E+00   3.3688334E+02   3.5152151E+02   0.0000000E+00   2.4275197E+02
  7.0500000E+03     2   8.8998917E-01   1.9765774E-01   0.0000000E+00   2.6399005E+02   1.7349120E+01   0.0000000E+00   2.1692437E+02
  7.1000000E+03     1   4.9999073E-01   1.1220486E-01   0.0000000E+00   1.3219125E+02   3.5156275E+02   0.0000000E+00   1.2966479E+02
  7.1000000E+03     2   8.8998012E-01   1.9751045E-01   0.0000000E+00   1.0500019E+02   1.7490581E+01   0.0000000E+00   1.0373696E+02
  7.1500000E+03     1   4.9998132E-01   1.1284330E-01   0.0000000E+00   2.8766430E+02   3.5150066E+02   0.0000000E+00   1.6577300E+01
  7.1500000E+03     2   8.8998816E-01   1.9740743E-01   0.0000000E+00   3.0603889E+02   1.7582572E+01   0.0000000E+00   3.5049539E+02
  7.2000000E+03     1   4.9997463E-01   1.1321736E-01   0.0000000E+00   8.3246082E+01   3.5139705E+02   0.0000000E+00   2.6341109E+02
  7.2000000E+03     2   8.8994285E-01   1.9730719E-01   0.0000000E+00   1.4701175E+02   1.7713883E+01   0.0000000E+00   2.3709426E+02
  7.2500000E+03     1   4.9998377E-01   1.1372379E-01   0.0000000E+00   2.3861761E+02   3.5139068E+02   0.0000000E+00   1.5035119E+02
  7.2500000E+03     2   8.8989646E-01   1.9718427E-01   0.0000000E+00   3.4804341E+02   1.7831676E+01   0.0000000E+00   1.2391020E+02
  7.3000000E+03     1   4.9997447E-01   1.1433162E-01   0.0000000E+00   3.3970886E+01   3.5139074E+02   0.0000000E+00   3.7303990E+01
  7.3000000E+03     2   8.8990462E-01   1.9712452E-01   0.0000000E+00   1.8908097E+02   1.7947211E+01   0.0000000E+00   1.0747520E+01
  7.3500000E+03     1   4.9997932E-01   1.1474702E-01   0.0000000E+00   1.8938451E+02   3.5130972E+02   0.0000000E+00   2.8437541E+02
  7.3500000E+03     2   8.8991370E-01   1.9697159E-01   0.0000000E+00   3.0128024E+01   1.8061658E+01   0.0000000E+00   2.5762347E+02
  7.4000000E+03     1   4.9997967E-01   1.1514683E-01   0.0000000E+00   3.4472550E+02   3.5127774E+02   0.0000000E+00   1.7143970E+02
  7.4000000E+03     2   8.8993244E-01   1.9689336E-01   0.0000000E+00   2.3118359E+02   1.8176751E+01   0.0000000E+00   1.4454069E+02
  7.4500000E+03     1   4.9998589E-01   1.1579780E-01   0.0000000E+00   1.4012272E+02   3.5129609E+02   0.0000000E+00   5.8259369E+01
  7.4500000E+03     2   8.8998487E-01   1.9676480E-01   0.0000000E+00   7.2183394E+01   1.8303746E+01   0.0000000E+00   3.1251716E+01
  7.5000000E+03     1   4.9997915E-01   1.1629737E-01   0.0000000E+00   2.9565950E+02   3.5118799E+02   0.0000000E+00   3.0518735E+02
  7.5000000E+03     2   8.9000527E-01   1.9667506E-01   0.0000000E+00   2.7321272E+02   1.8398686E+01   0.0000000E+00   2.7797665E+02
  7.5500000E+03     1   4.9996945E-01   1.1662143E-01   0.0000000E+00   9.1084158E+01   3.5118703E+02   0.0000000E+00   1.9201244E+02
  7.5500000E+03     2   8.8997782E-01   1.9657792E-01   0.0000000E+00   1.1419570E+02   1.8539629E+01   0.0000000E+00   1.6465984E+02
  7.6000000E+03     1   4.9996459E-01   1.1713754E-01   0.0000000E+00   2.4638955E+02   3.5125576E+02   0.0000000E+00   7.8859499E+01
  7.6000000E+03     2   8.8996081E-01   1.9648394E-01   0.0000000E+00   3.1526655E+02   1.8613730E+01   0.0000000E+00   5.1501525E+01
  7.6500000E+03     1   4.9996101E-01   1.1779439E-01   0.0000000E+00   4.1796683E+01   3.5113791E+02   0.0000000E+00   3.2604056E+02
  7.6500000E+03     2   8.8993412E-01   1.9639043E-01   0.0000000E+00   1.5630223E+02   1.8754305E+01   0.0000000E+00   2.9842416E+02
  7.7000000E+03     1   4.9997752E-01   1.1813785E-01   0.0000000E+00   1.9712477E+02   3.5116736E+02   0.0000000E+00   2.1295853E+02
  7.7000000E+03     2   8.8989643E-01   1.9624090E-01   0.0000000E+00   3.5735178E+02   1.8857229E+01   0.0000000E+00   1.8526866E+02
  7.7500000E+03     1   4.9997913E-01   1.1868151E-01   0.0000000E+00   3.5239114E+02   3.5124881E+02   0.0000000E+00   9.9841683E+01
  7.7500000E+03     2   8.8991049E-01   1.9613976E-01   0.0000000E+00   1.9840668E+02   1.8958547E+01   0.0000000E+00   7.2131947E+01
  7.8000000E+03     1   4.9995160E-01   1.1926024E-01   0.0000000E+00   1.4791392E+02   3.5113170E+02   0.0000000E+00   3.4681662E+02
  7.8000000E+03     2   8.8999796E-01   1.9604913E-01   0.0000000E+00   3.9398761E+01   1.9098211E+01   0.0000000E+00   3.1885011E+02
  7.8500000E+03     1   4.9997757E-01   1.1966435E-01   0.0000000E+00   3.0335194E+02   3.5115660E+02   0.0000000E+00   2.3355251E+02
  7.8500000E+03     2   8.8997742E-01   1.9587800E-01   0.0000000E+00   2.4043630E+02   1.9172524E+01   0.0000000E+00   2.0553659E+02
  7.9000000E+03     1   4.9998593E-01   1.2023082E-01   0.0000000E+00   9.8664450E+01   3.5120698E+02   0.0000000E+00   1.2043215E+02
  7.9000000E+03     2   8.8998981E-01   1.9578212E-01   0.0000000E+00   8.1432818E+01   1.9322461E+01   0.0000000E+00   9.2316667E+01
  7.9500000E+03     1   4.9997241E-01   1.2087073E-01   0.0000000E+00   2.5402447E+02   3.5120314E+02   0.0000000E+00   7.3817045E+00
  7.9500000E+03     2   8.8998274E-01   1.9562607E-01   0.0000000E+00   2.8250107E+02   1.9405153E+01   0.0000000E+00   3.3917969E+02
  8.0000000E+03     1   4.9998412E-01   1.2128300E-01   0.0000000E+00   4.9404228E+01   3.5115976E+02   0.0000000E+00   2.5440349E+02
  8.0000000E+03     2   8.8991699E-01   1.9552221E-01   0.0000000E+00   1.2353252E+02   1.9531100E+01   0.0000000E+00   2.2603216E+02
  8.0500000E+03     1   4.9997950E-01   1.2175954E-01   0.0000000E+00   2.0470971E+02   3.5117800E+02   0.0000000E+00   1.4139125E+02
  8.0500000E+03     2   8.8990307E-01   1.9541249E-01   0.0000000E+00   3.2457900E+02   1.9649486E+01   0.0000000E+00   1.1291977E+02
  8.1000000E+03     1   4.9997233E-01   1.2244304E-01   0.0000000E+00   8.5935918E-02   3.5122367E+02   0.0000000E+00   2.8179804E+01
  8.1000000E+03     2   8.8990838E-01   1.9531516E-01   0.0000000E+00   1.6560503E+02   1.9751509E+01   0.0000000E+00   3.5965197E+02
  8.1500000E+03     1   4.9997356E-01   1.2287371E-01   0.0000000E+00   1.5554980E+02   3.5118278E+02   0.0000000E+00   2.7505078E+02
  8.1500000E+03     2   8.8992391E-01   1.9516839E-01   0.0000000E+00   6.6082489E+00   1.9874817E+01   0.0000000E+00   2.4635874E+02
  8.2000000E+03     1   4.9997343E-01   1.2324580E-01   0.0000000E+00   3.1090709E+02   3.5122296E+02   0.0000000E+00   1.6188724E+02
  8.2000000E+03     2   8.8995645E-01   1.9506112E-01   0.0000000E+00   2.0764789E+02   1.9972232E+01   0.0000000E+00   1.3313796E+02
  8.2500000E+03     1   4.9999477E-01   1.2396571E-01   0.0000000E+00   1.0622443E+02   3.5126539E+02   0.0000000E+00   4.8780135E+01
  8.2500000E+03     2   8.8998853E-01   1.9493654E-01   0.0000000E+00   4.8666921E+01   2.0100746E+01   0.0000000E+00   1.9944775E+01
  8.3000000E+03     1   4.9997229E-01   1.2444301E-01   0.0000000E+00   2.6161012E+02   3.5120702E+02   0.0000000E+00   2.9583478E+02
  8.3000000E+03     2   8.9000505E-01   1.9480874E-01   0.0000000E+00   2.4973796E+02   2.0191503E+01   0.0000000E+00   2.6685029E+02
  8.3500000E+03     1   4.9996731E-01   1.2480147E-01   0.0000000E+00   5.6897879E+01   3.5127881E+02   0.0000000E+00   1.8269919E+02
  8.3500000E+03     2   8.8997360E-01   1.9473029E-01   0.0000000E+00   9.0759789E+01   2.0317549E+01   0.0000000E+00   1.5366044E+02
  8.4000000E+03     1   4.9997240E-01   1.2540181E-01   0.0000000E+00   2.1214881E+02   3.5138034E+02   0.0000000E+00   6.9551416E+01
  8.4000000E+03     2   8.8994104E-01   1.9456079E-01   0.0000000E+00   2.9183390E+02   2.0396563E+01   0.0000000E+00   4.0535197E+01
  8.4500000E+03     1   4.9996198E-01   1.2598235E-01   0.0000000E+00   7.6428195E+00   3.5129958E+02   0.0000000E+00   3.1647986E+02
  8.4500000E+03     2   8.8992440E-01   1.9450416E-01   0.0000000E+00   1.3284087E+02   2.0520049E+01   0.0000000E+00   2.8725939E+02
  8.5000000E+03     1   4.9998432E-01   1.2641108E-01   0.0000000E+00   1.6299928E+02   3.5137688E+02   0.0000000E+00   2.0321494E+02
  8.5000000E+03     2   8.8988705E-01   1.9431033E-01   0.0000000E+00   3.3385455E+02   2.0629439E+01   0.0000000E+00   1.7396238E+02
  8.5500000E+03     1   4.9997811E-01   1.2702492E-01   0.0000000E+00   3.1824480E+02   3.5147804E+02   0.0000000E+00   9.0080494E+01
  8.5500000E+03     2   8.8992488E-01   1.9416981E-01   0.0000000E+00   1.7491054E+02   2.0730148E+01   0.0000000E+00   6.0828391E+01
  8.6000000E+03     1   4.9995559E-01   1.2755092E-01   0.0000000E+00   1.1366023E+02   3.5142947E+02   0.0000000E+00   3.3705361E+02
  8.6000000E+03     2   8.8999620E-01   1.9410844E-01   0.0000000E+00   1.5931359E+01   2.0855033E+01   0.0000000E+00   3.0762805E+02
  8.6500000E+03     1   4.9999186E-01   1.2800612E-01   0.0000000E+00   2.6895713E+02   3.5147726E+02   0.0000000E+00   2.2397195E+02
  8.6500000E+03     2   8.8996303E-01   1.9387578E-01   0.0000000E+00   2.1700165E+02   2.0940154E+01   0.0000000E+00   1.9450906E+02
  8.7000000E+03     1   4.9997378E-01   1.2855445E-01   0.0000000E+00   6.4238904E+01   3.5154482E+02   0.0000000E+00   1.1085857E+02
  8.7000000E+03     2   8.9000857E-01   1.9385483E-01   0.0000000E+00   5.8014519E+01   2.1079038E+01   0.0000000E+00   8.1324352E+01
  8.7500000E+03     1   4.9996745E-01   1.2923661E-01   0.0000000E+00   2.1961195E+02   3.5158832E+02   0.0000000E+00   3.5765470E+02
  8.7500000E+03     2   8.8997600E-01   1.9362763E-01   0.0000000E+00   2.5905953E+02   2.1162110E+01   0.0000000E+00   3.2808091E+02
  8.8000000E+03     1   4.9998420E-01   1.2964255E-01   0.0000000E+00   1.5020857E+01   3.5158323E+02   0.0000000E+00   2.4452117E+02
  8.8000000E+03     2   8.8990398E-01   1.9353693E-01   0.0000000E+00   1.0007341E+02   2.1280834E+01   0.0000000E+00   2.1482356E+02
  8.8500000E+03     1   4.9997617E-01   1.3008481E-01   0.0000000E+00   1.7033787E+02   3.5165535E+02   0.0000000E+00   1.3133957E+02
  8.8500000E+03     2   8.8990785E-01   1.9342706E-01   0.0000000E+00   3.0110187E+02   2.1392199E+01   0.0000000E+00   1.0160272E+02
  8.9000000E+03     1   4.9996800E-01   1.3084452E-01   0.0000000E+00   3.2564526E+02   3.5171282E+02   0.0000000E+00   1.8217352E+01
  8.9000000E+03     2   8.8992158E-01   1.9327524E-01   0.0000000E+00   1.4215246E+02   2.1491671E+01   0.0000000E+00   3.4843850E+02
  8.9500000E+03     1   4.9996644E-01   1.3123697E-01   0.0000000E+00   1.2097915E+02   3.5172207E+02   0.0000000E+00   2.6517618E+02
  8.9500000E+03     2   8.8993609E-01   1.9316433E-01   0.0000000E+00   3.4319098E+02   2.1608754E+01   0.0000000E+00   2.3528950E+02
  9.0000000E+03     1   4.9997505E-01   1.3162519E-01   0.0000000E+00   2.7622390E+02   3.5183333E+02   0.0000000E+00   1.5201213E+02
  9.0000000E+03     2   8.8996646E-01   1.9300211E-01   0.0000000E+00   1.8425584E+02   2.1695501E+01   0.0000000E+00   1.2214996E+02
  9.0500000E+03     1   5.0000039E-01   1.3236149E-01   0.0000000E+00   7.1521444E+01   3.5188413E+02   0.0000000E+00   3.8917446E+01
  9.0500000E+03     2   8.8999559E-01   1.9290602E-01   0.0000000E+00   2.5283585E+01   2.1819993E+01   0.0000000E+00   8.9815859E+00
  9.1000000E+03     1   4.9996679E-01   1.3281548E-01   0.0000000E+00   2.2695940E+02   3.5187767E+02   0.0000000E+00   2.8573681E+02
  9.1000000E+03     2   8.8999970E-01   1.9273494E-01   0.0000000E+00   2.2631717E+02   2.1908602E+01   0.0000000E+00   2.5570588E+02
  9.1500000E+03     1   4.9997035E-01   1.3324050E-01   0.0000000E+00   2.2247705E+01   3.5199539E+02   0.0000000E+00   1.7247432E+02
  9.1500000E+03     2   8.8995804E-01   1.9265047E-01   0.0000000E+00   6.7334930E+01   2.2021470E+01   0.0000000E+00   1.4244824E+02
  9.2000000E+03     1   4.9997516E-01   1.3389211E-01   0.0000000E+00   1.7747985E+02   3.5210758E+02   0.0000000E+00   5.9329863E+01
  9.2000000E+03     2   8.8993035E-01   1.9244572E-01   0.0000000E+00   2.6839934E+02   2.2113097E+01   0.0000000E+00   2.9324347E+01
  9.2500000E+03     1   4.9996998E-01   1.3439674E-01   0.0000000E+00   3.3288458E+02   3.5208590E+02   0.0000000E+00   3.0625363E+02
  9.2500000E+03     2   8.8990840E-01   1.9237256E-01   0.0000000E+00   1.0944213E+02   2.2212877E+01   0.0000000E+00   2.7612665E+02
  9.3000000E+03     1   4.9999038E-01   1.3487951E-01   0.0000000E+00   1.2812962E+02   3.5218223E+02   0.0000000E+00   1.9312964E+02
  9.3000000E+03     2   8.8987906E-01   1.9217863E-01   0.0000000E+00   3.1047960E+02   2.2332254E+01   0.0000000E+00   1.6297961E+02
  9.3500000E+03     1   4.9997260E-01   1.3551088E-01   0.0000000E+00   2.8336114E+02   3.5230105E+02   0.0000000E+00   7.9969946E+01
  9.3500000E+03     2   8.8994693E-01   1.9202022E-01   0.0000000E+00   1.5153679E+02   2.2429801E+01   0.0000000E+00   4.9841194E+01
  9.4000000E+03     1   4.9995901E-01   1.3602738E-01   0.0000000E+00   7.8777976E+01   3.5230680E+02   0.0000000E+00   3.2679172E+02
  9.4000000E+03     2   8.8999517E-01   1.9196264E-01   0.0000000E+00   3.5255251E+02   2.2539134E+01   0.0000000E+00   2.9655938E+02
  9.4500000E+03     1   4.9999616E-01   1.3647061E-01   0.0000000E+00   2.3410813E+02   3.5236763E+02   0.0000000E+00   2.1361422E+02
  9.4500000E+03     2   8.8996069E-01   1.9171577E-01   0.0000000E+00   1.9358999E+02   2.2638824E+01   0.0000000E+00   1.8334303E+02
  9.5000000E+03     1   4.9996468E-01   1.3698924E-01   0.0000000E+00   2.9394377E+01   3.5247530E+02   0.0000000E+00   1.0038309E+02
  9.5000000E+03     2   8.9001897E-01   1.9172779E-01   0.0000000E+00   3.4615137E+01   2.2748901E+01   0.0000000E+00   7.0109494E+01
  9.5500000E+03     1   4.9996330E-01   1.3772243E-01   0.0000000E+00   1.8469800E+02   3.5253645E+02   0.0000000E+00   3.4725182E+02
  9.5500000E+03     2   8.8997195E-01   1.9145030E-01   0.0000000E+00   2.3566581E+02   2.2845544E+01   0.0000000E+00   3.1694272E+02
  9.6000000E+03     1   4.9998130E-01   1.3807864E-01   0.0000000E+00   3.4000001E+02   3.5258011E+02   0.0000000E+00   2.3417270E+02
  9.6000000E+03     2   8.8989658E-01   1.9136440E-01   0.0000000E+00   7.6719142E+01   2.2947322E+01   0.0000000E+00   2.0380549E+02
  9.6500000E+03     1   4.9997748E-01   1.3852200E-01   0.0000000E+00   1.3523599E+02   3.5270834E+02   0.0000000E+00   1.2097707E+02
  9.6500000E+03     2   8.8990424E-01   1.9124529E-01   0.0000000E+00   2.7776368E+02   2.3051188E+01   0.0000000E+00   9.0634218E+01
  9.7000000E+03     1   4.9995970E-01   1.3928872E-01   0.0000000E+00   2.9055150E+02   3.5275438E+02   0.0000000E+00   7.8722923E+00
  9.7000000E+03     2   8.8994481E-01   1.9106924E-01   0.0000000E+00   1.1881096E+02   2.3155312E+01   0.0000000E+00   3.3747136E+02
  9.7500000E+03     1   4.9996390E-01   1.3965629E-01   0.0000000E+00   8.5908800E+01   3.5281901E+02   0.0000000E+00   2.5463770E+02
  9.7500000E+03     2   8.8994316E-01   1.9097312E-01   0.0000000E+00   3.1983635E+02   2.3255910E+01   0.0000000E+00   2.2420080E+02
  9.8000000E+03     1   4.9998259E-01   1.4010650E-01   0.0000000E+00   2.4113200E+02   3.5297859E+02   0.0000000E+00   1.4137616E+02
  9.8000000E+03     2   8.8996596E-01   1.9075707E-01   0.0000000E+00   1.6088908E+02   2.3343585E+01   0.0000000E+00   1.1101116E+02
  9.8500000E+03     1   5.0000440E-01   1.4082487E-01   0.0000000E+00   3.6410630E+01   3.5304110E+02   0.0000000E+00   2.8283491E+01
  9.8500000E+03     2   8.9000017E-01   1.9068291E-01   0.0000000E+00   1.9341387E+00   2.3454021E+01   0.0000000E+00   3.5787057E+02
  9.9000000E+03     1   4.9996941E-01   1.4125465E-01   0.0000000E+00   1.9177354E+02   3.5308161E+02   0.0000000E+00   2.7510386E+02
  9.9000000E+03     2   8.8998405E-01   1.9047304E-01   0.0000000E+00   2.0297586E+02   2.3544452E+01   0.0000000E+00   2.4464102E+02
  9.9500000E+03     1   4.9997407E-01   1.4173270E-01   0.0000000E+00   3.4697455E+02   3.5321825E+02   0.0000000E+00   1.6194302E+02
  9.9500000E+03     2   8.8993813E-01   1.9037804E-01   0.0000000E+00   4.4029971E+01   2.3647068E+01   0.0000000E+00   1.3151420E+02
  1.0000000E+04     1   4.9997261E-01   1.4238034E-01   0.0000000E+00   1.4221490E+02   3.5334048E+02   0.0000000E+00   4.8755811E+01
  1.0000000E+04     2   8.8992843E-01   1.9018427E-01   0.0000000E+00   2.4507909E+02   2.3746740E+01   0.0000000E+00   1.8349548E+01
  1.0050000E+04     1   4.9997794E-01   1.4284920E-01   0.0000000E+00   2.9760832E+02   3.5337147E+02   0.0000000E+00   2.9555559E+02
  1.0050000E+04     2   8.8989844E-01   1.9005740E-01   0.0000000E+00   8.6120127E+01   2.3833294E+01   0.0000000E+00   2.6509376E+02
  1.0100000E+04     1   4.9998936E-01   1.4332786E-01   0.0000000E+00   9.2876312E+01   3.5347464E+02   0.0000000E+00   1.8237189E+02
  1.0100000E+04     2   8.8988262E-01   1.8990461E-01   0.0000000E+00   2.8714341E+02   2.3955335E+01   0.0000000E+00   1.5189119E+02
  1.0150000E+04     1   4.9996884E-01   1.4398183E-01   0.0000000E+00   2.4811310E+02   3.5361775E+02   0.0000000E+00   6.9134261E+01
  1.0150000E+04     2   8.8996468E-01   1.8971740E-01   0.0000000E+00   1.2819428E+02   2.4047148E+01   0.0000000E+00   3.8704858E+01
  1.0200000E+04     1   4.9995948E-01   1.4448651E-01   0.0000000E+00   4.3457891E+01   3.5365537E+02   0.0000000E+00   3.1599577E+02
  1.0200000E+04     2   8.9000219E-01   1.8965782E-01   0.0000000E+00   3.2924014E+02   2.4142054E+01   0.0000000E+00   2.8550908E+02
  1.0250000E+04     1   4.9999263E-01   1.4487515E-01   0.0000000E+00   1.9871814E+02   3.5374698E+02   0.0000000E+00   2.0285410E+02
  1.0250000E+04     2   8.8996590E-01   1.8942196E-01   0.0000000E+00   1.7028433E+02   2.4248769E+01   0.0000000E+00   1.7235231E+02
  1.0300000E+04     1   4.9996271E-01   1.4538819E-01   0.0000000E+00   3.5394530E+02   3.5389637E+02   0.0000000E+00   8.9611961E+01
  1.0300000E+04     2   8.9001101E-01   1.8941099E-01   0.0000000E+00   1.1348224E+01   2.4326779E+01   0.0000000E+00   5.9181552E+01
  1.0350000E+04     1   4.9995747E-01   1.4611821E-01   0.0000000E+00   1.4925849E+02   3.5395214E+02   0.0000000E+00   3.3647843E+02
  1.0350000E+04     2   8.8997278E-01   1.8914370E-01   0.0000000E+00   2.1237922E+02   2.4441377E+01   0.0000000E+00   3.0598919E+02
  1.0400000E+04     1   4.9997979E-01   1.4644755E-01   0.0000000E+00   3.0456381E+02   3.5405077E+02   0.0000000E+00   2.2324370E+02
  1.0400000E+04     2   8.8989274E-01   1.8903037E-01   0.0000000E+00   5.3427795E+01   2.4526730E+01   0.0000000E+00   1.9276774E+02
  1.0450000E+04     1   4.9998140E-01   1.4693185E-01   0.0000000E+00   9.9769597E+01   3.5421934E+02   0.0000000E+00   1.0998890E+02
  1.0450000E+04     2   8.8989573E-01   1.8889945E-01   0.0000000E+00   2.5447416E+02   2.4624431E+01   0.0000000E+00   7.9583814E+01
  1.0500000E+04     1   4.9995484E-01   1.4763248E-01   0.0000000E+00   2.5508231E+02   3.5426120E+02   0.0000000E+00   3.5689957E+02
  1.0500000E+04     2   8.8996227E-01   1.8872486E-01   0.0000000E+00   9.5523016E+01   2.4729130E+01   0.0000000E+00   3.2643165E+02
  1.0550000E+04     1   4.9996819E-01   1.4800343E-01   0.0000000E+00   5.0368974E+01   3.5437257E+02   0.0000000E+00   2.4366107E+02
  1.0550000E+04     2   8.8994397E-01   1.8861379E-01   0.0000000E+00   2.9657621E+02   2.4811389E+01   0.0000000E+00   2.1322225E+02
  1.0600000E+04     1   4.9999122E-01   1.4851405E-01   0.0000000E+00   2.0552645E+02   3.5455186E+02   0.0000000E+00   1.3045795E+02
  1.0600000E+04     2   8.8996436E-01   1.8837581E-01   0.0000000E+00   1.3763531E+02   2.4908744E+01   0.0000000E+00   1.0010106E+02
  1.0650000E+04     1   5.0000239E-01   1.4919028E-01   0.0000000E+00   8.1878058E-01   3.5463117E+02   0.0000000E+00   1.7295811E+01
  1.0650000E+04     2   8.9000309E-01   1.8830040E-01   0.0000000E+00   3.3869106E+02   2.4997407E+01   0.0000000E+00   3.4692957E+02
  1.0700000E+04     1   4.9997491E-01   1.4960524E-01   0.0000000E+00   1.5616593E+02   3.5470699E+02   0.0000000E+00   2.6404586E+02
  1.0700000E+04     2   8.8996678E-01   1.8807065E-01   0.0000000E+00   1.7971663E+02   2.5096251E+01   0.0000000E+00   2.3365659E+02
  1.0750000E+04     1   4.9997405E-01   1.5009093E-01   0.0000000E+00   3.1138233E+02   3.5484883E+02   0.0000000E+00   1.5084508E+02
  1.0750000E+04     2   8.8992676E-01   1.8797310E-01   0.0000000E+00   2.0772290E+01   2.5190247E+01   0.0000000E+00   1.2050366E+02
  1.0800000E+04     1   4.9997000E-01   1.5073433E-01   0.0000000E+00   1.0662509E+02   3.5499145E+02   0.0000000E+00   3.7596505E+01
  1.0800000E+04     2   8.8992641E-01   1.8779537E-01   0.0000000E+00   2.2181401E+02   2.5288244E+01   0.0000000E+00   7.2997163E+00
  1.0850000E+04     1   4.9998128E-01   1.5117621E-01   0.0000000E+00   2.6194820E+02   3.5505727E+02   0.0000000E+00   2.8442363E+02
  1.0850000E+04     2   8.8989792E-01   1.8762457E-01   0.0000000E+00   6.2870361E+01   2.5372823E+01   0.0000000E+00   2.5410808E+02
  1.0900000E+04     1   4.9998517E-01   1.5159869E-01   0.0000000E+00   5.7171201E+01   3.5517998E+02   0.0000000E+00   1.7126542E+02
  1.0900000E+04     2   8.8989310E-01   1.8751797E-01   0.0000000E+00   2.6391674E+02   2.5481551E+01   0.0000000E+00   1.4096385E+02
  1.0950000E+04     1   4.9996685E-01   1.5229180E-01   0.0000000E+00   2.1238831E+02   3.5533374E+02   0.0000000E+00   5.8030607E+01
  1.0950000E+04     2   8.8997864E-01   1.8729930E-01   0.0000000E+00   1.0496902E+02   2.5574175E+01   0.0000000E+00   2.7790169E+01
  1.1000000E+04     1   4.9995843E-01   1.5274827E-01   0.0000000E+00   7.7190809E+00   3.5539450E+02   0.0000000E+00   3.0485397E+02
  1.1000000E+04     2   8.9001629E-01   1.8723731E-01   0.0000000E+00   3.0602995E+02   2.5651081E+01   0.0000000E+00   2.7459739E+02
  1.1050000E+04     1   4.9998671E-01   1.5310436E-01   0.0000000E+00   1.6297937E+02   3.5552782E+02   0.0000000E+00   1.9159617E+02
  1.1050000E+04     2   8.8997209E-01   1.8701309E-01   0.0000000E+00   1.4705418E+02   2.5761405E+01   0.0000000E+00   1.6136258E+02
  1.1100000E+04     1   4.9996644E-01   1.5364218E-01   0.0000000E+00   3.1817200E+02   3.5570665E+02   0.0000000E+00   7.8334030E+01
  1.1100000E+04     2   8.8998930E-01   1.8693824E-01   0.0000000E+00   3.4814295E+02   2.5816705E+01   0.0000000E+00   4.8223971E+01
  1.1150000E+04     1   4.9995562E-01   1.5430213E-01   0.0000000E+00   1.1348464E+02   3.5576077E+02   0.0000000E+00   3.2520540E+02
  1.1150000E+04     2   8.8996803E-01   1.8672682E-01   0.0000000E+00   1.8916773E+02   2.5938061E+01   0.0000000E+00   2.9502811E+02
  1.1200000E+04     1   4.9998201E-01   1.5464311E-01   0.0000000E+00   2.6872662E+02   3.5590487E+02   0.0000000E+00   2.1195727E+02
  1.1200000E+04     2   8.8988827E-01   1.8657110E-01   0.0000000E+00   3.0232906E+01   2.6013907E+01   0.0000000E+00   1.8184824E+02
  1.1250000E+04     1   4.9998350E-01   1.5517179E-01   0.0000000E+00   6.3881864E+01   3.5609203E+02   0.0000000E+00   9.8739841E+01
  1.1250000E+04     2   8.8989005E-01   1.8643769E-01   0.0000000E+00   2.3129647E+02   2.6106413E+01   0.0000000E+00   6.8725455E+01
  1.1300000E+04     1   4.9995541E-01   1.5576970E-01   0.0000000E+00   2.1921097E+02   3.5614736E+02   0.0000000E+00   3.4558305E+02
  1.1300000E+04     2   8.8996893E-01   1.8626968E-01   0.0000000E+00   7.2339096E+01   2.6205273E+01   0.0000000E+00   3.1552514E+02
  1.1350000E+04     1   4.9997458E-01   1.5615846E-01   0.0000000E+00   1.4479386E+01   3.5628569E+02   0.0000000E+00   2.3230360E+02
  1.1350000E+04     2   8.8994774E-01   1.8612626E-01   0.0000000E+00   2.7340373E+02   2.6273456E+01   0.0000000E+00   2.0231583E+02
  1.1400000E+04     1   4.9999641E-01   1.5669282E-01   0.0000000E+00   1.6965038E+02   3.5646858E+02   0.0000000E+00   1.1906495E+02
  1.1400000E+04     2   8.8996924E-01   1.8591087E-01   0.0000000E+00   1.1444407E+02   2.6382179E+01   0.0000000E+00   8.9151350E+01
  1.1450000E+04     1   4.9998937E-01   1.5732595E-01   0.0000000E+00   3.2494028E+02   3.5657158E+02   0.0000000E+00   5.8419920E+00
  1.1450000E+04     2   8.9000374E-01   1.8579580E-01   0.0000000E+00   3.1551360E+02   2.6449124E+01   0.0000000E+00   3.3596445E+02
  1.1500000E+04     1   4.9997839E-01   1.5772670E-01   0.0000000E+00   1.2022873E+02   3.5666864E+02   0.0000000E+00   2.5263591E+02
  1.1500000E+04     2   8.8995434E-01   1.8558052E-01   0.0000000E+00   1.5654357E+02   2.6557396E+01   0.0000000E+00   2.2274716E+02
  1.1550000E+04     1   4.9997341E-01   1.5817286E-01   0.0000000E+00   2.7542179E+02   3.5682299E+02   0.0000000E+00   1.3944272E+02
  1.1550000E+04     2   8.8992256E-01   1.8548395E-01   0.0000000E+00   3.5761696E+02   2.6638287E+01   0.0000000E+00   1.0962742E+02
  1.1600000E+04     1   4.9996750E-01   1.5883575E-01   0.0000000E+00   7.0651095E+01   3.5697831E+02   0.0000000E+00   2.6182325E+01
  1.1600000E+04     2   8.8992323E-01   1.8531584E-01   0.0000000E+00   1.9866313E+02   2.6731891E+01   0.0000000E+00   3.5642875E+02
  1.1650000E+04     1   4.9997870E-01   1.5922711E-01   0.0000000E+00   2.2595477E+02   3.5706959E+02   0.0000000E+00   2.7297270E+02
  1.1650000E+04     2   8.8990546E-01   1.8512976E-01   0.0000000E+00   3.9716315E+01   2.6817016E+01   0.0000000E+00   2.4322528E+02
  1.1700000E+04     1   4.9998181E-01   1.5960000E-01   0.0000000E+00   2.1170807E+01   3.5722547E+02   0.0000000E+00   1.5973681E+02
  1.1700000E+04     2   8.8990740E-01   1.8503318E-01   0.0000000E+00   2.4077673E+02   2.6902548E+01   0.0000000E+00   1.3005974E+02
  1.1750000E+04     1   4.9996461E-01   1.6031329E-01   0.0000000E+00   1.7638776E+02   3.5737126E+02   0.0000000E+00   4.6521762E+01
  1.1750000E+04     2   8.8999226E-01   1.8480996E-01   0.0000000E+00   8.1822258E+01   2.7003765E+01   0.0000000E+00   1.6889257E+01
  1.1800000E+04     1   4.9996351E-01   1.6071192E-01   0.0000000E+00   3.3168917E+02   3.5746165E+02   0.0000000E+00   2.9331491E+02
  1.1800000E+04     2   8.9001999E-01   1.8471828E-01   0.0000000E+00   2.8290359E+02   2.7060095E+01   0.0000000E+00   2.6371646E+02
  1.1850000E+04     1   4.9998250E-01   1.6106763E-01   0.0000000E+00   1.2690023E+02   3.5763159E+02   0.0000000E+00   1.8004213E+02
  1.1850000E+04     2   8.8997524E-01   1.8451648E-01   0.0000000E+00   1.2393047E+02   2.7172307E+01   0.0000000E+00   1.5050142E+02
  1.1900000E+04     1   4.9997018E-01   1.6163336E-01   0.0000000E+00   2.8205647E+02   3.5782263E+02   0.0000000E+00   6.6810782E+01
  1.1900000E+04     2   8.8996909E-01   1.8437659E-01   0.0000000E+00   3.2503843E+02   2.7217819E+01   0.0000000E+00   3.7415588E+01
  1.1950000E+04     1   4.9995951E-01   1.6218967E-01   0.0000000E+00   7.7384689E+01   3.5788956E+02   0.0000000E+00   3.1361915E+02
  1.1950000E+04     2   8.8995310E-01   1.8422655E-01   0.0000000E+00   1.6606129E+02   2.7330187E+01   0.0000000E+00   2.8417852E+02
  1.2000000E+04     1   4.9998553E-01   1.6256249E-01   0.0000000E+00   2.3260422E+02   3.5805839E+02   0.0000000E+00   2.0034264E+02
  1.2000000E+04     2   8.8988396E-01   1.8403316E-01   0.0000000E+00   7.1265590E+00   2.7405256E+01   0.0000000E+00   1.7099577E+02
  1.2050000E+04     1   4.9998065E-01   1.6311244E-01   0.0000000E+00   2.7764267E+01   3.5825197E+02   0.0000000E+00   8.7100349E+01
  1.2050000E+04     2   8.8989494E-01   1.8390622E-01   0.0000000E+00   2.0819458E+02   2.7489700E+01   0.0000000E+00   5.7862620E+01
  1.2100000E+04     1   4.9995940E-01   1.6362197E-01   0.0000000E+00   1.8308171E+02   3.5833409E+02   0.0000000E+00   3.3388791E+02
  1.2100000E+04     2   8.8996739E-01   1.8373558E-01   0.0000000E+00   4.9237467E+01   2.7581435E+01   0.0000000E+00   3.0464057E+02
  1.2150000E+04     1   4.9997998E-01   1.6400752E-01   0.0000000E+00   3.3830820E+02   3.5848355E+02   0.0000000E+00   2.2065139E+02
  1.2150000E+04     2   8.8995628E-01   1.8355713E-01   0.0000000E+00   2.5032242E+02   2.7640929E+01   0.0000000E+00   1.9149401E+02
  1.2200000E+04     1   4.9999910E-01   1.6452473E-01   0.0000000E+00   1.3347634E+02   3.5867190E+02   0.0000000E+00   1.0740199E+02
  1.2200000E+04     2   8.8997842E-01   1.8339989E-01   0.0000000E+00   9.1359202E+01   2.7751866E+01   0.0000000E+00   7.8322026E+01
  1.2250000E+04     1   4.9997463E-01   1.6513803E-01   0.0000000E+00   2.8875205E+02   3.5879294E+02   0.0000000E+00   3.5415413E+02
  1.2250000E+04     2   8.9000148E-01   1.8322614E-01   0.0000000E+00   2.9243797E+02   2.7808062E+01   0.0000000E+00   3.2513901E+02
  1.2300000E+04     1   4.9997815E-01   1.6549187E-01   0.0000000E+00   8.4023842E+01   3.5890510E+02   0.0000000E+00   2.4093527E+02
  1.2300000E+04     2   8.8994748E-01   1.8305535E-01   0.0000000E+00   1.3346762E+02   2.7917039E+01   0.0000000E+00   2.1192333E+02
  1.2350000E+04     1   4.9997482E-01   1.6589918E-01   0.0000000E+00   2.3921228E+02   3.5908268E+02   0.0000000E+00   1.2768714E+02
  1.2350000E+04     2   8.8991893E-01   1.8294168E-01   0.0000000E+00   3.3454938E+02   2.7983004E+01   0.0000000E+00   9.8786812E+01
  1.2400000E+04     1   4.9996391E-01   1.6657722E-01   0.0000000E+00   3.4439282E+01   3.5923396E+02   0.0000000E+00   1.4442656E+01
  1.2400000E+04     2   8.8992147E-01   1.8278725E-01   0.0000000E+00   1.7560325E+02   2.8071677E+01   0.0000000E+00   3.4560494E+02
  1.2450000E+04     1   4.9997534E-01   1.6690950E-01   0.0000000E+00   1.8971169E+02   3.5935478E+02   0.0000000E+00   2.6120491E+02
  1.2450000E+04     2   8.8991207E-01   1.8259799E-01   0.0000000E+00   1.6658915E+01   2.8154162E+01   0.0000000E+00   2.3240553E+02
  1.2500000E+04     1   4.9998078E-01   1.6726540E-01   0.0000000E+00   3.4488283E+02   3.5954507E+02   0.0000000E+00   1.4795380E+02
  1.2500000E+04     2   8.8992472E-01   1.8246820E-01   0.0000000E+00   2.1774572E+02   2.8217656E+01   0.0000000E+00   1.1928121E+02
  1.2550000E+04     1   4.9996304E-01   1.6794539E-01   0.0000000E+00   1.4010138E+02   3.5967720E+02   0.0000000E+00   3.4771840E+01
  1.2550000E+04     2   8.9000392E-01   1.8228639E-01   0.0000000E+00   5.8787893E+01   2.8325923E+01   0.0000000E+00   6.1231211E+00
  1.2600000E+04     1   4.9997396E-01   1.6830632E-01   0.0000000E+00   2.9539616E+02   3.5979612E+02   0.0000000E+00   2.8149728E+02
  1.2600000E+04     2   8.9000768E-01   1.8214076E-01   0.0000000E+00   2.5987340E+02   2.8369438E+01   0.0000000E+00   2.5292397E+02
  1.2650000E+04     1   4.9997873E-01   1.6867977E-01   0.0000000E+00   9.0582120E+01   3.5998825E+02   0.0000000E+00   1.6820750E+02
  1.2650000E+04     2   8.8997772E-01   1.8197616E-01   0.0000000E+00   1.0090330E+02   2.8479756E+01   0.0000000E+00   1.3971599E+02
  1.2700000E+04     1   4.9997013E-01   1.6925421E-01   0.0000000E+00   2.4574367E+02   1.8157338E-01   0.0000000E+00   5.4961175E+01
  1.2700000E+04     2   8.8995885E-01   1.8178972E-01   0.0000000E+00   3.0201114E+02   2.8522859E+01   0.0000000E+00   2.6619889E+01
  1.2750000E+04     1   4.9996757E-01   1.6971660E-01   0.0000000E+00   4.1058057E+01   2.7222346E-01   0.0000000E+00   3.0172865E+02
  1.2750000E+04     2   8.8992889E-01   1.8167567E-01   0.0000000E+00   1.4304973E+02   2.8615849E+01   0.0000000E+00   2.7338502E+02
  1.2800000E+04     1   4.9998801E-01   1.7010054E-01   0.0000000E+00   1.9624754E+02   4.4864547E-01   0.0000000E+00   1.8848349E+02
  1.2800000E+04     2   8.8988176E-01   1.8146627E-01   0.0000000E+00   3.4411784E+02   2.8696322E+01   0.0000000E+00   1.6023581E+02
  1.2850000E+04     1   4.9997446E-01   1.7065202E-01   0.0000000E+00   3.5140772E+02   6.4868148E-01   0.0000000E+00   7.5224807E+01
  1.2850000E+04     2   8.8991254E-01   1.8133391E-01   0.0000000E+00   1.8519776E+02   2.8767187E+01   0.0000000E+00   4.7106302E+01
  1.2900000E+04     1   4.9996205E-01   1.7110317E-01   0.0000000E+00   1.4670708E+02   7.5418810E-01   0.0000000E+00   3.2197734E+02
  1.2900000E+04     2   8.8996566E-01   1.8117202E-01   0.0000000E+00   2.6240487E+01   2.8855911E+01   0.0000000E+00   2.9387562E+02
  1.2950000E+04     1   4.9998444E-01   1.7144585E-01   0.0000000E+00   3.0192124E+02   9.1164717E-01   0.0000000E+00   2.0873908E+02
  1.2950000E+04     2   8.8996268E-01   1.8097065E-01   0.0000000E+00   2.2733024E+02   2.8911563E+01   0.0000000E+00   1.8073916E+02
  1.3000000E+04     1   4.9999958E-01   1.7194072E-01   0.0000000E+00   9.7094662E+01   1.1111969E+00   0.0000000E+00   9.5450260E+01
  1.3000000E+04     2   8.8998909E-01   1.8087205E-01   0.0000000E+00   6.8372134E+01   2.9011524E+01   0.0000000E+00   6.7549933E+01
  1.3050000E+04     1   4.9996396E-01   1.7253730E-01   0.0000000E+00   2.5235922E+02   1.2373892E+00   0.0000000E+00   3.4220751E+02
  1.3050000E+04     2   8.8999922E-01   1.8064978E-01   0.0000000E+00   2.6945298E+02   2.9067775E+01   0.0000000E+00   3.1437712E+02
  1.3100000E+04     1   4.9997781E-01   1.7282493E-01   0.0000000E+00   4.7603728E+01   1.3728296E+00   0.0000000E+00   2.2897204E+02
  1.3100000E+04     2   8.8993766E-01   1.8052490E-01   0.0000000E+00   1.1049625E+02   2.9164462E+01   0.0000000E+00   2.0118040E+02
  1.3150000E+04     1   4.9997809E-01   1.7321857E-01   0.0000000E+00   2.0276188E+02   1.5743866E+00   0.0000000E+00   1.1571140E+02
  1.3150000E+04     2   8.8991301E-01   1.8037818E-01   0.0000000E+00   3.1158997E+02   2.9221061E+01   0.0000000E+00   8.8064731E+01
  1.3200000E+04     1   4.9996035E-01   1.7386814E-01   0.0000000E+00   3.5799835E+02   1.7123792E+00   0.0000000E+00   2.4888513E+00
  1.3200000E+04     2   8.8992395E-01   1.8023910E-01   0.0000000E+00   1.5265493E+02   2.9301050E+01   0.0000000E+00   3.3490018E+02
  1.3250000E+04     1   4.9997455E-01   1.7416138E-01   0.0000000E+00   1.5325343E+02   1.8625345E+00   0.0000000E+00   2.4919845E+02
  1.3250000E+04     2   8.8991341E-01   1.8005462E-01   0.0000000E+00   3.5370818E+02   2.9380290E+01   0.0000000E+00   2.2168070E+02
  1.3300000E+04     1   4.9998090E-01   1.7453320E-01   0.0000000E+00   3.0839426E+02   2.0780822E+00   0.0000000E+00   1.3593008E+02
  1.3300000E+04     2   8.8994092E-01   1.7987424E-01   0.0000000E+00   1.9480723E+02   2.9433019E+01   0.0000000E+00   1.0857514E+02
  1.3350000E+04     1   4.9996383E-01   1.7513969E-01   0.0000000E+00   1.0362899E+02   2.2045950E+00   0.0000000E+00   2.2735438E+01
  1.3350000E+04     2   8.9001133E-01   1.7975529E-01   0.0000000E+00   3.5850503E+01   2.9536307E+01   0.0000000E+00   3.5540373E+02
  1.3400000E+04     1   4.9998167E-01   1.7547724E-01   0.0000000E+00   2.5890514E+02   2.3458860E+00   0.0000000E+00   2.6943096E+02
  1.3400000E+04     2   8.8999014E-01   1.7955457E-01   0.0000000E+00   2.3693735E+02   2.9576592E+01   0.0000000E+00   2.4220026E+02
  1.3450000E+04     1   4.9997397E-01   1.7585616E-01   0.0000000E+00   5.4066533E+01   2.5452178E+00   0.0000000E+00   1.5616430E+02
  1.3450000E+04     2   8.8997985E-01   1.7944081E-01   0.0000000E+00   7.7981425E+01   2.9679211E+01   0.0000000E+00   1.2903031E+02
  1.3500000E+04     1   4.9996728E-01   1.7642134E-01   0.0000000E+00   2.0923792E+02   2.7399666E+00   0.0000000E+00   4.2897361E+01
  1.3500000E+04     2   8.8995587E-01   1.7922235E-01   0.0000000E+00   2.7908484E+02   2.9722767E+01   0.0000000E+00   1.5914560E+01
  1.3550000E+04     1   4.9997559E-01   1.7681179E-01   0.0000000E+00   4.5317244E+00   2.8526816E+00   0.0000000E+00   2.8964157E+02
  1.3550000E+04     2   8.8990371E-01   1.7911398E-01   0.0000000E+00   1.2014433E+02   2.9795000E+01   0.0000000E+00   2.6269926E+02
  1.3600000E+04     1   4.9998852E-01   1.7716635E-01   0.0000000E+00   1.5971365E+02   3.0332271E+00   0.0000000E+00   1.7639686E+02
  1.3600000E+04     2   8.8988215E-01   1.7892060E-01   0.0000000E+00   3.2120721E+02   2.9881271E+01   0.0000000E+00   1.4954882E+02
  1.3650000E+04     1   4.9996748E-01   1.7772792E-01   0.0000000E+00   3.1487950E+02   3.2384830E+00   0.0000000E+00   6.3114323E+01
  1.3650000E+04     2   8.8993755E-01   1.7875944E-01   0.0000000E+00   1.6229444E+02   2.9940955E+01   0.0000000E+00   3.6411851E+01
  1.3700000E+04     1   4.9996116E-01   1.7812434E-01   0.0000000E+00   1.1016220E+02   3.3581746E+00   0.0000000E+00   3.0985630E+02
  1.3700000E+04     2   8.8996881E-01   1.7863195E-01   0.0000000E+00   3.3427879E+00   3.0024635E+01   0.0000000E+00   2.8318984E+02
  1.3750000E+04     1   4.9999035E-01   1.7840519E-01   0.0000000E+00   2.6535567E+02   3.5320054E+00   0.0000000E+00   1.9660725E+02
  1.3750000E+04     2   8.8996276E-01   1.7841901E-01   0.0000000E+00   2.0443600E+02   3.0077463E+01   0.0000000E+00   1.7006179E+02
  1.3800000E+04     1   4.9999545E-01   1.7888831E-01   0.0000000E+00   6.0517607E+01   3.7415038E+00   0.0000000E+00   8.3312109E+01
  1.3800000E+04     2   8.9000076E-01   1.7835956E-01   0.0000000E+00   4.5498423E+01   3.0157938E+01   0.0000000E+00   5.6895675E+01
  1.3850000E+04     1   4.9995753E-01   1.7944319E-01   0.0000000E+00   2.1578160E+02   3.8666791E+00   0.0000000E+00   3.3007290E+02
  1.3850000E+04     2   8.8999663E-01   1.7811124E-01   0.0000000E+00   2.4657454E+02   3.0219387E+01   0.0000000E+00   3.0372020E+02
  1.3900000E+04     1   4.9997947E-01   1.7968335E-01   0.0000000E+00   1.1004062E+01   4.0301447E+00   0.0000000E+00   2.1679934E+02
  1.3900000E+04     2   8.8991928E-01   1.7800965E-01   0.0000000E+00   8.7636144E+01   3.0295701E+01   0.0000000E+00   1.9053378E+02
  1.3950000E+04     1   4.9998077E-01   1.8008538E-01   0.0000000E+00   1.6614142E+02   4.2479451E+00   0.0000000E+00   1.0353004E+02
  1.3950000E+04     2   8.8990721E-01   1.7783611E-01   0.0000000E+00   2.8873094E+02   3.0352735E+01   0.0000000E+00   7.7425245E+01
  1.4000000E+04     1   4.9995900E-01   1.8065986E-01   0.0000000E+00   3.2139703E+02   4.3765352E+00   0.0000000E+00   3.5030157E+02
  1.4000000E+04     2   8.8993188E-01   1.7769997E-01   0.0000000E+00   1.2980383E+02   3.0422001E+01   0.0000000E+00   3.2425610E+02
  1.4050000E+04     1   4.9997671E-01   1.8093417E-01   0.0000000E+00   1.1662693E+02   4.5487501E+00   0.0000000E+00   2.3699295E+02
  1.4050000E+04     2   8.8991037E-01   1.7753415E-01   0.0000000E+00   3.3086264E+02   3.0496047E+01   0.0000000E+00   2.1104566E+02
  1.4100000E+04     1   4.9998078E-01   1.8133407E-01   0.0000000E+00   2.7174590E+02   4.7765687E+00   0.0000000E+00   1.2372717E+02
  1.4100000E+04     2   8.8995363E-01   1.7732135E-01   0.0000000E+00   1.7196485E+02   3.0548250E+01   0.0000000E+00   9.7955486E+01
  1.4150000E+04     1   4.9996694E-01   1.8185898E-01   0.0000000E+00   6.6992130E+01   4.9077095E+00   0.0000000E+00   1.0500932E+01
  1.4150000E+04     2   8.9001679E-01   1.7725210E-01   0.0000000E+00   1.3019455E+01   3.0634785E+01   0.0000000E+00   3.4477386E+02
  1.4200000E+04     1   4.9998443E-01   1.8217146E-01   0.0000000E+00   2.2224953E+02   5.0632751E+00   0.0000000E+00   2.5718896E+02
  1.4200000E+04     2   8.8997640E-01   1.7701154E-01   0.0000000E+00   2.1410310E+02   3.0679414E+01   0.0000000E+00   2.3157282E+02
  1.4250000E+04     1   4.9996942E-01   1.8252542E-01   0.0000000E+00   1.7404201E+01   5.2656715E+00   0.0000000E+00   1.4392553E+02
  1.4250000E+04     2   8.8997560E-01   1.7694882E-01   0.0000000E+00   5.5166024E+01   3.0764514E+01   0.0000000E+00   1.1842669E+02
  1.4300000E+04     1   4.9996365E-01   1.8308198E-01   0.0000000E+00   1.7258760E+02   5.4606157E+00   0.0000000E+00   3.0637255E+01
  1.4300000E+04     2   8.8995562E-01   1.7671027E-01   0.0000000E+00   2.5625929E+02   3.0813750E+01   0.0000000E+00   5.2841212E+00
  1.4350000E+04     1   4.9998047E-01   1.8340387E-01   0.0000000E+00   3.2785950E+02   5.5902222E+00   0.0000000E+00   2.7737539E+02
  1.4350000E+04     2   8.8989013E-01   1.7658721E-01   0.0000000E+00   9.7336514E+01   3.0871153E+01   0.0000000E+00   2.5209446E+02
  1.4400000E+04     1   4.9998855E-01   1.8370928E-01   0.0000000E+00   1.2302689E+02   5.7821443E+00   0.0000000E+00   1.6412287E+02
  1.4400000E+04     2   8.8988233E-01   1.7643465E-01   0.0000000E+00   2.9840218E+02   3.0954845E+01   0.0000000E+00   1.3895017E+02
  1.4450000E+04     1   4.9996117E-01   1.8428516E-01   0.0000000E+00   2.7819655E+02   5.9831758E+00   0.0000000E+00   5.0844392E+01
  1.4450000E+04     2   8.8996052E-01   1.7624635E-01   0.0000000E+00   1.3949271E+02   3.1010938E+01   0.0000000E+00   2.5816630E+01
  1.4500000E+04     1   4.9995861E-01   1.8461025E-01   0.0000000E+00   7.3469167E+01   6.1147183E+00   0.0000000E+00   2.9757237E+02
  1.4500000E+04     2   8.8997702E-01   1.7616016E-01   0.0000000E+00   3.4055410E+02   3.1081393E+01   0.0000000E+00   2.7260570E+02
  1.4550000E+04     1   4.9999707E-01   1.8484811E-01   0.0000000E+00   2.2864316E+02   6.3108291E+00   0.0000000E+00   1.8429404E+02
  1.4550000E+04     2   8.8995949E-01   1.7593669E-01   0.0000000E+00   1.8164594E+02   3.1133493E+01   0.0000000E+00   1.5947138E+02
  1.4600000E+04     1   4.9998548E-01   1.8532407E-01   0.0000000E+00   2.3796729E+01   6.5246116E+00   0.0000000E+00   7.1002259E+01
  1.4600000E+04     2   8.9000998E-01   1.7589320E-01   0.0000000E+00   2.2733562E+01   3.1190544E+01   0.0000000E+00   4.6336327E+01
  1.4650000E+04     1   4.9995588E-01   1.8581272E-01   0.0000000E+00   1.7906659E+02   6.6505307E+00   0.0000000E+00   3.1775060E+02
  1.4650000E+04     2   8.8999039E-01   1.7564229E-01   0.0000000E+00   2.2380018E+02   3.1258940E+01   0.0000000E+00   2.9314219E+02
  1.4700000E+04     1   4.9998244E-01   1.8603302E-01   0.0000000E+00   3.3426128E+02   6.8378301E+00   0.0000000E+00   2.0446154E+02
  1.4700000E+04     2   8.8989906E-01   1.7553568E-01   0.0000000E+00   6.4882682E+01   3.1316561E+01   0.0000000E+00   1.7998281E+02
  1.4750000E+04     1   4.9998089E-01   1.8644681E-01   0.0000000E+00   1.2938771E+02   7.0626740E+00   0.0000000E+00   9.1190582E+01
  1.4750000E+04     2   8.8990418E-01   1.7536511E-01   0.0000000E+00   2.6597382E+02   3.1378004E+01   0.0000000E+00   6.6875252E+01
  1.4800000E+04     1   4.9996045E-01   1.8692366E-01   0.0000000E+00   2.8465613E+02   7.1913524E+00   0.0000000E+00   3.3793978E+02
  1.4800000E+04     2   8.8993916E-01   1.7522469E-01   0.0000000E+00   1.0705209E+02   3.1437216E+01   0.0000000E+00   3.1369391E+02
  1.4850000E+04     1   4.9997970E-01   1.8718166E-01   0.0000000E+00   7.9864393E+01   7.3762368E+00   0.0000000E+00   2.2463430E+02
  1.4850000E+04     2   8.8990798E-01   1.7508325E-01   0.0000000E+00   3.0812256E+02   3.1503018E+01   0.0000000E+00   2.0050751E+02
  1.4900000E+04     1   4.9997999E-01   1.8760086E-01   0.0000000E+00   2.3498211E+02   7.6067161E+00   0.0000000E+00   1.1136114E+02
  1.4900000E+04     2   8.8996510E-01   1.7486356E-01   0.0000000E+00   1.4922017E+02   3.1558167E+01   0.0000000E+00   8.7409689E+01
  1.4950000E+04     1   4.9997264E-01   1.8806067E-01   0.0000000E+00   3.0233335E+01   7.7470748E+00   0.0000000E+00   3.5810203E+02
  1.4950000E+04     2   8.9002251E-01   1.7481750E-01   0.0000000E+00   3.5029265E+02   3.1622109E+01   0.0000000E+00   3.3422700E+02
  1.5000000E+04     1   4.9998449E-01   1.8832932E-01   0.0000000E+00   1.8547165E+02   7.9115103E+00   0.0000000E+00   2.4479802E+02
  1.5000000E+04     2   8.8996802E-01   1.7456256E-01   0.0000000E+00   1.9136990E+02   3.1676449E+01   0.0000000E+00   2.2103308E+02
  1.5050000E+04     1   4.9996807E-01   1.8864544E-01   0.0000000E+00   3.4061605E+02   8.1220822E+00   0.0000000E+00   1.3153065E+02
  1.5050000E+04     2   8.8996008E-01   1.7452341E-01   0.0000000E+00   3.2459556E+01   3.1735879E+01   0.0000000E+00   1.0791686E+02
  1.5100000E+04     1   4.9996014E-01   1.8918978E-01   0.0000000E+00   1.3581028E+02   8.3114739E+00   0.0000000E+00   1.8238155E+01
  1.5100000E+04     2   8.8995542E-01   1.7429418E-01   0.0000000E+00   2.3354044E+02   3.1795249E+01   0.0000000E+00   3.5475438E+02
  1.5150000E+04     1   4.9998224E-01   1.8943788E-01   0.0000000E+00   2.9106464E+02   8.4576238E+00   0.0000000E+00   2.6496269E+02
  1.5150000E+04     2   8.8988942E-01   1.7415738E-01   0.0000000E+00   7.4626837E+01   3.1844454E+01   0.0000000E+00   2.4157586E+02
  1.5200000E+04     1   4.9998870E-01   1.8970605E-01   0.0000000E+00   8.6214690E+01   8.6661823E+00   0.0000000E+00   1.5169394E+02
  1.5200000E+04     2   8.8988160E-01   1.7404274E-01   0.0000000E+00   2.7570449E+02   3.1916005E+01   0.0000000E+00   1.2844412E+02
  1.5250000E+04     1   4.9995639E-01   1.9027279E-01   0.0000000E+00   2.4139672E+02   8.8537095E+00   0.0000000E+00   3.8429453E+01
  1.5250000E+04     2   8.8997780E-01   1.7384590E-01   0.0000000E+00   1.1679380E+02   3.1972999E+01   0.0000000E+00   1.5310163E+01
  1.5300000E+04     1   4.9995806E-01   1.9052271E-01   0.0000000E+00   3.6658018E+01   9.0009141E+00   0.0000000E+00   2.8513565E+02
  1.5300000E+04     2   8.8998876E-01   1.7378711E-01   0.0000000E+00   3.1787530E+02   3.2022448E+01   0.0000000E+00   2.6211411E+02
  1.5350000E+04     1   5.0000154E-01   1.9074950E-01   0.0000000E+00   1.9181109E+02   9.2161636E+00   0.0000000E+00   1.7183937E+02
  1.5350000E+04     2   8.8995772E-01   1.7355709E-01   0.0000000E+00   1.5896131E+02   3.2080086E+01   0.0000000E+00   1.4897545E+02
  1.5400000E+04     1   4.9997513E-01   1.9121418E-01   0.0000000E+00   3.4696149E+02   9.4300609E+00   0.0000000E+00   5.8552943E+01
  1.5400000E+04     2   8.9000718E-01   1.7350064E-01   0.0000000E+00   7.3591088E-02   3.2113687E+01   0.0000000E+00   3.5869317E+01
  1.5450000E+04     1   4.9995840E-01   1.9162064E-01   0.0000000E+00   1.4223571E+02   9.5599281E+00   0.0000000E+00   3.0528262E+02
  1.5450000E+04     2   8.8997949E-01   1.7327703E-01   0.0000000E+00   2.0113127E+02   3.2187825E+01   0.0000000E+00   2.8265472E+02
  1.5500000E+04     1   4.9998462E-01   1.9183402E-01   0.0000000E+00   2.9740772E+02   9.7625666E+00   0.0000000E+00   1.9199265E+02
  1.5500000E+04     2   8.8988880E-01   1.7315881E-01   0.0000000E+00   4.2227612E+01   3.2235143E+01   0.0000000E+00   1.6952008E+02
  1.5550000E+04     1   4.9997822E-01   1.9225139E-01   0.0000000E+00   9.2537803E+01   9.9887728E+00   0.0000000E+00   7.8710321E+01
  1.5550000E+04     2   8.8990403E-01   1.7301339E-01   0.0000000E+00   2.4331670E+02   3.2296140E+01   0.0000000E+00   5.6402954E+01
  1.5600000E+04     1   4.9996345E-01   1.9263263E-01   0.0000000E+00   2.4780779E+02   1.0124406E+01   0.0000000E+00   3.2543702E+02
  1.5600000E+04     2   8.8994208E-01   1.7286521E-01   0.0000000E+00   8.4400077E+01   3.2346734E+01   0.0000000E+00   3.0321469E+02
  1.5650000E+04     1   4.9998164E-01   1.9286015E-01   0.0000000E+00   4.2997098E+01   1.0316569E+01   0.0000000E+00   2.1214598E+02
  1.5650000E+04     2   8.8991228E-01   1.7274914E-01   0.0000000E+00   2.8548739E+02   3.2400714E+01   0.0000000E+00   1.9006184E+02
  1.5700000E+04     1   4.9997946E-01   1.9328470E-01   0.0000000E+00   1.9812043E+02   1.0545214E+01   0.0000000E+00   9.8865670E+01
  1.5700000E+04     2   8.8997586E-01   1.7253952E-01   0.0000000E+00   1.2657853E+02   3.2459730E+01   0.0000000E+00   7.6951154E+01
  1.5750000E+04     1   4.9998048E-01   1.9369708E-01   0.0000000E+00   3.5337395E+02   1.0692712E+01   0.0000000E+00   3.4558331E+02
  1.5750000E+04     2   8.9002327E-01   1.7248586E-01   0.0000000E+00   3.2767067E+02   3.2500674E+01   0.0000000E+00   3.2377534E+02
  1.5800000E+04     1   4.9998336E-01   1.9390160E-01   0.0000000E+00   1.4859474E+02   1.0866669E+01   0.0000000E+00   2.3228318E+02
  1.5800000E+04     2   8.8996347E-01   1.7225212E-01   0.0000000E+00   1.6873938E+02   3.2566247E+01   0.0000000E+00   2.1058360E+02
  1.5850000E+04     1   4.9997010E-01   1.9419066E-01   0.0000000E+00   3.0372655E+02   1.1088616E+01   0.0000000E+00   1.1900782E+02
  1.5850000E+04     2   8.8994342E-01   1.7220640E-01   0.0000000E+00   9.8537901E+00   3.2602009E+01   0.0000000E+00   9.7494426E+01
  1.5900000E+04     1   4.9995768E-01   1.9470351E-01   0.0000000E+00   9.8934685E+01   1.1268034E+01   0.0000000E+00   5.7172679E+00
  1.5900000E+04     2   8.8995258E-01   1.7201637E-01   0.0000000E+00   2.1092642E+02   3.2667587E+01   0.0000000E+00   3.4431771E+02
  1.5950000E+04     1   4.9998271E-01   1.9488582E-01   0.0000000E+00   2.5417084E+02   1.1432957E+01   0.0000000E+00   2.5242231E+02
  1.5950000E+04     2   8.8989231E-01   1.7187215E-01   0.0000000E+00   5.2018730E+01   3.2710800E+01   0.0000000E+00   2.3114447E+02
  1.6000000E+04     1   4.9998811E-01   1.9513799E-01   0.0000000E+00   4.9301401E+01   1.1656844E+01   0.0000000E+00   1.3914615E+02
  1.6000000E+04     2   8.8988343E-01   1.7177992E-01   0.0000000E+00   2.5311402E+02   3.2766600E+01   0.0000000E+00   1.1803640E+02
  1.6050000E+04     1   4.9995405E-01   1.9565699E-01   0.0000000E+00   2.0450101E+02   1.1829346E+01   0.0000000E+00   2.5890160E+01
  1.6050000E+04     2   8.8998887E-01   1.7159286E-01   0.0000000E+00   9.4199496E+01   3.2825436E+01   0.0000000E+00   4.8940706E+00
  1.6100000E+04     1   4.9996221E-01   1.9584720E-01   0.0000000E+00   3.5974747E+02   1.1993755E+01   0.0000000E+00   2.7257572E+02
  1.6100000E+04     2   8.9000012E-01   1.7153381E-01   0.0000000E+00   2.9530479E+02   3.2850565E+01   0.0000000E+00   2.5171891E+02
  1.6150000E+04     1   5.0000112E-01   1.9607911E-01   0.0000000E+00   1.5488795E+02   1.2219272E+01   0.0000000E+00   1.5927213E+02
  1.6150000E+04     2   8.8996136E-01   1.7132091E-01   0.0000000E+00   1.3637863E+02   3.2920677E+01   0.0000000E+00   1.3857072E+02
  1.6200000E+04     1   4.9996853E-01   1.9652613E-01   0.0000000E+00   3.1004390E+02   1.2431024E+01   0.0000000E+00   4.5982254E+01
  1.6200000E+04     2   8.8999547E-01   1.7123168E-01   0.0000000E+00   3.3750687E+02   3.2937226E+01   0.0000000E+00   2.5476052E+01
  1.6250000E+04     1   4.9996340E-01   1.9684337E-01   0.0000000E+00   1.0531398E+02   1.2568229E+01   0.0000000E+00   2.9269826E+02
  1.6250000E+04     2   8.8996476E-01   1.7105602E-01   0.0000000E+00   1.7856400E+02   3.3010349E+01   0.0000000E+00   2.7225614E+02
  1.6300000E+04     1   4.9998565E-01   1.9704555E-01   0.0000000E+00   2.6046930E+02   1.2779470E+01   0.0000000E+00   1.7941500E+02
  1.6300000E+04     2   8.8988674E-01   1.7093609E-01   0.0000000E+00   1.9669781E+01   3.3051836E+01   0.0000000E+00   1.5914263E+02
  1.6350000E+04     1   4.9997377E-01   1.9745969E-01   0.0000000E+00   5.5608292E+01   1.3004433E+01   0.0000000E+00   6.6120368E+01
  1.6350000E+04     2   8.8990552E-01   1.7082132E-01   0.0000000E+00   2.2076181E+02   3.3106949E+01   0.0000000E+00   4.6017852E+01
  1.6400000E+04     1   4.9996612E-01   1.9775467E-01   0.0000000E+00   2.1087285E+02   1.3149267E+01   0.0000000E+00   3.1282995E+02
  1.6400000E+04     2   8.8994250E-01   1.7066515E-01   0.0000000E+00   6.1848200E+01   3.3152464E+01   0.0000000E+00   2.9282675E+02
  1.6450000E+04     1   4.9998243E-01   1.9793621E-01   0.0000000E+00   6.0453052E+00   1.3349318E+01   0.0000000E+00   1.9954806E+02
  1.6450000E+04     2   8.8992728E-01   1.7056433E-01   0.0000000E+00   2.6295724E+02   3.3188763E+01   0.0000000E+00   1.7970861E+02
  1.6500000E+04     1   4.9998005E-01   1.9835425E-01   0.0000000E+00   1.6117713E+02   1.3573387E+01   0.0000000E+00   8.6263440E+01
  1.6500000E+04     2   8.8998548E-01   1.7038345E-01   0.0000000E+00   1.0403958E+02   3.3254092E+01   0.0000000E+00   6.6582735E+01
  1.6550000E+04     1   4.9997970E-01   1.9871380E-01   0.0000000E+00   3.1643392E+02   1.3725542E+01   0.0000000E+00   3.3296236E+02
  1.6550000E+04     2   8.9001725E-01   1.7030011E-01   0.0000000E+00   3.0514557E+02   3.3278113E+01   0.0000000E+00   3.1340979E+02
  1.6600000E+04     1   4.9998207E-01   1.9886078E-01   0.0000000E+00   1.1163595E+02   1.3910939E+01   0.0000000E+00   2.1966322E+02
  1.6600000E+04     2   8.8996014E-01   1.7011671E-01   0.0000000E+00   1.4621083E+02   3.3349692E+01   0.0000000E+00   2.0022446E+02
  1.6650000E+04     1   4.9997318E-01   1.9913845E-01   0.0000000E+00   2.6675561E+02   1.4142472E+01   0.0000000E+00   1.0638410E+02
  1.6650000E+04     2   8.8993293E-01   1.7005025E-01   0.0000000E+00   3.4734410E+02   3.3368233E+01   0.0000000E+00   8.7158343E+01
  1.6700000E+04     1   4.9995744E-01   1.9959543E-01   0.0000000E+00   6.1979367E+01   1.4311989E+01   0.0000000E+00   3.5309274E+02
  1.6700000E+04     2   8.8994390E-01   1.6991399E-01   0.0000000E+00   1.8841600E+02   3.3432041E+01   0.0000000E+00   3.3397269E+02
  1.6750000E+04     1   4.9998308E-01   1.9973085E-01   0.0000000E+00   2.1719665E+02   1.4494798E+01   0.0000000E+00   2.3978134E+02
  1.6750000E+04     2   8.8989386E-01   1.6976298E-01   0.0000000E+00   2.9512520E+01   3.3471271E+01   0.0000000E+00   2.2080486E+02
  1.6800000E+04     1   4.9998532E-01   1.9998039E-01   0.0000000E+00   1.2313018E+01   1.4729185E+01   0.0000000E+00   1.2650288E+02
  1.6800000E+04     2   8.8989562E-01   1.6967623E-01   0.0000000E+00   2.3062694E+02   3.3510192E+01   0.0000000E+00   1.0772188E+02
  1.6850000E+04     1   4.9995415E-01   2.0042341E-01   0.0000000E+00   1.6753025E+02   1.4891675E+01   0.0000000E+00   1.3241050E+01
  1.6850000E+04     2   8.8999463E-01   1.6951681E-01   0.0000000E+00   7.1705539E+01   3.3571787E+01   0.0000000E+00   3.5456094E+02
  1.6900000E+04     1   4.9997238E-01   2.0057138E-01   0.0000000E+00   3.2276058E+02   1.5069375E+01   0.0000000E+00   2.5991760E+02
  1.6900000E+04     2   8.8999910E-01   1.6942971E-01   0.0000000E+00   2.7282892E+02   3.3579543E+01   0.0000000E+00   2.4140744E+02
  1.6950000E+04     1   4.9999531E-01   2.0080051E-01   0.0000000E+00   1.1789584E+02   1.5298359E+01   0.0000000E+00   1.4661379E+02
  1.6950000E+04     2   8.8997118E-01   1.6927143E-01   0.0000000E+00   1.1389408E+02   3.3659088E+01   0.0000000E+00   1.2825306E+02
  1.7000000E+04     1   4.9996383E-01   2.0122328E-01   0.0000000E+00   2.7306144E+02   1.5507163E+01   0.0000000E+00   3.3315756E+01
  1.7000000E+04     2   8.8998702E-01   1.6914921E-01   0.0000000E+00   3.1503018E+02   3.3665575E+01   0.0000000E+00   1.5157344E+01
  1.7050000E+04     1   4.9996937E-01   2.0145399E-01   0.0000000E+00   6.8320885E+01   1.5653797E+01   0.0000000E+00   2.8002350E+02
  1.7050000E+04     2   8.8994631E-01   1.6902322E-01   0.0000000E+00   1.5609486E+02   3.3731129E+01   0.0000000E+00   2.6194617E+02
  1.7100000E+04     1   4.9998649E-01   2.0163393E-01   0.0000000E+00   2.2346435E+02   1.5870972E+01   0.0000000E+00   1.6674547E+02
  1.7100000E+04     2   8.8988693E-01   1.6890611E-01   0.0000000E+00   3.5720818E+02   3.3767695E+01   0.0000000E+00   1.4884874E+02
  1.7150000E+04     1   4.9996835E-01   2.0204246E-01   0.0000000E+00   1.8614650E+01   1.6091845E+01   0.0000000E+00   5.3443705E+01
  1.7150000E+04     2   8.8991109E-01   1.6881724E-01   0.0000000E+00   1.9830852E+02   3.3812506E+01   0.0000000E+00   3.5723043E+01
  1.7200000E+04     1   4.9996750E-01   2.0225890E-01   0.0000000E+00   1.7387130E+02   1.6246240E+01   0.0000000E+00   3.0013849E+02
  1.7200000E+04     2   8.8994247E-01   1.6866426E-01   0.0000000E+00   3.9392909E+01   3.3858228E+01   0.0000000E+00   2.8252651E+02
  1.7250000E+04     1   4.9998376E-01   2.0239368E-01   0.0000000E+00   3.2902498E+02   1.6457709E+01   0.0000000E+00   1.8685785E+02
  1.7250000E+04     2   8.8994487E-01   1.6855373E-01   0.0000000E+00   2.4052244E+02   3.3876683E+01   0.0000000E+00   1.6943888E+02
  1.7300000E+04     1   4.9998231E-01   2.0279045E-01   0.0000000E+00   1.2416609E+02   1.6675810E+01   0.0000000E+00   7.3573001E+01
  1.7300000E+04     2   8.8999365E-01   1.6842804E-01   0.0000000E+00   8.1599789E+01   3.3945569E+01   0.0000000E+00   5.6303242E+01
  1.7350000E+04     1   4.9997134E-01   2.0309012E-01   0.0000000E+00   2.7942459E+02   1.6832521E+01   0.0000000E+00   3.2025618E+02
  1.7350000E+04     2   8.9001059E-01   1.6831573E-01   0.0000000E+00   2.8271222E+02   3.3960685E+01   0.0000000E+00   3.0312802E+02
  1.7400000E+04     1   4.9998108E-01   2.0319250E-01   0.0000000E+00   7.4609858E+01   1.7028017E+01   0.0000000E+00   2.0695785E+02
  1.7400000E+04     2   8.8995535E-01   1.6818970E-01   0.0000000E+00   1.2378106E+02   3.4030815E+01   0.0000000E+00   1.8995505E+02
  1.7450000E+04     1   4.9997503E-01   2.0346807E-01   0.0000000E+00   2.2972359E+02   1.7264742E+01   0.0000000E+00   9.3676048E+01
  1.7450000E+04     2   8.8992795E-01   1.6809680E-01   0.0000000E+00   3.2492504E+02   3.4039519E+01   0.0000000E+00   7.6901271E+01
  1.7500000E+04     1   4.9995968E-01   2.0385112E-01   0.0000000E+00   2.4961446E+01   1.7427210E+01   0.0000000E+00   3.4038000E+02
  1.7500000E+04     2   8.8992915E-01   1.6801409E-01   0.0000000E+00   1.6600543E+02   3.4092507E+01   0.0000000E+00   3.2371470E+02
  1.7550000E+04     1   4.9998374E-01   2.0395333E-01   0.0000000E+00   1.8016010E+02   1.7623653E+01   0.0000000E+00   2.2706243E+02
  1.7550000E+04     2   8.8989337E-01   1.6786041E-01   0.0000000E+00   7.1024381E+00   3.4132480E+01   0.0000000E+00   2.1055360E+02
  1.7600000E+04     1   4.9998012E-01   2.0420571E-01   0.0000000E+00   3.3526918E+02   1.7864031E+01   0.0000000E+00   1.1378121E+02
  1.7600000E+04     2   8.8992078E-01   1.6775730E-01   0.0000000E+00   2.0823206E+02   3.4157167E+01   0.0000000E+00   9.7488071E+01
  1.7650000E+04     1   4.9995564E-01   2.0456365E-01   0.0000000E+00   1.3050009E+02   1.8022195E+01   0.0000000E+00   5.0575837E-01
  1.7650000E+04     2   8.8999780E-01   1.6764967E-01   0.0000000E+00   4.9305161E+01   3.4219955E+01   0.0000000E+00   3.4430800E+02
  1.7700000E+04     1   4.9998549E-01   2.0467105E-01   0.0000000E+00   2.8571660E+02   1.8207964E+01   0.0000000E+00   2.4718303E+02
  1.7700000E+04     2   8.8998536E-01   1.6753184E-01   0.0000000E+00   2.5043572E+02   3.4222060E+01   0.0000000E+00   2.3116894E+02
  1.7750000E+04     1   4.9998564E-01   2.0488316E-01   0.0000000E+00   8.0848201E+01   1.8438864E+01   0.0000000E+00   1.3388061E+02
  1.7750000E+04     2   8.8998449E-01   1.6744663E-01   0.0000000E+00   9.1503916E+01   3.4299354E+01   0.0000000E+00   1.1802012E+02
  1.7800000E+04     1   4.9995960E-01   2.0527970E-01   0.0000000E+00   2.3602534E+02   1.8643681E+01   0.0000000E+00   2.0573972E+01
  1.7800000E+04     2   8.8998365E-01   1.6729547E-01   0.0000000E+00   2.9264178E+02   3.4301560E+01   0.0000000E+00   4.9160927E+00
  1.7850000E+04     1   4.9997561E-01   2.0542846E-01   0.0000000E+00   3.1271472E+01   1.8800610E+01   0.0000000E+00   2.6727637E+02
  1.7850000E+04     2   8.8992248E-01   1.6721585E-01   0.0000000E+00   1.3372028E+02   3.4354250E+01   0.0000000E+00   2.5172273E+02
  1.7900000E+04     1   4.9998764E-01   2.0557978E-01   0.0000000E+00   1.8640377E+02   1.9024163E+01   0.0000000E+00   1.5400040E+02
  1.7900000E+04     2   8.8988648E-01   1.6709961E-01   0.0000000E+00   3.3483745E+02   3.4388795E+01   0.0000000E+00   1.3863577E+02
  1.7950000E+04     1   4.9996248E-01   2.0597587E-01   0.0000000E+00   3.4156825E+02   1.9236872E+01   0.0000000E+00   4.0698285E+01
  1.7950000E+04     2   8.8992744E-01   1.6701703E-01   0.0000000E+00   1.7594821E+02   3.4421924E+01   0.0000000E+00   2.5513233E+01
  1.8000000E+04     1   4.9996771E-01   2.0612078E-01   0.0000000E+00   1.3681651E+02   1.9400562E+01   0.0000000E+00   2.8737967E+02
  1.8000000E+04     2   8.8994285E-01   1.6689690E-01   0.0000000E+00   1.7028800E+01   3.4469855E+01   0.0000000E+00   2.7231038E+02
  1.8050000E+04     1   4.9998684E-01   2.0622277E-01   0.0000000E+00   2.9195075E+02   1.9624974E+01   0.0000000E+00   1.7409574E+02
  1.8050000E+04     2   8.8995332E-01   1.6676633E-01   0.0000000E+00   2.1816908E+02   3.4479136E+01   0.0000000E+00   1.5924158E+02
  1.8100000E+04     1   4.9998665E-01   2.0658560E-01   0.0000000E+00   8.7101190E+01   1.9838683E+01   0.0000000E+00   6.0807590E+01
  1.8100000E+04     2   8.9000077E-01   1.6670339E-01   0.0000000E+00   5.9251645E+01   3.4541427E+01   0.0000000E+00   4.6104845E+01
  1.8150000E+04     1   4.9996615E-01   2.0682384E-01   0.0000000E+00   2.4236112E+02   1.9997184E+01   0.0000000E+00   3.0748299E+02
  1.8150000E+04     2   8.9000284E-01   1.6656953E-01   0.0000000E+00   2.6036516E+02   3.4554084E+01   0.0000000E+00   2.9292609E+02
  1.8200000E+04     1   4.9998075E-01   2.0688664E-01   0.0000000E+00   3.7529211E+01   2.0202835E+01   0.0000000E+00   1.9418592E+02
  1.8200000E+04     2   8.8994476E-01   1.6650091E-01   0.0000000E+00   1.0144503E+02   3.4615370E+01   0.0000000E+00   1.7977339E+02
  1.8250000E+04     1   4.9997460E-01   2.0716140E-01   0.0000000E+00   1.9264538E+02   2.0440004E+01   0.0000000E+00   8.0899492E+01
  1.8250000E+04     2   8.8992696E-01   1.6638309E-01   0.0000000E+00   3.0258897E+02   3.4623472E+01   0.0000000E+00   6.6716024E+01
  1.8300000E+04     1   4.9996327E-01   2.0745964E-01   0.0000000E+00   3.4789325E+02   2.0598599E+01   0.0000000E+00   3.2759875E+02
  1.8300000E+04     2   8.8991757E-01   1.6632983E-01   0.0000000E+00   1.4368465E+02   3.4659952E+01   0.0000000E+00   3.1353740E+02
  1.8350000E+04     1   4.9998484E-01   2.0753073E-01   0.0000000E+00   1.4307438E+02   2.0804661E+01   0.0000000E+00   2.1428293E+02
  1.8350000E+04     2   8.8989133E-01   1.6619672E-01   0.0000000E+00   3.4477927E+02   3.4704042E+01   0.0000000E+00   2.0038355E+02
  1.8400000E+04     1   4.9997414E-01   2.0779052E-01   0.0000000E+00   2.9818313E+02   2.1046705E+01   0.0000000E+00   1.0099675E+02
  1.8400000E+04     2   8.8994618E-01   1.6607447E-01   0.0000000E+00   1.8591344E+02   3.4723201E+01   0.0000000E+00   8.7320256E+01
  1.8450000E+04     1   4.9995738E-01   2.0806390E-01   0.0000000E+00   9.3423770E+01   2.1203843E+01   0.0000000E+00   3.4770750E+02
  1.8450000E+04     2   8.9000196E-01   1.6602676E-01   0.0000000E+00   2.6989507E+01   3.4779971E+01   0.0000000E+00   3.3413137E+02
  1.8500000E+04     1   4.9999531E-01   2.0812477E-01   0.0000000E+00   2.4862677E+02   2.1397027E+01   0.0000000E+00   2.3438670E+02
  1.8500000E+04     2   8.8997065E-01   1.6588764E-01   0.0000000E+00   2.2812062E+02   3.4783141E+01   0.0000000E+00   2.2100058E+02
  1.8550000E+04     1   4.9997522E-01   2.0831178E-01   0.0000000E+00   4.3752683E+01   2.1630354E+01   0.0000000E+00   1.2108727E+02
  1.8550000E+04     2   8.8999484E-01   1.6587380E-01   0.0000000E+00   6.9203513E+01   3.4846817E+01   0.0000000E+00   1.0787081E+02
  1.8600000E+04     1   4.9995603E-01   2.0867840E-01   0.0000000E+00   1.9894461E+02   2.1828211E+01   0.0000000E+00   7.7745061E+00
  1.8600000E+04     2   8.8998230E-01   1.6570085E-01   0.0000000E+00   2.7033556E+02   3.4852208E+01   0.0000000E+00   3.5475051E+02
  1.8650000E+04     1   4.9998148E-01   2.0875055E-01   0.0000000E+00   3.5417632E+02   2.1996254E+01   0.0000000E+00   2.5447284E+02
  1.8650000E+04     2   8.8989693E-01   1.6565192E-01   0.0000000E+00   1.1143275E+02   3.4888086E+01   0.0000000E+00   2.4158101E+02
  1.8700000E+04     1   4.9998856E-01   2.0887698E-01   0.0000000E+00   1.4929706E+02   2.2227232E+01   0.0000000E+00   1.4119516E+02
  1.8700000E+04     2   8.8988520E-01   1.6554625E-01   0.0000000E+00   3.1254800E+02   3.4925342E+01   0.0000000E+00   1.2849705E+02
  1.8750000E+04     1   4.9995748E-01   2.0924477E-01   0.0000000E+00   3.0447876E+02   2.2428485E+01   0.0000000E+00   2.7894970E+01
  1.8750000E+04     2   8.8994873E-01   1.6545919E-01   0.0000000E+00   1.5366346E+02   3.4951886E+01   0.0000000E+00   1.5371569E+01
  1.8800000E+04     1   4.9996744E-01   2.0932242E-01   0.0000000E+00   9.9717837E+01   2.2600751E+01   0.0000000E+00   2.7456821E+02
  1.8800000E+04     2   8.8994432E-01   1.6539203E-01   0.0000000E+00   3.5474781E+02   3.4995964E+01   0.0000000E+00   2.6217300E+02
  1.8850000E+04     1   4.9999088E-01   2.0940908E-01   0.0000000E+00   2.5483584E+02   2.2836136E+01   0.0000000E+00   1.6128038E+02
  1.8850000E+04     2   8.8995571E-01   1.6524734E-01   0.0000000E+00   1.9588977E+02   3.5004472E+01   0.0000000E+00   1.4911204E+02
  1.8900000E+04     1   4.9999132E-01   2.0973584E-01   0.0000000E+00   4.9996581E+01   2.3047411E+01   0.0000000E+00   4.7981850E+01
  1.8900000E+04     2   8.9000860E-01   1.6523772E-01   0.0000000E+00   3.6984948E+01   3.5051678E+01   0.0000000E+00   3.5977582E+01
  1.8950000E+04     1   4.9996508E-01   2.0990439E-01   0.0000000E+00   2.0525550E+02   2.3205916E+01   0.0000000E+00   2.9465857E+02
  1.8950000E+04     2   8.8999372E-01   1.6508918E-01   0.0000000E+00   2.3809523E+02   3.5067718E+01   0.0000000E+00   2.8279676E+02
  1.9000000E+04     1   4.9998143E-01   2.0993433E-01   0.0000000E+00   4.0607669E-01   2.3421856E+01   0.0000000E+00   1.8136391E+02
  1.9000000E+04     2   8.8992466E-01   1.6506709E-01   0.0000000E+00   7.9194421E+01   3.5112428E+01   0.0000000E+00   1.6967334E+02
  1.9050000E+04     1   4.9997217E-01   2.1020294E-01   0.0000000E+00   1.5553194E+02   2.3655500E+01   0.0000000E+00   6.8069953E+01
  1.9050000E+04     2   8.8992826E-01   1.6494225E-01   0.0000000E+00   2.8032664E+02   3.5129810E+01   0.0000000E+00   5.6595643E+01
  1.9100000E+04     1   4.9996689E-01   2.1041018E-01   0.0000000E+00   3.1078457E+02   2.3813336E+01   0.0000000E+00   3.1476473E+02
  1.9100000E+04     2   8.8991674E-01   1.6489118E-01   0.0000000E+00   1.2143384E+02   3.5154139E+01   0.0000000E+00   3.0342392E+02
  1.9150000E+04     1   4.9998626E-01   2.1044781E-01   0.0000000E+00   1.0594864E+02   2.4027316E+01   0.0000000E+00   2.0145530E+02
  1.9150000E+04     2   8.8988877E-01   1.6480320E-01   0.0000000E+00   3.2253197E+02   3.5197317E+01   0.0000000E+00   1.9028530E+02
  1.9200000E+04     1   4.9996876E-01   2.1071467E-01   0.0000000E+00   2.6106413E+02   2.4265633E+01   0.0000000E+00   8.8165797E+01
  1.9200000E+04     2   8.8996532E-01   1.6467713E-01   0.0000000E+00   1.6366342E+02   3.5217176E+01   0.0000000E+00   7.7214254E+01
  1.9250000E+04     1   4.9995935E-01   2.1090535E-01   0.0000000E+00   5.6311209E+01   2.4423602E+01   0.0000000E+00   3.3486427E+02
  1.9250000E+04     2   8.9001022E-01   1.6468176E-01   0.0000000E+00   4.7493909E+00   3.5261950E+01   0.0000000E+00   3.2402592E+02
  1.9300000E+04     1   4.9999941E-01   2.1092262E-01   0.0000000E+00   2.1149948E+02   2.4625809E+01   0.0000000E+00   2.2154304E+02
  1.9300000E+04     2   8.8996104E-01   1.6452732E-01   0.0000000E+00   2.0587657E+02   3.5270505E+01   0.0000000E+00   2.1089835E+02
  1.9350000E+04     1   4.9996798E-01   2.1108533E-01   0.0000000E+00   6.6179206E+00   2.4862584E+01   0.0000000E+00   1.0824676E+02
  1.9350000E+04     2   8.8999175E-01   1.6456433E-01   0.0000000E+00   4.6984380E+01   3.5310543E+01   0.0000000E+00   9.7798798E+01
  1.9400000E+04     1   4.9995388E-01   2.1140763E-01   0.0000000E+00   1.6182790E+02   2.5050234E+01   0.0000000E+00   3.5493084E+02
  1.9400000E+04     2   8.8997997E-01   1.6439137E-01   0.0000000E+00   2.4810141E+02   3.5328195E+01   0.0000000E+00   3.4465288E+02
  1.9450000E+04     1   4.9998577E-01   2.1141046E-01   0.0000000E+00   3.1704380E+02   2.5230299E+01   0.0000000E+00   2.4162579E+02
  1.9450000E+04     2   8.8988301E-01   1.6435090E-01   0.0000000E+00   8.9213127E+01   3.5351967E+01   0.0000000E+00   2.3150412E+02
  1.9500000E+04     1   4.9998839E-01   2.1152302E-01   0.0000000E+00   1.1215502E+02   2.5467926E+01   0.0000000E+00   1.2834438E+02
  1.9500000E+04     2   8.8988398E-01   1.6427540E-01   0.0000000E+00   2.9032757E+02   3.5390060E+01   0.0000000E+00   1.1842225E+02
  1.9550000E+04     1   4.9995468E-01   2.1184154E-01   0.0000000E+00   2.6735512E+02   2.5656747E+01   0.0000000E+00   1.5045533E+01
  1.9550000E+04     2   8.8996396E-01   1.6419205E-01   0.0000000E+00   1.3144329E+02   3.5413787E+01   0.0000000E+00   5.2884933E+00
  1.9600000E+04     1   4.9996746E-01   2.1185337E-01   0.0000000E+00   6.2582338E+01   2.5837647E+01   0.0000000E+00   2.6171672E+02
  1.9600000E+04     2   8.8994902E-01   1.6417473E-01   0.0000000E+00   3.3253954E+02   3.5447632E+01   0.0000000E+00   2.5210673E+02
  1.9650000E+04     1   4.9999450E-01   2.1193654E-01   0.0000000E+00   2.1769089E+02   2.6079564E+01   0.0000000E+00   1.4842528E+02
  1.9650000E+04     2   8.8995762E-01   1.6402573E-01   0.0000000E+00   1.7367557E+02   3.5462071E+01   0.0000000E+00   1.3904277E+02
  1.9700000E+04     1   4.9998705E-01   2.1222307E-01   0.0000000E+00   1.2865716E+01   2.6286638E+01   0.0000000E+00   3.5113950E+01
  1.9700000E+04     2   8.9001827E-01   1.6405357E-01   0.0000000E+00   1.4787869E+01   3.5488601E+01   0.0000000E+00   2.5911986E+01
  1.9750000E+04     1   4.9996665E-01   2.1232054E-01   0.0000000E+00   1.6811734E+02   2.6447523E+01   0.0000000E+00   2.8179662E+02
  1.9750000E+04     2   8.8998350E-01   1.6390113E-01   0.0000000E+00   2.1589012E+02   3.5514388E+01   0.0000000E+00   2.7272976E+02
  1.9800000E+04     1   4.9998248E-01   2.1232553E-01   0.0000000E+00   3.2325142E+02   2.6673144E+01   0.0000000E+00   1.6850566E+02
  1.9800000E+04     2   8.8990583E-01   1.6390283E-01   0.0000000E+00   5.7009449E+01   3.5542239E+01   0.0000000E+00   1.5963657E+02
  1.9850000E+04     1   4.9996866E-01   2.1257963E-01   0.0000000E+00   1.1839150E+02   2.6900621E+01   0.0000000E+00   5.5202178E+01
  1.9850000E+04     2   8.8992973E-01   1.6380226E-01   0.0000000E+00   2.5812718E+02   3.5570279E+01   0.0000000E+00   4.6532520E+01
  1.9900000E+04     1   4.9997032E-01   2.1269462E-01   0.0000000E+00   2.7364371E+02   2.7060715E+01   0.0000000E+00   3.0189189E+02
  1.9900000E+04     2   8.8991890E-01   1.6374922E-01   0.0000000E+00   9.9239785E+01   3.5588733E+01   0.0000000E+00   2.9336387E+02
  1.9950000E+04     1   4.9998737E-01   2.1269973E-01   0.0000000E+00   6.8790836E+01   2.7282445E+01   0.0000000E+00   1.8859087E+02
  1.9950000E+04     2   8.8988817E-01   1.6370732E-01   0.0000000E+00   3.0034853E+02   3.5624770E+01   0.0000000E+00   1.8024854E+02
  2.0000000E+04     1   4.9996458E-01   2.1296285E-01   0.0000000E+00   2.2391911E+02   2.7512105E+01   0.0000000E+00   7.5300818E+01
  2.0000000E+04     2   8.8997972E-01   1.6359078E-01   0.0000000E+00   1.4147397E+02   3.5648101E+01   0.0000000E+00   6.7164822E+01
  2.0050000E+04     1   4.9996402E-01   2.1307543E-01   0.0000000E+00   1.9169065E+01   2.7672715E+01   0.0000000E+00   3.2198789E+02
  2.0050000E+04     2   8.9002153E-01   1.6363552E-01   0.0000000E+00   3.4257528E+02   3.5675917E+01   0.0000000E+00   3.1398469E+02
  2.0100000E+04     1   4.9999914E-01   2.1305597E-01   0.0000000E+00   1.7434314E+02   2.7883467E+01   0.0000000E+00   2.0866689E+02
  2.0100000E+04     2   8.8995680E-01   1.6347512E-01   0.0000000E+00   1.8369207E+02   3.5696411E+01   0.0000000E+00   2.0085394E+02
  2.0150000E+04     1   4.9996569E-01   2.1320360E-01   0.0000000E+00   3.2945609E+02   2.8123019E+01   0.0000000E+00   9.5373042E+01
  2.0150000E+04     2   8.8997493E-01   1.6352554E-01   0.0000000E+00   2.4826498E+01   3.5711088E+01   0.0000000E+00   8.7784973E+01
  2.0200000E+04     1   4.9995374E-01   2.1346001E-01   0.0000000E+00   1.2468298E+02   2.8300550E+01   0.0000000E+00   3.4205460E+02
  2.0200000E+04     2   8.8997430E-01   1.6338953E-01   0.0000000E+00   2.2592632E+02   3.5743017E+01   0.0000000E+00   3.3461213E+02
  2.0250000E+04     1   4.9998809E-01   2.1340433E-01   0.0000000E+00   2.7988127E+02   2.8493362E+01   0.0000000E+00   2.2874654E+02
  2.0250000E+04     2   8.8988033E-01   1.6335449E-01   0.0000000E+00   6.7045582E+01   3.5761685E+01   0.0000000E+00   2.2147822E+02
  2.0300000E+04     1   4.9998654E-01   2.1351188E-01   0.0000000E+00   7.4988280E+01   2.8734514E+01   0.0000000E+00   1.1546192E+02
  2.0300000E+04     2   8.8988401E-01   1.6331410E-01   0.0000000E+00   2.6816286E+02   3.5796752E+01   0.0000000E+00   1.0839969E+02
  2.0350000E+04     1   4.9995422E-01   2.1376176E-01   0.0000000E+00   2.3020513E+02   2.8912438E+01   0.0000000E+00   2.1625369E+00
  2.0350000E+04     2   8.8997198E-01   1.6324026E-01   0.0000000E+00   1.0927757E+02   3.5818706E+01   0.0000000E+00   3.5525627E+02
  2.0400000E+04     1   4.9996856E-01   2.1371107E-01   0.0000000E+00   2.5416491E+01   2.9103014E+01   0.0000000E+00   2.4883617E+02
  2.0400000E+04     2   8.8996085E-01   1.6326305E-01   0.0000000E+00   3.1039240E+02   3.5836941E+01   0.0000000E+00   2.4210224E+02
  2.0450000E+04     1   4.9999674E-01   2.1379225E-01   0.0000000E+00   1.8052341E+02   2.9346502E+01   0.0000000E+00   1.3554122E+02
  2.0450000E+04     2   8.8996166E-01   1.6312348E-01   0.0000000E+00   1.5151436E+02   3.5864456E+01   0.0000000E+00   1.2902327E+02
  2.0500000E+04     1   4.9997347E-01   2.1402959E-01   0.0000000E+00   3.3571245E+02   2.9548248E+01   0.0000000E+00   2.2219620E+01
  2.0500000E+04     2   8.9001956E-01   1.6315788E-01   0.0000000E+00   3.5264377E+02   3.5870513E+01   0.0000000E+00   1.5897354E+01
  2.0550000E+04     1   4.9996970E-01   2.1406210E-01   0.0000000E+00   1.3095420E+02   2.9712827E+01   0.0000000E+00   2.6890903E+02
  2.0550000E+04     2   8.8997219E-01   1.6302975E-01   0.0000000E+00   1.9373578E+02   3.5908661E+01   0.0000000E+00   2.6271320E+02
  2.0600000E+04     1   4.9998297E-01   2.1405081E-01   0.0000000E+00   2.8607388E+02   2.9946938E+01   0.0000000E+00   1.5562157E+02
  2.0600000E+04     2   8.8989852E-01   1.6304475E-01   0.0000000E+00   3.4869769E+01   3.5924896E+01   0.0000000E+00   1.4964361E+02
  2.0650000E+04     1   4.9996508E-01   2.1428124E-01   0.0000000E+00   8.1230643E+01   3.0166470E+01   0.0000000E+00   4.2309278E+01
  2.0650000E+04     2   8.8992902E-01   1.6298568E-01   0.0000000E+00   2.3597810E+02   3.5958325E+01   0.0000000E+00   3.6517422E+01
  2.0700000E+04     1   4.9997344E-01   2.1430738E-01   0.0000000E+00   2.3647790E+02   3.0331452E+01   0.0000000E+00   2.8899391E+02
  2.0700000E+04     2   8.8991930E-01   1.6293304E-01   0.0000000E+00   7.7092873E+01   3.5974486E+01   0.0000000E+00   2.8335088E+02
  2.0750000E+04     1   4.9998724E-01   2.1428535E-01   0.0000000E+00   3.1609049E+01   3.0560658E+01   0.0000000E+00   1.7570153E+02
  2.0750000E+04     2   8.8989529E-01   1.6292830E-01   0.0000000E+00   2.7821708E+02   3.5998866E+01   0.0000000E+00   1.7026332E+02
  2.0800000E+04     1   4.9996200E-01   2.1452711E-01   0.0000000E+00   1.8675361E+02   3.0779123E+01   0.0000000E+00   6.2411441E+01
  2.0800000E+04     2   8.8999083E-01   1.6283060E-01   0.0000000E+00   1.1933261E+02   3.6029037E+01   0.0000000E+00   5.7161528E+01
  2.0850000E+04     1   4.9997471E-01   2.1457292E-01   0.0000000E+00   3.4200436E+02   3.0942899E+01   0.0000000E+00   3.0908823E+02
  2.0850000E+04     2   8.9002279E-01   1.6288663E-01   0.0000000E+00   3.2045095E+02   3.6038246E+01   0.0000000E+00   3.0399288E+02
  2.0900000E+04     1   4.9999595E-01   2.1451583E-01   0.0000000E+00   1.3716482E+02   3.1160884E+01   0.0000000E+00   1.9577077E+02
  2.0900000E+04     2   8.8995672E-01   1.6275122E-01   0.0000000E+00   1.6155311E+02   3.6075562E+01   0.0000000E+00   1.9085609E+02
  2.0950000E+04     1   4.9996596E-01   2.1465387E-01   0.0000000E+00   2.9227834E+02   3.1400108E+01   0.0000000E+00   8.2478123E+01
  2.0950000E+04     2   8.8996124E-01   1.6279361E-01   0.0000000E+00   2.7053259E+00   3.6073012E+01   0.0000000E+00   7.7805218E+01
  2.1000000E+04     1   4.9995590E-01   2.1483101E-01   0.0000000E+00   8.7516752E+01   3.1570791E+01   0.0000000E+00   3.2915680E+02
  2.1000000E+04     2   8.8996327E-01   1.6271466E-01   0.0000000E+00   2.0379548E+02   3.6112085E+01   0.0000000E+00   3.2461551E+02
  2.1050000E+04     1   4.9998895E-01   2.1473031E-01   0.0000000E+00   2.4269644E+02   3.1776043E+01   0.0000000E+00   2.1584770E+02
  2.1050000E+04     2   8.8988114E-01   1.6268789E-01   0.0000000E+00   4.4919581E+01   3.6128531E+01   0.0000000E+00   2.1149521E+02
  2.1100000E+04     1   4.9998268E-01   2.1483412E-01   0.0000000E+00   3.7805620E+01   3.2016910E+01   0.0000000E+00   1.0256077E+02
  2.1100000E+04     2   8.8988833E-01   1.6268188E-01   0.0000000E+00   2.4604137E+02   3.6158737E+01   0.0000000E+00   9.8418939E+01
  2.1150000E+04     1   4.9995554E-01   2.1500301E-01   0.0000000E+00   1.9303562E+02   3.2186969E+01   0.0000000E+00   3.4925806E+02
  2.1150000E+04     2   8.8997511E-01   1.6261795E-01   0.0000000E+00   8.7152082E+01   3.6181724E+01   0.0000000E+00   3.4526330E+02
  2.1200000E+04     1   4.9997220E-01   2.1489865E-01   0.0000000E+00   3.4822770E+02   3.2388245E+01   0.0000000E+00   2.3593629E+02
  2.1200000E+04     2   8.8997606E-01   1.6265775E-01   0.0000000E+00   2.8828968E+02   3.6180565E+01   0.0000000E+00   2.3214397E+02
  2.1250000E+04     1   4.9999692E-01   2.1496977E-01   0.0000000E+00   1.4333903E+02   3.2629856E+01   0.0000000E+00   1.2263783E+02
  2.1250000E+04     2   8.8996889E-01   1.6255634E-01   0.0000000E+00   1.2939201E+02   3.6226280E+01   0.0000000E+00   1.1904140E+02
  2.1300000E+04     1   4.9996407E-01   2.1516208E-01   0.0000000E+00   2.9854093E+02   3.2825773E+01   0.0000000E+00   9.3101051E+00
  2.1300000E+04     2   8.9001192E-01   1.6257398E-01   0.0000000E+00   3.3053114E+02   3.6220149E+01   0.0000000E+00   5.9157291E+00
  2.1350000E+04     1   4.9997359E-01   2.1512229E-01   0.0000000E+00   9.3771967E+01   3.2994415E+01   0.0000000E+00   2.5600592E+02
  2.1350000E+04     2   8.8995904E-01   1.6249495E-01   0.0000000E+00   1.7161751E+02   3.6265844E+01   0.0000000E+00   2.5273449E+02
  2.1400000E+04     1   4.9998312E-01   2.1510352E-01   0.0000000E+00   2.4888105E+02   3.3234594E+01   0.0000000E+00   1.4272174E+02
  2.1400000E+04     2   8.8989769E-01   1.6251685E-01   0.0000000E+00   1.2762233E+01   3.6273753E+01   0.0000000E+00   1.3968258E+02
  2.1450000E+04     1   4.9996217E-01   2.1530079E-01   0.0000000E+00   4.4055253E+01   3.3445287E+01   0.0000000E+00   2.9402959E+01
  2.1450000E+04     2   8.8992501E-01   1.6250749E-01   0.0000000E+00   2.1386642E+02   3.6307978E+01   0.0000000E+00   2.6540268E+01
  2.1500000E+04     1   4.9997585E-01   2.1524530E-01   0.0000000E+00   1.9929370E+02   3.3617137E+01   0.0000000E+00   2.7608304E+02
  2.1500000E+04     2   8.8991827E-01   1.6245588E-01   0.0000000E+00   5.4979812E+01   3.6325693E+01   0.0000000E+00   2.7337448E+02
  2.1550000E+04     1   4.9998555E-01   2.1520298E-01   0.0000000E+00   3.5441112E+02   3.3852914E+01   0.0000000E+00   1.6279789E+02
  2.1550000E+04     2   8.8991563E-01   1.6246693E-01   0.0000000E+00   2.5612319E+02   3.6334227E+01   0.0000000E+00   1.6031657E+02
  2.1600000E+04     1   4.9996140E-01   2.1540628E-01   0.0000000E+00   1.4957308E+02   3.4060038E+01   0.0000000E+00   4.9506507E+01
  2.1600000E+04     2   8.8999950E-01   1.6240653E-01   0.0000000E+00   9.7223749E+01   3.6376082E+01   0.0000000E+00   4.7190463E+01
  2.1650000E+04     1   4.9998429E-01   2.1538906E-01   0.0000000E+00   3.0482371E+02   3.4226756E+01   0.0000000E+00   2.9617486E+02
  2.1650000E+04     2   8.9000970E-01   1.6244752E-01   0.0000000E+00   2.9835228E+02   3.6373760E+01   0.0000000E+00   2.9402786E+02
  2.1700000E+04     1   4.9999085E-01   2.1529629E-01   0.0000000E+00   9.9970163E+01   3.4450821E+01   0.0000000E+00   1.8286474E+02
  2.1700000E+04     2   8.8995918E-01   1.6237045E-01   0.0000000E+00   1.3944464E+02   3.6423632E+01   0.0000000E+00   1.8089192E+02
  2.1750000E+04     1   4.9996613E-01   2.1542273E-01   0.0000000E+00   2.5509102E+02   3.4686406E+01   0.0000000E+00   6.9570666E+01
  2.1750000E+04     2   8.8995539E-01   1.6239915E-01   0.0000000E+00   3.4060536E+02   3.6411892E+01   0.0000000E+00   6.7845180E+01
  2.1800000E+04     1   4.9996034E-01   2.1551793E-01   0.0000000E+00   5.0335551E+01   3.4853220E+01   0.0000000E+00   3.1624817E+02
  2.1800000E+04     2   8.8994490E-01   1.6238148E-01   0.0000000E+00   1.8169393E+02   3.6451153E+01   0.0000000E+00   3.1465023E+02
  2.1850000E+04     1   4.9998900E-01   2.1538446E-01   0.0000000E+00   2.0549711E+02   3.5069353E+01   0.0000000E+00   2.0294101E+02
  2.1850000E+04     2   8.8988217E-01   1.6235987E-01   0.0000000E+00   2.2820834E+01   3.6467579E+01   0.0000000E+00   2.0154278E+02
  2.1900000E+04     1   4.9997670E-01   2.1547995E-01   0.0000000E+00   6.1362537E-01   3.5306972E+01   0.0000000E+00   8.9652057E+01
  2.1900000E+04     2   8.8990469E-01   1.6237831E-01   0.0000000E+00   2.2395031E+02   3.6489508E+01   0.0000000E+00   8.8469521E+01
  2.1950000E+04     1   4.9995780E-01   2.1556381E-01   0.0000000E+00   1.5585298E+02   3.5472096E+01   0.0000000E+00   3.3634383E+02
  2.1950000E+04     2   8.8997590E-01   1.6233559E-01   0.0000000E+00   6.5050285E+01   3.6520218E+01   0.0000000E+00   3.3529571E+02
  2.2000000E+04     1   4.9997979E-01   2.1541839E-01   0.0000000E+00   3.1102538E+02   3.5683359E+01   0.0000000E+00   2.2302791E+02
  2.2000000E+04     2   8.8997889E-01   1.6236495E-01   0.0000000E+00   2.6620370E+02   3.6506304E+01   0.0000000E+00   2.2220496E+02
  2.2050000E+04     1   4.9999388E-01   2.1546945E-01   0.0000000E+00   1.0614344E+02   3.5922435E+01   0.0000000E+00   1.0972501E+02
  2.2050000E+04     2   8.8998024E-01   1.6233312E-01   0.0000000E+00   1.0729269E+02   3.6563973E+01   0.0000000E+00   1.0908348E+02
  2.2100000E+04     1   4.9995891E-01   2.1561516E-01   0.0000000E+00   2.6135782E+02   3.6111293E+01   0.0000000E+00   3.5639533E+02
  2.2100000E+04     2   8.9000533E-01   1.6233092E-01   0.0000000E+00   3.0843470E+02   3.6553173E+01   0.0000000E+00   3.5595345E+02
  2.2150000E+04     1   4.9997809E-01   2.1549967E-01   0.0000000E+00   5.6575719E+01   3.6285840E+01   0.0000000E+00   2.4309646E+02
  2.2150000E+04     2   8.8994171E-01   1.6231004E-01   0.0000000E+00   1.4952098E+02   3.6600955E+01   0.0000000E+00   2.4278135E+02
  2.2200000E+04     1   4.9998322E-01   2.1547754E-01   0.0000000E+00   2.1167967E+02   3.6528499E+01   0.0000000E+00   1.2981567E+02
  2.2200000E+04     2   8.8989851E-01   1.6232730E-01   0.0000000E+00   3.5067123E+02   3.6604942E+01   0.0000000E+00   1.2973923E+02
  2.2250000E+04     1   4.9996000E-01   2.1563374E-01   0.0000000E+00   6.8709723E+00   3.6729880E+01   0.0000000E+00   1.6494152E+01
  2.2250000E+04     2   8.8992279E-01   1.6236432E-01   0.0000000E+00   1.9177877E+02   3.6633671E+01   0.0000000E+00   1.6590360E+01
  2.2300000E+04     1   4.9997720E-01   2.1550611E-01   0.0000000E+00   1.6209758E+02   3.6909728E+01   0.0000000E+00   2.6317053E+02
  2.2300000E+04     2   8.8991700E-01   1.6232394E-01   0.0000000E+00   3.2884726E+01   3.6659054E+01   0.0000000E+00   2.6342120E+02
  2.2350000E+04     1   4.9998346E-01   2.1545143E-01   0.0000000E+00   3.1720480E+02   3.7150480E+01   0.0000000E+00   1.4988909E+02
  2.2350000E+04     2   8.8993801E-01   1.6232369E-01   0.0000000E+00   2.3404061E+02   3.6656818E+01   0.0000000E+00   1.5038275E+02
  2.2400000E+04     1   4.9996336E-01   2.1560280E-01   0.0000000E+00   1.1238357E+02   3.7347744E+01   0.0000000E+00   3.6595192E+01
  2.2400000E+04     2   8.9000656E-01   1.6232425E-01   0.0000000E+00   7.5129932E+01   3.6707194E+01   0.0000000E+00   3.7235742E+01
  2.2450000E+04     1   4.9998553E-01   2.1552280E-01   0.0000000E+00   2.6762978E+02   3.7519228E+01   0.0000000E+00   2.8325775E+02
  2.2450000E+04     2   8.8999689E-01   1.6234626E-01   0.0000000E+00   2.7626243E+02   3.6700571E+01   0.0000000E+00   2.8407641E+02
  2.2500000E+04     1   4.9998507E-01   2.1539693E-01   0.0000000E+00   6.2764344E+01   3.7746965E+01   0.0000000E+00   1.6995731E+02
  2.2500000E+04     2   8.8996100E-01   1.6234065E-01   0.0000000E+00   1.1735160E+02   3.6756191E+01   0.0000000E+00   1.7094808E+02
  2.2550000E+04     1   4.9996514E-01   2.1550601E-01   0.0000000E+00   2.1789830E+02   3.7976216E+01   0.0000000E+00   5.6659089E+01
  2.2550000E+04     2   8.8995426E-01   1.6235217E-01   0.0000000E+00   3.1851220E+02   3.6742713E+01   0.0000000E+00   5.7892592E+01
  2.2600000E+04     1   4.9996645E-01   2.1551943E-01   0.0000000E+00   1.3145483E+01   3.8140452E+01   0.0000000E+00   3.0333960E+02
  2.2600000E+04     2   8.8992075E-01   1.6239057E-01   0.0000000E+00   1.5960758E+02   3.6775413E+01   0.0000000E+00   3.0470464E+02
  2.2650000E+04     1   4.9998885E-01   2.1536131E-01   0.0000000E+00   1.6829025E+02   3.8365480E+01   0.0000000E+00   1.9003625E+02
  2.2650000E+04     2   8.8988236E-01   1.6237261E-01   0.0000000E+00   7.3184373E-01   3.6796886E+01   0.0000000E+00   1.9160485E+02
  2.2700000E+04     1   4.9996953E-01   2.1544385E-01   0.0000000E+00   3.2341739E+02   3.8598030E+01   0.0000000E+00   7.6743586E+01
  2.2700000E+04     2   8.8993218E-01   1.6239387E-01   0.0000000E+00   2.0186662E+02   3.6811895E+01   0.0000000E+00   7.8529721E+01
  2.2750000E+04     1   4.9996015E-01   2.1544230E-01   0.0000000E+00   1.1866334E+02   3.8759874E+01   0.0000000E+00   3.2343135E+02
  2.2750000E+04     2   8.8997690E-01   1.6239977E-01   0.0000000E+00   4.2955014E+01   3.6852203E+01   0.0000000E+00   3.2533902E+02
  2.2800000E+04     1   4.9998970E-01   2.1526449E-01   0.0000000E+00   2.7381852E+02   3.8979137E+01   0.0000000E+00   2.1012206E+02
  2.2800000E+04     2   8.8997059E-01   1.6241083E-01   0.0000000E+00   2.4411358E+02   3.6835851E+01   0.0000000E+00   2.1226535E+02
  2.2850000E+04     1   4.9998555E-01   2.1529319E-01   0.0000000E+00   6.8943442E+01   3.9215696E+01   0.0000000E+00   9.6814407E+01
  2.2850000E+04     2   8.8999611E-01   1.6245629E-01   0.0000000E+00   8.5199672E+01   3.6894948E+01   0.0000000E+00   9.9135155E+01
  2.2900000E+04     1   4.9995599E-01   2.1538639E-01   0.0000000E+00   2.2416848E+02   3.9397855E+01   0.0000000E+00   3.4348494E+02
  2.2900000E+04     2   8.9000055E-01   1.6243460E-01   0.0000000E+00   2.8633989E+02   3.6884675E+01   0.0000000E+00   3.4599812E+02
  2.2950000E+04     1   4.9998308E-01   2.1519818E-01   0.0000000E+00   1.9370862E+01   3.9580462E+01   0.0000000E+00   2.3019046E+02
  2.2950000E+04     2   8.8991706E-01   1.6247482E-01   0.0000000E+00   1.2743315E+02   3.6927968E+01   0.0000000E+00   2.3284295E+02
  2.3000000E+04     1   4.9998302E-01   2.1517065E-01   0.0000000E+00   1.7447520E+02   3.9822221E+01   0.0000000E+00   1.1691180E+02
  2.3000000E+04     2   8.8989936E-01   1.6247938E-01   0.0000000E+00   3.2857872E+02   3.6937003E+01   0.0000000E+00   1.1979702E+02
  2.3050000E+04     1   4.9995837E-01   2.1527760E-01   0.0000000E+00   3.2968285E+02   4.0013634E+01   0.0000000E+00   3.5912214E+00
  2.3050000E+04     2   8.8993133E-01   1.6253635E-01   0.0000000E+00   1.6969306E+02   3.6957606E+01   0.0000000E+00   6.6472495E+00
  2.3100000E+04     1   4.9997739E-01   2.1508712E-01   0.0000000E+00   1.2489549E+02   4.0201750E+01   0.0000000E+00   2.5026680E+02
  2.3100000E+04     2   8.8991651E-01   1.6253739E-01   0.0000000E+00   1.0790602E+01   3.6992296E+01   0.0000000E+00   2.5347626E+02
  2.3150000E+04     1   4.9998189E-01   2.1502665E-01   0.0000000E+00   2.7999776E+02   4.0444663E+01   0.0000000E+00   1.3698645E+02
  2.3150000E+04     2   8.8995198E-01   1.6252207E-01   0.0000000E+00   2.1194624E+02   3.6990529E+01   0.0000000E+00   1.4044058E+02
  2.3200000E+04     1   4.9996891E-01   2.1511996E-01   0.0000000E+00   7.5191377E+01   4.0634717E+01   0.0000000E+00   2.3687230E+01
  2.3200000E+04     2   8.9001303E-01   1.6258574E-01   0.0000000E+00   5.3033374E+01   3.7040647E+01   0.0000000E+00   2.7281300E+01
  2.3250000E+04     1   4.9998425E-01   2.1498102E-01   0.0000000E+00   2.3043020E+02   4.0810242E+01   0.0000000E+00   2.7035108E+02
  2.3250000E+04     2   8.8998684E-01   1.6258960E-01   0.0000000E+00   2.5416530E+02   3.7035582E+01   0.0000000E+00   2.7412574E+02
  2.3300000E+04     1   4.9998026E-01   2.1482304E-01   0.0000000E+00   2.5552971E+01   4.1042574E+01   0.0000000E+00   1.5705749E+02
  2.3300000E+04     2   8.8995549E-01   1.6265815E-01   0.0000000E+00   9.5260217E+01   3.7087587E+01   0.0000000E+00   1.6101248E+02
  2.3350000E+04     1   4.9996303E-01   2.1490642E-01   0.0000000E+00   1.8070436E+02   4.1263187E+01   0.0000000E+00   4.3753519E+01
  2.3350000E+04     2   8.8995507E-01   1.6265285E-01   0.0000000E+00   2.9640996E+02   3.7082167E+01   0.0000000E+00   4.7934538E+01
  2.3400000E+04     1   4.9997269E-01   2.1483456E-01   0.0000000E+00   3.3595161E+02   4.1425534E+01   0.0000000E+00   2.9044138E+02
  2.3400000E+04     2   8.8990345E-01   1.6272025E-01   0.0000000E+00   1.3751610E+02   3.7105926E+01   0.0000000E+00   2.9476099E+02
  2.3450000E+04     1   4.9998886E-01   2.1465845E-01   0.0000000E+00   1.3108109E+02   4.1657866E+01   0.0000000E+00   1.7714218E+02
  2.3450000E+04     2   8.8988147E-01   1.6272435E-01   0.0000000E+00   3.3863379E+02   3.7135714E+01   0.0000000E+00   1.8166433E+02
  2.3500000E+04     1   4.9996295E-01   2.1472527E-01   0.0000000E+00   2.8622164E+02   4.1883238E+01   0.0000000E+00   6.3845054E+01
  2.3500000E+04     2   8.8995617E-01   1.6274594E-01   0.0000000E+00   1.7976586E+02   3.7150726E+01   0.0000000E+00   6.8577566E+01
  2.3550000E+04     1   4.9996189E-01   2.1463605E-01   0.0000000E+00   8.1471331E+01   4.2042996E+01   0.0000000E+00   3.1053235E+02
  2.3550000E+04     2   8.8998113E-01   1.6281203E-01   0.0000000E+00   2.0849821E+01   3.7195014E+01   0.0000000E+00   3.1538033E+02
  2.3600000E+04     1   4.9999871E-01   2.1443186E-01   0.0000000E+00   2.3661261E+02   4.2268729E+01   0.0000000E+00   1.9722803E+02
  2.3600000E+04     2   8.8996060E-01   1.6280433E-01   0.0000000E+00   2.2200542E+02   3.7183631E+01   0.0000000E+00   2.0231313E+02
  2.3650000E+04     1   4.9997265E-01   2.1443897E-01   0.0000000E+00   3.1744136E+01   4.2501702E+01   0.0000000E+00   8.3918367E+01
  2.3650000E+04     2   8.9001098E-01   1.6291992E-01   0.0000000E+00   6.3097950E+01   3.7235004E+01   0.0000000E+00   8.9185066E+01
  2.3700000E+04     1   4.9995487E-01   2.1447659E-01   0.0000000E+00   1.8697810E+02   4.2677764E+01   0.0000000E+00   3.3059051E+02
  2.3700000E+04     2   8.8999539E-01   1.6288020E-01   0.0000000E+00   2.6422981E+02   3.7232261E+01   0.0000000E+00   3.3603602E+02
  2.3750000E+04     1   4.9998759E-01   2.1422348E-01   0.0000000E+00   3.4216305E+02   4.2870540E+01   0.0000000E+00   2.1729987E+02
  2.3750000E+04     2   8.8989183E-01   1.6296506E-01   0.0000000E+00   1.0533614E+02   3.7265859E+01   0.0000000E+00   2.2290455E+02
  2.3800000E+04     1   4.9998209E-01   2.1418625E-01   0.0000000E+00   1.3727227E+02   4.3109024E+01   0.0000000E+00   1.0402006E+02
  2.3800000E+04     2   8.8989983E-01   1.6297247E-01   0.0000000E+00   3.0646667E+02   3.7288521E+01   0.0000000E+00   1.0984056E+02
  2.3850000E+04     1   4.9995793E-01   2.1423407E-01   0.0000000E+00   2.9249497E+02   4.3289920E+01   0.0000000E+00   3.5070276E+02
  2.3850000E+04     2   8.8994290E-01   1.6303281E-01   0.0000000E+00   1.4758291E+02   3.7305870E+01   0.0000000E+00   3.5668681E+02
  2.3900000E+04     1   4.9997678E-01   2.1398759E-01   0.0000000E+00   8.7691709E+01   4.3486552E+01   0.0000000E+00   2.3738213E+02
  2.3900000E+04     2   8.8991804E-01   1.6309058E-01   0.0000000E+00   3.4868015E+02   3.7343320E+01   0.0000000E+00   2.4352536E+02
  2.3950000E+04     1   4.9998060E-01   2.1392302E-01   0.0000000E+00   2.4279524E+02   4.3728056E+01   0.0000000E+00   1.2410147E+02
  2.3950000E+04     2   8.8996121E-01   1.6306936E-01   0.0000000E+00   1.8982656E+02   3.7349852E+01   0.0000000E+00   1.3047968E+02
  2.4000000E+04     1   4.9997921E-01   2.1396175E-01   0.0000000E+00   3.8002295E+01   4.3913138E+01   0.0000000E+00   1.0793117E+01
  2.4000000E+04     2   8.9001885E-01   1.6318696E-01   0.0000000E+00   3.0917990E+01   3.7392854E+01   0.0000000E+00   1.7313401E+01
  2.4050000E+04     1   4.9998360E-01   2.1376078E-01   0.0000000E+00   1.9323216E+02   4.4090425E+01   0.0000000E+00   2.5746721E+02
  2.4050000E+04     2   8.8997780E-01   1.6317369E-01   0.0000000E+00   2.3204339E+02   3.7396722E+01   0.0000000E+00   2.6416091E+02
  2.4100000E+04     1   4.9997760E-01   2.1358178E-01   0.0000000E+00   3.4834304E+02   4.4329014E+01   0.0000000E+00   1.4417733E+02
  2.4100000E+04     2   8.8993880E-01   1.6329818E-01   0.0000000E+00   7.3154075E+01   3.7435126E+01   0.0000000E+00   1.5107122E+02
  2.4150000E+04     1   4.9996045E-01   2.1362822E-01   0.0000000E+00   1.4351385E+02   4.4539766E+01   0.0000000E+00   3.0866114E+01
  2.4150000E+04     2   8.8995557E-01   1.6329472E-01   0.0000000E+00   2.7428228E+02   3.7447471E+01   0.0000000E+00   3.7958409E+01
  2.4200000E+04     1   4.9997786E-01   2.1346616E-01   0.0000000E+00   2.9875756E+02   4.4702147E+01   0.0000000E+00   2.7756180E+02
  2.4200000E+04     2   8.8989827E-01   1.6336887E-01   0.0000000E+00   1.1539321E+02   3.7468613E+01   0.0000000E+00   2.8479533E+02
  2.4250000E+04     1   4.9998882E-01   2.1327985E-01   0.0000000E+00   9.3874598E+01   4.4939823E+01   0.0000000E+00   1.6426809E+02
  2.4250000E+04     2   8.8988023E-01   1.6341031E-01   0.0000000E+00   3.1650829E+02   3.7502876E+01   0.0000000E+00   1.7170504E+02
  2.4300000E+04     1   4.9995795E-01   2.1332502E-01   0.0000000E+00   2.4903139E+02   4.5155312E+01   0.0000000E+00   5.0968423E+01
  2.4300000E+04     2   8.8997287E-01   1.6344001E-01   0.0000000E+00   1.5763365E+02   3.7521564E+01   0.0000000E+00   5.8602171E+01
  2.4350000E+04     1   4.9996327E-01   2.1314528E-01   0.0000000E+00   4.4280374E+01   4.5315217E+01   0.0000000E+00   2.9765754E+02
  2.4350000E+04     2   8.8999182E-01   1.6356610E-01   0.0000000E+00   3.5872030E+02   3.7563878E+01   0.0000000E+00   3.0540888E+02
  2.4400000E+04     1   5.0000431E-01   2.1292212E-01   0.0000000E+00   1.9941215E+02   4.5545771E+01   0.0000000E+00   1.8435509E+02
  2.4400000E+04     2   8.8995400E-01   1.6353884E-01   0.0000000E+00   1.9986478E+02   3.7564608E+01   0.0000000E+00   1.9233625E+02
  2.4450000E+04     1   4.9996245E-01   2.1291058E-01   0.0000000E+00   3.5454986E+02   4.5774387E+01   0.0000000E+00   7.1046233E+01
  2.4450000E+04     2   8.9001074E-01   1.6369907E-01   0.0000000E+00   4.0973019E+01   3.7599413E+01   0.0000000E+00   7.9221207E+01
  2.4500000E+04     1   4.9995570E-01   2.1288561E-01   0.0000000E+00   1.4979289E+02   4.5942881E+01   0.0000000E+00   3.1772346E+02
  2.4500000E+04     2   8.8998778E-01   1.6365883E-01   0.0000000E+00   2.4208692E+02   3.7614140E+01   0.0000000E+00   3.2605220E+02
  2.4550000E+04     1   4.9999006E-01   2.1258042E-01   0.0000000E+00   3.0495911E+02   4.6147801E+01   0.0000000E+00   2.0443422E+02
  2.4550000E+04     2   8.8988021E-01   1.6376563E-01   0.0000000E+00   8.3202777E+01   3.7641687E+01   0.0000000E+00   2.1294033E+02
  2.4600000E+04     1   4.9998019E-01   2.1252931E-01   0.0000000E+00   1.0007751E+02   4.6380871E+01   0.0000000E+00   9.1151224E+01
  2.4600000E+04     2   8.8989966E-01   1.6380095E-01   0.0000000E+00   2.8431835E+02   3.7676893E+01   0.0000000E+00   9.9855202E+01
  2.4650000E+04     1   4.9995929E-01   2.1250653E-01   0.0000000E+00   2.5531341E+02   4.6551326E+01   0.0000000E+00   3.3783932E+02
  2.4650000E+04     2   8.8994915E-01   1.6386314E-01   0.0000000E+00   1.2543265E+02   3.7695044E+01   0.0000000E+00   3.4669560E+02
  2.4700000E+04     1   4.9997591E-01   2.1221219E-01   0.0000000E+00   5.0492065E+01   4.6757347E+01   0.0000000E+00   2.2452528E+02
  2.4700000E+04     2   8.8992463E-01   1.6397288E-01   0.0000000E+00   3.2653716E+02   3.7728863E+01   0.0000000E+00   2.3355376E+02
  2.4750000E+04     1   4.9997931E-01   2.1213896E-01   0.0000000E+00   2.0560274E+02   4.6994094E+01   0.0000000E+00   1.1124316E+02
  2.4750000E+04     2   8.8996949E-01   1.6395511E-01   0.0000000E+00   1.6766817E+02   3.7748872E+01   0.0000000E+00   1.2048838E+02
  2.4800000E+04     1   4.9998761E-01   2.1212426E-01   0.0000000E+00   8.2487916E-01   4.7173745E+01   0.0000000E+00   3.5792345E+02
  2.4800000E+04     2   8.9002127E-01   1.6410932E-01   0.0000000E+00   8.7693887E+00   3.7778521E+01   0.0000000E+00   7.3186736E+00
  2.4850000E+04     1   4.9998361E-01   2.1185894E-01   0.0000000E+00   1.5604218E+02   4.7352627E+01   0.0000000E+00   2.4461480E+02
  2.4850000E+04     2   8.8996917E-01   1.6409004E-01   0.0000000E+00   2.0988033E+02   3.7800791E+01   0.0000000E+00   2.5416664E+02
  2.4900000E+04     1   4.9997619E-01   2.1167440E-01   0.0000000E+00   3.1114425E+02   4.7596362E+01   0.0000000E+00   1.3132778E+02
  2.4900000E+04     2   8.8992480E-01   1.6423952E-01   0.0000000E+00   5.1006350E+01   3.7826029E+01   0.0000000E+00   1.4109811E+02
  2.4950000E+04     1   4.9995824E-01   2.1167551E-01   0.0000000E+00   1.0633370E+02   4.7797575E+01   0.0000000E+00   1.8008445E+01
  2.4950000E+04     2   8.8995347E-01   1.6426571E-01   0.0000000E+00   2.5211327E+02   3.7855378E+01   0.0000000E+00   2.7950641E+01
  2.5000000E+04     1   4.9998171E-01   2.1142295E-01   0.0000000E+00   2.6156913E+02   4.7963180E+01   0.0000000E+00   2.6471046E+02
  2.5000000E+04     2   8.8989714E-01   1.6434471E-01   0.0000000E+00   9.3223880E+01   3.7879096E+01   0.0000000E+00   2.7479454E+02
  2.5050000E+04     1   4.9998804E-01   2.1123285E-01   0.0000000E+00   5.6678635E+01   4.8203145E+01   0.0000000E+00   1.5142369E+02
  2.5050000E+04     2   8.8988145E-01   1.6442174E-01   0.0000000E+00   2.9433959E+02   3.7914717E+01   0.0000000E+00   1.6171212E+02
  2.5100000E+04     1   4.9995492E-01   2.1124625E-01   0.0000000E+00   2.1185341E+02   4.8406565E+01   0.0000000E+00   3.8124104E+01
  2.5100000E+04     2   8.8998422E-01   1.6446098E-01   0.0000000E+00   1.3545640E+02   3.7938918E+01   0.0000000E+00   4.8591752E+01
  2.5150000E+04     1   4.9996673E-01   2.1098002E-01   0.0000000E+00   7.0954541E+00   4.8570265E+01   0.0000000E+00   2.8481546E+02
  2.5150000E+04     2   8.9000683E-01   1.6463783E-01   0.0000000E+00   3.3655377E+02   3.7971949E+01   0.0000000E+00   2.9541377E+02
  2.5200000E+04     1   5.0000507E-01   2.1074240E-01   0.0000000E+00   1.6222346E+02   4.8802793E+01   0.0000000E+00   1.7151317E+02
  2.5200000E+04     2   8.8995293E-01   1.6459944E-01   0.0000000E+00   1.7767709E+02   3.7994014E+01   0.0000000E+00   1.8232195E+02
  2.5250000E+04     1   4.9995873E-01   2.1071387E-01   0.0000000E+00   3.1737025E+02   4.9024318E+01   0.0000000E+00   5.8208593E+01
  2.5250000E+04     2   8.8999734E-01   1.6476807E-01   0.0000000E+00   1.8800805E+01   3.8012933E+01   0.0000000E+00   6.9219978E+01
  2.5300000E+04     1   4.9995866E-01   2.1061318E-01   0.0000000E+00   1.1262000E+02   4.9185277E+01   0.0000000E+00   3.0489364E+02
  2.5300000E+04     2   8.8997607E-01   1.6475870E-01   0.0000000E+00   2.1989480E+02   3.8047299E+01   0.0000000E+00   3.1603162E+02
  2.5350000E+04     1   4.9999038E-01   2.1027558E-01   0.0000000E+00   2.6776746E+02   4.9403093E+01   0.0000000E+00   1.9160324E+02
  2.5350000E+04     2   8.8987896E-01   1.6487860E-01   0.0000000E+00   6.1015545E+01   3.8072896E+01   0.0000000E+00   2.0293344E+02
  2.5400000E+04     1   4.9997723E-01   2.1020333E-01   0.0000000E+00   6.2898754E+01   4.9628825E+01   0.0000000E+00   7.8317045E+01
  2.5400000E+04     2   8.8989914E-01   1.6495372E-01   0.0000000E+00   2.6211956E+02   3.8117169E+01   0.0000000E+00   8.9828701E+01
  2.5450000E+04     1   4.9996216E-01   2.1009946E-01   0.0000000E+00   2.1814503E+02   4.9790048E+01   0.0000000E+00   3.2501154E+02
  2.5450000E+04     2   8.8995040E-01   1.6501487E-01   0.0000000E+00   1.0322935E+02   3.8138986E+01   0.0000000E+00   3.3666260E+02
  2.5500000E+04     1   4.9997541E-01   2.0976952E-01   0.0000000E+00   1.3304264E+01   5.0005864E+01   0.0000000E+00   2.1170567E+02
  2.5500000E+04     2   8.8994063E-01   1.6516372E-01   0.0000000E+00   3.0434803E+02   3.8162803E+01   0.0000000E+00   2.2354874E+02
  2.5550000E+04     1   4.9997820E-01   2.0967875E-01   0.0000000E+00   1.6842603E+02   5.0235927E+01   0.0000000E+00   9.8420621E+01
  2.5550000E+04     2   8.8997835E-01   1.6516079E-01   0.0000000E+00   1.4545737E+02   3.8201887E+01   0.0000000E+00   1.1045466E+02
  2.5600000E+04     1   4.9998126E-01   2.0959591E-01   0.0000000E+00   3.2366222E+02   5.0410094E+01   0.0000000E+00   3.4509142E+02
  2.5600000E+04     2   8.9001869E-01   1.6532336E-01   0.0000000E+00   3.4656840E+02   3.8218514E+01   0.0000000E+00   3.5728300E+02
  2.5650000E+04     1   4.9998379E-01   2.0927877E-01   0.0000000E+00   1.1886568E+02   5.0590400E+01   0.0000000E+00   2.3180238E+02
  2.5650000E+04     2   8.8996083E-01   1.6532457E-01   0.0000000E+00   1.8766195E+02   3.8262476E+01   0.0000000E+00   2.4413031E+02
  2.5700000E+04     1   4.9997503E-01   2.0910014E-01   0.0000000E+00   2.7396520E+02   5.0835399E+01   0.0000000E+00   1.1851819E+02
  2.5700000E+04     2   8.8992044E-01   1.6548087E-01   0.0000000E+00   2.8797019E+01   3.8280077E+01   0.0000000E+00   1.3107352E+02
  2.5750000E+04     1   4.9995729E-01   2.0905305E-01   0.0000000E+00   6.9171356E+01   5.1027416E+01   0.0000000E+00   5.1933646E+00
  2.5750000E+04     2   8.8994632E-01   1.6554920E-01   0.0000000E+00   2.2988869E+02   3.8321083E+01   0.0000000E+00   1.7899697E+01
  2.5800000E+04     1   4.9998398E-01   2.0871675E-01   0.0000000E+00   2.2439353E+02   5.1199898E+01   0.0000000E+00   2.5189979E+02
  2.5800000E+04     2   8.8989689E-01   1.6563297E-01   0.0000000E+00   7.0997234E+01   3.8349323E+01   0.0000000E+00   2.6475036E+02
  2.5850000E+04     1   4.9998569E-01   2.0852410E-01   0.0000000E+00   1.9501987E+01   5.1438233E+01   0.0000000E+00   1.3862064E+02
  2.5850000E+04     2   8.8989186E-01   1.6573922E-01   0.0000000E+00   2.7211637E+02   3.8383181E+01   0.0000000E+00   1.5167570E+02
  2.5900000E+04     1   4.9995421E-01   2.0849444E-01   0.0000000E+00   1.7469516E+02   5.1628215E+01   0.0000000E+00   2.5323601E+01
  2.5900000E+04     2   8.8999169E-01   1.6578673E-01   0.0000000E+00   1.1321975E+02   3.8417843E+01   0.0000000E+00   3.8533973E+01
  2.5950000E+04     1   4.9997565E-01   2.0815789E-01   0.0000000E+00   3.2992598E+02   5.1798103E+01   0.0000000E+00   2.7201711E+02
  2.5950000E+04     2   8.9001018E-01   1.6598201E-01   0.0000000E+00   3.1433116E+02   3.8438489E+01   0.0000000E+00   2.8537672E+02
  2.6000000E+04     1   5.0000055E-01   2.0790202E-01   0.0000000E+00   1.2505427E+02   5.2030333E+01   0.0000000E+00   1.5871490E+02
  2.6000000E+04     2   8.8995778E-01   1.6596544E-01   0.0000000E+00   1.5542855E+02   3.8486371E+01   0.0000000E+00   1.7225886E+02
  2.6050000E+04     1   4.9995841E-01   2.0784487E-01   0.0000000E+00   2.8021449E+02   5.2241674E+01   0.0000000E+00   4.5416130E+01
  2.6050000E+04     2   8.8998646E-01   1.6612700E-01   0.0000000E+00   3.5655978E+02   3.8497200E+01   0.0000000E+00   5.9160605E+01
  2.6100000E+04     1   4.9996375E-01   2.0766267E-01   0.0000000E+00   7.5466432E+01   5.2397224E+01   0.0000000E+00   2.9211044E+02
  2.6100000E+04     2   8.8995859E-01   1.6616469E-01   0.0000000E+00   1.9763968E+02   3.8545984E+01   0.0000000E+00   3.0596168E+02
  2.6150000E+04     1   4.9998939E-01   2.0731379E-01   0.0000000E+00   2.3059793E+02   5.2625670E+01   0.0000000E+00   1.7881986E+02
  2.6150000E+04     2   8.8988106E-01   1.6628858E-01   0.0000000E+00   3.8763141E+01   3.8571423E+01   0.0000000E+00   1.9287411E+02
  2.6200000E+04     1   4.9997300E-01   2.0721194E-01   0.0000000E+00   2.5743873E+01   5.2843579E+01   0.0000000E+00   6.5530361E+01
  2.6200000E+04     2   8.8990207E-01   1.6640936E-01   0.0000000E+00   2.3986051E+02   3.8620184E+01   0.0000000E+00   7.9753756E+01
  2.6250000E+04     1   4.9996567E-01   2.0702081E-01   0.0000000E+00   1.8099713E+02   5.2997581E+01   0.0000000E+00   3.1223063E+02
  2.6250000E+04     2   8.8994918E-01   1.6646625E-01   0.0000000E+00   8.0960381E+01   3.8651084E+01   0.0000000E+00   3.2657713E+02
  2.6300000E+04     1   4.9997649E-01   2.0666963E-01   0.0000000E+00   3.3613770E+02   5.3222048E+01   0.0000000E+00   1.9893372E+02
  2.6300000E+04     2   8.8995910E-01   1.6662437E-01   0.0000000E+00   2.8209581E+02   3.8661952E+01   0.0000000E+00   2.1349382E+02
  2.6350000E+04     1   4.9997781E-01   2.0655278E-01   0.0000000E+00   1.3127213E+02   5.3445462E+01   0.0000000E+00   8.5644008E+01
  2.6350000E+04     2   8.8998832E-01   1.6666204E-01   0.0000000E+00   1.2318131E+02   3.8722226E+01   0.0000000E+00   1.0036724E+02
  2.6400000E+04     1   4.9997304E-01   2.0640677E-01   0.0000000E+00   2.8651830E+02   5.3614546E+01   0.0000000E+00   3.3231168E+02
  2.6400000E+04     2   8.9001273E-01   1.6681153E-01   0.0000000E+00   3.2429659E+02   3.8732942E+01   0.0000000E+00   3.4719328E+02
  2.6450000E+04     1   4.9998390E-01   2.0603237E-01   0.0000000E+00   8.1708824E+01   5.3796383E+01   0.0000000E+00   2.1903961E+02
  2.6450000E+04     2   8.8995191E-01   1.6685688E-01   0.0000000E+00   1.6537670E+02   3.8793902E+01   0.0000000E+00   2.3404209E+02
  2.6500000E+04     1   4.9997430E-01   2.0586220E-01   0.0000000E+00   2.3681443E+02   5.4036747E+01   0.0000000E+00   1.0575930E+02
  2.6500000E+04     2   8.8992051E-01   1.6700551E-01   0.0000000E+00   6.5148731E+00   3.8808737E+01   0.0000000E+00   1.2098731E+02
  2.6550000E+04     1   4.9995823E-01   2.0576637E-01   0.0000000E+00   3.2035418E+01   5.4218815E+01   0.0000000E+00   3.5243562E+02
  2.6550000E+04     2   8.8993354E-01   1.6712169E-01   0.0000000E+00   2.0759776E+02   3.8856576E+01   0.0000000E+00   7.7978577E+00
  2.6600000E+04     1   4.9998445E-01   2.0536092E-01   0.0000000E+00   1.8724037E+02   5.4401495E+01   0.0000000E+00   2.3914329E+02
  2.6600000E+04     2   8.8989754E-01   1.6720628E-01   0.0000000E+00   4.8701824E+01   3.8891497E+01   0.0000000E+00   2.5465329E+02
  2.6650000E+04     1   4.9998180E-01   2.0516058E-01   0.0000000E+00   3.4235403E+02   5.4634564E+01   0.0000000E+00   1.2587076E+02
  2.6650000E+04     2   8.8991493E-01   1.6732194E-01   0.0000000E+00   2.4982635E+02   3.8920610E+01   0.0000000E+00   1.4158471E+02
  2.6700000E+04     1   4.9995612E-01   2.0507598E-01   0.0000000E+00   1.3756532E+02   5.4810247E+01   0.0000000E+00   1.2579426E+01
  2.6700000E+04     2   8.8999642E-01   1.6739273E-01   0.0000000E+00   9.0910286E+01   3.8972333E+01   0.0000000E+00   2.8417340E+01
  2.6750000E+04     1   4.9998762E-01   2.0468581E-01   0.0000000E+00   2.9278526E+02   5.4985837E+01   0.0000000E+00   2.5927559E+02
  2.6750000E+04     2   8.8999795E-01   1.6757614E-01   0.0000000E+00   2.9202987E+02   3.8986397E+01   0.0000000E+00   2.7527503E+02
  2.6800000E+04     1   4.9999172E-01   2.0440797E-01   0.0000000E+00   8.7913687E+01   5.5217272E+01   0.0000000E+00   1.4597492E+02
  2.6800000E+04     2   8.8996681E-01   1.6761330E-01   0.0000000E+00   1.3310718E+02   3.9054391E+01   0.0000000E+00   1.6213780E+02
  2.6850000E+04     1   4.9995836E-01   2.0430705E-01   0.0000000E+00   2.4308897E+02   5.5418706E+01   0.0000000E+00   3.2678397E+01
  2.6850000E+04     2   8.8998121E-01   1.6776391E-01   0.0000000E+00   3.3423957E+02   3.9062814E+01   0.0000000E+00   4.9034289E+01
  2.6900000E+04     1   4.9997060E-01   2.0404443E-01   0.0000000E+00   3.8340034E+01   5.5570150E+01   0.0000000E+00   2.7938434E+02
  2.6900000E+04     2   8.8993391E-01   1.6785525E-01   0.0000000E+00   1.7531200E+02   3.9120338E+01   0.0000000E+00   2.9583415E+02
  2.6950000E+04     1   4.9998801E-01   2.0369676E-01   0.0000000E+00   1.9346047E+02   5.5804355E+01   0.0000000E+00   1.6609784E+02
  2.6950000E+04     2   8.8988331E-01   1.6796919E-01   0.0000000E+00   1.6434396E+01   3.9149115E+01   0.0000000E+00   1.8275308E+02
  2.7000000E+04     1   4.9996729E-01   2.0356269E-01   0.0000000E+00   3.4862098E+02   5.6015358E+01   0.0000000E+00   5.2803786E+01
  2.7000000E+04     2   8.8991698E-01   1.6812283E-01   0.0000000E+00   2.1753272E+02   3.9195022E+01   0.0000000E+00   6.9624122E+01
  2.7050000E+04     1   4.9996864E-01   2.0328250E-01   0.0000000E+00   1.4387764E+02   5.6163940E+01   0.0000000E+00   2.9951036E+02
  2.7050000E+04     2   8.8994835E-01   1.6819091E-01   0.0000000E+00   5.8614842E+01   3.9243095E+01   0.0000000E+00   3.1643120E+02
  2.7100000E+04     1   4.9997980E-01   2.0292171E-01   0.0000000E+00   2.9900338E+02   5.6394015E+01   0.0000000E+00   1.8622289E+02
  2.7100000E+04     2   8.8996638E-01   1.6832992E-01   0.0000000E+00   2.5975891E+02   3.9248240E+01   0.0000000E+00   2.0336867E+02
  2.7150000E+04     1   4.9997839E-01   2.0277715E-01   0.0000000E+00   9.4150746E+01   5.6611970E+01   0.0000000E+00   7.2925807E+01
  2.7150000E+04     2   8.8999966E-01   1.6842952E-01   0.0000000E+00   1.0082845E+02   3.9321801E+01   0.0000000E+00   9.0215976E+01
  2.7200000E+04     1   4.9996830E-01   2.0257644E-01   0.0000000E+00   2.4940470E+02   5.6773441E+01   0.0000000E+00   3.1960111E+02
  2.7200000E+04     2   8.9000663E-01   1.6855485E-01   0.0000000E+00   3.0194323E+02   3.9333114E+01   0.0000000E+00   3.3704144E+02
  2.7250000E+04     1   4.9998418E-01   2.0214012E-01   0.0000000E+00   4.4580658E+01   5.6960558E+01   0.0000000E+00   2.0633846E+02
  2.7250000E+04     2   8.8993927E-01   1.6865936E-01   0.0000000E+00   1.4301612E+02   3.9403994E+01   0.0000000E+00   2.2389502E+02
  2.7300000E+04     1   4.9997418E-01   2.0196873E-01   0.0000000E+00   1.9970099E+02   5.7190076E+01   0.0000000E+00   9.3063721E+01
  2.7300000E+04     2   8.8992104E-01   1.6878517E-01   0.0000000E+00   3.4414921E+02   3.9423218E+01   0.0000000E+00   1.1083058E+02
  2.7350000E+04     1   4.9996079E-01   2.0182040E-01   0.0000000E+00   3.5493569E+02   5.7360094E+01   0.0000000E+00   3.3975090E+02
  2.7350000E+04     2   8.8992250E-01   1.6894048E-01   0.0000000E+00   1.8523192E+02   3.9471468E+01   0.0000000E+00   3.5763953E+02
  2.7400000E+04     1   4.9998337E-01   2.0136789E-01   0.0000000E+00   1.5012232E+02   5.7554649E+01   0.0000000E+00   2.2645560E+02
  2.7400000E+04     2   8.8989901E-01   1.6903182E-01   0.0000000E+00   2.6326341E+01   3.9517268E+01   0.0000000E+00   2.4449298E+02
  2.7450000E+04     1   4.9997768E-01   2.0115129E-01   0.0000000E+00   3.0524528E+02   5.7779942E+01   0.0000000E+00   1.1318788E+02
  2.7450000E+04     2   8.8993769E-01   1.6913752E-01   0.0000000E+00   2.2744926E+02   3.9547264E+01   0.0000000E+00   1.3142056E+02
  2.7500000E+04     1   4.9996083E-01   2.0099949E-01   0.0000000E+00   1.0047375E+02   5.7941804E+01   0.0000000E+00   3.5990417E+02
  2.7500000E+04     2   8.9000010E-01   1.6925289E-01   0.0000000E+00   6.8517009E+01   3.9613757E+01   0.0000000E+00   1.8232219E+01
  2.7550000E+04     1   4.9999655E-01   2.0056740E-01   0.0000000E+00   2.5568468E+02   5.8121947E+01   0.0000000E+00   2.4660300E+02
  2.7550000E+04     2   8.8998239E-01   1.6941025E-01   0.0000000E+00   2.6963805E+02   3.9627737E+01   0.0000000E+00   2.6509721E+02
  2.7600000E+04     1   4.9998136E-01   2.0026651E-01   0.0000000E+00   5.0810946E+01   5.8352390E+01   0.0000000E+00   1.3330782E+02
  2.7600000E+04     2   8.8997507E-01   1.6951730E-01   0.0000000E+00   1.1070482E+02   3.9706950E+01   0.0000000E+00   1.5195326E+02
  2.7650000E+04     1   4.9995719E-01   2.0011907E-01   0.0000000E+00   2.0600155E+02   5.8546003E+01   0.0000000E+00   2.0007289E+01
  2.7650000E+04     2   8.8997961E-01   1.6964962E-01   0.0000000E+00   3.1183280E+02   3.9717618E+01   0.0000000E+00   3.8835674E+01
  2.7700000E+04     1   4.9997799E-01   1.9977483E-01   0.0000000E+00   1.2502066E+00   5.8693189E+01   0.0000000E+00   2.6672989E+02
  2.7700000E+04     2   8.8990617E-01   1.6979003E-01   0.0000000E+00   1.5290582E+02   3.9777414E+01   0.0000000E+00   2.8564566E+02
  2.7750000E+04     1   4.9998679E-01   1.9943000E-01   0.0000000E+00   1.5636428E+02   5.8928583E+01   0.0000000E+00   1.5345023E+02
  2.7750000E+04     2   8.8988459E-01   1.6988964E-01   0.0000000E+00   3.5401945E+02   3.9816386E+01   0.0000000E+00   1.7256243E+02
  2.7800000E+04     1   4.9996112E-01   1.9927143E-01   0.0000000E+00   3.1154006E+02   5.9132447E+01   0.0000000E+00   4.0150086E+01
  2.7800000E+04     2   8.8993991E-01   1.7004856E-01   0.0000000E+00   1.9511907E+02   3.9858445E+01   0.0000000E+00   5.9424089E+01
  2.7850000E+04     1   4.9996979E-01   1.9889986E-01   0.0000000E+00   1.0679560E+02   5.9277209E+01   0.0000000E+00   2.8686768E+02
  2.7850000E+04     2   8.8995099E-01   1.7015878E-01   0.0000000E+00   3.6184560E+01   3.9924288E+01   0.0000000E+00   3.0622060E+02
  2.7900000E+04     1   4.9998410E-01   1.9853576E-01   0.0000000E+00   2.6191331E+02   5.9509218E+01   0.0000000E+00   1.7358757E+02
  2.7900000E+04     2   8.8996581E-01   1.7026785E-01   0.0000000E+00   2.3732716E+02   3.9932502E+01   0.0000000E+00   1.9316428E+02
  2.7950000E+04     1   4.9997716E-01   1.9836845E-01   0.0000000E+00   5.7076122E+01   5.9719825E+01   0.0000000E+00   6.0283886E+01
  2.7950000E+04     2   8.9001297E-01   1.7043051E-01   0.0000000E+00   7.8388966E+01   4.0010863E+01   0.0000000E+00   7.9992848E+01
  2.8000000E+04     1   4.9996630E-01   1.9811294E-01   0.0000000E+00   2.1233496E+02   5.9871315E+01   0.0000000E+00   3.0697833E+02
  2.8000000E+04     2   8.8999964E-01   1.7052363E-01   0.0000000E+00   2.7949936E+02   4.0028601E+01   0.0000000E+00   3.2682105E+02
  2.8050000E+04     1   4.9998511E-01   1.9762622E-01   0.0000000E+00   7.4955125E+00   6.0068415E+01   0.0000000E+00   1.9371476E+02
  2.8050000E+04     2   8.8991946E-01   1.7068959E-01   0.0000000E+00   1.2057437E+02   4.0099181E+01   0.0000000E+00   2.1368400E+02
  2.8100000E+04     1   4.9997432E-01   1.9743403E-01   0.0000000E+00   1.6263550E+02   6.0283063E+01   0.0000000E+00   8.0446837E+01
  2.8100000E+04     2   8.8992047E-01   1.7078984E-01   0.0000000E+00   3.2169045E+02   4.0133780E+01   0.0000000E+00   1.0059612E+02
  2.8150000E+04     1   4.9996418E-01   1.9722297E-01   0.0000000E+00   3.1788340E+02   6.0439334E+01   0.0000000E+00   3.2715084E+02
  2.8150000E+04     2   8.8992094E-01   1.7095708E-01   0.0000000E+00   1.6277585E+02   4.0180605E+01   0.0000000E+00   3.4740957E+02
  2.8200000E+04     1   4.9998169E-01   1.9674678E-01   0.0000000E+00   1.1305460E+02   6.0644009E+01   0.0000000E+00   2.1385251E+02
  2.8200000E+04     2   8.8990063E-01   1.7107492E-01   0.0000000E+00   3.8604644E+00   4.0237098E+01   0.0000000E+00   2.3425942E+02
  2.8250000E+04     1   4.9997392E-01   1.9650483E-01   0.0000000E+00   2.6818774E+02   6.0860685E+01   0.0000000E+00   1.0058943E+02
  2.8250000E+04     2   8.8995368E-01   1.7117342E-01   0.0000000E+00   2.0497375E+02   4.0275522E+01   0.0000000E+00   1.2117460E+02
  2.8300000E+04     1   4.9996882E-01   1.9628085E-01   0.0000000E+00   6.3432077E+01   6.1010980E+01   0.0000000E+00   3.4731026E+02
  2.8300000E+04     2   8.9000473E-01   1.7133787E-01   0.0000000E+00   4.6032543E+01   4.0349607E+01   0.0000000E+00   7.9716364E+00
  2.8350000E+04     1   5.0000037E-01   1.9581328E-01   0.0000000E+00   2.1863540E+02   6.1193367E+01   0.0000000E+00   2.3401563E+02
  2.8350000E+04     2   8.8996993E-01   1.7146135E-01   0.0000000E+00   2.4714932E+02   4.0369560E+01   0.0000000E+00   2.5483944E+02
  2.8400000E+04     1   4.9997271E-01   1.9549359E-01   0.0000000E+00   1.3756913E+01   6.1423874E+01   0.0000000E+00   1.2072767E+02
  2.8400000E+04     2   8.8997445E-01   1.7164042E-01   0.0000000E+00   8.8218172E+01   4.0447994E+01   0.0000000E+00   1.4170355E+02
  2.8450000E+04     1   4.9995515E-01   1.9530782E-01   0.0000000E+00   1.6896529E+02   6.1609117E+01   0.0000000E+00   7.4198501E+00
  2.8450000E+04     2   8.8997897E-01   1.7174628E-01   0.0000000E+00   2.8933276E+02   4.0468926E+01   0.0000000E+00   2.8560041E+01
  2.8500000E+04     1   4.9998373E-01   1.9487374E-01   0.0000000E+00   3.2420798E+02   6.1753129E+01   0.0000000E+00   2.5416385E+02
  2.8500000E+04     2   8.8988898E-01   1.7191280E-01   0.0000000E+00   1.3040984E+02   4.0529204E+01   0.0000000E+00   2.7538778E+02
  2.8550000E+04     1   4.9998579E-01   1.9453316E-01   0.0000000E+00   1.1932068E+02   6.1986637E+01   0.0000000E+00   1.4088957E+02
  2.8550000E+04     2   8.8988476E-01   1.7201535E-01   0.0000000E+00   3.3151027E+02   4.0581495E+01   0.0000000E+00   1.6229471E+02
  2.8600000E+04     1   4.9995651E-01   1.9435821E-01   0.0000000E+00   2.7451512E+02   6.2178731E+01   0.0000000E+00   2.7588910E+01
  2.8600000E+04     2   8.8995822E-01   1.7216596E-01   0.0000000E+00   1.7260630E+02   4.0624448E+01   0.0000000E+00   4.9143193E+01
  2.8650000E+04     1   4.9996834E-01   1.9389304E-01   0.0000000E+00   6.9762373E+01   6.2323420E+01   0.0000000E+00   2.7432130E+02
  2.8650000E+04     2   8.8996039E-01   1.7233547E-01   0.0000000E+00   1.3664493E+01   4.0700764E+01   0.0000000E+00   2.9594396E+02
  2.8700000E+04     1   4.9998824E-01   1.9352976E-01   0.0000000E+00   2.2488202E+02   6.2553110E+01   0.0000000E+00   1.6104268E+02
  2.8700000E+04     2   8.8996367E-01   1.7240892E-01   0.0000000E+00   2.1479616E+02   4.0719299E+01   0.0000000E+00   1.8287649E+02
  2.8750000E+04     1   4.9996919E-01   1.9333355E-01   0.0000000E+00   2.0064520E+01   6.2749933E+01   0.0000000E+00   4.7742281E+01
  2.8750000E+04     2   8.9002481E-01   1.7262646E-01   0.0000000E+00   5.5857076E+01   4.0796258E+01   0.0000000E+00   6.9695956E+01
  2.8800000E+04     1   4.9996650E-01   1.9302161E-01   0.0000000E+00   1.7532544E+02   6.2891977E+01   0.0000000E+00   2.9445930E+02
  2.8800000E+04     2   8.8999027E-01   1.7268685E-01   0.0000000E+00   2.5695682E+02   4.0827527E+01   0.0000000E+00   3.1652375E+02
  2.8850000E+04     1   4.9998638E-01   1.9250956E-01   0.0000000E+00   3.3047279E+02   6.3100644E+01   0.0000000E+00   1.8118851E+02
  2.8850000E+04     2   8.8990011E-01   1.7288878E-01   0.0000000E+00   9.8039967E+01   4.0891324E+01   0.0000000E+00   2.0339783E+02
  2.8900000E+04     1   4.9997393E-01   1.9227639E-01   0.0000000E+00   1.2563129E+02   6.3300557E+01   0.0000000E+00   6.7927173E+01
  2.8900000E+04     2   8.8991869E-01   1.7298995E-01   0.0000000E+00   2.9913200E+02   4.0947782E+01   0.0000000E+00   9.0279947E+01
  2.8950000E+04     1   4.9996805E-01   1.9199311E-01   0.0000000E+00   2.8089211E+02   6.3443243E+01   0.0000000E+00   3.1464695E+02
  2.8950000E+04     2   8.8992241E-01   1.7315230E-01   0.0000000E+00   1.4021663E+02   4.0996147E+01   0.0000000E+00   3.3709405E+02
  2.9000000E+04     1   4.9998043E-01   1.9150666E-01   0.0000000E+00   7.6051908E+01   6.3653357E+01   0.0000000E+00   2.0135302E+02
  2.9000000E+04     2   8.8990293E-01   1.7330255E-01   0.0000000E+00   3.4129674E+02   4.1059086E+01   0.0000000E+00   2.2394729E+02
  2.9050000E+04     1   4.9996998E-01   1.9123609E-01   0.0000000E+00   2.3119450E+02   6.3862659E+01   0.0000000E+00   8.8092172E+01
  2.9050000E+04     2   8.8996679E-01   1.7340325E-01   0.0000000E+00   1.8239765E+02   4.1108344E+01   0.0000000E+00   1.1084649E+02
  2.9100000E+04     1   4.9998180E-01   1.9094788E-01   0.0000000E+00   2.6455099E+01   6.4002883E+01   0.0000000E+00   3.3481261E+02
  2.9100000E+04     2   8.9000931E-01   1.7360929E-01   0.0000000E+00   2.3453824E+01   4.1182911E+01   0.0000000E+00   3.5763258E+02
  2.9150000E+04     1   4.9999965E-01   1.9043983E-01   0.0000000E+00   1.8164969E+02   6.4185024E+01   0.0000000E+00   2.2153344E+02
  2.9150000E+04     2   8.8996222E-01   1.7369901E-01   0.0000000E+00   2.2455999E+02   4.1216601E+01   0.0000000E+00   2.4450187E+02
  2.9200000E+04     1   4.9996712E-01   1.9011740E-01   0.0000000E+00   3.3676850E+02   6.4415247E+01   0.0000000E+00   1.0825148E+02
  2.9200000E+04     2   8.8996402E-01   1.7392419E-01   0.0000000E+00   6.5641263E+01   4.1283972E+01   0.0000000E+00   1.3138275E+02
  2.9250000E+04     1   4.9995381E-01   1.8989818E-01   0.0000000E+00   1.3199736E+02   6.4587828E+01   0.0000000E+00   3.5494197E+02
  2.9250000E+04     2   8.8997553E-01   1.7401335E-01   0.0000000E+00   2.6673364E+02   4.1323847E+01   0.0000000E+00   1.8205947E+01
  2.9300000E+04     1   4.9998642E-01   1.8937006E-01   0.0000000E+00   2.8722654E+02   6.4734298E+01   0.0000000E+00   2.4170473E+02
  2.9300000E+04     2   8.8988495E-01   1.7419273E-01   0.0000000E+00   1.0781274E+02   4.1387192E+01   0.0000000E+00   2.6505184E+02
  2.9350000E+04     1   4.9998485E-01   1.8903861E-01   0.0000000E+00   8.2347547E+01   6.4961237E+01   0.0000000E+00   1.2843262E+02
  2.9350000E+04     2   8.8988421E-01   1.7430927E-01   0.0000000E+00   3.0890064E+02   4.1450683E+01   0.0000000E+00   1.5194317E+02
  2.9400000E+04     1   4.9995496E-01   1.8883969E-01   0.0000000E+00   2.3756437E+02   6.5134089E+01   0.0000000E+00   1.5144959E+01
  2.9400000E+04     2   8.8996857E-01   1.7444751E-01   0.0000000E+00   1.4998972E+02   4.1499032E+01   0.0000000E+00   3.8780015E+01
  2.9450000E+04     1   4.9996529E-01   1.8829095E-01   0.0000000E+00   3.2796352E+01   6.5285390E+01   0.0000000E+00   2.6188656E+02
  2.9450000E+04     2   8.8997831E-01   1.7467864E-01   0.0000000E+00   3.5105150E+02   4.1575353E+01   0.0000000E+00   2.8559660E+02
  2.9500000E+04     1   4.9999206E-01   1.8792653E-01   0.0000000E+00   1.8792879E+02   6.5506684E+01   0.0000000E+00   1.4860725E+02
  2.9500000E+04     2   8.8996219E-01   1.7471503E-01   0.0000000E+00   1.9216158E+02   4.1613120E+01   0.0000000E+00   1.7250081E+02
  2.9550000E+04     1   4.9996143E-01   1.8768725E-01   0.0000000E+00   3.4312896E+02   6.5686843E+01   0.0000000E+00   3.5321836E+01
  2.9550000E+04     2   8.9002292E-01   1.7496552E-01   0.0000000E+00   3.3229767E+01   4.1682473E+01   0.0000000E+00   5.9326206E+01
  2.9600000E+04     1   4.9996841E-01   1.8731597E-01   0.0000000E+00   1.3839419E+02   6.5819242E+01   0.0000000E+00   2.8205749E+02
  2.9600000E+04     2   8.8997819E-01   1.7501263E-01   0.0000000E+00   2.3431053E+02   4.1734552E+01   0.0000000E+00   3.0614218E+02
  2.9650000E+04     1   4.9998709E-01   1.8680238E-01   0.0000000E+00   2.9353252E+02   6.6035892E+01   0.0000000E+00   1.6878263E+02
  2.9650000E+04     2   8.8989066E-01   1.7522222E-01   0.0000000E+00   7.5398799E+01   4.1794671E+01   0.0000000E+00   1.9302385E+02
  2.9700000E+04     1   4.9997199E-01   1.8651952E-01   0.0000000E+00   8.8706474E+01   6.6225101E+01   0.0000000E+00   5.5521940E+01
  2.9700000E+04     2   8.8991660E-01   1.7535419E-01   0.0000000E+00   2.7647093E+02   4.1868376E+01   0.0000000E+00   7.9878665E+01
  2.9750000E+04     1   4.9997206E-01   1.8616052E-01   0.0000000E+00   2.4398120E+02   6.6354291E+01   0.0000000E+00   3.0225474E+02
  2.9750000E+04     2   8.8992241E-01   1.7550187E-01   0.0000000E+00   1.1755115E+02   4.1921113E+01   0.0000000E+00   3.2668792E+02
  2.9800000E+04     1   4.9997946E-01   1.8566494E-01   0.0000000E+00   3.9130209E+01   6.6565593E+01   0.0000000E+00   1.8897707E+02
  2.9800000E+04     2   8.8991029E-01   1.7568300E-01   0.0000000E+00   3.1863269E+02   4.1986537E+01   0.0000000E+00   2.1355613E+02
  2.9850000E+04     1   4.9996575E-01   1.8537527E-01   0.0000000E+00   1.9428302E+02   6.6768835E+01   0.0000000E+00   7.5713222E+01
  2.9850000E+04     2   8.8998008E-01   1.7578623E-01   0.0000000E+00   1.5972042E+02   4.2046535E+01   0.0000000E+00   1.0043552E+02
  2.9900000E+04     1   4.9999848E-01   1.8503276E-01   0.0000000E+00   3.4956119E+02   6.6896470E+01   0.0000000E+00   3.2243754E+02
  2.9900000E+04     2   8.9000625E-01   1.7601131E-01   0.0000000E+00   7.8023939E-01   4.2115596E+01   0.0000000E+00   3.4721841E+02
  2.9950000E+04     1   4.9999517E-01   1.8447619E-01   0.0000000E+00   1.4474225E+02   6.7079627E+01   0.0000000E+00   2.0917885E+02
  2.9950000E+04     2   8.8995962E-01   1.7608676E-01   0.0000000E+00   2.0186953E+02   4.2170650E+01   0.0000000E+00   2.3408783E+02
  3.0000000E+04     1   4.9996403E-01   1.8416782E-01   0.0000000E+00   2.9987063E+02   6.7303527E+01   0.0000000E+00   9.5899220E+01
  3.0000000E+04     2   8.8995524E-01   1.7632029E-01   0.0000000E+00   4.2960782E+01   4.2227669E+01   0.0000000E+00   1.2097508E+02
  3.0050000E+04     1   4.9995510E-01   1.8390862E-01   0.0000000E+00   9.5119903E+01   6.7457823E+01   0.0000000E+00   3.4260253E+02
  3.0050000E+04     2   8.8996544E-01   1.7641395E-01   0.0000000E+00   2.4403077E+02   4.2288270E+01   0.0000000E+00   7.7720809E+00
  3.0100000E+04     1   4.9998640E-01   1.8330361E-01   0.0000000E+00   2.5032976E+02   6.7615227E+01   0.0000000E+00   2.2937019E+02
  3.0100000E+04     2   8.8988718E-01   1.7660156E-01   0.0000000E+00   8.5111463E+01   4.2353740E+01   0.0000000E+00   2.5463168E+02
  3.0150000E+04     1   4.9998394E-01   1.8297750E-01   0.0000000E+00   4.5469484E+01   6.7827694E+01   0.0000000E+00   1.1610523E+02
  3.0150000E+04     2   8.8988505E-01   1.7673425E-01   0.0000000E+00   2.8618756E+02   4.2427489E+01   0.0000000E+00   1.4150543E+02
  3.0200000E+04     1   4.9995664E-01   1.8273171E-01   0.0000000E+00   2.0070727E+02   6.7976426E+01   0.0000000E+00   2.8459109E+00
  3.0200000E+04     2   8.8997251E-01   1.7685910E-01   0.0000000E+00   1.2726761E+02   4.2485405E+01   0.0000000E+00   2.8336932E+01
  3.0250000E+04     1   4.9996436E-01   1.8213118E-01   0.0000000E+00   3.5592315E+02   6.8139581E+01   0.0000000E+00   2.4958338E+02
  3.0250000E+04     2   8.8999769E-01   1.7713002E-01   0.0000000E+00   3.2834225E+02   4.2550594E+01   0.0000000E+00   2.7517237E+02
  3.0300000E+04     1   4.9999496E-01   1.8174910E-01   0.0000000E+00   1.5107488E+02   6.8346727E+01   0.0000000E+00   1.3630834E+02
  3.0300000E+04     2   8.8996264E-01   1.7714906E-01   0.0000000E+00   1.6942072E+02   4.2617616E+01   0.0000000E+00   1.6203745E+02
  3.0350000E+04     1   4.9995886E-01   1.8145911E-01   0.0000000E+00   3.0629166E+02   6.8511865E+01   0.0000000E+00   2.3036067E+01
  3.0350000E+04     2   8.9001209E-01   1.7740675E-01   0.0000000E+00   1.0497644E+01   4.2678085E+01   0.0000000E+00   4.8869847E+01
  3.0400000E+04     1   4.9997178E-01   1.8102596E-01   0.0000000E+00   1.0156423E+02   6.8633778E+01   0.0000000E+00   2.6978630E+02
  3.0400000E+04     2   8.8996312E-01   1.7746525E-01   0.0000000E+00   2.1155775E+02   4.2751297E+01   0.0000000E+00   2.9566878E+02
  3.0450000E+04     1   4.9998654E-01   1.8052146E-01   0.0000000E+00   2.5669485E+02   6.8852158E+01   0.0000000E+00   1.5652206E+02
  3.0450000E+04     2   8.8988877E-01   1.7767075E-01   0.0000000E+00   5.2648627E+01   4.2811988E+01   0.0000000E+00   1.8256223E+02
  3.0500000E+04     1   4.9996806E-01   1.8020071E-01   0.0000000E+00   5.1881883E+01   6.9035379E+01   0.0000000E+00   4.3254255E+01
  3.0500000E+04     2   8.8991562E-01   1.7784378E-01   0.0000000E+00   2.5370902E+02   4.2894432E+01   0.0000000E+00   6.9395202E+01
  3.0550000E+04     1   4.9997542E-01   1.7976022E-01   0.0000000E+00   2.0716832E+02   6.9149595E+01   0.0000000E+00   2.9000721E+02
  3.0550000E+04     2   8.8992186E-01   1.7796858E-01   0.0000000E+00   9.4781144E+01   4.2956215E+01   0.0000000E+00   3.1620059E+02
  3.0600000E+04     1   4.9997769E-01   1.7925608E-01   0.0000000E+00   2.3067364E+00   6.9361088E+01   0.0000000E+00   1.7674854E+02
  3.0600000E+04     2   8.8992785E-01   1.7817265E-01   0.0000000E+00   2.9587136E+02   4.3017371E+01   0.0000000E+00   2.0309226E+02
  3.0650000E+04     1   4.9996273E-01   1.7896448E-01   0.0000000E+00   1.5747967E+02   6.9554979E+01   0.0000000E+00   6.3473427E+01
  3.0650000E+04     2   8.8999311E-01   1.7827424E-01   0.0000000E+00   1.3694030E+02   4.3091230E+01   0.0000000E+00   8.9937176E+01
  3.0700000E+04     1   5.0000531E-01   1.7855659E-01   0.0000000E+00   3.1277169E+02   6.9668172E+01   0.0000000E+00   3.1021339E+02
  3.0700000E+04     2   8.8999799E-01   1.7849290E-01   0.0000000E+00   3.3800559E+02   4.3155127E+01   0.0000000E+00   3.3672644E+02
  3.0750000E+04     1   4.9998858E-01   1.7796713E-01   0.0000000E+00   1.0793954E+02   6.9853864E+01   0.0000000E+00   1.9696995E+02
  3.0750000E+04     2   8.8996028E-01   1.7858114E-01   0.0000000E+00   1.7907683E+02   4.3231780E+01   0.0000000E+00   2.2359203E+02
  3.0800000E+04     1   4.9996379E-01   1.7767238E-01   0.0000000E+00   2.6308992E+02   7.0060093E+01   0.0000000E+00   8.3702377E+01
  3.0800000E+04     2   8.8994996E-01   1.7879761E-01   0.0000000E+00   2.0171042E+01   4.3285199E+01   0.0000000E+00   1.1047727E+02
  3.0850000E+04     1   4.9995971E-01   1.7735755E-01   0.0000000E+00   5.8353575E+01   7.0192918E+01   0.0000000E+00   3.3043814E+02
  3.0850000E+04     2   8.8994705E-01   1.7891647E-01   0.0000000E+00   2.2122452E+02   4.3364260E+01   0.0000000E+00   3.5726680E+02
  3.0900000E+04     1   4.9998524E-01   1.7671621E-01   0.0000000E+00   2.1354850E+02   7.0365985E+01   0.0000000E+00   2.1718935E+02
  3.0900000E+04     2   8.8989038E-01   1.7909679E-01   0.0000000E+00   6.2305291E+01   4.3429619E+01   0.0000000E+00   2.4412572E+02
  3.0950000E+04     1   4.9998258E-01   1.7637335E-01   0.0000000E+00   8.7137779E+00   7.0556920E+01   0.0000000E+00   1.0394022E+02
  3.0950000E+04     2   8.8989343E-01   1.7924881E-01   0.0000000E+00   2.6337258E+02   4.3511342E+01   0.0000000E+00   1.3098579E+02
  3.1000000E+04     1   4.9996029E-01   1.7606050E-01   0.0000000E+00   1.6397349E+02   7.0682479E+01   0.0000000E+00   3.5070419E+02
  3.1000000E+04     2   8.8997372E-01   1.7936591E-01   0.0000000E+00   1.0443768E+02   4.3583644E+01   0.0000000E+00   1.7803028E+01
  3.1050000E+04     1   4.9996915E-01   1.7544747E-01   0.0000000E+00   3.1918076E+02   7.0853681E+01   0.0000000E+00   2.3743422E+02
  3.1050000E+04     2   8.9000282E-01   1.7962972E-01   0.0000000E+00   3.0552538E+02   4.3635796E+01   0.0000000E+00   2.6465211E+02
  3.1100000E+04     1   4.9999397E-01   1.7502610E-01   0.0000000E+00   1.1434341E+02   7.1047029E+01   0.0000000E+00   1.2417769E+02
  3.1100000E+04     2   8.8996801E-01   1.7967664E-01   0.0000000E+00   1.4657425E+02   4.3733329E+01   0.0000000E+00   1.5149139E+02
  3.1150000E+04     1   4.9995748E-01   1.7469048E-01   0.0000000E+00   2.6957446E+02   7.1201846E+01   0.0000000E+00   1.0910051E+01
  3.1150000E+04     2   8.9000519E-01   1.7992359E-01   0.0000000E+00   3.4765896E+02   4.3785143E+01   0.0000000E+00   3.8326754E+01
  3.1200000E+04     1   4.9997629E-01   1.7419322E-01   0.0000000E+00   6.4853545E+01   7.1310003E+01   0.0000000E+00   2.5768498E+02
  3.1200000E+04     2   8.8994424E-01   1.8000776E-01   0.0000000E+00   1.8870221E+02   4.3877054E+01   0.0000000E+00   2.8511793E+02
  3.1250000E+04     1   4.9998404E-01   1.7370054E-01   0.0000000E+00   2.1998168E+02   7.1525679E+01   0.0000000E+00   1.4443413E+02
  3.1250000E+04     2   8.8989170E-01   1.8020122E-01   0.0000000E+00   2.9794177E+01   4.3939407E+01   0.0000000E+00   1.7202040E+02
  3.1300000E+04     1   4.9996322E-01   1.7336865E-01   0.0000000E+00   1.5191591E+01   7.1701605E+01   0.0000000E+00   3.1147240E+01
  3.1300000E+04     2   8.8991861E-01   1.8040501E-01   0.0000000E+00   2.3084862E+02   4.4022405E+01   0.0000000E+00   5.8826440E+01
  3.1350000E+04     1   4.9997652E-01   1.7283301E-01   0.0000000E+00   1.7048093E+02   7.1801868E+01   0.0000000E+00   2.7793174E+02
  3.1350000E+04     2   8.8992392E-01   1.8051357E-01   0.0000000E+00   7.1907754E+01   4.4100453E+01   0.0000000E+00   3.0563316E+02
  3.1400000E+04     1   4.9997552E-01   1.7233547E-01   0.0000000E+00   3.2561298E+02   7.2012519E+01   0.0000000E+00   1.6468677E+02
  3.1400000E+04     2   8.8994817E-01   1.8070976E-01   0.0000000E+00   2.7300926E+02   4.4153132E+01   0.0000000E+00   1.9254616E+02
  3.1450000E+04     1   4.9996396E-01   1.7204686E-01   0.0000000E+00   1.2081132E+02   7.2187816E+01   0.0000000E+00   5.1417433E+01
  3.1450000E+04     2   8.9000290E-01   1.8082001E-01   0.0000000E+00   1.1405783E+02   4.4244363E+01   0.0000000E+00   7.9360887E+01
  3.1500000E+04     1   5.0000098E-01   1.7156897E-01   0.0000000E+00   2.7610355E+02   7.2289306E+01   0.0000000E+00   2.9818960E+02
  3.1500000E+04     2   8.8999237E-01   1.8102038E-01   0.0000000E+00   3.1512916E+02   4.4306719E+01   0.0000000E+00   3.2617219E+02
  3.1550000E+04     1   4.9998292E-01   1.7096456E-01   0.0000000E+00   7.1274677E+01   7.2474873E+01   0.0000000E+00   1.8493929E+02
  3.1550000E+04     2   8.8995893E-01   1.8113635E-01   0.0000000E+00   1.5618219E+02   4.4399662E+01   0.0000000E+00   2.1301450E+02
  3.1600000E+04     1   4.9996648E-01   1.7065704E-01   0.0000000E+00   2.2645882E+02   7.2652607E+01   0.0000000E+00   7.1692963E+01
  3.1600000E+04     2   8.8994431E-01   1.8132391E-01   0.0000000E+00   3.5727102E+02   4.4457482E+01   0.0000000E+00   9.9888088E+01
  3.1650000E+04     1   4.9996605E-01   1.7027637E-01   0.0000000E+00   2.1738574E+01   7.2765400E+01   0.0000000E+00   3.1845566E+02
  3.1650000E+04     2   8.8992450E-01   1.8148497E-01   0.0000000E+00   1.9831471E+02   4.4547812E+01   0.0000000E+00   3.4667325E+02
  3.1700000E+04     1   4.9998480E-01   1.6964257E-01   0.0000000E+00   1.7692707E+02   7.2948596E+01   0.0000000E+00   2.0518958E+02
  3.1700000E+04     2   8.8989101E-01   1.8163528E-01   0.0000000E+00   3.9390541E+01   4.4616382E+01   0.0000000E+00   2.3352179E+02
  3.1750000E+04     1   4.9997959E-01   1.6925475E-01   0.0000000E+00   3.3210538E+02   7.3118648E+01   0.0000000E+00   9.1976362E+01
  3.1750000E+04     2   8.8991198E-01   1.8180248E-01   0.0000000E+00   2.4045740E+02   4.4702113E+01   0.0000000E+00   1.2039290E+02
  3.1800000E+04     1   4.9996456E-01   1.6887613E-01   0.0000000E+00   1.2738603E+02   7.3224332E+01   0.0000000E+00   3.3875651E+02
  3.1800000E+04     2   8.8997586E-01   1.8192750E-01   0.0000000E+00   8.1504881E+01   4.4790723E+01   0.0000000E+00   7.1901175E+00
  3.1850000E+04     1   4.9997859E-01   1.6826323E-01   0.0000000E+00   2.8259407E+02   7.3391815E+01   0.0000000E+00   2.2549489E+02
  3.1850000E+04     2   8.8999300E-01   1.8215133E-01   0.0000000E+00   2.8259767E+02   4.4838631E+01   0.0000000E+00   2.5404808E+02
  3.1900000E+04     1   4.9998492E-01   1.6780313E-01   0.0000000E+00   7.7764144E+01   7.3578274E+01   0.0000000E+00   1.1224389E+02
  3.1900000E+04     2   8.8998145E-01   1.8226143E-01   0.0000000E+00   1.2362655E+02   4.4955737E+01   0.0000000E+00   1.4086643E+02
  3.1950000E+04     1   4.9995525E-01   1.6744600E-01   0.0000000E+00   2.3301951E+02   7.3724496E+01   0.0000000E+00   3.5895847E+02
  3.1950000E+04     2   8.9000302E-01   1.8247371E-01   0.0000000E+00   3.2471321E+02   4.5000279E+01   0.0000000E+00   2.7682688E+01
  3.2000000E+04     1   4.9998045E-01   1.6686808E-01   0.0000000E+00   2.8298202E+01   7.3816435E+01   0.0000000E+00   2.4577790E+02
  3.2000000E+04     2   8.8992252E-01   1.8260129E-01   0.0000000E+00   1.6574721E+02   4.5107277E+01   0.0000000E+00   2.7448705E+02
  3.2050000E+04     1   4.9998049E-01   1.6639776E-01   0.0000000E+00   1.8342786E+02   7.4025280E+01   0.0000000E+00   1.3254392E+02
  3.2050000E+04     2   8.8989663E-01   1.8276470E-01   0.0000000E+00   6.8385228E+00   4.5172648E+01   0.0000000E+00   1.6139655E+02
  3.2100000E+04     1   4.9995991E-01   1.6607292E-01   0.0000000E+00   3.3866111E+02   7.4183567E+01   0.0000000E+00   1.9266528E+01
  3.2100000E+04     2   8.8992776E-01   1.8296901E-01   0.0000000E+00   2.0789497E+02   4.5252415E+01   0.0000000E+00   4.8197680E+01
  3.2150000E+04     1   4.9997382E-01   1.6543864E-01   0.0000000E+00   1.3393655E+02   7.4278390E+01   0.0000000E+00   2.6608797E+02
  3.2150000E+04     2   8.8993169E-01   1.8309368E-01   0.0000000E+00   4.8940972E+01   4.5349679E+01   0.0000000E+00   2.9501668E+02
  3.2200000E+04     1   4.9997490E-01   1.6496510E-01   0.0000000E+00   2.8908931E+02   7.4480050E+01   0.0000000E+00   1.5283082E+02
  3.2200000E+04     2   8.8996020E-01   1.8324788E-01   0.0000000E+00   2.5004054E+02   4.5399575E+01   0.0000000E+00   1.8191130E+02
  3.2250000E+04     1   4.9997159E-01   1.6466138E-01   0.0000000E+00   8.4323219E+01   7.4627247E+01   0.0000000E+00   3.9576417E+01
  3.2250000E+04     2   8.9000751E-01   1.8338542E-01   0.0000000E+00   9.1070285E+01   4.5506780E+01   0.0000000E+00   6.8696884E+01
  3.2300000E+04     1   4.9999387E-01   1.6412469E-01   0.0000000E+00   2.3962020E+02   7.4717388E+01   0.0000000E+00   2.8637179E+02
  3.2300000E+04     2   8.8998775E-01   1.8355851E-01   0.0000000E+00   2.9214300E+02   4.5570386E+01   0.0000000E+00   3.1551879E+02
  3.2350000E+04     1   4.9998113E-01   1.6351835E-01   0.0000000E+00   3.4798087E+01   7.4899532E+01   0.0000000E+00   1.7311779E+02
  3.2350000E+04     2   8.8994857E-01   1.8370859E-01   0.0000000E+00   1.3318454E+02   4.5672933E+01   0.0000000E+00   2.0234439E+02
  3.2400000E+04     1   4.9996970E-01   1.6316080E-01   0.0000000E+00   1.9000080E+02   7.5047098E+01   0.0000000E+00   5.9923421E+01
  3.2400000E+04     2   8.8993872E-01   1.8386881E-01   0.0000000E+00   3.3426686E+02   4.5742347E+01   0.0000000E+00   8.9228172E+01
  3.2450000E+04     1   4.9997180E-01   1.6272440E-01   0.0000000E+00   3.4529705E+02   7.5142130E+01   0.0000000E+00   3.0670784E+02
  3.2450000E+04     2   8.8990801E-01   1.8405995E-01   0.0000000E+00   1.7531167E+02   4.5832912E+01   0.0000000E+00   3.3601706E+02
  3.2500000E+04     1   4.9998541E-01   1.6211337E-01   0.0000000E+00   1.4049119E+02   7.5321391E+01   0.0000000E+00   1.9344077E+02
  3.2500000E+04     2   8.8988880E-01   1.8418147E-01   0.0000000E+00   1.6373682E+01   4.5913688E+01   0.0000000E+00   2.2284847E+02
  3.2550000E+04     1   4.9997336E-01   1.6167554E-01   0.0000000E+00   2.9568486E+02   7.5480501E+01   0.0000000E+00   8.0230908E+01
  3.2550000E+04     2   8.8993510E-01   1.8435848E-01   0.0000000E+00   2.1743762E+02   4.6000769E+01   0.0000000E+00   1.0971064E+02
  3.2600000E+04     1   4.9996959E-01   1.6124466E-01   0.0000000E+00   9.1003997E+01   7.5562631E+01   0.0000000E+00   3.2700778E+02
  3.2600000E+04     2   8.8998040E-01   1.8449949E-01   0.0000000E+00   5.8465146E+01   4.6103372E+01   0.0000000E+00   3.5646704E+02
  3.2650000E+04     1   4.9998790E-01   1.6061555E-01   0.0000000E+00   2.4620777E+02   7.5718952E+01   0.0000000E+00   2.1378383E+02
  3.2650000E+04     2   8.8997979E-01   1.8467880E-01   0.0000000E+00   2.5955906E+02   4.6155693E+01   0.0000000E+00   2.4334709E+02
  3.2700000E+04     1   4.9997039E-01   1.6015194E-01   0.0000000E+00   4.1373206E+01   7.5903477E+01   0.0000000E+00   1.0054552E+02
  3.2700000E+04     2   8.8999741E-01   1.8485509E-01   0.0000000E+00   1.0058620E+02   4.6276639E+01   0.0000000E+00   1.3017236E+02
  3.2750000E+04     1   4.9995403E-01   1.5979725E-01   0.0000000E+00   1.9664707E+02   7.6031792E+01   0.0000000E+00   3.4727795E+02
  3.2750000E+04     2   8.8999923E-01   1.8500612E-01   0.0000000E+00   3.0167236E+02   4.6321940E+01   0.0000000E+00   1.6987807E+01
  3.2800000E+04     1   4.9998199E-01   1.5912360E-01   0.0000000E+00   3.5191370E+02   7.6115201E+01   0.0000000E+00   2.3414301E+02
  3.2800000E+04     2   8.8990477E-01   1.8518791E-01   0.0000000E+00   1.4270883E+02   4.6434720E+01   0.0000000E+00   2.6382349E+02
  3.2850000E+04     1   4.9997857E-01   1.5868548E-01   0.0000000E+00   1.4707999E+02   7.6307291E+01   0.0000000E+00   1.2089010E+02
  3.2850000E+04     2   8.8989881E-01   1.8530844E-01   0.0000000E+00   3.4378241E+02   4.6509929E+01   0.0000000E+00   1.5068746E+02
  3.2900000E+04     1   4.9996021E-01   1.5835934E-01   0.0000000E+00   3.0235244E+02   7.6432862E+01   0.0000000E+00   7.6353138E+00
  3.2900000E+04     2   8.8993654E-01   1.8548884E-01   0.0000000E+00   1.8483563E+02   4.6591111E+01   0.0000000E+00   3.7477065E+01
  3.2950000E+04     1   4.9996841E-01   1.5765398E-01   0.0000000E+00   9.7614495E+01   7.6533138E+01   0.0000000E+00   2.5446378E+02
  3.2950000E+04     2   8.8994425E-01   1.8565809E-01   0.0000000E+00   2.5872620E+01   4.6699655E+01   0.0000000E+00   2.8429726E+02
  3.3000000E+04     1   4.9997765E-01   1.5720137E-01   0.0000000E+00   2.5279295E+02   7.6711878E+01   0.0000000E+00   1.4122365E+02
  3.3000000E+04     2   8.8996271E-01   1.8575493E-01   0.0000000E+00   2.2696258E+02   4.6757598E+01   0.0000000E+00   1.7117793E+02
  3.3050000E+04     1   4.9998202E-01   1.5685388E-01   0.0000000E+00   4.8040288E+01   7.6827774E+01   0.0000000E+00   2.8031876E+01
  3.3050000E+04     2   8.9000949E-01   1.8593958E-01   0.0000000E+00   6.7988733E+01   4.6875123E+01   0.0000000E+00   5.7984527E+01
  3.3100000E+04     1   4.9998713E-01   1.5627869E-01   0.0000000E+00   2.0334690E+02   7.6905968E+01   0.0000000E+00   2.7484336E+02
  3.3100000E+04     2   8.8998244E-01   1.8607133E-01   0.0000000E+00   2.6905884E+02   4.6942263E+01   0.0000000E+00   3.0480707E+02
  3.3150000E+04     1   4.9998295E-01   1.5567719E-01   0.0000000E+00   3.5854072E+02   7.7078037E+01   0.0000000E+00   1.6158922E+02
  3.3150000E+04     2   8.8992863E-01   1.8625235E-01   0.0000000E+00   1.1009465E+02   4.7048362E+01   0.0000000E+00   1.9161890E+02
  3.3200000E+04     1   4.9996906E-01   1.5525407E-01   0.0000000E+00   1.5377544E+02   7.7206079E+01   0.0000000E+00   4.8392593E+01
  3.3200000E+04     2   8.8993771E-01   1.8640157E-01   0.0000000E+00   3.1115750E+02   4.7132600E+01   0.0000000E+00   7.8466072E+01
  3.3250000E+04     1   4.9997662E-01   1.5477953E-01   0.0000000E+00   3.0911077E+02   7.7276240E+01   0.0000000E+00   2.9517905E+02
  3.3250000E+04     2   8.8990110E-01   1.8658211E-01   0.0000000E+00   1.5220030E+02   4.7220854E+01   0.0000000E+00   3.2523444E+02
  3.3300000E+04     1   4.9998522E-01   1.5417471E-01   0.0000000E+00   1.0429878E+02   7.7441533E+01   0.0000000E+00   1.8195934E+02
  3.3300000E+04     2   8.8988778E-01   1.8670514E-01   0.0000000E+00   3.5325343E+02   4.7317164E+01   0.0000000E+00   2.1208371E+02
  3.3350000E+04     1   4.9996471E-01   1.5372691E-01   0.0000000E+00   2.5948745E+02   7.7597966E+01   0.0000000E+00   6.8764808E+01
  3.3350000E+04     2   8.8995849E-01   1.8687890E-01   0.0000000E+00   1.9432212E+02   4.7401971E+01   0.0000000E+00   9.8960803E+01
  3.3400000E+04     1   4.9997586E-01   1.5323888E-01   0.0000000E+00   5.4830733E+01   7.7647158E+01   0.0000000E+00   3.1558993E+02
  3.3400000E+04     2   8.8998826E-01   1.8704100E-01   0.0000000E+00   3.5340411E+01   4.7517080E+01   0.0000000E+00   3.4572001E+02
  3.3450000E+04     1   4.9999229E-01   1.5258703E-01   0.0000000E+00   2.1002906E+02   7.7796421E+01   0.0000000E+00   2.0239433E+02
  3.3450000E+04     2   8.8997281E-01   1.8717946E-01   0.0000000E+00   2.3643169E+02   4.7576430E+01   0.0000000E+00   2.3261432E+02
  3.3500000E+04     1   4.9995871E-01   1.5216157E-01   0.0000000E+00   5.2321062E+00   7.7970704E+01   0.0000000E+00   8.9117908E+01
  3.3500000E+04     2   8.9000330E-01   1.8739541E-01   0.0000000E+00   7.7456256E+01   4.7689455E+01   0.0000000E+00   1.1939916E+02
  3.3550000E+04     1   4.9995629E-01   1.5180197E-01   0.0000000E+00   1.6054704E+02   7.8062901E+01   0.0000000E+00   3.3587802E+02
  3.3550000E+04     2   8.8998831E-01   1.8748053E-01   0.0000000E+00   2.7852512E+02   4.7750310E+01   0.0000000E+00   6.1906068E+00
  3.3600000E+04     1   4.9998141E-01   1.5105425E-01   0.0000000E+00   3.1580037E+02   7.8152469E+01   0.0000000E+00   2.2275147E+02
  3.3600000E+04     2   8.8989682E-01   1.8769881E-01   0.0000000E+00   1.1956940E+02   4.7858988E+01   0.0000000E+00   2.5304495E+02
  3.3650000E+04     1   4.9998061E-01   1.5064195E-01   0.0000000E+00   1.1099496E+02   7.8312616E+01   0.0000000E+00   1.0953499E+02
  3.3650000E+04     2   8.8989388E-01   1.8778765E-01   0.0000000E+00   3.2062616E+02   4.7951424E+01   0.0000000E+00   1.3989618E+02
  3.3700000E+04     1   4.9996369E-01   1.5028469E-01   0.0000000E+00   2.6627773E+02   7.8395680E+01   0.0000000E+00   3.5637931E+02
  3.3700000E+04     2   8.8993992E-01   1.8794553E-01   0.0000000E+00   1.6168501E+02   4.8039186E+01   0.0000000E+00   2.6735806E+01
  3.3750000E+04     1   4.9996372E-01   1.4955983E-01   0.0000000E+00   6.1536350E+01   7.8505218E+01   0.0000000E+00   2.4318788E+02
  3.3750000E+04     2   8.8995798E-01   1.8815618E-01   0.0000000E+00   2.7203630E+00   4.8146971E+01   0.0000000E+00   2.7354613E+02
  3.3800000E+04     1   4.9998290E-01   1.4909992E-01   0.0000000E+00   2.1676115E+02   7.8650300E+01   0.0000000E+00   1.2995782E+02
  3.3800000E+04     2   8.8996040E-01   1.8820448E-01   0.0000000E+00   2.0378624E+02   4.8223545E+01   0.0000000E+00   1.6038458E+02
  3.3850000E+04     1   4.9998227E-01   1.4868635E-01   0.0000000E+00   1.2056360E+01   7.8739313E+01   0.0000000E+00   1.6756185E+01
  3.3850000E+04     2   8.9001562E-01   1.8844719E-01   0.0000000E+00   4.4805072E+01   4.8340513E+01   0.0000000E+00   4.7154985E+01
  3.3900000E+04     1   4.9998298E-01   1.4810555E-01   0.0000000E+00   1.6739411E+02   7.8798675E+01   0.0000000E+00   2.6356457E+02
  3.3900000E+04     2   8.8997436E-01   1.8852041E-01   0.0000000E+00   2.4586025E+02   4.8417767E+01   0.0000000E+00   2.9394548E+02
  3.3950000E+04     1   4.9998425E-01   1.4750306E-01   0.0000000E+00   3.2257548E+02   7.8955635E+01   0.0000000E+00   1.5037523E+02
  3.3950000E+04     2   8.8991139E-01   1.8872269E-01   0.0000000E+00   8.6906502E+01   4.8524489E+01   0.0000000E+00   1.8080638E+02
  3.4000000E+04     1   4.9996420E-01   1.4705097E-01   0.0000000E+00   1.1780706E+02   7.9076481E+01   0.0000000E+00   3.7202275E+01
  3.4000000E+04     2   8.8994056E-01   1.8887466E-01   0.0000000E+00   2.8796246E+02   4.8618688E+01   0.0000000E+00   6.7660068E+01
  3.4050000E+04     1   4.9998049E-01   1.4652826E-01   0.0000000E+00   2.7316423E+02   7.9108126E+01   0.0000000E+00   2.8405760E+02
  3.4050000E+04     2   8.8989919E-01   1.8902140E-01   0.0000000E+00   1.2900721E+02   4.8711834E+01   0.0000000E+00   3.1445389E+02
  3.4100000E+04     1   4.9998151E-01   1.4592112E-01   0.0000000E+00   6.8354728E+01   7.9263300E+01   0.0000000E+00   1.7086059E+02
  3.4100000E+04     2   8.8989458E-01   1.8917102E-01   0.0000000E+00   3.3005477E+02   4.8816193E+01   0.0000000E+00   2.0130770E+02
  3.4150000E+04     1   4.9995735E-01   1.4551263E-01   0.0000000E+00   2.2359962E+02   7.9406973E+01   0.0000000E+00   5.7601335E+01
  3.4150000E+04     2   8.8997809E-01   1.8931519E-01   0.0000000E+00   1.7110761E+02   4.8899842E+01   0.0000000E+00   8.8108466E+01
  3.4200000E+04     1   4.9998206E-01   1.4494478E-01   0.0000000E+00   1.8978008E+01   7.9420473E+01   0.0000000E+00   3.0446319E+02
  3.4200000E+04     2   8.9000003E-01   1.8951248E-01   0.0000000E+00   1.2117707E+01   4.9023364E+01   0.0000000E+00   3.3486030E+02
  3.4250000E+04     1   4.9999145E-01   1.4430026E-01   0.0000000E+00   1.7417803E+02   7.9564065E+01   0.0000000E+00   1.9127942E+02
  3.4250000E+04     2   8.8997200E-01   1.8960028E-01   0.0000000E+00   2.1320053E+02   4.9092265E+01   0.0000000E+00   2.2175122E+02
  3.4300000E+04     1   4.9995559E-01   1.4392425E-01   0.0000000E+00   3.2939544E+02   7.9706686E+01   0.0000000E+00   7.8065462E+01
  3.4300000E+04     2   8.8999359E-01   1.8981664E-01   0.0000000E+00   5.4241358E+01   4.9195781E+01   0.0000000E+00   1.0857637E+02
  3.4350000E+04     1   4.9996191E-01   1.4352504E-01   0.0000000E+00   1.2471144E+02   7.9752357E+01   0.0000000E+00   3.2495055E+02
  3.4350000E+04     2   8.8997020E-01   1.8986957E-01   0.0000000E+00   2.5530121E+02   4.9282146E+01   0.0000000E+00   3.5542077E+02
  3.4400000E+04     1   4.9998170E-01   1.4276305E-01   0.0000000E+00   2.7996725E+02   7.9856719E+01   0.0000000E+00   2.1178076E+02
  3.4400000E+04     2   8.8989344E-01   1.9009002E-01   0.0000000E+00   9.6349502E+01   4.9381221E+01   0.0000000E+00   2.4225625E+02
  3.4450000E+04     1   4.9998487E-01   1.4234496E-01   0.0000000E+00   7.5227327E+01   7.9971908E+01   0.0000000E+00   9.8571990E+01
  3.4450000E+04     2   8.8988470E-01   1.9017605E-01   0.0000000E+00   2.9737719E+02   4.9494377E+01   0.0000000E+00   1.2904952E+02
  3.4500000E+04     1   4.9996643E-01   1.4193232E-01   0.0000000E+00   2.3057399E+02   8.0014479E+01   0.0000000E+00   3.4541538E+02
  3.4500000E+04     2   8.8994315E-01   1.9032109E-01   0.0000000E+00   1.3842103E+02   4.9588136E+01   0.0000000E+00   1.5841726E+01
  3.4550000E+04     1   4.9996338E-01   1.4123535E-01   0.0000000E+00   2.5855813E+01   8.0120199E+01   0.0000000E+00   2.3219401E+02
  3.4550000E+04     2   8.8996905E-01   1.9054392E-01   0.0000000E+00   3.3945616E+02   4.9688944E+01   0.0000000E+00   2.6262526E+02
  3.4600000E+04     1   4.9998723E-01   1.4073854E-01   0.0000000E+00   1.8107524E+02   8.0232141E+01   0.0000000E+00   1.1906300E+02
  3.4600000E+04     2   8.8996067E-01   1.9057252E-01   0.0000000E+00   1.8051114E+02   4.9790118E+01   0.0000000E+00   1.4950502E+02
  3.4650000E+04     1   4.9997403E-01   1.4028510E-01   0.0000000E+00   3.3636897E+02   8.0304850E+01   0.0000000E+00   5.9090733E+00
  3.4650000E+04     2   8.9002121E-01   1.9084491E-01   0.0000000E+00   2.1551092E+01   4.9892778E+01   0.0000000E+00   3.6321146E+01
  3.4700000E+04     1   4.9998159E-01   1.3970176E-01   0.0000000E+00   1.3172001E+02   8.0327686E+01   0.0000000E+00   2.5279361E+02
  3.4700000E+04     2   8.8996355E-01   1.9087156E-01   0.0000000E+00   2.2259342E+02   4.9991075E+01   0.0000000E+00   2.8313022E+02
  3.4750000E+04     1   4.9997993E-01   1.3910281E-01   0.0000000E+00   2.8691606E+02   8.0475302E+01   0.0000000E+00   1.3960634E+02
  3.4750000E+04     2   8.8990910E-01   1.9108900E-01   0.0000000E+00   6.3642338E+01   5.0094164E+01   0.0000000E+00   1.6998748E+02
  3.4800000E+04     1   4.9995910E-01   1.3867540E-01   0.0000000E+00   8.2222944E+01   8.0581913E+01   0.0000000E+00   2.6339051E+01
  3.4800000E+04     2   8.8994127E-01   1.9123713E-01   0.0000000E+00   2.6466885E+02   5.0194062E+01   0.0000000E+00   5.6726903E+01
  3.4850000E+04     1   4.9998036E-01   1.3806764E-01   0.0000000E+00   2.3762062E+02   8.0570419E+01   0.0000000E+00   2.7324265E+02
  3.4850000E+04     2   8.8990377E-01   1.9135964E-01   0.0000000E+00   1.0570304E+02   5.0299009E+01   0.0000000E+00   3.0351406E+02
  3.4900000E+04     1   4.9997642E-01   1.3749466E-01   0.0000000E+00   3.2807014E+01   8.0716109E+01   0.0000000E+00   1.6007911E+02
  3.4900000E+04     2   8.8990879E-01   1.9152414E-01   0.0000000E+00   3.0675841E+02   5.0400760E+01   0.0000000E+00   1.9039446E+02
  3.4950000E+04     1   4.9995647E-01   1.3714232E-01   0.0000000E+00   1.8806107E+02   8.0822565E+01   0.0000000E+00   4.6904364E+01
  3.4950000E+04     2   8.8998777E-01   1.9161813E-01   0.0000000E+00   1.4781384E+02   5.0491443E+01   0.0000000E+00   7.7235486E+01
  3.5000000E+04     1   4.9998800E-01   1.3649948E-01   0.0000000E+00   3.4340487E+02   8.0811333E+01   0.0000000E+00   2.9389477E+02
  3.5000000E+04     2   8.9000860E-01   1.9185055E-01   0.0000000E+00   3.4884904E+02   5.0612112E+01   0.0000000E+00   3.2409399E+02
  3.5050000E+04     1   4.9998787E-01   1.3588680E-01   0.0000000E+00   1.3865391E+02   8.0938415E+01   0.0000000E+00   1.8066977E+02
  3.5050000E+04     2   8.8997217E-01   1.9188987E-01   0.0000000E+00   1.8990240E+02   5.0697852E+01   0.0000000E+00   2.1091033E+02
  3.5100000E+04     1   4.9995950E-01   1.3552412E-01   0.0000000E+00   2.9395317E+02   8.1028075E+01   0.0000000E+00   6.7459759E+01
  3.5100000E+04     2   8.8997702E-01   1.9208830E-01   0.0000000E+00   3.0935450E+01   5.0799090E+01   0.0000000E+00   9.7688743E+01
  3.5150000E+04     1   4.9996677E-01   1.3506187E-01   0.0000000E+00   8.9342741E+01   8.1032313E+01   0.0000000E+00   3.1432838E+02
  3.5150000E+04     2   8.8995172E-01   1.9215490E-01   0.0000000E+00   2.3195986E+02   5.0908013E+01   0.0000000E+00   3.4445268E+02
  3.5200000E+04     1   4.9998553E-01   1.3435148E-01   0.0000000E+00   2.4461850E+02   8.1137297E+01   0.0000000E+00   2.0112321E+02
  3.5200000E+04     2   8.8988666E-01   1.9233366E-01   0.0000000E+00   7.3007878E+01   5.1000273E+01   0.0000000E+00   2.3126023E+02
  3.5250000E+04     1   4.9998680E-01   1.3389299E-01   0.0000000E+00   3.9868019E+01   8.1207226E+01   0.0000000E+00   8.8057372E+01
  3.5250000E+04     2   8.8988092E-01   1.9245185E-01   0.0000000E+00   2.7403987E+02   5.1130055E+01   0.0000000E+00   1.1813454E+02
  3.5300000E+04     1   4.9996795E-01   1.3345000E-01   0.0000000E+00   1.9521401E+02   8.1216655E+01   0.0000000E+00   3.3499165E+02
  3.5300000E+04     2   8.8994801E-01   1.9257157E-01   0.0000000E+00   1.1509390E+02   5.1225588E+01   0.0000000E+00   4.9827212E+00
  3.5350000E+04     1   4.9996719E-01   1.3278266E-01   0.0000000E+00   3.5050279E+02   8.1297824E+01   0.0000000E+00   2.2182585E+02
  3.5350000E+04     2   8.8997607E-01   1.9278234E-01   0.0000000E+00   3.1614171E+02   5.1320435E+01   0.0000000E+00   2.5180324E+02
  3.5400000E+04     1   4.9998531E-01   1.3224714E-01   0.0000000E+00   1.4576447E+02   8.1392641E+01   0.0000000E+00   1.0866672E+02
  3.5400000E+04     2   8.8997265E-01   1.9283175E-01   0.0000000E+00   1.5716545E+02   5.1442790E+01   0.0000000E+00   1.3861657E+02
  3.5450000E+04     1   4.9996777E-01   1.3180853E-01   0.0000000E+00   3.0115803E+02   8.1441803E+01   0.0000000E+00   3.5540356E+02
  3.5450000E+04     2   8.9002158E-01   1.9307782E-01   0.0000000E+00   3.5819379E+02   5.1528799E+01   0.0000000E+00   2.5316559E+01
  3.5500000E+04     1   4.9997926E-01   1.3118195E-01   0.0000000E+00   9.6551657E+01   8.1415931E+01   0.0000000E+00   2.4234597E+02
  3.5500000E+04     2   8.8995523E-01   1.9310269E-01   0.0000000E+00   1.9921103E+02   5.1653712E+01   0.0000000E+00   2.7210819E+02
  3.5550000E+04     1   4.9997329E-01   1.3063786E-01   0.0000000E+00   2.5173522E+02   8.1553293E+01   0.0000000E+00   1.2921054E+02
  3.5550000E+04     2   8.8991508E-01   1.9330419E-01   0.0000000E+00   4.0278315E+01   5.1747859E+01   0.0000000E+00   1.5901598E+02
  3.5600000E+04     1   4.9995960E-01   1.3026181E-01   0.0000000E+00   4.7033028E+01   8.1622861E+01   0.0000000E+00   1.6060210E+01
  3.5600000E+04     2   8.8993235E-01   1.9343854E-01   0.0000000E+00   2.4131557E+02   5.1853912E+01   0.0000000E+00   4.5829159E+01
  3.5650000E+04     1   4.9997502E-01   1.2956011E-01   0.0000000E+00   2.0238810E+02   8.1586584E+01   0.0000000E+00   2.6310596E+02
  3.5650000E+04     2   8.8991612E-01   1.9355754E-01   0.0000000E+00   8.2365392E+01   5.1968223E+01   0.0000000E+00   2.9272432E+02
  3.5700000E+04     1   4.9997357E-01   1.2904933E-01   0.0000000E+00   3.5764395E+02   8.1705668E+01   0.0000000E+00   1.4989467E+02
  3.5700000E+04     2   8.8992557E-01   1.9370510E-01   0.0000000E+00   2.8341124E+02   5.2063735E+01   0.0000000E+00   1.7953661E+02
  3.5750000E+04     1   4.9996254E-01   1.2872458E-01   0.0000000E+00   1.5300650E+02   8.1749662E+01   0.0000000E+00   3.6699907E+01
  3.5750000E+04     2   8.8998863E-01   1.9376061E-01   0.0000000E+00   1.2442954E+02   5.2173328E+01   0.0000000E+00   6.6276241E+01
  3.5800000E+04     1   4.9999261E-01   1.2804413E-01   0.0000000E+00   3.0841362E+02   8.1720565E+01   0.0000000E+00   2.8362874E+02
  3.5800000E+04     2   8.9000761E-01   1.9399979E-01   0.0000000E+00   3.2545870E+02   5.2283044E+01   0.0000000E+00   3.1306626E+02
  3.5850000E+04     1   4.9998632E-01   1.2747217E-01   0.0000000E+00   1.0370820E+02   8.1813318E+01   0.0000000E+00   1.7041716E+02
  3.5850000E+04     2   8.8996624E-01   1.9401111E-01   0.0000000E+00   1.6648476E+02   5.2391238E+01   0.0000000E+00   1.9983924E+02
  3.5900000E+04     1   4.9996539E-01   1.2707641E-01   0.0000000E+00   2.5898510E+02   8.1845163E+01   0.0000000E+00   5.7406968E+01
  3.5900000E+04     2   8.8996275E-01   1.9419739E-01   0.0000000E+00   7.5463900E+00   5.2494805E+01   0.0000000E+00   8.6757326E+01
  3.5950000E+04     1   4.9997057E-01   1.2658959E-01   0.0000000E+00   5.4358469E+01   8.1820782E+01   0.0000000E+00   3.0438120E+02
  3.5950000E+04     2   8.8993346E-01   1.9429277E-01   0.0000000E+00   2.0857804E+02   5.2612579E+01   0.0000000E+00   3.3358941E+02
  3.6000000E+04     1   4.9999033E-01   1.2594016E-01   0.0000000E+00   2.0964985E+02   8.1898367E+01   0.0000000E+00   1.9122454E+02
  3.6000000E+04     2   8.8987843E-01   1.9441194E-01   0.0000000E+00   4.9626638E+01   5.2708921E+01   0.0000000E+00   2.2041398E+02
  3.6050000E+04     1   4.9997964E-01   1.2543453E-01   0.0000000E+00   4.9741131E+00   8.1942526E+01   0.0000000E+00   7.8099724E+01
  3.6050000E+04     2   8.8989688E-01   1.9458419E-01   0.0000000E+00   2.5063867E+02   5.2840774E+01   0.0000000E+00   1.0720148E+02
  3.6100000E+04     1   4.9997020E-01   1.2499759E-01   0.0000000E+00   1.6045817E+02   8.1901239E+01   0.0000000E+00   3.2492959E+02
  3.6100000E+04     2   8.8995250E-01   1.9465444E-01   0.0000000E+00   9.1649957E+01   5.2945160E+01   0.0000000E+00   3.5388567E+02
  3.6150000E+04     1   4.9997045E-01   1.2433440E-01   0.0000000E+00   3.1577736E+02   8.1948537E+01   0.0000000E+00   2.1180365E+02
  3.6150000E+04     2   8.8998090E-01   1.9484505E-01   0.0000000E+00   2.9270197E+02   5.3037080E+01   0.0000000E+00   2.4071511E+02
  3.6200000E+04     1   4.9997904E-01   1.2382478E-01   0.0000000E+00   1.1101198E+02   8.2035584E+01   0.0000000E+00   9.8712044E+01
  3.6200000E+04     2   8.8999123E-01   1.9492512E-01   0.0000000E+00   1.3372805E+02   5.3169544E+01   0.0000000E+00   1.2757808E+02
  3.6250000E+04     1   4.9996679E-01   1.2343288E-01   0.0000000E+00   2.6637534E+02   8.2041061E+01   0.0000000E+00   3.4562252E+02
  3.6250000E+04     2   8.9001418E-01   1.9510301E-01   0.0000000E+00   3.3479425E+02   5.3245734E+01   0.0000000E+00   1.4417847E+01
  3.6300000E+04     1   4.9997394E-01   1.2274063E-01   0.0000000E+00   6.1733198E+01   8.1979860E+01   0.0000000E+00   2.3272314E+02
  3.6300000E+04     2   8.8995097E-01   1.9517503E-01   0.0000000E+00   1.7581953E+02   5.3388503E+01   0.0000000E+00   2.6131450E+02
  3.6350000E+04     1   4.9996986E-01   1.2228364E-01   0.0000000E+00   2.1701370E+02   8.2083486E+01   0.0000000E+00   1.1951216E+02
  3.6350000E+04     2   8.8991841E-01   1.9532099E-01   0.0000000E+00   1.6868420E+01   5.3477996E+01   0.0000000E+00   1.4811765E+02
  3.6400000E+04     1   4.9996517E-01   1.2194295E-01   0.0000000E+00   1.2438773E+01   8.2089267E+01   0.0000000E+00   6.3151653E+00
  3.6400000E+04     2   8.8991853E-01   1.9544530E-01   0.0000000E+00   2.1787357E+02   5.3592667E+01   0.0000000E+00   3.4811765E+01
  3.6450000E+04     1   4.9996895E-01   1.2119425E-01   0.0000000E+00   1.6785735E+02   8.2047414E+01   0.0000000E+00   2.5326334E+02
  3.6450000E+04     2   8.8992901E-01   1.9556485E-01   0.0000000E+00   5.8896206E+01   5.3711552E+01   0.0000000E+00   2.8159920E+02
  3.6500000E+04     1   4.9997692E-01   1.2074609E-01   0.0000000E+00   3.2316066E+02   8.2111766E+01   0.0000000E+00   1.4011975E+02
  3.6500000E+04     2   8.8993396E-01   1.9566258E-01   0.0000000E+00   2.5994552E+02   5.3806448E+01   0.0000000E+00   1.6842507E+02
  3.6550000E+04     1   4.9997371E-01   1.2040979E-01   0.0000000E+00   1.1848685E+02   8.2084463E+01   0.0000000E+00   2.7183111E+01
  3.6550000E+04     2   8.8998542E-01   1.9572156E-01   0.0000000E+00   1.0098130E+02   5.3938145E+01   0.0000000E+00   5.5329429E+01
  3.6600000E+04     1   4.9999599E-01   1.1975127E-01   0.0000000E+00   2.7386405E+02   8.2038172E+01   0.0000000E+00   2.7421154E+02
  3.6600000E+04     2   8.8999777E-01   1.9592635E-01   0.0000000E+00   3.0204256E+02   5.4033413E+01   0.0000000E+00   3.0221630E+02
  3.6650000E+04     1   4.9998664E-01   1.1920279E-01   0.0000000E+00   6.9197161E+01   8.2082769E+01   0.0000000E+00   1.6106355E+02
  3.6650000E+04     2   8.8995570E-01   1.9594815E-01   0.0000000E+00   1.4304887E+02   5.4164255E+01   0.0000000E+00   1.8898206E+02
  3.6700000E+04     1   4.9996381E-01   1.1875564E-01   0.0000000E+00   2.2459144E+02   8.2076559E+01   0.0000000E+00   4.7954042E+01
  3.6700000E+04     2   8.8996290E-01   1.9613450E-01   0.0000000E+00   3.4408244E+02   5.4266854E+01   0.0000000E+00   7.5763747E+01
  3.6750000E+04     1   4.9997548E-01   1.1829976E-01   0.0000000E+00   2.0117443E+01   8.2003122E+01   0.0000000E+00   2.9479594E+02
  3.6750000E+04     2   8.8991396E-01   1.9623294E-01   0.0000000E+00   1.8507229E+02   5.4387527E+01   0.0000000E+00   3.2241153E+02
  3.6800000E+04     1   4.9999033E-01   1.1768217E-01   0.0000000E+00   1.7544393E+02   8.2036740E+01   0.0000000E+00   1.8169813E+02
  3.6800000E+04     2   8.8987725E-01   1.9631240E-01   0.0000000E+00   2.6110438E+01   5.4497333E+01   0.0000000E+00   2.0923754E+02
  3.6850000E+04     1   4.9996852E-01   1.1720157E-01   0.0000000E+00   3.3072166E+02   8.2071864E+01   0.0000000E+00   6.8680389E+01
  3.6850000E+04     2   8.8992421E-01   1.9650077E-01   0.0000000E+00   2.2715781E+02   5.4615075E+01   0.0000000E+00   9.6137178E+01
  3.6900000E+04     1   4.9997332E-01   1.1676382E-01   0.0000000E+00   1.2617675E+02   8.1953355E+01   0.0000000E+00   3.1577099E+02
  3.6900000E+04     2   8.8995755E-01   1.9653685E-01   0.0000000E+00   6.8187243E+01   5.4739983E+01   0.0000000E+00   3.4298436E+02
  3.6950000E+04     1   4.9996970E-01   1.1611309E-01   0.0000000E+00   2.8145121E+02   8.1982733E+01   0.0000000E+00   2.0277206E+02
  3.6950000E+04     2   8.8998861E-01   1.9670349E-01   0.0000000E+00   2.6927006E+02   5.4824311E+01   0.0000000E+00   2.2993048E+02
  3.7000000E+04     1   4.9996941E-01   1.1568399E-01   0.0000000E+00   7.6805795E+01   8.2041241E+01   0.0000000E+00   8.9548020E+01
  3.7000000E+04     2   8.9000946E-01   1.9680312E-01   0.0000000E+00   1.1025635E+02   5.4961797E+01   0.0000000E+00   1.1662746E+02
  3.7050000E+04     1   4.9996887E-01   1.1533370E-01   0.0000000E+00   2.3231397E+02   8.1979061E+01   0.0000000E+00   3.3639167E+02
  3.7050000E+04     2   8.9000051E-01   1.9689936E-01   0.0000000E+00   3.1129177E+02   5.5040109E+01   0.0000000E+00   3.3306183E+00
  3.7100000E+04     1   4.9997051E-01   1.1460503E-01   0.0000000E+00   2.7759020E+01   8.1900125E+01   0.0000000E+00   2.2338785E+02
  3.7100000E+04     2   8.8994257E-01   1.9703136E-01   0.0000000E+00   1.5228793E+02   5.5185632E+01   0.0000000E+00   2.5010234E+02
  3.7150000E+04     1   4.9997508E-01   1.1423368E-01   0.0000000E+00   1.8307800E+02   8.1935161E+01   0.0000000E+00   1.1029839E+02
  3.7150000E+04     2   8.8990930E-01   1.9709807E-01   0.0000000E+00   3.5334034E+02   5.5283019E+01   0.0000000E+00   1.3695054E+02
  3.7200000E+04     1   4.9997282E-01   1.1390338E-01   0.0000000E+00   3.3843741E+02   8.1865112E+01   0.0000000E+00   3.5742618E+02
  3.7200000E+04     2   8.8990736E-01   1.9722051E-01   0.0000000E+00   1.9439289E+02   5.5404021E+01   0.0000000E+00   2.3887271E+01
  3.7250000E+04     1   4.9996753E-01   1.1319284E-01   0.0000000E+00   1.3380167E+02   8.1825572E+01   0.0000000E+00   2.4446046E+02
  3.7250000E+04     2   8.8993425E-01   1.9733382E-01   0.0000000E+00   3.5434459E+01   5.5522177E+01   0.0000000E+00   2.7076385E+02
  3.7300000E+04     1   4.9998258E-01   1.1276861E-01   0.0000000E+00   2.8918004E+02   8.1818195E+01   0.0000000E+00   1.3138235E+02
  3.7300000E+04     2   8.8993646E-01   1.9738434E-01   0.0000000E+00   2.3647368E+02   5.5625707E+01   0.0000000E+00   1.5757484E+02
  3.7350000E+04     1   4.9998292E-01   1.1240100E-01   0.0000000E+00   8.4674919E+01   8.1735603E+01   0.0000000E+00   1.8301562E+01
  3.7350000E+04     2   8.8999086E-01   1.9749266E-01   0.0000000E+00   7.7454642E+01   5.5769202E+01   0.0000000E+00   4.4267963E+01
  3.7400000E+04     1   4.9999675E-01   1.1181392E-01   0.0000000E+00   2.4022322E+02   8.1643847E+01   0.0000000E+00   2.6515547E+02
  3.7400000E+04     2   8.8998489E-01   1.9761713E-01   0.0000000E+00   2.7847422E+02   5.5858976E+01   0.0000000E+00   2.9094034E+02
  3.7450000E+04     1   4.9998426E-01   1.1126993E-01   0.0000000E+00   3.5581608E+01   8.1635774E+01   0.0000000E+00   1.5210707E+02
  3.7450000E+04     2   8.8994787E-01   1.9768763E-01   0.0000000E+00   1.1947411E+02   5.6006003E+01   0.0000000E+00   1.7773684E+02
  3.7500000E+04     1   4.9995854E-01   1.1084447E-01   0.0000000E+00   1.9091332E+02   8.1613002E+01   0.0000000E+00   3.9152938E+01
  3.7500000E+04     2   8.8996804E-01   1.9784449E-01   0.0000000E+00   3.2054566E+02   5.6100472E+01   0.0000000E+00   6.4665468E+01
  3.7550000E+04     1   4.9998131E-01   1.1041960E-01   0.0000000E+00   3.4638796E+02   8.1456932E+01   0.0000000E+00   2.8631316E+02
  3.7550000E+04     2   8.8989668E-01   1.9792753E-01   0.0000000E+00   1.6158119E+02   5.6226303E+01   0.0000000E+00   3.1154379E+02
  3.7600000E+04     1   4.9998247E-01   1.0983057E-01   0.0000000E+00   1.4168872E+02   8.1463975E+01   0.0000000E+00   1.7333162E+02
  3.7600000E+04     2   8.8988847E-01   1.9800399E-01   0.0000000E+00   2.6297715E+00   5.6344374E+01   0.0000000E+00   1.9845122E+02
  3.7650000E+04     1   4.9995925E-01   1.0944174E-01   0.0000000E+00   2.9711229E+02   8.1474339E+01   0.0000000E+00   6.0126837E+01
  3.7650000E+04     2   8.8994981E-01   1.9815432E-01   0.0000000E+00   2.0364495E+02   5.6448948E+01   0.0000000E+00   8.5152228E+01
  3.7700000E+04     1   4.9996915E-01   1.0895623E-01   0.0000000E+00   9.2749050E+01   8.1269621E+01   0.0000000E+00   3.0713515E+02
  3.7700000E+04     2   8.8997617E-01   1.9821408E-01   0.0000000E+00   4.4614326E+01   5.6597393E+01   0.0000000E+00   3.3180737E+02
  3.7750000E+04     1   4.9997050E-01   1.0838398E-01   0.0000000E+00   2.4812318E+02   8.1276803E+01   0.0000000E+00   1.9402189E+02
  3.7750000E+04     2   8.8999210E-01   1.9831468E-01   0.0000000E+00   2.4567504E+02   5.6674298E+01   0.0000000E+00   2.1862440E+02
  3.7800000E+04     1   4.9996407E-01   1.0806019E-01   0.0000000E+00   4.3483227E+01   8.1270192E+01   0.0000000E+00   8.0966544E+01
  3.7800000E+04     2   8.9001376E-01   1.9841912E-01   0.0000000E+00   8.6679473E+01   5.6815605E+01   0.0000000E+00   1.0542113E+02
  3.7850000E+04     1   4.9997306E-01   1.0773636E-01   0.0000000E+00   1.9888935E+02   8.1129415E+01   0.0000000E+00   3.2820485E+02
  3.7850000E+04     2   8.8998122E-01   1.9844689E-01   0.0000000E+00   2.8777099E+02   5.6905525E+01   0.0000000E+00   3.5242874E+02
  3.7900000E+04     1   4.9997393E-01   1.0704264E-01   0.0000000E+00   3.5428571E+02   8.1048757E+01   0.0000000E+00   2.1529148E+02
  3.7900000E+04     2   8.8992351E-01   1.9861174E-01   0.0000000E+00   1.2879965E+02   5.7037702E+01   0.0000000E+00   2.3930254E+02
  3.7950000E+04     1   4.9998368E-01   1.0671053E-01   0.0000000E+00   1.4971634E+02   8.0995202E+01   0.0000000E+00   1.0224921E+02
  3.7950000E+04     2   8.8989456E-01   1.9862699E-01   0.0000000E+00   3.2982206E+02   5.7155911E+01   0.0000000E+00   1.2608850E+02
  3.8000000E+04     1   4.9997299E-01   1.0637476E-01   0.0000000E+00   3.0529116E+02   8.0857489E+01   0.0000000E+00   3.4918721E+02
  3.8000000E+04     2   8.8991249E-01   1.9875733E-01   0.0000000E+00   1.7081977E+02   5.7276911E+01   0.0000000E+00   1.2767788E+01
  3.8050000E+04     1   4.9997090E-01   1.0577426E-01   0.0000000E+00   1.0082471E+02   8.0786729E+01   0.0000000E+00   2.3600909E+02
  3.8050000E+04     2   8.8993157E-01   1.9884387E-01   0.0000000E+00   1.1806208E+01   5.7397421E+01   0.0000000E+00   2.5939840E+02
  3.8100000E+04     1   4.9998435E-01   1.0534520E-01   0.0000000E+00   2.5622889E+02   8.0709663E+01   0.0000000E+00   1.2307636E+02
  3.8100000E+04     2   8.8994269E-01   1.9887171E-01   0.0000000E+00   2.1284769E+02   5.7514599E+01   0.0000000E+00   1.4627143E+02
  3.8150000E+04     1   4.9999612E-01   1.0501844E-01   0.0000000E+00   5.1648250E+01   8.0593707E+01   0.0000000E+00   1.0218626E+01
  3.8150000E+04     2   8.8999447E-01   1.9901549E-01   0.0000000E+00   5.3876904E+01   5.7650240E+01   0.0000000E+00   3.3162092E+01
  3.8200000E+04     1   4.9999515E-01   1.0450007E-01   0.0000000E+00   2.0711857E+02   8.0425449E+01   0.0000000E+00   2.5741877E+02
  3.8200000E+04     2   8.8997232E-01   1.9905387E-01   0.0000000E+00   2.5494475E+02   5.7749367E+01   0.0000000E+00   2.8009485E+02
  3.8250000E+04     1   4.9997426E-01   1.0396915E-01   0.0000000E+00   2.4634438E+00   8.0392762E+01   0.0000000E+00   1.4446154E+02
  3.8250000E+04     2   8.8995002E-01   1.9919427E-01   0.0000000E+00   9.5962138E+01   5.7893118E+01   0.0000000E+00   1.6696119E+02
  3.8300000E+04     1   4.9995386E-01   1.0363395E-01   0.0000000E+00   1.5798337E+02   8.0338624E+01   0.0000000E+00   3.1263527E+01
  3.8300000E+04     2   8.8996972E-01   1.9928866E-01   0.0000000E+00   2.9697555E+02   5.7986525E+01   0.0000000E+00   5.3615626E+01
  3.8350000E+04     1   4.9997859E-01   1.0318625E-01   0.0000000E+00   3.1367406E+02   8.0084360E+01   0.0000000E+00   2.7831743E+02
  3.8350000E+04     2   8.8989824E-01   1.9937012E-01   0.0000000E+00   1.3795824E+02   5.8121867E+01   0.0000000E+00   3.0027992E+02
  3.8400000E+04     1   4.9997536E-01   1.0269535E-01   0.0000000E+00   1.0907217E+02   8.0065731E+01   0.0000000E+00   1.6523399E+02
  3.8400000E+04     2   8.8989947E-01   1.9943209E-01   0.0000000E+00   3.3897777E+02   5.8241044E+01   0.0000000E+00   1.8705868E+02
  3.8450000E+04     1   4.9996007E-01   1.0244202E-01   0.0000000E+00   2.6445840E+02   8.0016458E+01   0.0000000E+00   5.2257673E+01
  3.8450000E+04     2   8.8995851E-01   1.9950800E-01   0.0000000E+00   1.8003200E+02   5.8342499E+01   0.0000000E+00   7.3931632E+01
  3.8500000E+04     1   4.9996219E-01   1.0191717E-01   0.0000000E+00   5.9939794E+01   7.9756791E+01   0.0000000E+00   2.9968798E+02
  3.8500000E+04     2   8.9000054E-01   1.9963161E-01   0.0000000E+00   2.1072777E+01   5.8497904E+01   0.0000000E+00   3.2094687E+02
  3.8550000E+04     1   4.9997812E-01   1.0145676E-01   0.0000000E+00   2.1531146E+02   7.9718701E+01   0.0000000E+00   1.8670214E+02
  3.8550000E+04     2   8.8998501E-01   1.9964011E-01   0.0000000E+00   2.2214785E+02   5.8577649E+01   0.0000000E+00   2.0784319E+02
  3.8600000E+04     1   4.9996364E-01   1.0120853E-01   0.0000000E+00   1.0807347E+01   7.9622635E+01   0.0000000E+00   7.3654904E+01
  3.8600000E+04     2   8.9000630E-01   1.9975830E-01   0.0000000E+00   6.3131776E+01   5.8721984E+01   0.0000000E+00   9.4555554E+01
  3.8650000E+04     1   4.9997080E-01   1.0089223E-01   0.0000000E+00   1.6646863E+02   7.9410090E+01   0.0000000E+00   3.2064340E+02
  3.8650000E+04     2   8.8997192E-01   1.9975646E-01   0.0000000E+00   2.6413840E+02   5.8827709E+01   0.0000000E+00   3.4122578E+02
  3.8700000E+04     1   4.9998336E-01   1.0031633E-01   0.0000000E+00   3.2203573E+02   7.9303635E+01   0.0000000E+00   2.0750360E+02
  3.8700000E+04     2   8.8989852E-01   1.9988804E-01   0.0000000E+00   1.0512610E+02   5.8947206E+01   0.0000000E+00   2.2786003E+02
  3.8750000E+04     1   4.9998805E-01   9.9992218E-02   0.0000000E+00   1.1748585E+02   7.9163548E+01   0.0000000E+00   9.4663384E+01
  3.8750000E+04     2   8.8988558E-01   1.9990599E-01   0.0000000E+00   3.0614952E+02   5.9088644E+01   0.0000000E+00   1.1473829E+02
  3.8800000E+04     1   4.9997286E-01   9.9719958E-02   0.0000000E+00   2.7296378E+02   7.8977031E+01   0.0000000E+00   3.4190514E+02
  3.8800000E+04     2   8.8991980E-01   2.0000795E-01   0.0000000E+00   1.4721270E+02   5.9198789E+01   0.0000000E+00   1.6833790E+00
  3.8850000E+04     1   4.9997542E-01   9.9223649E-02   0.0000000E+00   6.8391931E+01   7.8840842E+01   0.0000000E+00   2.2909030E+02
  3.8850000E+04     2   8.8992877E-01   2.0008134E-01   0.0000000E+00   3.4825597E+02   5.9325988E+01   0.0000000E+00   2.4860516E+02
  3.8900000E+04     1   4.9997633E-01   9.8798172E-02   0.0000000E+00   2.2381659E+02   7.8735729E+01   0.0000000E+00   1.1619704E+02
  3.8900000E+04     2   8.8996435E-01   2.0011604E-01   0.0000000E+00   1.8929418E+02   5.9448365E+01   0.0000000E+00   1.3548441E+02
  3.8950000E+04     1   5.0000852E-01   9.8570166E-02   0.0000000E+00   1.9481550E+01   7.8565937E+01   0.0000000E+00   3.0573627E+00
  3.8950000E+04     2   8.8999541E-01   2.0025484E-01   0.0000000E+00   3.0263188E+01   5.9572205E+01   0.0000000E+00   2.2051094E+01
  3.9000000E+04     1   4.9998423E-01   9.8080656E-02   0.0000000E+00   1.7517682E+02   7.8310409E+01   0.0000000E+00   2.5010289E+02
  3.9000000E+04     2   8.8997437E-01   2.0024790E-01   0.0000000E+00   2.3125791E+02   5.9692356E+01   0.0000000E+00   2.6872095E+02
  3.9050000E+04     1   4.9996481E-01   9.7654939E-02   0.0000000E+00   3.3059655E+02   7.8261929E+01   0.0000000E+00   1.3705888E+02
  3.9050000E+04     2   8.8995234E-01   2.0040248E-01   0.0000000E+00   7.2270509E+01   5.9819134E+01   0.0000000E+00   1.5550167E+02
  3.9100000E+04     1   4.9995887E-01   9.7456304E-02   0.0000000E+00   1.2603987E+02   7.8146830E+01   0.0000000E+00   2.4160826E+01
  3.9100000E+04     2   8.8995415E-01   2.0042453E-01   0.0000000E+00   2.7332554E+02   5.9921641E+01   0.0000000E+00   4.2386015E+01
  3.9150000E+04     1   4.9997218E-01   9.6981972E-02   0.0000000E+00   2.8155944E+02   7.7832287E+01   0.0000000E+00   2.7168098E+02
  3.9150000E+04     2   8.8990925E-01   2.0051893E-01   0.0000000E+00   1.1439527E+02   6.0057223E+01   0.0000000E+00   2.8945604E+02
  3.9200000E+04     1   4.9997518E-01   9.6628081E-02   0.0000000E+00   7.6956580E+01   7.7769318E+01   0.0000000E+00   1.5871966E+02
  3.9200000E+04     2   8.8990184E-01   2.0055535E-01   0.0000000E+00   3.1543006E+02   6.0177374E+01   0.0000000E+00   1.7631160E+02
  3.9250000E+04     1   4.9996587E-01   9.6489512E-02   0.0000000E+00   2.3250763E+02   7.7629840E+01   0.0000000E+00   4.5701564E+01
  3.9250000E+04     2   8.8995913E-01   2.0056778E-01   0.0000000E+00   1.5644618E+02   6.0288255E+01   0.0000000E+00   6.3043149E+01
  3.9300000E+04     1   4.9995604E-01   9.5976541E-02   0.0000000E+00   2.8242577E+01   7.7341594E+01   0.0000000E+00   2.9276645E+02
  3.9300000E+04     2   8.9002155E-01   2.0074880E-01   0.0000000E+00   3.5741265E+02   6.0433460E+01   0.0000000E+00   3.0967459E+02
  3.9350000E+04     1   4.9999071E-01   9.5639225E-02   0.0000000E+00   1.8383074E+02   7.7224850E+01   0.0000000E+00   1.7961658E+02
  3.9350000E+04     2   8.8996835E-01   2.0066476E-01   0.0000000E+00   1.9841567E+02   6.0532845E+01   0.0000000E+00   1.9630859E+02
  3.9400000E+04     1   4.9996514E-01   9.5440113E-02   0.0000000E+00   3.3931975E+02   7.7036460E+01   0.0000000E+00   6.6835767E+01
  3.9400000E+04     2   8.8999537E-01   2.0080465E-01   0.0000000E+00   3.9438410E+01   6.0675807E+01   0.0000000E+00   8.3196420E+01
  3.9450000E+04     1   4.9997030E-01   9.5196315E-02   0.0000000E+00   1.3484564E+02   7.6783506E+01   0.0000000E+00   3.1417053E+02
  3.9450000E+04     2   8.8996044E-01   2.0077928E-01   0.0000000E+00   2.4050298E+02   6.0788608E+01   0.0000000E+00   3.3016543E+02
  3.9500000E+04     1   4.9999316E-01   9.4747427E-02   0.0000000E+00   2.9028620E+02   7.6622404E+01   0.0000000E+00   2.0140396E+02
  3.9500000E+04     2   8.8987661E-01   2.0085826E-01   0.0000000E+00   8.1561479E+01   6.0906003E+01   0.0000000E+00   2.1712036E+02
  3.9550000E+04     1   4.9997979E-01   9.4426832E-02   0.0000000E+00   8.5803270E+01   7.6444278E+01   0.0000000E+00   8.8549604E+01
  3.9550000E+04     2   8.8989596E-01   2.0093258E-01   0.0000000E+00   2.8256572E+02   6.1054991E+01   0.0000000E+00   1.0393889E+02
  3.9600000E+04     1   4.9997308E-01   9.4272150E-02   0.0000000E+00   2.4157309E+02   7.6181574E+01   0.0000000E+00   3.3548938E+02
  3.9600000E+04     2   8.8992708E-01   2.0096086E-01   0.0000000E+00   1.2354958E+02   6.1163232E+01   0.0000000E+00   3.5050772E+02
  3.9650000E+04     1   4.9997112E-01   9.3834449E-02   0.0000000E+00   3.7229990E+01   7.5973910E+01   0.0000000E+00   2.2247078E+02
  3.9650000E+04     2   8.8994262E-01   2.0105515E-01   0.0000000E+00   3.2452908E+02   6.1295211E+01   0.0000000E+00   2.3714947E+02
  3.9700000E+04     1   4.9996919E-01   9.3514592E-02   0.0000000E+00   1.9270500E+02   7.5863934E+01   0.0000000E+00   1.0950044E+02
  3.9700000E+04     2   8.8998552E-01   2.0106733E-01   0.0000000E+00   1.6555066E+02   6.1415993E+01   0.0000000E+00   1.2394838E+02
  3.9750000E+04     1   5.0001651E-01   9.3407508E-02   0.0000000E+00   3.4826360E+02   7.5618939E+01   0.0000000E+00   3.5675388E+02
  3.9750000E+04     2   8.8998940E-01   2.0116755E-01   0.0000000E+00   6.5971184E+00   6.1530562E+01   0.0000000E+00   1.0842256E+01
  3.9800000E+04     1   4.9997170E-01   9.2962572E-02   0.0000000E+00   1.4375905E+02   7.5316283E+01   0.0000000E+00   2.4427692E+02
  3.9800000E+04     2   8.8998047E-01   2.0115678E-01   0.0000000E+00   2.0766960E+02   6.1664666E+01   0.0000000E+00   2.5792853E+02
  3.9850000E+04     1   4.9996250E-01   9.2694255E-02   0.0000000E+00   2.9917772E+02   7.5236030E+01   0.0000000E+00   1.3132345E+02
  3.9850000E+04     2   8.8994596E-01   2.0127333E-01   0.0000000E+00   4.8710096E+01   6.1776520E+01   0.0000000E+00   1.4478296E+02
  3.9900000E+04     1   4.9996759E-01   9.2615554E-02   0.0000000E+00   9.4810024E+01   7.5036274E+01   0.0000000E+00   1.8325990E+01
  3.9900000E+04     2   8.8993183E-01   2.0125960E-01   0.0000000E+00   2.4970714E+02   6.1897145E+01   0.0000000E+00   3.1465119E+01
  3.9950000E+04     1   4.9996681E-01   9.2158538E-02   0.0000000E+00   2.5061110E+02   7.4699386E+01   0.0000000E+00   2.6541529E+02
  3.9950000E+04     2   8.8992029E-01   2.0135385E-01   0.0000000E+00   9.0686812E+01   6.2025769E+01   0.0000000E+00   2.7808891E+02
  4.0000000E+04     1   4.9998261E-01   9.1961540E-02   0.0000000E+00   4.6204723E+01   7.4559268E+01   0.0000000E+00   1.5232200E+02
  4.0000000E+04     2   8.8989518E-01   2.0135512E-01   0.0000000E+00   2.9167030E+02   6.2152331E+01   0.0000000E+00   1.6472893E+02
  4.0050000E+04     1   4.9997305E-01   9.1915867E-02   0.0000000E+00   2.0171894E+02   7.4323866E+01   0.0000000E+00   3.9630149E+01
  4.0050000E+04     2   8.8995812E-01   2.0133242E-01   0.0000000E+00   1.3271979E+02   6.2278618E+01   0.0000000E+00   5.1675397E+01
  4.0100000E+04     1   4.9996048E-01   9.1512132E-02   0.0000000E+00   3.5726021E+02   7.4035682E+01   0.0000000E+00   2.8703356E+02
  4.0100000E+04     2   8.9002255E-01   2.0151279E-01   0.0000000E+00   3.3378370E+02   6.2398868E+01   0.0000000E+00   2.9867038E+02
  4.0150000E+04     1   4.9999923E-01   9.1272107E-02   0.0000000E+00   1.5274347E+02   7.3836475E+01   0.0000000E+00   1.7429243E+02
  4.0150000E+04     2   8.8995347E-01   2.0138864E-01   0.0000000E+00   1.7482752E+02   6.2526904E+01   0.0000000E+00   1.8560200E+02
  4.0200000E+04     1   4.9995826E-01   9.1095160E-02   0.0000000E+00   3.0834181E+02   7.3605074E+01   0.0000000E+00   6.1439520E+01
  4.0200000E+04     2   8.8999856E-01   2.0156163E-01   0.0000000E+00   1.5839918E+01   6.2655821E+01   0.0000000E+00   7.2388773E+01
  4.0250000E+04     1   4.9997180E-01   9.0988388E-02   0.0000000E+00   1.0416872E+02   7.3294837E+01   0.0000000E+00   3.0840346E+02
  4.0250000E+04     2   8.8994660E-01   2.0150135E-01   0.0000000E+00   2.1680078E+02   6.2780141E+01   0.0000000E+00   3.1891815E+02
  4.0300000E+04     1   4.9999107E-01   9.0632872E-02   0.0000000E+00   2.5983596E+02   7.3072077E+01   0.0000000E+00   1.9541112E+02
  4.0300000E+04     2   8.8987648E-01   2.0155154E-01   0.0000000E+00   5.7791627E+01   6.2903988E+01   0.0000000E+00   2.0557921E+02
  4.0350000E+04     1   4.9997009E-01   9.0413818E-02   0.0000000E+00   5.5374807E+01   7.2896495E+01   0.0000000E+00   8.2510947E+01
  4.0350000E+04     2   8.8991007E-01   2.0165088E-01   0.0000000E+00   2.5879733E+02   6.3042039E+01   0.0000000E+00   9.2365403E+01
  4.0400000E+04     1   4.9997475E-01   9.0381855E-02   0.0000000E+00   2.1101402E+02   7.2534186E+01   0.0000000E+00   3.2995167E+02
  4.0400000E+04     2   8.8993260E-01   2.0160250E-01   0.0000000E+00   9.9853720E+01   6.3163310E+01   0.0000000E+00   3.3932255E+02
  4.0450000E+04     1   4.9996336E-01   9.0015945E-02   0.0000000E+00   6.4350974E+00   7.2315698E+01   0.0000000E+00   2.1737560E+02
  4.0450000E+04     2   8.8996554E-01   2.0171845E-01   0.0000000E+00   3.0094106E+02   6.3279987E+01   0.0000000E+00   2.2641131E+02
  4.0500000E+04     1   4.9996991E-01   8.9856176E-02   0.0000000E+00   1.6191243E+02   7.2193895E+01   0.0000000E+00   1.0443145E+02
  4.0500000E+04     2   8.8999656E-01   2.0169421E-01   0.0000000E+00   1.4196120E+02   6.3404637E+01   0.0000000E+00   1.1322071E+02
  4.0550000E+04     1   5.0001118E-01   8.9850759E-02   0.0000000E+00   3.1767508E+02   7.1876219E+01   0.0000000E+00   3.5152842E+02
  4.0550000E+04     2   8.8998825E-01   2.0175460E-01   0.0000000E+00   3.4296283E+02   6.3515141E+01   0.0000000E+00   3.5988950E+02
  4.0600000E+04     1   4.9996370E-01   8.9489074E-02   0.0000000E+00   1.1347739E+02   7.1547185E+01   0.0000000E+00   2.3858548E+02
  4.0600000E+04     2   8.8998152E-01   2.0175415E-01   0.0000000E+00   1.8392061E+02   6.3658012E+01   0.0000000E+00   2.4647466E+02
  4.0650000E+04     1   4.9996961E-01   8.9411078E-02   0.0000000E+00   2.6905583E+02   7.1404144E+01   0.0000000E+00   1.2552656E+02
  4.0650000E+04     2   8.8992902E-01   2.0179621E-01   0.0000000E+00   2.4928012E+01   6.3767328E+01   0.0000000E+00   1.3316338E+02
  4.0700000E+04     1   4.9997672E-01   8.9436846E-02   0.0000000E+00   6.4599731E+01   7.1125170E+01   0.0000000E+00   1.2900887E+01
  4.0700000E+04     2   8.8990967E-01   2.0178646E-01   0.0000000E+00   2.2597135E+02   6.3904128E+01   0.0000000E+00   2.0121929E+01
  4.0750000E+04     1   4.9997166E-01   8.9088081E-02   0.0000000E+00   2.2016542E+02   7.0813756E+01   0.0000000E+00   2.6033117E+02
  4.0750000E+04     2   8.8991580E-01   2.0183925E-01   0.0000000E+00   6.7042820E+01   6.4019233E+01   0.0000000E+00   2.6712570E+02
  4.0800000E+04     1   4.9999044E-01   8.9008901E-02   0.0000000E+00   1.5654213E+01   7.0594900E+01   0.0000000E+00   1.4763836E+02
  4.0800000E+04     2   8.8989188E-01   2.0183020E-01   0.0000000E+00   2.6808849E+02   6.4152697E+01   0.0000000E+00   1.5408056E+02
  4.0850000E+04     1   4.9997206E-01   8.9025230E-02   0.0000000E+00   1.7132427E+02   7.0310792E+01   0.0000000E+00   3.4805309E+01
  4.0850000E+04     2   8.8997231E-01   2.0181833E-01   0.0000000E+00   1.0908714E+02   6.4288442E+01   0.0000000E+00   4.0827659E+01
  4.0900000E+04     1   4.9996963E-01   8.8796089E-02   0.0000000E+00   3.2716075E+02   6.9998787E+01   0.0000000E+00   2.8175796E+02
  4.0900000E+04     2   8.9001283E-01   2.0193399E-01   0.0000000E+00   3.1006558E+02   6.4392562E+01   0.0000000E+00   2.8736419E+02
  4.0950000E+04     1   4.9999205E-01   8.8623341E-02   0.0000000E+00   1.2286833E+02   6.9734728E+01   0.0000000E+00   1.6880139E+02
  4.0950000E+04     2   8.8995881E-01   2.0183717E-01   0.0000000E+00   1.5102099E+02   6.4548601E+01   0.0000000E+00   1.7398752E+02
  4.1000000E+04     1   4.9995334E-01   8.8545530E-02   0.0000000E+00   2.7845022E+02   6.9515637E+01   0.0000000E+00   5.5944192E+01
  4.1000000E+04     2   8.9000064E-01   2.0198363E-01   0.0000000E+00   3.5206020E+02   6.4652642E+01   0.0000000E+00   6.0807187E+01
  4.1050000E+04     1   4.9997639E-01   8.8590953E-02   0.0000000E+00   7.4085074E+01   6.9133995E+01   0.0000000E+00   3.0343952E+02
  4.1050000E+04     2   8.8992826E-01   2.0190338E-01   0.0000000E+00   1.9310261E+02   6.4793681E+01   0.0000000E+00   3.0777984E+02
  4.1100000E+04     1   4.9998190E-01   8.8328584E-02   0.0000000E+00   2.2950959E+02   6.8914069E+01   0.0000000E+00   1.9086437E+02
  4.1100000E+04     2   8.8988901E-01   2.0194132E-01   0.0000000E+00   3.4188587E+01   6.4912462E+01   0.0000000E+00   1.9486597E+02
  4.1150000E+04     1   4.9996508E-01   8.8267535E-02   0.0000000E+00   2.5053905E+01   6.8748028E+01   0.0000000E+00   7.7928779E+01
  4.1150000E+04     2   8.8991982E-01   2.0202556E-01   0.0000000E+00   2.3520308E+02   6.5036294E+01   0.0000000E+00   8.1640513E+01
  4.1200000E+04     1   4.9996464E-01   8.8292285E-02   0.0000000E+00   1.8093479E+02   6.8301350E+01   0.0000000E+00   3.2517658E+02
  4.1200000E+04     2   8.8995748E-01   2.0196538E-01   0.0000000E+00   7.6177980E+01   6.5179055E+01   0.0000000E+00   3.2829887E+02
  4.1250000E+04     1   4.9995878E-01   8.8071612E-02   0.0000000E+00   3.3663323E+02   6.8094882E+01   0.0000000E+00   2.1208232E+02
  4.1250000E+04     2   8.8998373E-01   2.0203764E-01   0.0000000E+00   2.7717653E+02   6.5276120E+01   0.0000000E+00   2.1490108E+02
  4.1300000E+04     1   4.9997987E-01   8.8111124E-02   0.0000000E+00   1.3221276E+02   6.7941421E+01   0.0000000E+00   9.9044727E+01
  4.1300000E+04     2   8.8999296E-01   2.0197919E-01   0.0000000E+00   1.1815671E+02   6.5413459E+01   0.0000000E+00   1.0157269E+02
  4.1350000E+04     1   5.0000175E-01   8.8212428E-02   0.0000000E+00   2.8781933E+02   6.7577920E+01   0.0000000E+00   3.4654123E+02
  4.1350000E+04     2   8.8998279E-01   2.0199262E-01   0.0000000E+00   3.1923594E+02   6.5522264E+01   0.0000000E+00   3.4859688E+02
  4.1400000E+04     1   4.9996905E-01   8.7977052E-02   0.0000000E+00   8.3381542E+01   6.7267893E+01   0.0000000E+00   2.3396475E+02
  4.1400000E+04     2   8.8996200E-01   2.0199971E-01   0.0000000E+00   1.6027887E+02   6.5662172E+01   0.0000000E+00   2.3557048E+02
  4.1450000E+04     1   4.9998018E-01   8.8044855E-02   0.0000000E+00   2.3886027E+02   6.7058753E+01   0.0000000E+00   1.2126311E+02
  4.1450000E+04     2   8.8990912E-01   2.0198580E-01   0.0000000E+00   1.3411042E+00   6.5779338E+01   0.0000000E+00   1.2254252E+02
  4.1500000E+04     1   4.9997473E-01   8.8142245E-02   0.0000000E+00   3.4577164E+01   6.6753343E+01   0.0000000E+00   8.4077106E+00
  4.1500000E+04     2   8.8990690E-01   2.0202109E-01   0.0000000E+00   2.0232798E+02   6.5917800E+01   0.0000000E+00   9.2432539E+00
  4.1550000E+04     1   4.9997875E-01   8.7974082E-02   0.0000000E+00   1.9041066E+02   6.6455570E+01   0.0000000E+00   2.5533037E+02
  4.1550000E+04     2   8.8990732E-01   2.0199693E-01   0.0000000E+00   4.3293152E+01   6.6032934E+01   0.0000000E+00   2.5575300E+02
  4.1600000E+04     1   4.9998722E-01   8.7967002E-02   0.0000000E+00   3.4610329E+02   6.6179904E+01   0.0000000E+00   1.4243788E+02
  4.1600000E+04     2   8.8990837E-01   2.0199938E-01   0.0000000E+00   2.4427916E+02   6.6171327E+01   0.0000000E+00   1.4244646E+02
  4.1650000E+04     1   4.9997650E-01   8.8118143E-02   0.0000000E+00   1.4173057E+02   6.5902153E+01   0.0000000E+00   2.9659748E+01
  4.1650000E+04     2   8.8998046E-01   2.0197633E-01   0.0000000E+00   8.5291345E+01   6.6305968E+01   0.0000000E+00   2.9255934E+01
  4.1700000E+04     1   4.9998236E-01   8.8059341E-02   0.0000000E+00   2.9731902E+02   6.5558580E+01   0.0000000E+00   2.7713328E+02
  4.1700000E+04     2   8.8999568E-01   2.0201291E-01   0.0000000E+00   2.8637764E+02   6.6407095E+01   0.0000000E+00   2.7628477E+02
  4.1750000E+04     1   4.9997657E-01   8.7943846E-02   0.0000000E+00   9.2780618E+01   6.5315658E+01   0.0000000E+00   1.6454770E+02
  4.1750000E+04     2   8.8997536E-01   2.0198775E-01   0.0000000E+00   1.2741260E+02   6.6567214E+01   0.0000000E+00   1.6329614E+02
  4.1800000E+04     1   4.9995262E-01   8.8014326E-02   0.0000000E+00   2.4837322E+02   6.5126230E+01   0.0000000E+00   5.1590746E+01
  4.1800000E+04     2   8.8999436E-01   2.0205781E-01   0.0000000E+00   3.2845409E+02   6.6654121E+01   0.0000000E+00   5.0062855E+01
  4.1850000E+04     1   4.9996964E-01   8.8143224E-02   0.0000000E+00   4.4254129E+01   6.4682805E+01   0.0000000E+00   2.9882567E+02
  4.1850000E+04     2   8.8992835E-01   2.0201585E-01   0.0000000E+00   1.6941236E+02   6.6810344E+01   0.0000000E+00   2.9669814E+02
  4.1900000E+04     1   4.9997355E-01   8.8039387E-02   0.0000000E+00   1.9992982E+02   6.4494149E+01   0.0000000E+00   1.8572445E+02
  4.1900000E+04     2   8.8990137E-01   2.0200349E-01   0.0000000E+00   1.0397716E+01   6.6923567E+01   0.0000000E+00   1.8329503E+02
  4.1950000E+04     1   4.9996920E-01   8.8182836E-02   0.0000000E+00   3.5550390E+02   6.4331509E+01   0.0000000E+00   7.2728373E+01
  4.1950000E+04     2   8.8991892E-01   2.0202854E-01   0.0000000E+00   2.1140876E+02   6.7038890E+01   0.0000000E+00   7.0020992E+01
  4.2000000E+04     1   4.9995647E-01   8.8247424E-02   0.0000000E+00   1.5117411E+02   6.3875155E+01   0.0000000E+00   3.2036891E+02
  4.2000000E+04     2   8.8997918E-01   2.0199917E-01   0.0000000E+00   5.2454580E+01   6.7192086E+01   0.0000000E+00   3.1705198E+02
  4.2050000E+04     1   4.9996687E-01   8.8210350E-02   0.0000000E+00   3.0662355E+02   6.3690899E+01   0.0000000E+00   2.0764881E+02
  4.2050000E+04     2   8.8998141E-01   2.0198044E-01   0.0000000E+00   2.5355016E+02   6.7276922E+01   0.0000000E+00   2.0406279E+02
  4.2100000E+04     1   4.9998784E-01   8.8408403E-02   0.0000000E+00   1.0210058E+02   6.3501624E+01   0.0000000E+00   9.4888189E+01
  4.2100000E+04     2   8.8998817E-01   2.0193578E-01   0.0000000E+00   9.4566264E+01   6.7429746E+01   0.0000000E+00   9.0960067E+01
  4.2150000E+04     1   4.9998460E-01   8.8585655E-02   0.0000000E+00   2.5788115E+02   6.3143363E+01   0.0000000E+00   3.4206583E+02
  4.2150000E+04     2   8.8998679E-01   2.0191880E-01   0.0000000E+00   2.9558148E+02   6.7535365E+01   0.0000000E+00   3.3767382E+02
  4.2200000E+04     1   4.9997920E-01   8.8519284E-02   0.0000000E+00   5.3696962E+01   6.2855890E+01   0.0000000E+00   2.2898331E+02
  4.2200000E+04     2   8.8993482E-01   2.0190918E-01   0.0000000E+00   1.3652247E+02   6.7673559E+01   0.0000000E+00   2.2416564E+02
  4.2250000E+04     1   4.9998191E-01   8.8677178E-02   0.0000000E+00   2.0935338E+02   6.2599356E+01   0.0000000E+00   1.1610143E+02
  4.2250000E+04     2   8.8990509E-01   2.0187606E-01   0.0000000E+00   3.3752219E+02   6.7804572E+01   0.0000000E+00   1.1089622E+02
  4.2300000E+04     1   4.9997508E-01   8.8914013E-02   0.0000000E+00   4.9682176E+00   6.2330075E+01   0.0000000E+00   3.3261360E+00
  4.2300000E+04     2   8.8990390E-01   2.0190432E-01   0.0000000E+00   1.7854967E+02   6.7927585E+01   0.0000000E+00   3.5772863E+02
  4.2350000E+04     1   4.9998483E-01   8.8919590E-02   0.0000000E+00   1.6050121E+02   6.2040440E+01   0.0000000E+00   2.5075019E+02
  4.2350000E+04     2   8.8989961E-01   2.0183001E-01   0.0000000E+00   1.9611515E+01   6.8054624E+01   0.0000000E+00   2.4473600E+02
  4.2400000E+04     1   4.9997595E-01   8.8948028E-02   0.0000000E+00   3.1596494E+02   6.1798523E+01   0.0000000E+00   1.3816526E+02
  4.2400000E+04     2   8.8993896E-01   2.0184838E-01   0.0000000E+00   2.2068260E+02   6.8181016E+01   0.0000000E+00   1.3178276E+02
  4.2450000E+04     1   4.9998612E-01   8.9262325E-02   0.0000000E+00   1.1164275E+02   6.1531658E+01   0.0000000E+00   2.5267217E+01
  4.2450000E+04     2   8.8998437E-01   2.0180746E-01   0.0000000E+00   6.1667817E+01   6.8318825E+01   0.0000000E+00   1.8480050E+01
  4.2500000E+04     1   4.9998111E-01   8.9300583E-02   0.0000000E+00   2.6745572E+02   6.1172882E+01   0.0000000E+00   2.7238953E+02
  4.2500000E+04     2   8.8999717E-01   2.0180179E-01   0.0000000E+00   2.6267057E+02   6.8424941E+01   0.0000000E+00   2.6513747E+02
  4.2550000E+04     1   4.9996296E-01   8.9310961E-02   0.0000000E+00   6.3112464E+01   6.0996638E+01   0.0000000E+00   1.5927851E+02
  4.2550000E+04     2   8.8998904E-01   2.0181246E-01   0.0000000E+00   1.0361753E+02   6.8574590E+01   0.0000000E+00   1.5170056E+02
  4.2600000E+04     1   4.9996072E-01   8.9575914E-02   0.0000000E+00   2.1867107E+02   6.0834751E+01   0.0000000E+00   4.6305388E+01
  4.2600000E+04     2   8.8997311E-01   2.0177251E-01   0.0000000E+00   3.0466357E+02   6.8659414E+01   0.0000000E+00   3.8480725E+01
  4.2650000E+04     1   4.9996524E-01   8.9746378E-02   0.0000000E+00   1.4314583E+01   6.0399942E+01   0.0000000E+00   2.9393299E+02
  4.2650000E+04     2   8.8992598E-01   2.0178297E-01   0.0000000E+00   1.4571154E+02   6.8812184E+01   0.0000000E+00   2.8552075E+02
  4.2700000E+04     1   4.9997696E-01   8.9825569E-02   0.0000000E+00   1.6972731E+02   6.0253362E+01   0.0000000E+00   1.8117469E+02
  4.2700000E+04     2   8.8989620E-01   2.0170582E-01   0.0000000E+00   3.4677819E+02   6.8926171E+01   0.0000000E+00   1.7250188E+02
  4.2750000E+04     1   4.9997552E-01   9.0139037E-02   0.0000000E+00   3.2518672E+02   6.0091686E+01   0.0000000E+00   6.8377301E+01
  4.2750000E+04     2   8.8991822E-01   2.0167764E-01   0.0000000E+00   1.8783246E+02   6.9041241E+01   0.0000000E+00   5.9427746E+01
  4.2800000E+04     1   4.9995134E-01   9.0242022E-02   0.0000000E+00   1.2101684E+02   5.9688898E+01   0.0000000E+00   3.1558873E+02
  4.2800000E+04     2   8.8999499E-01   2.0169853E-01   0.0000000E+00   2.8800051E+01   6.9191628E+01   0.0000000E+00   3.0608600E+02
  4.2850000E+04     1   4.9998053E-01   9.0385623E-02   0.0000000E+00   2.7671795E+02   5.9509541E+01   0.0000000E+00   2.0241394E+02
  4.2850000E+04     2   8.8996870E-01   2.0157925E-01   0.0000000E+00   2.2979250E+02   6.9282981E+01   0.0000000E+00   1.9264049E+02
  4.2900000E+04     1   4.9998359E-01   9.0692666E-02   0.0000000E+00   7.2328574E+01   5.9294082E+01   0.0000000E+00   8.9491585E+01
  4.2900000E+04     2   8.8999716E-01   2.0158848E-01   0.0000000E+00   7.0758968E+01   6.9445194E+01   0.0000000E+00   7.9340473E+01
  4.2950000E+04     1   4.9997610E-01   9.0989305E-02   0.0000000E+00   2.2794725E+02   5.9006114E+01   0.0000000E+00   3.3675840E+02
  4.2950000E+04     2   8.8998079E-01   2.0150529E-01   0.0000000E+00   2.7181603E+02   6.9542908E+01   0.0000000E+00   3.2622160E+02
  4.3000000E+04     1   4.9998979E-01   9.1073337E-02   0.0000000E+00   2.3440227E+01   5.8746804E+01   0.0000000E+00   2.2416394E+02
  4.3000000E+04     2   8.8990583E-01   2.0148354E-01   0.0000000E+00   1.1286832E+02   6.9680568E+01   0.0000000E+00   2.1323018E+02
  4.3050000E+04     1   4.9997536E-01   9.1257762E-02   0.0000000E+00   1.7890625E+02   5.8525397E+01   0.0000000E+00   1.1151781E+02
  4.3050000E+04     2   8.8991331E-01   2.0146791E-01   0.0000000E+00   3.1392471E+02   6.9812715E+01   0.0000000E+00   1.0023049E+02
  4.3100000E+04     1   4.9997551E-01   9.1667153E-02   0.0000000E+00   3.3457337E+02   5.8285906E+01   0.0000000E+00   3.5857039E+02
  4.3100000E+04     2   8.8990504E-01   2.0144042E-01   0.0000000E+00   1.5493115E+02   6.9926644E+01   0.0000000E+00   3.4692965E+02
  4.3150000E+04     1   4.9997587E-01   9.1766842E-02   0.0000000E+00   1.3030665E+02   5.8010796E+01   0.0000000E+00   2.4560221E+02
  4.3150000E+04     2   8.8991510E-01   2.0138554E-01   0.0000000E+00   3.5589931E+02   7.0065913E+01   0.0000000E+00   2.3354709E+02
  4.3200000E+04     1   4.9996607E-01   9.1892008E-02   0.0000000E+00   2.8592074E+02   5.7856205E+01   0.0000000E+00   1.3251292E+02
  4.3200000E+04     2   8.8996640E-01   2.0136344E-01   0.0000000E+00   1.9689579E+02   7.0177248E+01   0.0000000E+00   1.2019188E+02
  4.3250000E+04     1   4.9999724E-01   9.2359224E-02   0.0000000E+00   8.1547213E+01   5.7593167E+01   0.0000000E+00   1.9693844E+01
  4.3250000E+04     2   8.8998688E-01   2.0131454E-01   0.0000000E+00   3.7891956E+01   7.0321739E+01   0.0000000E+00   6.9652717E+00
  4.3300000E+04     1   4.9997560E-01   9.2473979E-02   0.0000000E+00   2.3707623E+02   5.7294778E+01   0.0000000E+00   2.6714586E+02
  4.3300000E+04     2   8.8999872E-01   2.0126588E-01   0.0000000E+00   2.3898146E+02   7.0424363E+01   0.0000000E+00   2.5401627E+02
  4.3350000E+04     1   4.9996125E-01   9.2640665E-02   0.0000000E+00   3.2452778E+01   5.7192022E+01   0.0000000E+00   1.5432295E+02
  4.3350000E+04     2   8.8998219E-01   2.0127734E-01   0.0000000E+00   8.0021219E+01   7.0558669E+01   0.0000000E+00   1.4095631E+02
  4.3400000E+04     1   4.9997030E-01   9.3062345E-02   0.0000000E+00   1.8791128E+02   5.7045382E+01   0.0000000E+00   4.1482640E+01
  4.3400000E+04     2   8.8994844E-01   2.0116038E-01   0.0000000E+00   2.8108556E+02   7.0656785E+01   0.0000000E+00   2.7871236E+01
  4.3450000E+04     1   4.9996445E-01   9.3249893E-02   0.0000000E+00   3.4372222E+02   5.6675859E+01   0.0000000E+00   2.8863930E+02
  4.3450000E+04     2   8.8992066E-01   2.0119963E-01   0.0000000E+00   1.2206385E+02   7.0792774E+01   0.0000000E+00   2.7452239E+02
  4.3500000E+04     1   4.9998558E-01   9.3509089E-02   0.0000000E+00   1.3934225E+02   5.6552480E+01   0.0000000E+00   1.7545277E+02
  4.3500000E+04     2   8.8988373E-01   2.0107215E-01   0.0000000E+00   3.2303038E+02   7.0919606E+01   0.0000000E+00   1.6108564E+02
  4.3550000E+04     1   4.9997627E-01   9.3953260E-02   0.0000000E+00   2.9487195E+02   5.6394194E+01   0.0000000E+00   6.2522909E+01
  4.3550000E+04     2   8.8992788E-01   2.0100835E-01   0.0000000E+00   1.6405169E+02   7.1039937E+01   0.0000000E+00   4.7877167E+01
  4.3600000E+04     1   4.9995623E-01   9.4144573E-02   0.0000000E+00   9.0493879E+01   5.6097082E+01   0.0000000E+00   3.0980693E+02
  4.3600000E+04     2   8.8999265E-01   2.0103918E-01   0.0000000E+00   5.0740777E+00   7.1173411E+01   0.0000000E+00   2.9473061E+02
  4.3650000E+04     1   4.9999545E-01   9.4410350E-02   0.0000000E+00   2.4590109E+02   5.5925607E+01   0.0000000E+00   1.9712309E+02
  4.3650000E+04     2   8.8995354E-01   2.0085873E-01   0.0000000E+00   2.0615551E+02   7.1282186E+01   0.0000000E+00   1.8176651E+02
  4.3700000E+04     1   4.9997048E-01   9.4747325E-02   0.0000000E+00   4.1361873E+01   5.5747486E+01   0.0000000E+00   8.4360496E+01
  4.3700000E+04     2   8.9001602E-01   2.0094111E-01   0.0000000E+00   4.7178507E+01   7.1430163E+01   0.0000000E+00   6.8677818E+01
  4.3750000E+04     1   4.9997222E-01   9.5196754E-02   0.0000000E+00   1.9701749E+02   5.5521439E+01   0.0000000E+00   3.3139146E+02
  4.3750000E+04     2   8.8997132E-01   2.0077554E-01   0.0000000E+00   2.4819219E+02   7.1533732E+01   0.0000000E+00   3.1537917E+02
  4.3800000E+04     1   4.9998559E-01   9.5356117E-02   0.0000000E+00   3.5268799E+02   5.5295024E+01   0.0000000E+00   2.1839741E+02
  4.3800000E+04     2   8.8990047E-01   2.0076906E-01   0.0000000E+00   8.9168392E+01   7.1669331E+01   0.0000000E+00   2.0202310E+02
  4.3850000E+04     1   4.9996871E-01   9.5609841E-02   0.0000000E+00   1.4827203E+02   5.5161743E+01   0.0000000E+00   1.0530097E+02
  4.3850000E+04     2   8.8992131E-01   2.0074404E-01   0.0000000E+00   2.9015320E+02   7.1795036E+01   0.0000000E+00   8.8667677E+01
  4.3900000E+04     1   4.9997335E-01   9.6172792E-02   0.0000000E+00   3.0385526E+02   5.4927562E+01   0.0000000E+00   3.5248657E+02
  4.3900000E+04     2   8.8991418E-01   2.0064910E-01   0.0000000E+00   1.3118459E+02   7.1913891E+01   0.0000000E+00   3.3550024E+02
  4.3950000E+04     1   4.9996729E-01   9.6327674E-02   0.0000000E+00   9.9289291E+01   5.4732116E+01   0.0000000E+00   2.3982159E+02
  4.3950000E+04     2   8.8993132E-01   2.0062590E-01   0.0000000E+00   3.3224339E+02   7.2044165E+01   0.0000000E+00   2.2250954E+02
  4.4000000E+04     1   4.9996736E-01   9.6585898E-02   0.0000000E+00   2.5463213E+02   5.4671305E+01   0.0000000E+00   1.2694696E+02
  4.4000000E+04     2   8.8997611E-01   2.0053504E-01   0.0000000E+00   1.7331292E+02   7.2147927E+01   0.0000000E+00   1.0947033E+02
  4.4050000E+04     1   5.0000261E-01   9.7124496E-02   0.0000000E+00   5.0183939E+01   5.4428788E+01   0.0000000E+00   1.4202580E+01
  4.4050000E+04     2   8.8999605E-01   2.0051589E-01   0.0000000E+00   1.4330714E+01   7.2291334E+01   0.0000000E+00   3.5634003E+02
  4.4100000E+04     1   4.9996900E-01   9.7323273E-02   0.0000000E+00   2.0587432E+02   5.4206183E+01   0.0000000E+00   2.6116250E+02
  4.4100000E+04     2   8.8999722E-01   2.0041318E-01   0.0000000E+00   2.1532919E+02   7.2395410E+01   0.0000000E+00   2.4297328E+02
  4.4150000E+04     1   4.9996604E-01   9.7656976E-02   0.0000000E+00   1.4017603E+00   5.4148294E+01   0.0000000E+00   1.4795304E+02
  4.4150000E+04     2   8.8996392E-01   2.0039714E-01   0.0000000E+00   5.6304909E+01   7.2520787E+01   0.0000000E+00   1.2958055E+02
  4.4200000E+04     1   4.9997459E-01   9.8186902E-02   0.0000000E+00   1.5689222E+02   5.4012395E+01   0.0000000E+00   3.5026450E+01
  4.4200000E+04     2   8.8993327E-01   2.0025235E-01   0.0000000E+00   2.5733339E+02   7.2638342E+01   0.0000000E+00   1.6400503E+01
  4.4250000E+04     1   4.9997430E-01   9.8421810E-02   0.0000000E+00   3.1247343E+02   5.3759177E+01   0.0000000E+00   2.8226647E+02
  4.4250000E+04     2   8.8990271E-01   2.0025223E-01   0.0000000E+00   9.8378044E+01   7.2751080E+01   0.0000000E+00   2.6327456E+02
  4.4300000E+04     1   4.9999421E-01   9.8802607E-02   0.0000000E+00   1.0781532E+02   5.3651672E+01   0.0000000E+00   1.6952160E+02
  4.4300000E+04     2   8.8987195E-01   2.0012432E-01   0.0000000E+00   2.9942824E+02   7.2891900E+01   0.0000000E+00   1.5028138E+02
  4.4350000E+04     1   4.9997125E-01   9.9304260E-02   0.0000000E+00   2.6322950E+02   5.3535494E+01   0.0000000E+00   5.6676715E+01
  4.4350000E+04     2   8.8994767E-01   2.0004905E-01   0.0000000E+00   1.4047979E+02   7.3008809E+01   0.0000000E+00   3.7203400E+01
  4.4400000E+04     1   4.9996102E-01   9.9610000E-02   0.0000000E+00   5.8886036E+01   5.3319941E+01   0.0000000E+00   3.0367625E+02
  4.4400000E+04     2   8.8999071E-01   2.0006125E-01   0.0000000E+00   3.4147156E+02   7.3129529E+01   0.0000000E+00   2.8386666E+02
  4.4450000E+04     1   4.9999547E-01   9.9915948E-02   0.0000000E+00   2.1447118E+02   5.3166672E+01   0.0000000E+00   1.9062923E+02
  4.4450000E+04     2   8.8995985E-01   1.9987986E-01   0.0000000E+00   1.8245827E+02   7.3258605E+01   0.0000000E+00   1.7053729E+02
  4.4500000E+04     1   4.9996156E-01   1.0030961E-01   0.0000000E+00   1.0015719E+01   5.3071552E+01   0.0000000E+00   7.7492374E+01
  4.4500000E+04     2   8.9002609E-01   1.9996805E-01   0.0000000E+00   2.3448599E+01   7.3376999E+01   0.0000000E+00   5.7186927E+01
  4.4550000E+04     1   4.9996963E-01   1.0089786E-01   0.0000000E+00   1.6553998E+02   5.2876584E+01   0.0000000E+00   3.2466686E+02
  4.4550000E+04     2   8.8996353E-01   1.9974784E-01   0.0000000E+00   2.2447910E+02   7.3500908E+01   0.0000000E+00   3.0404254E+02
  4.4600000E+04     1   4.9997916E-01   1.0109091E-01   0.0000000E+00   3.2092005E+02   5.2738423E+01   0.0000000E+00   2.1193967E+02
  4.4600000E+04     2   8.8990090E-01   1.9974123E-01   0.0000000E+00   6.5548750E+01   7.3619529E+01   0.0000000E+00   1.9105856E+02
  4.4650000E+04     1   4.9997011E-01   1.0144258E-01   0.0000000E+00   1.1626606E+02   5.2697547E+01   0.0000000E+00   9.9004185E+01
  4.4650000E+04     2   8.8991591E-01   1.9969307E-01   0.0000000E+00   2.6659422E+02   7.3738454E+01   0.0000000E+00   7.7963278E+01
  4.4700000E+04     1   4.9996272E-01   1.0204945E-01   0.0000000E+00   2.7182451E+02   5.2466072E+01   0.0000000E+00   3.4622563E+02
  4.4700000E+04     2   8.8993935E-01   1.9958064E-01   0.0000000E+00   1.0762454E+02   7.3866605E+01   0.0000000E+00   3.2482509E+02
  4.4750000E+04     1   4.9996301E-01   1.0228088E-01   0.0000000E+00   6.7390562E+01   5.2361014E+01   0.0000000E+00   2.3308104E+02
  4.4750000E+04     2   8.8994369E-01   1.9955271E-01   0.0000000E+00   3.0861588E+02   7.3980934E+01   0.0000000E+00   2.1146112E+02
  4.4800000E+04     1   4.9997617E-01   1.0269805E-01   0.0000000E+00   2.2283200E+02   5.2362407E+01   0.0000000E+00   1.1986058E+02
  4.4800000E+04     2   8.8997411E-01   1.9939296E-01   0.0000000E+00   1.4961726E+02   7.4091434E+01   0.0000000E+00   9.8131557E+01
  4.4850000E+04     1   5.0000460E-01   1.0327629E-01   0.0000000E+00   1.8359657E+01   5.2163182E+01   0.0000000E+00   7.0403186E+00
  4.4850000E+04     2   8.9000081E-01   1.9938976E-01   0.0000000E+00   3.5064020E+02   7.4222972E+01   0.0000000E+00   3.4498053E+02
  4.4900000E+04     1   4.9997329E-01   1.0355722E-01   0.0000000E+00   1.7384063E+02   5.2026292E+01   0.0000000E+00   2.5412949E+02
  4.4900000E+04     2   8.8997895E-01   1.9923341E-01   0.0000000E+00   1.9167941E+02   7.4331946E+01   0.0000000E+00   2.3182383E+02
  4.4950000E+04     1   4.9997344E-01   1.0400912E-01   0.0000000E+00   3.2911556E+02   5.1991331E+01   0.0000000E+00   1.4130005E+02
  4.4950000E+04     2   8.8994101E-01   1.9919369E-01   0.0000000E+00   3.2746322E+01   7.4452810E+01   0.0000000E+00   1.1883857E+02
  4.5000000E+04     1   4.9997218E-01   1.0456572E-01   0.0000000E+00   1.2453324E+02   5.1896036E+01   0.0000000E+00   2.8388048E+01
  4.5000000E+04     2   8.8992912E-01   1.9907500E-01   0.0000000E+00   2.3377909E+02   7.4577589E+01   0.0000000E+00   5.7064944E+00
  4.5050000E+04     1   4.9998359E-01   1.0488385E-01   0.0000000E+00   2.8013795E+02   5.1736849E+01   0.0000000E+00   2.7532911E+02
  4.5050000E+04     2   8.8988939E-01   1.9899892E-01   0.0000000E+00   7.4788386E+01   7.4681989E+01   0.0000000E+00   2.5238397E+02
  4.5100000E+04     1   4.9998946E-01   1.0530310E-01   0.0000000E+00   7.5640382E+01   5.1643702E+01   0.0000000E+00   1.6226362E+02
  4.5100000E+04     2   8.8988246E-01   1.9891895E-01   0.0000000E+00   2.7576657E+02   7.4829131E+01   0.0000000E+00   1.3907819E+02
  4.5150000E+04     1   4.9996928E-01   1.0589365E-01   0.0000000E+00   2.3111396E+02   5.1592472E+01   0.0000000E+00   4.9134063E+01
  4.5150000E+04     2   8.8996233E-01   1.9879560E-01   0.0000000E+00   1.1677621E+02   7.4940273E+01   0.0000000E+00   2.5786262E+01
  4.5200000E+04     1   4.9996360E-01   1.0628377E-01   0.0000000E+00   2.6607910E+01   5.1432370E+01   0.0000000E+00   2.9626661E+02
  4.5200000E+04     2   8.8999439E-01   1.9878512E-01   0.0000000E+00   3.1781780E+02   7.5051837E+01   0.0000000E+00   2.7264715E+02
  4.5250000E+04     1   4.9998835E-01   1.0658457E-01   0.0000000E+00   1.8194607E+02   5.1350429E+01   0.0000000E+00   1.8345355E+02
  4.5250000E+04     2   8.8997267E-01   1.9862690E-01   0.0000000E+00   1.5886360E+02   7.5186639E+01   0.0000000E+00   1.5961734E+02
  4.5300000E+04     1   4.9996121E-01   1.0705057E-01   0.0000000E+00   3.3729054E+02   5.1338039E+01   0.0000000E+00   7.0439756E+01
  4.5300000E+04     2   8.9001686E-01   1.9866253E-01   0.0000000E+00   3.5992666E+02   7.5276526E+01   0.0000000E+00   4.6501268E+01
  4.5350000E+04     1   4.9996100E-01   1.0768040E-01   0.0000000E+00   1.3280908E+02   5.1155849E+01   0.0000000E+00   3.1758839E+02
  4.5350000E+04     2   8.8996716E-01   1.9846606E-01   0.0000000E+00   2.0093337E+02   7.5421214E+01   0.0000000E+00   2.9332302E+02
  4.5400000E+04     1   4.9997441E-01   1.0793882E-01   0.0000000E+00   2.8829656E+02   5.1112632E+01   0.0000000E+00   2.0441326E+02
  4.5400000E+04     2   8.8990293E-01   1.9841503E-01   0.0000000E+00   4.1942825E+01   7.5524718E+01   0.0000000E+00   1.8000117E+02
  4.5450000E+04     1   4.9997611E-01   1.0841711E-01   0.0000000E+00   8.3697752E+01   5.1136705E+01   0.0000000E+00   9.1202040E+01
  4.5450000E+04     2   8.8990365E-01   1.9833524E-01   0.0000000E+00   2.4294515E+02   7.5641448E+01   0.0000000E+00   6.6697297E+01
  4.5500000E+04     1   4.9995600E-01   1.0899664E-01   0.0000000E+00   2.3922041E+02   5.0939215E+01   0.0000000E+00   3.3839142E+02
  4.5500000E+04     2   8.8995848E-01   1.9822512E-01   0.0000000E+00   8.3973378E+01   7.5771753E+01   0.0000000E+00   3.1355888E+02
  4.5550000E+04     1   4.9996978E-01   1.0932636E-01   0.0000000E+00   3.4580769E+01   5.0914964E+01   0.0000000E+00   2.2538523E+02
  4.5550000E+04     2   8.8994262E-01   1.9815320E-01   0.0000000E+00   2.8502772E+02   7.5870246E+01   0.0000000E+00   2.0042994E+02
  4.5600000E+04     1   4.9998875E-01   1.0986089E-01   0.0000000E+00   1.8980224E+02   5.0946566E+01   0.0000000E+00   1.1246414E+02
  4.5600000E+04     2   8.8996809E-01   1.9796872E-01   0.0000000E+00   1.2608437E+02   7.5995379E+01   0.0000000E+00   8.7415323E+01
  4.5650000E+04     1   5.0000225E-01   1.1044110E-01   0.0000000E+00   3.4527685E+02   5.0808925E+01   0.0000000E+00   3.5956785E+02
  4.5650000E+04     2   8.9000125E-01   1.9795715E-01   0.0000000E+00   3.2712514E+02   7.6106138E+01   0.0000000E+00   3.3427064E+02
  4.5700000E+04     1   4.9997993E-01   1.1079663E-01   0.0000000E+00   1.4079711E+02   5.0734350E+01   0.0000000E+00   2.4641581E+02
  4.5700000E+04     2   8.8995898E-01   1.9777386E-01   0.0000000E+00   1.6811297E+02   7.6227841E+01   0.0000000E+00   2.2092231E+02
  4.5750000E+04     1   4.9997185E-01   1.1129210E-01   0.0000000E+00   2.9621276E+02   5.0709875E+01   0.0000000E+00   1.3331252E+02
  4.5750000E+04     2   8.8993557E-01   1.9773121E-01   0.0000000E+00   9.1262576E+00   7.6346262E+01   0.0000000E+00   1.0767614E+02
  4.5800000E+04     1   4.9997157E-01   1.1190128E-01   0.0000000E+00   9.1653667E+01   5.0681137E+01   0.0000000E+00   2.0175947E+01
  4.5800000E+04     2   8.8992273E-01   1.9761570E-01   0.0000000E+00   2.1012963E+02   7.6466318E+01   0.0000000E+00   3.5439077E+02
  4.5850000E+04     1   4.9998767E-01   1.1228713E-01   0.0000000E+00   2.4708166E+02   5.0585246E+01   0.0000000E+00   2.6725194E+02
  4.5850000E+04     2   8.8988577E-01   1.9748047E-01   0.0000000E+00   5.1176595E+01   7.6575453E+01   0.0000000E+00   2.4126173E+02
  4.5900000E+04     1   4.9998109E-01   1.1267842E-01   0.0000000E+00   4.2381586E+01   5.0548811E+01   0.0000000E+00   1.5438530E+02
  4.5900000E+04     2   8.8990136E-01   1.9744668E-01   0.0000000E+00   2.5222573E+02   7.6706522E+01   0.0000000E+00   1.2822759E+02
  4.5950000E+04     1   4.9997033E-01   1.1337009E-01   0.0000000E+00   1.9772575E+02   5.0538100E+01   0.0000000E+00   4.1368163E+01
  4.5950000E+04     2   8.8997277E-01   1.9727146E-01   0.0000000E+00   9.3262569E+01   7.6822486E+01   0.0000000E+00   1.5083776E+01
  4.6000000E+04     1   4.9995989E-01   1.1376289E-01   0.0000000E+00   3.5320402E+02   5.0425776E+01   0.0000000E+00   2.8839733E+02
  4.6000000E+04     2   8.9001077E-01   1.9725385E-01   0.0000000E+00   2.9430570E+02   7.6920753E+01   0.0000000E+00   2.6190235E+02
  4.6050000E+04     1   4.9997832E-01   1.1409577E-01   0.0000000E+00   1.4863580E+02   5.0427701E+01   0.0000000E+00   1.7518838E+02
  4.6050000E+04     2   8.8998574E-01   1.9710603E-01   0.0000000E+00   1.3528280E+02   7.7056985E+01   0.0000000E+00   1.4855910E+02
  4.6100000E+04     1   4.9996672E-01   1.1465727E-01   0.0000000E+00   3.0399737E+02   5.0474157E+01   0.0000000E+00   6.1983280E+01
  4.6100000E+04     2   8.8999455E-01   1.9705051E-01   0.0000000E+00   3.3633302E+02   7.7131459E+01   0.0000000E+00   3.5325978E+01
  4.6150000E+04     1   4.9995743E-01   1.1525420E-01   0.0000000E+00   9.9470277E+01   5.0323766E+01   0.0000000E+00   3.0912368E+02
  4.6150000E+04     2   8.8996372E-01   1.9691376E-01   0.0000000E+00   1.7733950E+02   7.7281245E+01   0.0000000E+00   2.8216620E+02
  4.6200000E+04     1   4.9997879E-01   1.1560849E-01   0.0000000E+00   2.5476356E+02   5.0359184E+01   0.0000000E+00   1.9607253E+02
  4.6200000E+04     2   8.8989431E-01   1.9679420E-01   0.0000000E+00   1.8399844E+01   7.7377387E+01   0.0000000E+00   1.6905433E+02
  4.6250000E+04     1   4.9998207E-01   1.1618438E-01   0.0000000E+00   4.9977269E+01   5.0417565E+01   0.0000000E+00   8.3095369E+01
  4.6250000E+04     2   8.8989272E-01   1.9670083E-01   0.0000000E+00   2.1946053E+02   7.7493353E+01   0.0000000E+00   5.6019581E+01
  4.6300000E+04     1   4.9995584E-01   1.1669855E-01   0.0000000E+00   2.0546916E+02   5.0283724E+01   0.0000000E+00   3.3016136E+02
  4.6300000E+04     2   8.8996620E-01   1.9659708E-01   0.0000000E+00   6.0481369E+01   7.7617615E+01   0.0000000E+00   3.0282747E+02
  4.6350000E+04     1   4.9997840E-01   1.1712025E-01   0.0000000E+00   8.7513852E-01   5.0303207E+01   0.0000000E+00   2.1695588E+02
  4.6350000E+04     2   8.8994265E-01   1.9646813E-01   0.0000000E+00   2.6150948E+02   7.7709235E+01   0.0000000E+00   1.8954985E+02
  4.6400000E+04     1   4.9999480E-01   1.1770730E-01   0.0000000E+00   1.5621148E+02   5.0346587E+01   0.0000000E+00   1.0379954E+02
  4.6400000E+04     2   8.8997412E-01   1.9631581E-01   0.0000000E+00   1.0250378E+02   7.7848316E+01   0.0000000E+00   7.6297807E+01
  4.6450000E+04     1   4.9999289E-01   1.1830739E-01   0.0000000E+00   3.1167589E+02   5.0283490E+01   0.0000000E+00   3.5071607E+02
  4.6450000E+04     2   8.8999757E-01   1.9624059E-01   0.0000000E+00   3.0354065E+02   7.7938818E+01   0.0000000E+00   3.2306074E+02
  4.6500000E+04     1   4.9998405E-01   1.1871505E-01   0.0000000E+00   1.0703616E+02   5.0249038E+01   0.0000000E+00   2.3773296E+02
  4.6500000E+04     2   8.8994435E-01   1.9606831E-01   0.0000000E+00   1.4456004E+02   7.8073561E+01   0.0000000E+00   2.0990844E+02
  4.6550000E+04     1   4.9996882E-01   1.1918266E-01   0.0000000E+00   2.6230174E+02   5.0265138E+01   0.0000000E+00   1.2478135E+02
  4.6550000E+04     2   8.8993565E-01   1.9602466E-01   0.0000000E+00   3.4562794E+02   7.8178747E+01   0.0000000E+00   9.6867742E+01
  4.6600000E+04     1   4.9997208E-01   1.1987278E-01   0.0000000E+00   5.7638367E+01   5.0281661E+01   0.0000000E+00   1.1702742E+01
  4.6600000E+04     2   8.8991447E-01   1.9589727E-01   0.0000000E+00   1.8665746E+02   7.8294759E+01   0.0000000E+00   3.4368964E+02
  4.6650000E+04     1   4.9998046E-01   1.2025749E-01   0.0000000E+00   2.1306182E+02   5.0232650E+01   0.0000000E+00   2.5865667E+02
  4.6650000E+04     2   8.8989947E-01   1.9575246E-01   0.0000000E+00   2.7682459E+01   7.8409433E+01   0.0000000E+00   2.3047988E+02
  4.6700000E+04     1   4.9997413E-01   1.2064410E-01   0.0000000E+00   8.4328161E+00   5.0271382E+01   0.0000000E+00   1.4545989E+02
  4.6700000E+04     2   8.8992248E-01   1.9570752E-01   0.0000000E+00   2.2870121E+02   7.8516526E+01   0.0000000E+00   1.1721475E+02
  4.6750000E+04     1   4.9996786E-01   1.2140738E-01   0.0000000E+00   1.6381461E+02   5.0265564E+01   0.0000000E+00   3.2361064E+01
  4.6750000E+04     2   8.8998849E-01   1.9551935E-01   0.0000000E+00   6.9705764E+01   7.8647636E+01   0.0000000E+00   3.9789909E+00
  4.6800000E+04     1   4.9996243E-01   1.2178552E-01   0.0000000E+00   3.1920161E+02   5.0223408E+01   0.0000000E+00   2.7935656E+02
  4.6800000E+04     2   8.9001590E-01   1.9545863E-01   0.0000000E+00   2.7077582E+02   7.8726675E+01   0.0000000E+00   2.5085329E+02
  4.6850000E+04     1   4.9997460E-01   1.2218282E-01   0.0000000E+00   1.1446071E+02   5.0297686E+01   0.0000000E+00   1.6625017E+02
  4.6850000E+04     2   8.8998755E-01   1.9531865E-01   0.0000000E+00   1.1179143E+02   7.8861692E+01   0.0000000E+00   1.3768617E+02
  4.6900000E+04     1   4.9997241E-01   1.2281871E-01   0.0000000E+00   2.6967085E+02   5.0374103E+01   0.0000000E+00   5.3227947E+01
  4.6900000E+04     2   8.8997080E-01   1.9518322E-01   0.0000000E+00   3.1288929E+02   7.8934208E+01   0.0000000E+00   2.4667841E+01
  4.6950000E+04     1   4.9996117E-01   1.2334050E-01   0.0000000E+00   6.5140933E+01   5.0277387E+01   0.0000000E+00   3.0022550E+02
  4.6950000E+04     2   8.8994777E-01   1.9510450E-01   0.0000000E+00   1.5388932E+02   7.9071283E+01   0.0000000E+00   2.7143160E+02
  4.7000000E+04     1   4.9998557E-01   1.2379267E-01   0.0000000E+00   2.2047025E+02   5.0351603E+01   0.0000000E+00   1.8700459E+02
  4.7000000E+04     2   8.8988421E-01   1.9492559E-01   0.0000000E+00   3.5491598E+02   7.9173045E+01   0.0000000E+00   1.5818315E+02
  4.7050000E+04     1   4.9997977E-01   1.2442039E-01   0.0000000E+00   1.5764196E+01   5.0426700E+01   0.0000000E+00   7.3842292E+01
  4.7050000E+04     2   8.8989855E-01   1.9483391E-01   0.0000000E+00   1.9594466E+02   7.9285282E+01   0.0000000E+00   4.4983710E+01
  4.7100000E+04     1   4.9996174E-01   1.2490543E-01   0.0000000E+00   1.7121440E+02   5.0372956E+01   0.0000000E+00   3.2075836E+02
  4.7100000E+04     2   8.8996167E-01   1.9471230E-01   0.0000000E+00   3.6958115E+01   7.9401226E+01   0.0000000E+00   2.9173010E+02
  4.7150000E+04     1   4.9998483E-01   1.2537340E-01   0.0000000E+00   3.2649066E+02   5.0412558E+01   0.0000000E+00   2.0772437E+02
  4.7150000E+04     2   8.8994705E-01   1.9453657E-01   0.0000000E+00   2.3802669E+02   7.9493385E+01   0.0000000E+00   1.7864354E+02
  4.7200000E+04     1   4.9999863E-01   1.2594757E-01   0.0000000E+00   1.2172409E+02   5.0485982E+01   0.0000000E+00   9.4664682E+01
  4.7200000E+04     2   8.8998419E-01   1.9444742E-01   0.0000000E+00   7.9051501E+01   7.9628867E+01   0.0000000E+00   6.5521797E+01
  4.7250000E+04     1   4.9998082E-01   1.2659134E-01   0.0000000E+00   2.7710163E+02   5.0476187E+01   0.0000000E+00   3.4158627E+02
  4.7250000E+04     2   8.8999256E-01   1.9428903E-01   0.0000000E+00   2.8010705E+02   7.9713087E+01   0.0000000E+00   3.1234937E+02
  4.7300000E+04     1   4.9997934E-01   1.2698253E-01   0.0000000E+00   7.2473644E+01   5.0471113E+01   0.0000000E+00   2.2850165E+02
  4.7300000E+04     2   8.8994310E-01   1.9417012E-01   0.0000000E+00   1.2110850E+02   7.9850259E+01   0.0000000E+00   1.9912251E+02
  4.7350000E+04     1   4.9996788E-01   1.2743828E-01   0.0000000E+00   2.2779887E+02   5.0545805E+01   0.0000000E+00   1.1528491E+02
  4.7350000E+04     2   8.8993425E-01   1.9409122E-01   0.0000000E+00   3.2214648E+02   7.9941211E+01   0.0000000E+00   8.5889503E+01
  4.7400000E+04     1   4.9996828E-01   1.2819674E-01   0.0000000E+00   2.3147081E+01   5.0570714E+01   0.0000000E+00   2.1642068E+00
  4.7400000E+04     2   8.8991438E-01   1.9395600E-01   0.0000000E+00   1.6316946E+02   8.0056899E+01   0.0000000E+00   3.3267802E+02
  4.7450000E+04     1   4.9997370E-01   1.2855730E-01   0.0000000E+00   1.7847828E+02   5.0585344E+01   0.0000000E+00   2.4910262E+02
  4.7450000E+04     2   8.8991117E-01   1.9380875E-01   0.0000000E+00   4.2080021E+00   8.0167792E+01   0.0000000E+00   2.1952017E+02
  4.7500000E+04     1   4.9997426E-01   1.2897708E-01   0.0000000E+00   3.3369465E+02   5.0694641E+01   0.0000000E+00   1.3598267E+02
  4.7500000E+04     2   8.8993657E-01   1.9370391E-01   0.0000000E+00   2.0527776E+02   8.0255537E+01   0.0000000E+00   1.0642177E+02
  4.7550000E+04     1   4.9996413E-01   1.2972404E-01   0.0000000E+00   1.2899285E+02   5.0687330E+01   0.0000000E+00   2.3032796E+01
  4.7550000E+04     2   8.9000539E-01   1.9356353E-01   0.0000000E+00   4.6304957E+01   8.0395195E+01   0.0000000E+00   3.5332493E+02
  4.7600000E+04     1   4.9997202E-01   1.3011195E-01   0.0000000E+00   2.8437273E+02   5.0707917E+01   0.0000000E+00   2.6986725E+02
  4.7600000E+04     2   8.9000540E-01   1.9342996E-01   0.0000000E+00   2.4736431E+02   8.0463600E+01   0.0000000E+00   2.4011157E+02
  4.7650000E+04     1   4.9997311E-01   1.3058639E-01   0.0000000E+00   7.9647923E+01   5.0823158E+01   0.0000000E+00   1.5662020E+02
  4.7650000E+04     2   8.8998571E-01   1.9330715E-01   0.0000000E+00   8.8360135E+01   8.0597085E+01   0.0000000E+00   1.2684627E+02
  4.7700000E+04     1   4.9997187E-01   1.3125815E-01   0.0000000E+00   2.3491652E+02   5.0911423E+01   0.0000000E+00   4.3463338E+01
  4.7700000E+04     2   8.8995950E-01   1.9312209E-01   0.0000000E+00   2.8942628E+02   8.0675067E+01   0.0000000E+00   1.3699695E+01
  4.7750000E+04     1   4.9997185E-01   1.3172860E-01   0.0000000E+00   3.0335617E+01   5.0884236E+01   0.0000000E+00   2.9035957E+02
  4.7750000E+04     2   8.8991948E-01   1.9305202E-01   0.0000000E+00   1.3044275E+02   8.0789082E+01   0.0000000E+00   2.6045473E+02
  4.7800000E+04     1   4.9999043E-01   1.3223302E-01   0.0000000E+00   1.8555936E+02   5.0971134E+01   0.0000000E+00   1.7728778E+02
  4.7800000E+04     2   8.8987798E-01   1.9285122E-01   0.0000000E+00   3.3149134E+02   8.0903362E+01   0.0000000E+00   1.4735555E+02
  4.7850000E+04     1   4.9997416E-01   1.3286820E-01   0.0000000E+00   3.4077888E+02   5.1073634E+01   0.0000000E+00   6.4181447E+01
  4.7850000E+04     2   8.8991569E-01   1.9275007E-01   0.0000000E+00   1.7255202E+02   8.1001783E+01   0.0000000E+00   3.4253298E+01
  4.7900000E+04     1   4.9996582E-01   1.3336116E-01   0.0000000E+00   1.3615764E+02   5.1076491E+01   0.0000000E+00   3.1106490E+02
  4.7900000E+04     2   8.8995780E-01   1.9261955E-01   0.0000000E+00   1.3572225E+01   8.1115540E+01   0.0000000E+00   2.8102586E+02
  4.7950000E+04     1   4.9998475E-01   1.3380015E-01   0.0000000E+00   2.9145812E+02   5.1132253E+01   0.0000000E+00   1.9794272E+02
  4.7950000E+04     2   8.8995950E-01   1.9242873E-01   0.0000000E+00   2.1462256E+02   8.1210114E+01   0.0000000E+00   1.6786485E+02
  4.8000000E+04     1   5.0000055E-01   1.3437537E-01   0.0000000E+00   8.6744117E+01   5.1245938E+01   0.0000000E+00   8.4680829E+01
  4.8000000E+04     2   8.8999438E-01   1.9237776E-01   0.0000000E+00   5.5629187E+01   8.1329224E+01   0.0000000E+00   5.4597543E+01
  4.8050000E+04     1   4.9996912E-01   1.3505279E-01   0.0000000E+00   2.4210069E+02   5.1259330E+01   0.0000000E+00   3.3157483E+02
  4.8050000E+04     2   8.8999170E-01   1.9215640E-01   0.0000000E+00   2.5667630E+02   8.1420792E+01   0.0000000E+00   3.0141337E+02
  4.8100000E+04     1   4.9997509E-01   1.3539788E-01   0.0000000E+00   3.7390051E+01   5.1306234E+01   0.0000000E+00   2.1849204E+02
  4.8100000E+04     2   8.8993846E-01   1.9207830E-01   0.0000000E+00   9.7705383E+01   8.1541896E+01   0.0000000E+00   1.8825638E+02
  4.8150000E+04     1   4.9997242E-01   1.3587545E-01   0.0000000E+00   1.9259514E+02   5.1435590E+01   0.0000000E+00   1.0533505E+02
  4.8150000E+04     2   8.8992422E-01   1.9194579E-01   0.0000000E+00   2.9877499E+02   8.1625694E+01   0.0000000E+00   7.5144946E+01
  4.8200000E+04     1   4.9996206E-01   1.3662161E-01   0.0000000E+00   3.4789631E+02   5.1454012E+01   0.0000000E+00   3.5231634E+02
  4.8200000E+04     2   8.8992291E-01   1.9181851E-01   0.0000000E+00   1.3982289E+02   8.1737446E+01   0.0000000E+00   3.2203291E+02
  4.8250000E+04     1   4.9997211E-01   1.3698257E-01   0.0000000E+00   1.4321709E+02   5.1528368E+01   0.0000000E+00   2.3910662E+02
  4.8250000E+04     2   8.8991456E-01   1.9166509E-01   0.0000000E+00   3.4084766E+02   8.1842566E+01   0.0000000E+00   2.0879242E+02
  4.8300000E+04     1   4.9997729E-01   1.3747014E-01   0.0000000E+00   2.9842823E+02   5.1682942E+01   0.0000000E+00   1.2587030E+02
  4.8300000E+04     2   8.8994638E-01   1.9148981E-01   0.0000000E+00   1.8190688E+02   8.1925326E+01   0.0000000E+00   9.5627912E+01
  4.8350000E+04     1   4.9996298E-01   1.3815103E-01   0.0000000E+00   9.3767499E+01   5.1689215E+01   0.0000000E+00   1.2811345E+01
  4.8350000E+04     2   8.9001616E-01   1.9141172E-01   0.0000000E+00   2.2920696E+01   8.2057941E+01   0.0000000E+00   3.4244262E+02
  4.8400000E+04     1   4.9998279E-01   1.3856768E-01   0.0000000E+00   2.4910050E+02   5.1757583E+01   0.0000000E+00   2.5959525E+02
  4.8400000E+04     2   8.8998518E-01   1.9119961E-01   0.0000000E+00   2.2397833E+02   8.2127124E+01   0.0000000E+00   2.2922571E+02
  4.8450000E+04     1   4.9997088E-01   1.3908839E-01   0.0000000E+00   4.4284620E+01   5.1887158E+01   0.0000000E+00   1.4646839E+02
  4.8450000E+04     2   8.8998312E-01   1.9111106E-01   0.0000000E+00   6.5009131E+01   8.2254532E+01   0.0000000E+00   1.1610102E+02
  4.8500000E+04     1   4.9996870E-01   1.3975179E-01   0.0000000E+00   1.9951307E+02   5.1993640E+01   0.0000000E+00   3.3331595E+01
  4.8500000E+04     2   8.8995493E-01   1.9089950E-01   0.0000000E+00   2.6608070E+02   8.2335270E+01   0.0000000E+00   2.9899654E+00
  4.8550000E+04     1   4.9998179E-01   1.4020438E-01   0.0000000E+00   3.5487229E+02   5.2019541E+01   0.0000000E+00   2.8018827E+02
  4.8550000E+04     2   8.8989315E-01   1.9080019E-01   0.0000000E+00   1.0711851E+02   8.2431311E+01   0.0000000E+00   2.4977650E+02
  4.8600000E+04     1   4.9998819E-01   1.4068859E-01   0.0000000E+00   1.5012606E+02   5.2114361E+01   0.0000000E+00   1.6704060E+02
  4.8600000E+04     2   8.8988258E-01   1.9062874E-01   0.0000000E+00   3.0814317E+02   8.2554520E+01   0.0000000E+00   1.3660044E+02
  4.8650000E+04     1   4.9996888E-01   1.4135713E-01   0.0000000E+00   3.0538008E+02   5.2246084E+01   0.0000000E+00   5.3793559E+01
  4.8650000E+04     2   8.8993650E-01   1.9047956E-01   0.0000000E+00   1.4919171E+02   8.2641189E+01   0.0000000E+00   2.3398453E+01
  4.8700000E+04     1   4.9996374E-01   1.4184454E-01   0.0000000E+00   1.0072404E+02   5.2278774E+01   0.0000000E+00   3.0065550E+02
  4.8700000E+04     2   8.8996317E-01   1.9036872E-01   0.0000000E+00   3.5021638E+02   8.2752164E+01   0.0000000E+00   2.7018211E+02
  4.8750000E+04     1   4.9998618E-01   1.4222265E-01   0.0000000E+00   2.5595968E+02   5.2373394E+01   0.0000000E+00   1.8753773E+02
  4.8750000E+04     2   8.8996734E-01   1.9017000E-01   0.0000000E+00   1.9127871E+02   8.2843387E+01   0.0000000E+00   1.5706774E+02
  4.8800000E+04     1   4.9999886E-01   1.4281642E-01   0.0000000E+00   5.1165549E+01   5.2518966E+01   0.0000000E+00   7.4329266E+01
  4.8800000E+04     2   8.9000197E-01   1.9012693E-01   0.0000000E+00   3.2325279E+01   8.2941094E+01   0.0000000E+00   4.3907137E+01
  4.8850000E+04     1   4.9995951E-01   1.4347304E-01   0.0000000E+00   2.0647908E+02   5.2543638E+01   0.0000000E+00   3.2126693E+02
  4.8850000E+04     2   8.8999312E-01   1.8988351E-01   0.0000000E+00   2.3337343E+02   8.3043217E+01   0.0000000E+00   2.9076735E+02
  4.8900000E+04     1   4.9997476E-01   1.4380287E-01   0.0000000E+00   1.7545619E+00   5.2646967E+01   0.0000000E+00   2.0805413E+02
  4.8900000E+04     2   8.8992427E-01   1.8980410E-01   0.0000000E+00   7.4409375E+01   8.3141939E+01   0.0000000E+00   1.7755916E+02
  4.8950000E+04     1   4.9997794E-01   1.4432962E-01   0.0000000E+00   1.5695037E+02   5.2810188E+01   0.0000000E+00   9.4819475E+01
  4.8950000E+04     2   8.8991222E-01   1.8963031E-01   0.0000000E+00   2.7546562E+02   8.3229488E+01   0.0000000E+00   6.4400175E+01
  4.9000000E+04     1   4.9995915E-01   1.4499948E-01   0.0000000E+00   3.1228675E+02   5.2832936E+01   0.0000000E+00   3.4172851E+02
  4.9000000E+04     2   8.8993299E-01   1.8950439E-01   0.0000000E+00   1.1650797E+02   8.3332597E+01   0.0000000E+00   3.1122885E+02
  4.9050000E+04     1   4.9997693E-01   1.4538823E-01   0.0000000E+00   1.0755104E+02   5.2951686E+01   0.0000000E+00   2.2849438E+02
  4.9050000E+04     2   8.8990881E-01   1.8934421E-01   0.0000000E+00   3.1754294E+02   8.3431459E+01   0.0000000E+00   1.9801461E+02
  4.9100000E+04     1   4.9998016E-01   1.4593893E-01   0.0000000E+00   2.6268554E+02   5.3125742E+01   0.0000000E+00   1.1533659E+02
  4.9100000E+04     2   8.8995453E-01   1.8912715E-01   0.0000000E+00   1.5861790E+02   8.3518907E+01   0.0000000E+00   8.4943429E+01
  4.9150000E+04     1   4.9996595E-01   1.4654261E-01   0.0000000E+00   5.7995390E+01   5.3162658E+01   0.0000000E+00   2.2459067E+00
  4.9150000E+04     2   8.9002051E-01   1.8908832E-01   0.0000000E+00   3.5965304E+02   8.3630269E+01   0.0000000E+00   3.3177830E+02
  4.9200000E+04     1   4.9998771E-01   1.4698043E-01   0.0000000E+00   2.1329399E+02   5.3258155E+01   0.0000000E+00   2.4901411E+02
  4.9200000E+04     2   8.8996893E-01   1.8882218E-01   0.0000000E+00   2.0070167E+02   8.3710535E+01   0.0000000E+00   2.1856173E+02
  4.9250000E+04     1   4.9996556E-01   1.4748710E-01   0.0000000E+00   8.5043555E+00   5.3392958E+01   0.0000000E+00   1.3582736E+02
  4.9250000E+04     2   8.8998063E-01   1.8877492E-01   0.0000000E+00   4.1736471E+01   8.3822345E+01   0.0000000E+00   1.0539797E+02
  4.9300000E+04     1   4.9996612E-01   1.4815738E-01   0.0000000E+00   1.6375760E+02   5.3521467E+01   0.0000000E+00   2.2586283E+01
  4.9300000E+04     2   8.8995137E-01   1.8853796E-01   0.0000000E+00   2.4278589E+02   8.3907513E+01   0.0000000E+00   3.5220024E+02
  4.9350000E+04     1   4.9998554E-01   1.4858603E-01   0.0000000E+00   3.1906984E+02   5.3580505E+01   0.0000000E+00   2.6943579E+02
  4.9350000E+04     2   8.8988257E-01   1.8840364E-01   0.0000000E+00   8.3837960E+01   8.3995360E+01   0.0000000E+00   2.3902094E+02
  4.9400000E+04     1   4.9998490E-01   1.4901402E-01   0.0000000E+00   1.1427753E+02   5.3702788E+01   0.0000000E+00   1.5629162E+02
  4.9400000E+04     2   8.8988808E-01   1.8827852E-01   0.0000000E+00   2.8487554E+02   8.4111819E+01   0.0000000E+00   1.2588259E+02
  4.9450000E+04     1   4.9996419E-01   1.4973143E-01   0.0000000E+00   2.6948484E+02   5.3844113E+01   0.0000000E+00   4.3098840E+01
  4.9450000E+04     2   8.8995629E-01   1.8807726E-01   0.0000000E+00   1.2593866E+02   8.4197289E+01   0.0000000E+00   1.2745663E+01
  4.9500000E+04     1   4.9995821E-01   1.5016196E-01   0.0000000E+00   6.4791187E+01   5.3901679E+01   0.0000000E+00   2.8995912E+02
  4.9500000E+04     2   8.8997730E-01   1.8800151E-01   0.0000000E+00   3.2698220E+02   8.4294627E+01   0.0000000E+00   2.5956617E+02
  4.9550000E+04     1   4.9999060E-01   1.5051164E-01   0.0000000E+00   2.2001592E+02   5.4043174E+01   0.0000000E+00   1.7672924E+02
  4.9550000E+04     2   8.8996886E-01   1.8778510E-01   0.0000000E+00   1.6803208E+02   8.4383675E+01   0.0000000E+00   1.4638874E+02
  4.9600000E+04     1   4.9999120E-01   1.5112938E-01   0.0000000E+00   1.5214746E+01   5.4205749E+01   0.0000000E+00   6.3487013E+01
  4.9600000E+04     2   8.9000560E-01   1.8772334E-01   0.0000000E+00   9.0961019E+00   8.4460527E+01   0.0000000E+00   3.3232236E+01
  4.9650000E+04     1   4.9995619E-01   1.5172727E-01   0.0000000E+00   1.7053954E+02   5.4245705E+01   0.0000000E+00   3.1036242E+02
  4.9650000E+04     2   8.8998856E-01   1.8748672E-01   0.0000000E+00   2.1012632E+02   8.4570363E+01   0.0000000E+00   2.8003776E+02
  4.9700000E+04     1   4.9997883E-01   1.5208135E-01   0.0000000E+00   3.2575565E+02   5.4393517E+01   0.0000000E+00   1.9713261E+02
  4.9700000E+04     2   8.8990498E-01   1.8737104E-01   0.0000000E+00   5.1185426E+01   8.4652224E+01   0.0000000E+00   1.6687391E+02
  4.9750000E+04     1   4.9998084E-01   1.5264840E-01   0.0000000E+00   1.2089669E+02   5.4570727E+01   0.0000000E+00   8.3954125E+01
  4.9750000E+04     2   8.8990370E-01   1.8719324E-01   0.0000000E+00   2.5224992E+02   8.4746217E+01   0.0000000E+00   5.3778635E+01
  4.9800000E+04     1   4.9996147E-01   1.5321580E-01   0.0000000E+00   2.7622112E+02   5.4616169E+01   0.0000000E+00   3.3082162E+02
  4.9800000E+04     2   8.8993775E-01   1.8705702E-01   0.0000000E+00   9.3300149E+01   8.4837390E+01   0.0000000E+00   3.0060040E+02
  4.9850000E+04     1   4.9998235E-01   1.5363260E-01   0.0000000E+00   7.1455359E+01   5.4756337E+01   0.0000000E+00   2.1758155E+02
  4.9850000E+04     2   8.8990460E-01   1.8689716E-01   0.0000000E+00   2.9434392E+02   8.4930867E+01   0.0000000E+00   1.8740702E+02
  4.9900000E+04     1   4.9998025E-01   1.5421049E-01   0.0000000E+00   2.2661281E+02   5.4935691E+01   0.0000000E+00   1.0436667E+02
  4.9900000E+04     2   8.8996616E-01   1.8667478E-01   0.0000000E+00   1.3540142E+02   8.5024013E+01   0.0000000E+00   7.4278347E+01
  4.9950000E+04     1   4.9997233E-01   1.5477202E-01   0.0000000E+00   2.1925063E+01   5.5007345E+01   0.0000000E+00   3.5117737E+02
  4.9950000E+04     2   8.9002169E-01   1.8662982E-01   0.0000000E+00   3.3644854E+02   8.5110016E+01   0.0000000E+00   3.2107470E+02
  5.0000000E+04     1   4.9998681E-01   1.5519543E-01   0.0000000E+00   1.7718707E+02   5.5116970E+01   0.0000000E+00   2.3796962E+02
  5.0000000E+04     2   8.8996202E-01   1.8635178E-01   0.0000000E+00   1.7748929E+02   8.5206027E+01   0.0000000E+00   2.0788057E+02
