  0.0000000E+00   1.600000000E+00   2.000000000E-01   2.000000000E+00   0.000000000E+00   0.000000000E+00   0.000000000E+00
  1.0000000E+01   1.546641338E+00   1.316061748E-01   1.961210651E+00   2.817532682E+01   5.957012849E-01   5.233923111E-02
  2.0000000E+01   1.522681692E+00   8.491067616E-02   1.929334749E+00   1.253686125E+02   3.599944140E+02   2.260842890E-01
  3.0000000E+01   1.513354492E+00   5.665678087E-02   1.897269420E+00   2.505593090E+02   7.442783873E-01   1.740920811E-01
  4.0000000E+01   1.509218438E+00   3.699436566E-02   1.869439929E+00   2.826856467E+01   2.045725380E+00   1.112228147E-01
  5.0000000E+01   1.506452611E+00   2.224703751E-02   1.841824859E+00   1.733999083E+02   2.174964891E+00   1.621272940E-01
  6.0000000E+01   1.505394863E+00   1.614230488E-02   1.814887951E+00   3.261708665E+02   3.584773470E+02   1.062611932E-01
  7.0000000E+01   1.504523361E+00   1.081170256E-02   1.788163297E+00   1.100310218E+02   6.115662280E+00   9.768242297E-02
  8.0000000E+01   1.503169424E+00   5.386307961E-03   1.761168279E+00   2.631888804E+02   6.064088064E+00   7.380808610E-02
  9.0000000E+01   1.502408719E+00   4.175613077E-03   1.735126845E+00   7.173320855E+01   3.521875715E+02   5.838123193E-02
  1.0000000E+02   1.501871192E+00   3.866477039E-03   1.709265258E+00   2.098582036E+02   1.025149903E+01   5.091267062E-02
  1.1000000E+02   1.500846991E+00   1.469642608E-03   1.684231549E+00   3.449987327E+02   3.267589922E+01   3.907089089E-02
  1.2000000E+02   1.500077855E+00   1.128218595E-03   1.659704265E+00   2.417085254E+02   2.949077134E+02   1.397385264E-02
  1.3000000E+02   1.499419481E+00   1.557995883E-03   1.635201183E+00   3.387599094E+02   3.581628749E+02   3.599881274E+02
  1.4000000E+02   1.498643328E+00   1.493405503E-03   1.611387003E+00   7.813258359E+01   6.054086814E+01   3.599552017E+02
  1.5000000E+02   1.498053533E+00   5.185481405E-04   1.587296673E+00   8.904877270E+01   2.127613014E+02   3.599177899E+02
  1.6000000E+02   1.497577786E+00   1.046486769E-03   1.563931343E+00   1.833131893E+02   2.829401781E+02   3.598882324E+02
  1.7000000E+02   1.497141115E+00   7.460346940E-04   1.540436955E+00   2.505508375E+02   2.144334424E+01   3.598481381E+02
  1.8000000E+02   1.496276403E+00   1.034572813E-03   1.517679252E+00   3.427217784E+02   9.640820037E+01   3.598245346E+02
  1.9000000E+02   1.495576334E+00   6.819810279E-04   1.494962120E+00   1.316535929E+01   2.345239591E+02   3.597830586E+02
  2.0000000E+02   1.494217466E+00   5.835403962E-04   1.472738136E+00   2.056353169E+02   2.120950335E+02   3.597538357E+02
  2.1000000E+02   1.494283668E+00   1.127874082E-03   1.451090821E+00   3.584371564E+02   2.306573904E+02   3.597015520E+02
  2.2000000E+02   1.493364007E+00   9.768985458E-04   1.429377296E+00   6.219793724E+01   3.394928964E+02   3.596741333E+02
  2.3000000E+02   1.492945982E+00   9.257994273E-04   1.408352721E+00   1.875075541E+02   2.814405783E+01   3.596259326E+02
  2.4000000E+02   1.491945115E+00   9.283520960E-04   1.387447991E+00   2.573617212E+02   1.336277245E+02   3.595990170E+02
  2.5000000E+02   1.490901065E+00   1.088676939E-03   1.366790254E+00   1.491431478E+01   1.928687505E+02   3.595388312E+02
  2.6000000E+02   1.490428442E+00   8.067041296E-04   1.346762392E+00   8.808284430E+01   2.978340938E+02   3.595084632E+02
  2.7000000E+02   1.490084328E+00   9.705395883E-04   1.326354437E+00   2.206059042E+02   3.447663759E+02   3.594558862E+02
  2.8000000E+02   1.489770420E+00   6.898142764E-04   1.307087390E+00   3.267261987E+02   5.938941553E+01   3.594051923E+02
  2.9000000E+02   1.488287075E+00   6.854895385E-04   1.287332108E+00   6.945935232E+01   1.388334183E+02   3.593679115E+02
  3.0000000E+02   1.487919997E+00   1.143647276E-03   1.268404181E+00   3.440224494E+02   4.805934197E+01   3.592769606E+02
  3.1000000E+02   1.487500886E+00   5.561509727E-04   1.249326202E+00   8.421533957E+01   1.327829392E+02   3.592425737E+02
  3.2000000E+02   1.486578402E+00   1.037777426E-03   1.230481368E+00   2.158837667E+02   1.873705656E+02   3.591698408E+02
  3.3000000E+02   1.485710133E+00   8.455875730E-04   1.212620075E+00   3.517189338E+02   2.391376043E+02   3.591107123E+02
  3.4000000E+02   1.484842507E+00   1.069245438E-03   1.194355550E+00   9.749019380E+01   3.223543975E+02   3.590686930E+02
  3.5000000E+02   1.484575516E+00   9.474206291E-04   1.176307604E+00   2.614274746E+02   3.488181651E+02   3.589913744E+02
  3.6000000E+02   1.484093021E+00   8.160844358E-04   1.159302262E+00   3.407736103E+00   7.857097282E+01   3.589231873E+02
  3.7000000E+02   1.483376555E+00   8.123934239E-04   1.141714827E+00   3.146876675E+02   3.205178841E+02   3.588663706E+02
  3.8000000E+02   1.482730692E+00   1.146404414E-03   1.124587080E+00   1.032085081E+02   6.414924862E+00   3.587844331E+02
  3.9000000E+02   1.481535790E+00   8.029575325E-04   1.108364417E+00   2.641818880E+02   4.122774979E+01   3.587200453E+02
  4.0000000E+02   1.480748756E+00   9.541130733E-04   1.091890877E+00   3.353240137E+01   1.090483184E+02   3.586895455E+02
  4.1000000E+02   1.480513063E+00   7.800932449E-04   1.074973632E+00   2.116795178E+02   1.294457682E+02   3.586372666E+02
  4.2000000E+02   1.480263844E+00   8.706173138E-04   1.058561333E+00   3.411371083E+02   1.998372001E+02   3.585491211E+02
  4.3000000E+02   1.479243366E+00   6.402591005E-04   1.043192877E+00   3.276678861E+02   5.469972711E+01   3.584460359E+02
  4.4000000E+02   1.478682860E+00   9.786794771E-04   1.027473301E+00   1.159176689E+02   1.090248943E+02   3.584014549E+02
  4.5000000E+02   1.477313503E+00   7.756596278E-04   1.011647813E+00   3.027552130E+02   1.261976374E+02   3.583296489E+02
  4.6000000E+02   1.476842404E+00   8.287149165E-04   9.962966838E-01   8.867393241E+01   1.857021762E+02   3.582349741E+02
  4.7000000E+02   1.476682980E+00   9.923738706E-04   9.816749529E-01   2.910004411E+02   1.900764635E+02   3.581411922E+02
  4.8000000E+02   1.475208193E+00   4.582396672E-04   9.676775094E-01   2.480265420E+02   8.119735196E+01   3.580615980E+02
  4.9000000E+02   1.475465032E+00   7.302523336E-04   9.529651497E-01   9.380801600E+01   8.487799174E+01   3.580252784E+02
  5.0000000E+02   1.474302522E+00   7.686746678E-04   9.381405211E-01   2.666225065E+02   1.228769187E+02   3.579712737E+02
  5.1000000E+02   1.473661439E+00   1.092331838E-03   9.234508511E-01   9.839468835E+01   1.433351229E+02   3.578844227E+02
  5.2000000E+02   1.473274780E+00   6.861911863E-04   9.093317394E-01   3.162546755E+02   1.390124951E+02   3.577791637E+02
  5.3000000E+02   1.472038063E+00   6.411439568E-04   8.956713060E-01   3.213199938E+02   3.490462975E+02   3.576323179E+02
  5.4000000E+02   1.471689055E+00   6.324545787E-04   8.824448799E-01   1.486674484E+02   1.804542766E+01   3.575400048E+02
  5.5000000E+02   1.470915681E+00   1.110894191E-03   8.694848774E-01   3.397109429E+02   4.471007570E+01   3.574519680E+02
  5.6000000E+02   1.470480385E+00   8.217413487E-04   8.568130225E-01   2.064167502E+02   3.704666074E+01   3.573641856E+02
  5.7000000E+02   1.469917606E+00   4.764114092E-04   8.445511394E-01   1.180249517E+01   9.198038881E+01   3.573007985E+02
  5.8000000E+02   1.469468873E+00   7.544627674E-04   8.321400359E-01   7.762912016E+01   2.479834037E+02   3.572532643E+02
  5.9000000E+02   1.468400219E+00   7.473096882E-04   8.194900218E-01   2.866888498E+02   2.619928459E+02   3.572145928E+02
  6.0000000E+02   1.467722936E+00   1.006471448E-03   8.069758612E-01   1.387651562E+02   2.744144814E+02   3.571559147E+02
  6.1000000E+02   1.467403645E+00   8.651531671E-04   7.949061463E-01   1.942823132E+01   2.595095062E+02   3.571011050E+02
  6.2000000E+02   1.466702132E+00   1.096104947E-03   7.827973133E-01   5.989257485E+01   8.633376455E+01   3.570584311E+02
  6.3000000E+02   1.465429751E+00   7.835530515E-04   7.706596718E-01   3.032315182E+02   7.152233569E+01   3.570191613E+02
  6.4000000E+02   1.464876648E+00   7.779324359E-04   7.589822111E-01   1.518909935E+02   9.283413880E+01   3.569521918E+02
  6.5000000E+02   1.464327989E+00   6.865842491E-04   7.478288062E-01   2.358401652E+01   9.239949910E+01   3.569042805E+02
  6.6000000E+02   1.463947617E+00   7.042606920E-04   7.367105132E-01   9.394436539E+01   2.547530061E+02   3.568535600E+02
  6.7000000E+02   1.462821103E+00   1.001323888E-03   7.257954501E-01   3.479167679E+02   2.348126355E+02   3.567797104E+02
  6.8000000E+02   1.462533949E+00   8.079639007E-04   7.154281779E-01   2.526747232E+02   2.055052808E+02   3.566862613E+02
  6.9000000E+02   1.461786322E+00   9.103390077E-04   7.052608239E-01   3.208612427E+02   1.429405865E+01   3.565517450E+02
  7.0000000E+02   1.461275911E+00   9.591825216E-04   6.945470495E-01   2.379455390E+02   3.353336245E+02   3.564248492E+02
  7.1000000E+02   1.460546095E+00   5.749331905E-04   6.840429296E-01   1.080277085E+02   3.448473487E+02   3.562696280E+02
  7.2000000E+02   1.460189668E+00   8.534026170E-04   6.733943958E-01   3.483773982E+02   3.453790354E+02   3.561669125E+02
  7.3000000E+02   1.459449854E+00   5.481744461E-04   6.619930813E-01   1.202152334E+02   9.601552840E+01   3.560425940E+02
  7.4000000E+02   1.458465104E+00   8.144985354E-04   6.519266072E-01   1.595030575E+00   9.821087300E+01   3.559720284E+02
  7.5000000E+02   1.458229438E+00   9.505237844E-04   6.422172529E-01   2.868136739E+02   5.791528155E+01   3.559399854E+02
  7.6000000E+02   1.457723336E+00   7.997503304E-04   6.327524665E-01   2.048289267E+01   2.108353226E+02   3.557809288E+02
  7.7000000E+02   1.456594483E+00   1.053613255E-03   6.234099507E-01   3.097920189E+02   1.693421289E+02   3.556367093E+02
  7.8000000E+02   1.456394824E+00   8.827506603E-04   6.133327957E-01   2.528357992E+02   1.154298702E+02   3.555409235E+02
  7.9000000E+02   1.455747647E+00   9.305637990E-04   6.033785116E-01   3.535784124E+02   2.652828136E+02   3.554257645E+02
  8.0000000E+02   1.454598363E+00   1.097617627E-03   5.947124833E-01   2.902553629E+02   2.204428621E+02   3.553752113E+02
  8.1000000E+02   1.454288519E+00   8.528002200E-04   5.856610212E-01   2.390391184E+02   1.649832491E+02   3.552448851E+02
  8.2000000E+02   1.453582897E+00   8.819070218E-04   5.763582143E-01   3.498222259E+02   3.090426181E+02   3.550574661E+02
  8.3000000E+02   1.452569043E+00   1.084108027E-03   5.671874552E-01   2.983907902E+02   2.563914416E+02   3.550181553E+02
  8.4000000E+02   1.452181176E+00   8.983302969E-04   5.588892958E-01   2.535260372E+02   1.986366558E+02   3.549159190E+02
  8.5000000E+02   1.451605952E+00   8.623001045E-04   5.502515514E-01   1.622095731E+01   3.349438714E+02   3.547411917E+02
  8.6000000E+02   1.450426435E+00   9.557232932E-04   5.413425946E-01   3.352296178E+02   2.760927980E+02   3.546435146E+02
  8.7000000E+02   1.450273843E+00   9.226350115E-04   5.333899974E-01   3.010216170E+02   2.117262007E+02   3.545915429E+02
  8.8000000E+02   1.449498774E+00   6.759424696E-04   5.250120574E-01   8.620736808E+01   3.296542808E+02   3.543879935E+02
  8.9000000E+02   1.448395061E+00   8.753308809E-04   5.167788339E-01   5.170750063E+01   2.684823614E+02   3.543151683E+02
  9.0000000E+02   1.448094851E+00   7.777849074E-04   5.089172270E-01   1.343423375E+01   2.124055831E+02   3.542359588E+02
  9.1000000E+02   1.447361933E+00   7.577793036E-04   5.010159386E-01   1.950131449E+02   2.980261476E+02   3.540469460E+02
  9.2000000E+02   1.446807871E+00   7.780623201E-04   4.929816433E-01   1.462003368E+02   2.552388036E+02   3.539862569E+02
  9.3000000E+02   1.446284376E+00   8.169216394E-04   4.856920705E-01   9.931780076E+00   3.015920505E+02   3.538017547E+02
  9.4000000E+02   1.445462913E+00   7.280285586E-04   4.777182413E-01   3.345518896E+02   2.481574552E+02   3.537269353E+02
  9.5000000E+02   1.445314461E+00   5.805632969E-04   4.708085380E-01   3.072234924E+02   1.879936880E+02   3.536344885E+02
  9.6000000E+02   1.444442958E+00   9.361336933E-04   4.629243515E-01   1.543283964E+02   2.550238497E+02   3.534643402E+02
  9.7000000E+02   1.443651700E+00   7.286101843E-04   4.562093870E-01   1.370118602E+02   1.877489587E+02   3.533909980E+02
  9.8000000E+02   1.443047278E+00   8.647618546E-04   4.485737427E-01   3.312844809E+02   2.704766792E+02   3.532133921E+02
  9.9000000E+02   1.442188241E+00   1.059979226E-03   4.420748992E-01   3.236186261E+02   1.962451828E+02   3.531407278E+02
  1.0000000E+03   1.441874676E+00   9.264321223E-04   4.349288310E-01   3.262321065E+02   1.131825248E+02   3.529862759E+02
  1.0100000E+03   1.441066766E+00   6.556060398E-04   4.282941166E-01   1.886185867E+02   1.718176788E+02   3.528819484E+02
  1.0200000E+03   1.440520334E+00   6.369765706E-04   4.214091512E-01   1.674738703E+02   1.152799146E+02   3.527355965E+02
  1.0300000E+03   1.440152127E+00   1.052690446E-03   4.148493655E-01   5.455045579E+01   1.520031562E+02   3.526064366E+02
  1.0400000E+03   1.439133397E+00   9.961505789E-04   4.083136297E-01   6.816003505E+01   6.352276105E+01   3.525096856E+02
  1.0500000E+03   1.438059613E+00   2.905040090E-04   4.018336793E-01   2.934367638E+02   1.249920535E+02   3.523553664E+02
  1.0600000E+03   1.437730239E+00   1.047835101E-03   3.957011650E-01   3.070960039E+02   3.933268951E+01   3.522803802E+02
  1.0700000E+03   1.437360422E+00   9.349748810E-04   3.894561236E-01   3.265431550E+02   3.092942916E+02   3.521172160E+02
  1.0800000E+03   1.436409321E+00   8.334563538E-04   3.833652348E-01   2.389028700E+02   3.278449876E+02   3.519997207E+02
  1.0900000E+03   1.436099032E+00   5.543045386E-04   3.772867076E-01   2.596659080E+02   2.392451603E+02   3.519000731E+02
  1.1000000E+03   1.435503519E+00   8.424067254E-04   3.711689189E-01   1.412944987E+02   2.912704136E+02   3.517180016E+02
  1.1100000E+03   1.434905496E+00   8.485367667E-04   3.655816835E-01   1.674798859E+02   1.998528494E+02   3.516536656E+02
  1.1200000E+03   1.434352254E+00   6.463751756E-04   3.597417186E-01   9.671239733E+01   2.069757145E+02   3.515000877E+02
  1.1300000E+03   1.433522711E+00   5.967872178E-04   3.539349227E-01   1.252406925E+02   1.160296280E+02   3.513555988E+02
  1.1400000E+03   1.433091511E+00   9.897238561E-04   3.484339516E-01   3.636844428E+01   1.438792501E+02   3.512205779E+02
  1.1500000E+03   1.431994898E+00   9.726624849E-04   3.430578776E-01   8.684070047E+01   3.360435425E+01   3.511281607E+02
  1.1600000E+03   1.431843363E+00   1.001975775E-03   3.373748472E-01   3.331049303E+01   2.891286996E+01   3.509799669E+02
  1.1700000E+03   1.430899087E+00   8.992341595E-04   3.321155329E-01   8.268340847E+01   2.825579257E+02   3.508588243E+02
  1.1800000E+03   1.430757017E+00   9.948846303E-04   3.269258545E-01   3.597611323E+02   3.100487382E+02   3.506910798E+02
  1.1900000E+03   1.429434053E+00   8.349584333E-04   3.217879104E-01   5.722668337E+01   1.984045283E+02   3.506041052E+02
  1.2000000E+03   1.428963408E+00   9.952518838E-04   3.165779977E-01   2.115486600E+01   1.819591823E+02   3.504666389E+02
  1.2100000E+03   1.428348386E+00   1.128261345E-03   3.115880982E-01   7.767758073E+01   7.419233229E+01   3.503526510E+02
  1.2200000E+03   1.428123829E+00   8.438997775E-04   3.065226053E-01   3.240387598E+01   6.980929884E+01   3.501815707E+02
  1.2300000E+03   1.427053657E+00   6.419024052E-04   3.017175625E-01   9.810041402E+01   3.157149638E+02   3.500589827E+02
  1.2400000E+03   1.426573815E+00   9.293965445E-04   2.968783117E-01   5.559414201E+01   3.112955144E+02   3.499203372E+02
  1.2500000E+03   1.425876262E+00   8.991556368E-04   2.923955702E-01   1.266715460E+02   1.944898424E+02   3.498236006E+02
  1.2600000E+03   1.425557452E+00   9.665472695E-04   2.876074783E-01   1.111682848E+02   1.658602380E+02   3.496574643E+02
  1.2700000E+03   1.424730986E+00   8.854910603E-04   2.829206117E-01   2.072885456E+02   2.695990666E+01   3.495656285E+02
  1.2800000E+03   1.424020619E+00   6.993321105E-04   2.784681189E-01   1.895813102E+02   3.415897521E+00   3.494257308E+02
  1.2900000E+03   1.423421912E+00   6.396750980E-04   2.740011812E-01   2.724120151E+02   2.405471168E+02   3.493102079E+02
  1.3000000E+03   1.422704668E+00   8.316303262E-04   2.696276444E-01   2.489077829E+02   2.255828109E+02   3.491479949E+02
  1.3100000E+03   1.422407124E+00   9.935702804E-04   2.652388600E-01   3.321900255E+02   1.051787197E+02   3.490169257E+02
  1.3200000E+03   1.420983770E+00   9.758518571E-04   2.609634263E-01   3.417673861E+02   5.997522900E+01   3.488864331E+02
  1.3300000E+03   1.420822429E+00   9.512891239E-04   2.568576711E-01   6.471824996E+00   1.028657509E+00   3.487545503E+02
  1.3400000E+03   1.420152948E+00   1.000323289E-03   2.527315319E-01   9.593652703E+01   2.386538802E+02   3.486295938E+02
  1.3500000E+03   1.419768385E+00   6.694146543E-04   2.487233526E-01   9.282958546E+01   2.104239267E+02   3.484701365E+02
  1.3600000E+03   1.418998852E+00   6.547000917E-04   2.446749411E-01   2.167493627E+02   5.639739672E+01   3.483510039E+02
  1.3700000E+03   1.418196094E+00   8.640313784E-04   2.407335793E-01   2.224753520E+02   2.209791448E+01   3.482059552E+02
  1.3800000E+03   1.417970345E+00   9.494620319E-04   2.368366353E-01   3.312114848E+02   2.461349493E+02   3.481068020E+02
  1.3900000E+03   1.416658902E+00   9.914352296E-04   2.331092640E-01   8.610987882E+00   1.830436583E+02   3.479461612E+02
  1.4000000E+03   1.416628204E+00   1.180552604E-03   2.292969323E-01   4.440613805E+01   1.229579335E+02   3.477806986E+02
  1.4100000E+03   1.415868405E+00   1.004086425E-03   2.257021550E-01   1.725307550E+02   3.318873629E+02   3.476687454E+02
  1.4200000E+03   1.415150871E+00   9.398571280E-04   2.219354217E-01   2.250441644E+02   2.579352746E+02   3.475057113E+02
  1.4300000E+03   1.414468836E+00   8.614786430E-04   2.184206035E-01   3.465897320E+02   1.162099022E+02   3.473821055E+02
  1.4400000E+03   1.413878892E+00   9.718890593E-04   2.148086615E-01   3.550949746E+01   4.871349681E+01   3.472572932E+02
  1.4500000E+03   1.413410104E+00   8.036850746E-04   2.113481219E-01   6.691947155E+01   1.778624266E-01   3.470974322E+02
  1.4600000E+03   1.412764453E+00   6.623977135E-04   2.079614580E-01   2.237358778E+02   1.874496053E+02   3.469975174E+02
  1.4700000E+03   1.411913739E+00   9.436824071E-04   2.045250104E-01   2.753230220E+02   1.215439976E+02   3.468319071E+02
  1.4800000E+03   1.411309319E+00   1.056536959E-03   2.011970404E-01   3.484338628E+02   3.556515319E+01   3.467179926E+02
  1.4900000E+03   1.410614947E+00   1.029030827E-03   1.979501259E-01   1.288930904E+02   2.435004773E+02   3.466021797E+02
  1.5000000E+03   1.410276120E+00   1.110675340E-03   1.948008488E-01   2.145824108E+02   1.477822456E+02   3.464314089E+02
  1.5100000E+03   1.409176986E+00   8.315039817E-04   1.917062251E-01   3.457451808E+02   7.912528033E+00   3.463213986E+02
  1.5200000E+03   1.408830719E+00   1.200164696E-03   1.884810163E-01   8.368731456E+01   2.628137902E+02   3.461766660E+02
  1.5300000E+03   1.408450880E+00   9.943613338E-04   1.854666724E-01   1.846019748E+02   1.561251909E+02   3.460292472E+02
  1.5400000E+03   1.407513771E+00   1.026083222E-03   1.825052710E-01   3.376247555E+02   3.586917220E+02   3.459098008E+02
  1.5500000E+03   1.407071507E+00   1.228337114E-03   1.794306154E-01   7.140955998E+01   2.620582242E+02   3.457571202E+02
  1.5600000E+03   1.406428989E+00   9.530722052E-04   1.765491014E-01   1.845286337E+02   1.474926325E+02   3.456091191E+02
  1.5700000E+03   1.405734798E+00   1.003865614E-03   1.737355254E-01   3.465724297E+02   3.453079391E+02   3.454931209E+02
  1.5800000E+03   1.405167113E+00   1.012534157E-03   1.707782873E-01   9.395048215E+01   2.393934710E+02   3.453586125E+02
  1.5900000E+03   1.404302289E+00   1.098109372E-03   1.680069903E-01   2.077825093E+02   1.284330344E+02   3.451837125E+02
  1.6000000E+03   1.403688864E+00   7.551964329E-04   1.653358922E-01   3.524999848E+00   3.368904474E+02   3.450657642E+02
  1.6100000E+03   1.403337849E+00   8.338222009E-04   1.625768416E-01   1.469143880E+02   1.992217514E+02   3.449587400E+02
  1.6200000E+03   1.402336995E+00   1.050467636E-03   1.598199839E-01   2.616201872E+02   9.169072180E+01   3.447855135E+02
  1.6300000E+03   1.402402128E+00   1.054073796E-03   1.572505069E-01   1.869091150E+01   3.432484070E+02   3.446358424E+02
  1.6400000E+03   1.401442049E+00   8.753859494E-04   1.546873256E-01   2.352158331E+02   1.366670532E+02   3.445215707E+02
  1.6500000E+03   1.400640855E+00   1.032228691E-03   1.521186462E-01   6.032723435E+00   1.732109208E+01   3.443918398E+02
  1.6600000E+03   1.400302551E+00   7.990223937E-04   1.495425784E-01   1.367317050E+02   2.595688819E+02   3.442296719E+02
  1.6700000E+03   1.399648053E+00   9.984888662E-04   1.471087077E-01   3.528757088E+02   5.767809852E+01   3.441238979E+02
  1.6800000E+03   1.398955045E+00   9.097333146E-04   1.447044626E-01   1.326052548E+02   2.938430311E+02   3.439431843E+02
  1.6900000E+03   1.398052313E+00   1.049295745E-03   1.423764616E-01   2.820721048E+02   1.615780886E+02   3.438047978E+02
  1.7000000E+03   1.398059845E+00   9.570958185E-04   1.399833491E-01   6.102033077E+01   4.137281777E+01   3.436718948E+02
  1.7100000E+03   1.397247675E+00   1.053266018E-03   1.377803530E-01   3.080182007E+02   1.743873833E+02   3.435650043E+02
  1.7200000E+03   1.396457779E+00   1.098934033E-03   1.354283551E-01   9.991512736E+01   4.408000266E+01   3.434382903E+02
  1.7300000E+03   1.395442773E+00   1.208605212E-03   1.331336092E-01   2.623255322E+02   2.647325009E+02   3.432713836E+02
  1.7400000E+03   1.395615117E+00   1.160412286E-03   1.309390725E-01   6.788563202E+01   1.236990012E+02   3.431113667E+02
  1.7500000E+03   1.394751923E+00   1.200604689E-03   1.287755813E-01   3.126102256E+02   2.647035543E+02   3.430155667E+02
  1.7600000E+03   1.394071246E+00   1.280866416E-03   1.266537441E-01   1.206454935E+02   1.240988705E+02   3.428427256E+02
  1.7700000E+03   1.393029887E+00   1.305703607E-03   1.245993648E-01   3.049627689E+02   3.286320996E+02   3.427011478E+02
  1.7800000E+03   1.392984239E+00   1.285217421E-03   1.225232212E-01   1.277723267E+02   1.760844407E+02   3.425823485E+02
  1.7900000E+03   1.391578935E+00   1.012287548E-03   1.205279513E-01   3.467276374E+02   3.488458699E+02   3.424477525E+02
  1.8000000E+03   1.391878170E+00   1.072127412E-03   1.185114524E-01   2.049955978E+02   1.637799696E+02   3.423283659E+02
  1.8100000E+03   1.390648592E+00   1.339726745E-03   1.165113492E-01   4.108588539E+01   2.371590060E+00   3.421827398E+02
  1.8200000E+03   1.390319294E+00   1.299482687E-03   1.145564453E-01   2.433511882E+02   1.962692764E+02   3.420344794E+02
  1.8300000E+03   1.389757432E+00   1.288898031E-03   1.126479962E-01   8.077872935E+01   3.650414515E+01   3.418993694E+02
  1.8400000E+03   1.388954506E+00   9.868243230E-04   1.108337333E-01   3.386857328E+02   1.775485066E+02   3.417861896E+02
  1.8500000E+03   1.388283405E+00   1.111795890E-03   1.089426752E-01   2.029551333E+02   3.538590547E+02   3.416446912E+02
  1.8600000E+03   1.387729522E+00   1.150370046E-03   1.071213274E-01   6.007979282E+01   1.788173316E+02   3.414909751E+02
  1.8700000E+03   1.386874623E+00   1.289560399E-03   1.053445021E-01   2.832097909E+02   3.591467624E+02   3.413508239E+02
  1.8800000E+03   1.386794239E+00   1.135582604E-03   1.035767173E-01   1.548418784E+02   1.724879004E+02   3.412212197E+02
  1.8900000E+03   1.386092821E+00   1.537039982E-03   1.018165580E-01   2.079226864E+01   3.529430894E+02   3.410846921E+02
  1.9000000E+03   1.385648901E+00   1.496722761E-03   1.001024466E-01   2.999210900E+02   1.215277210E+02   3.409452710E+02
  1.9100000E+03   1.384966692E+00   1.274895553E-03   9.844198771E-02   1.635238481E+02   3.072560615E+02   3.407896493E+02
  1.9200000E+03   1.383971207E+00   1.454153274E-03   9.678730002E-02   4.598358770E+01   1.155633316E+02   3.406660711E+02
  1.9300000E+03   1.383550643E+00   1.398288239E-03   9.511243528E-02   2.962845466E+02   2.774461604E+02   3.405349493E+02
  1.9400000E+03   1.382848897E+00   1.311685521E-03   9.351016110E-02   1.863544721E+02   8.109790335E+01   3.403798636E+02
  1.9500000E+03   1.382792683E+00   1.320077476E-03   9.195344264E-02   6.677708382E+01   2.558093455E+02   3.402656411E+02
  1.9600000E+03   1.381440489E+00   1.340787501E-03   9.042403843E-02   3.583261445E+02   2.073743966E+01   3.401688435E+02
  1.9700000E+03   1.381331665E+00   1.561310200E-03   8.892853431E-02   2.853778497E+02   1.517539657E+02   3.399965597E+02
  1.9800000E+03   1.380853223E+00   1.338672444E-03   8.744406061E-02   1.763254412E+02   3.203362485E+02   3.398555949E+02
  1.9900000E+03   1.379711339E+00   1.562393111E-03   8.590955935E-02   8.508280776E+01   1.125290768E+02   3.397309789E+02
  2.0000000E+03   1.379239581E+00   1.576413607E-03   8.443936571E-02   3.555478906E+02   2.645454010E+02   3.395852547E+02
  2.0100000E+03   1.378607784E+00   1.501155830E-03   8.305775981E-02   2.821040428E+02   4.183861454E+01   3.394791529E+02
  2.0200000E+03   1.378063101E+00   1.565270944E-03   8.164847518E-02   2.068079334E+02   1.824892428E+02   3.393513033E+02
  2.0300000E+03   1.377722989E+00   1.638715557E-03   8.026708496E-02   1.237368626E+02   3.324541255E+02   3.391720582E+02
  2.0400000E+03   1.376917671E+00   1.803297032E-03   7.887212977E-02   4.827472115E+01   1.161963652E+02   3.390388389E+02
  2.0500000E+03   1.376005496E+00   1.615392796E-03   7.750503591E-02   3.478326415E+02   2.463167515E+02   3.389424373E+02
  2.0600000E+03   1.375791039E+00   1.421947974E-03   7.629436280E-02   3.179261555E+02   3.473578072E+02   3.388162120E+02
  2.0700000E+03   1.375104619E+00   1.538946480E-03   7.494127870E-02   2.598527656E+02   1.181012319E+02   3.386715814E+02
  2.0800000E+03   1.374768021E+00   1.571047786E-03   7.365632184E-02   2.069591701E+02   2.451323564E+02   3.385493046E+02
  2.0900000E+03   1.374050494E+00   1.773329610E-03   7.244335649E-02   1.396370824E+02   2.801731779E+01   3.384502572E+02
  2.1000000E+03   1.373099742E+00   1.772769798E-03   7.119190867E-02   9.478853408E+01   1.499613649E+02   3.382517166E+02
  2.1100000E+03   1.372690302E+00   1.724435114E-03   6.995785021E-02   4.882835531E+01   2.744175290E+02   3.381449397E+02
  2.1200000E+03   1.371929079E+00   1.909445762E-03   6.876571922E-02   1.965681083E+01   2.351715265E+01   3.380420969E+02
  2.1300000E+03   1.371010493E+00   1.901137635E-03   6.762298005E-02   3.383320993E+02   1.462983480E+02   3.378636457E+02
  2.1400000E+03   1.370824171E+00   2.171116689E-03   6.639932339E-02   3.043382508E+02   2.631762848E+02   3.377637095E+02
  2.1500000E+03   1.370356132E+00   1.877426014E-03   6.532580829E-02   2.799080038E+02   1.192302475E+01   3.376340846E+02
  2.1600000E+03   1.369472202E+00   2.036128109E-03   6.416441250E-02   2.561944798E+02   1.214561788E+02   3.374732807E+02
  2.1700000E+03   1.369060493E+00   2.261619573E-03   6.306612381E-02   2.398112120E+02   2.250770367E+02   3.373728849E+02
  2.1800000E+03   1.368573419E+00   2.203363789E-03   6.201610169E-02   2.170001583E+02   3.365627007E+02   3.372321764E+02
  2.1900000E+03   1.367837744E+00   2.089104853E-03   6.090467637E-02   2.052804926E+02   7.842349737E+01   3.371035936E+02
  2.2000000E+03   1.367338114E+00   2.160563209E-03   5.990559001E-02   2.045336531E+02   1.707542423E+02   3.369933069E+02
  2.2100000E+03   1.366955356E+00   2.324392590E-03   5.882324703E-02   2.019789048E+02   2.663518583E+02   3.368354412E+02
  2.2200000E+03   1.366201369E+00   2.339940081E-03   5.784667291E-02   1.939160434E+02   8.846204041E+00   3.367509378E+02
  2.2300000E+03   1.365467418E+00   2.335920986E-03   5.681670542E-02   2.018532432E+02   9.686159179E+01   3.365782737E+02
  2.2400000E+03   1.365085373E+00   2.470986247E-03   5.587375891E-02   2.167142775E+02   1.793084164E+02   3.364990925E+02
  2.2500000E+03   1.364451303E+00   2.701457672E-03   5.485935781E-02   2.237251815E+02   2.711614468E+02   3.363464088E+02
  2.2600000E+03   1.363759786E+00   2.501726020E-03   5.395456841E-02   2.380846499E+02   3.570200526E+02   3.362214645E+02
  2.2700000E+03   1.363082861E+00   2.675955587E-03   5.298649491E-02   2.627734917E+02   7.399637515E+01   3.361143740E+02
  2.2800000E+03   1.362559605E+00   2.941995608E-03   5.210425894E-02   2.859522041E+02   1.539686832E+02   3.359482710E+02
  2.2900000E+03   1.361982843E+00   2.800617595E-03   5.116636420E-02   3.116117203E+02   2.327425525E+02   3.359029666E+02
  2.3000000E+03   1.361506132E+00   2.903969163E-03   5.029197134E-02   3.516196434E+02   2.988121248E+02   3.356773647E+02
  2.3100000E+03   1.360690350E+00   3.036535849E-03   4.944888413E-02   2.641879473E+01   1.132243933E+01   3.356303200E+02
  2.3200000E+03   1.360187066E+00   3.035682231E-03   4.853816234E-02   6.462145557E+01   8.192895038E+01   3.355145051E+02
  2.3300000E+03   1.360007017E+00   2.914079489E-03   4.772586198E-02   1.111622765E+02   1.457113169E+02   3.353173598E+02
  2.3400000E+03   1.359468160E+00   3.227323063E-03   4.691226675E-02   1.600271795E+02   2.083317721E+02   3.353049387E+02
  2.3500000E+03   1.359023645E+00   2.998813826E-03   4.604815288E-02   2.140527919E+02   2.673790010E+02   3.351488409E+02
  2.3600000E+03   1.358211543E+00   3.330961355E-03   4.526832163E-02   2.747018884E+02   3.211824899E+02   3.349714012E+02
  2.3700000E+03   1.357243972E+00   3.653366714E-03   4.451769241E-02   3.276176987E+02   2.399549928E+01   3.349358761E+02
  2.3800000E+03   1.357513446E+00   4.146814557E-03   4.364289448E-02   2.511772179E+01   8.375784512E+01   3.347647617E+02
  2.3900000E+03   1.356843733E+00   4.208277822E-03   4.288812368E-02   1.001797325E+02   1.271790836E+02   3.345889356E+02
  2.4000000E+03   1.356229663E+00   4.309998514E-03   4.220705528E-02   1.750564970E+02   1.720703290E+02   3.345072665E+02
  2.4100000E+03   1.355270143E+00   4.527109828E-03   4.146922249E-02   2.562535363E+02   2.118860955E+02   3.344516181E+02
  2.4200000E+03   1.354801862E+00   4.845606741E-03   4.067246430E-02   3.422301448E+02   2.482352684E+02   3.343736373E+02
  2.4300000E+03   1.354374259E+00   4.889751280E-03   3.992022417E-02   6.937002437E+01   2.848164721E+02   3.342005306E+02
  2.4400000E+03   1.354349090E+00   4.944295902E-03   3.925718330E-02   1.654749223E+02   3.136618920E+02   3.339935329E+02
  2.4500000E+03   1.353791410E+00   5.482657896E-03   3.861135702E-02   2.618657916E+02   3.433751983E+02   3.338602290E+02
  2.4600000E+03   1.353525078E+00   6.459558774E-03   3.798392286E-02   1.440151818E+00   1.102199207E+01   3.338086156E+02
  2.4700000E+03   1.352802247E+00   6.691117056E-03   3.732680197E-02   1.073027595E+02   3.345881463E+01   3.337949045E+02
  2.4800000E+03   1.352137227E+00   6.847093848E-03   3.665871584E-02   2.216958127E+02   4.846664227E+01   3.337454539E+02
  2.4900000E+03   1.351505203E+00   7.139738111E-03   3.598672177E-02   3.400328591E+02   6.050152340E+01   3.337400010E+02
  2.5000000E+03   1.351537021E+00   7.281885728E-03   3.532832207E-02   1.004831435E+02   7.150039466E+01   3.337313183E+02
  2.5100000E+03   1.351103847E+00   7.617058882E-03   3.468116617E-02   2.307682871E+02   7.358898210E+01   3.337018957E+02
  2.5200000E+03   1.351078359E+00   8.582473085E-03   3.402104581E-02   1.709982171E+00   7.610313779E+01   3.336627504E+02
  2.5300000E+03   1.350506021E+00   8.011027553E-03   3.343784718E-02   1.425678302E+02   6.950725909E+01   3.336934101E+02
  2.5400000E+03   1.349792279E+00   7.902040543E-03   3.289367646E-02   2.844629512E+02   6.297560571E+01   3.336700901E+02
  2.5500000E+03   1.349791863E+00   7.497207675E-03   3.236908348E-02   7.368267698E+01   5.021744737E+01   3.335998571E+02
  2.5600000E+03   1.348901234E+00   6.978069295E-03   3.182029754E-02   2.308958329E+02   3.086704542E+01   3.334120333E+02
  2.5700000E+03   1.348704520E+00   6.449023726E-03   3.125283216E-02   3.563960813E+01   5.119441739E+00   3.332704580E+02
  2.5800000E+03   1.347873759E+00   5.214282293E-03   3.067955080E-02   2.031918721E+02   3.378608701E+02   3.332159703E+02
  2.5900000E+03   1.347394821E+00   4.643994995E-03   3.013146155E-02   2.131424540E+01   3.013390370E+02   3.332069962E+02
  2.6000000E+03   1.346540710E+00   4.032672960E-03   2.964253037E-02   2.077459966E+02   2.580923778E+02   3.331057326E+02
  2.6100000E+03   1.346353130E+00   3.896433656E-03   2.912983972E-02   4.149862145E+01   2.089525450E+02   3.329557243E+02
  2.6200000E+03   1.345401830E+00   3.413082472E-03   2.858837160E-02   2.356282203E+02   1.607689156E+02   3.328862592E+02
  2.6300000E+03   1.345182423E+00   3.467696282E-03   2.807835358E-02   7.039928189E+01   1.133025640E+02   3.328890263E+02
  2.6400000E+03   1.344716478E+00   3.493759363E-03   2.761908863E-02   2.858399041E+02   4.678049392E+01   3.327656440E+02
  2.6500000E+03   1.343781351E+00   3.157137852E-03   2.712056006E-02   1.266455813E+02   3.562929750E+02   3.326309974E+02
  2.6600000E+03   1.343266701E+00   2.978720412E-03   2.662882663E-02   3.354393454E+02   2.991384253E+02   3.326134978E+02
  2.6700000E+03   1.342641182E+00   2.832850590E-03   2.618272507E-02   1.940753903E+02   2.337258464E+02   3.325366166E+02
  2.6800000E+03   1.342304974E+00   2.895607939E-03   2.569735514E-02   5.556696968E+01   1.669334149E+02   3.324205131E+02
  2.6900000E+03   1.341512297E+00   2.597934768E-03   2.525160376E-02   2.791708998E+02   9.939783121E+01   3.324232000E+02
  2.7000000E+03   1.341064865E+00   2.465716689E-03   2.482531965E-02   1.425924870E+02   3.360987172E+01   3.323116313E+02
  2.7100000E+03   1.340540992E+00   2.632212790E-03   2.434798639E-02   2.617596749E+01   3.091884371E+02   3.322391387E+02
  2.7200000E+03   1.339802509E+00   2.340002898E-03   2.395352171E-02   2.610291043E+02   2.349150852E+02   3.321643084E+02
  2.7300000E+03   1.339489654E+00   2.220552505E-03   2.351297374E-02   1.337080787E+02   1.643492622E+02   3.320619599E+02
  2.7400000E+03   1.338748580E+00   2.391248148E-03   2.310430638E-02   3.432307619E+01   6.734000968E+01   3.320097235E+02
  2.7500000E+03   1.338018142E+00   2.072525120E-03   2.267769178E-02   2.785777232E+02   3.482361338E+02   3.318922692E+02
  2.7600000E+03   1.337542979E+00   2.093477009E-03   2.227960399E-02   1.700691865E+02   2.632879675E+02   3.318755779E+02
  2.7700000E+03   1.337134562E+00   2.198366095E-03   2.186508056E-02   7.562841197E+01   1.659372153E+02   3.317526106E+02
  2.7800000E+03   1.336651953E+00   2.015662176E-03   2.149081630E-02   3.402923804E+02   7.081316308E+01   3.317470239E+02
  2.7900000E+03   1.336205449E+00   1.922761772E-03   2.108060043E-02   2.563243745E+02   3.260329137E+02   3.316479427E+02
  2.8000000E+03   1.335272690E+00   2.014693528E-03   2.073062273E-02   1.552168892E+02   2.397498934E+02   3.316071172E+02
  2.8100000E+03   1.335079050E+00   1.991499397E-03   2.034564905E-02   6.519090681E+01   1.439456139E+02   3.315472814E+02
  2.8200000E+03   1.334414859E+00   1.890971900E-03   1.999119251E-02   3.593556640E+02   2.558686448E+01   3.314521460E+02
  2.8300000E+03   1.333698980E+00   1.881153158E-03   1.962893138E-02   2.729774884E+02   2.891545407E+02   3.314496019E+02
  2.8400000E+03   1.333155989E+00   1.796766234E-03   1.927409671E-02   2.153682977E+02   1.656125942E+02   3.313536780E+02
  2.8500000E+03   1.332537695E+00   1.499170438E-03   1.894186977E-02   1.429018177E+02   5.835594263E+01   3.313150353E+02
  2.8600000E+03   1.332186148E+00   1.712278626E-03   1.858498705E-02   5.559501699E+01   3.275053904E+02   3.312559415E+02
  2.8700000E+03   1.331375783E+00   1.808342699E-03   1.824703081E-02   1.577485060E+01   1.907890845E+02   3.311502796E+02
  2.8800000E+03   1.330591626E+00   1.585750384E-03   1.792764193E-02   3.178321808E+02   7.360269097E+01   3.311507259E+02
  2.8900000E+03   1.330286891E+00   1.657083554E-03   1.759067216E-02   2.847639965E+02   2.931782367E+02   3.310908858E+02
  2.9000000E+03   1.329420244E+00   1.414335034E-03   1.728152890E-02   2.158389314E+02   1.901628751E+02   3.309990489E+02
  2.9100000E+03   1.328963065E+00   1.482621807E-03   1.696762609E-02   1.685817409E+02   6.693019118E+01   3.309716689E+02
  2.9200000E+03   1.328327873E+00   1.576075451E-03   1.665476837E-02   1.410021286E+02   2.856497898E+02   3.309338773E+02
  2.9300000E+03   1.328143494E+00   1.366116278E-03   1.635886301E-02   9.085141693E+01   1.684324220E+02   3.308748347E+02
  2.9400000E+03   1.327277644E+00   1.311859017E-03   1.606151263E-02   7.237538923E+01   2.123603988E+01   3.307815592E+02
  2.9500000E+03   1.326734442E+00   1.460713198E-03   1.577576223E-02   3.341419201E+01   2.558756372E+02   3.307924023E+02
  2.9600000E+03   1.325954126E+00   1.470143601E-03   1.547711147E-02   2.926772026E+01   9.738579279E+01   3.307678199E+02
  2.9700000E+03   1.325482485E+00   1.460207922E-03   1.519825359E-02   4.495470774E+00   3.210438421E+02   3.306999236E+02
  2.9800000E+03   1.325071707E+00   1.521227850E-03   1.490731552E-02   6.933912925E+00   1.590897289E+02   3.306544724E+02
  2.9900000E+03   1.324510434E+00   1.327538826E-03   1.465276896E-02   3.432936544E+02   2.468018328E+01   3.306305521E+02
  3.0000000E+03   1.324117085E+00   1.501723981E-03   1.437426360E-02   3.439652351E+02   2.276609026E+02   3.305683942E+02
  3.0100000E+03   1.323253756E+00   1.467738023E-03   1.410979111E-02   3.279134386E+02   8.875502209E+01   3.305728175E+02
  3.0200000E+03   1.322723815E+00   1.488914499E-03   1.384827693E-02   3.473590268E+02   2.760721304E+02   3.305175278E+02
  3.0300000E+03   1.321924335E+00   1.309421327E-03   1.359340904E-02   3.430051519E+02   1.286799488E+02   3.304924616E+02
  3.0400000E+03   1.321662131E+00   1.451734112E-03   1.334323920E-02   8.245159108E+00   3.133043141E+02   3.304541191E+02
  3.0500000E+03   1.320991669E+00   1.238155201E-03   1.309486604E-02   5.220238114E+00   1.677342070E+02   3.304229250E+02
  3.0600000E+03   1.320373665E+00   1.167251923E-03   1.285199879E-02   2.671857105E+01   3.593045285E+02   3.303950497E+02
  3.0700000E+03   1.319668524E+00   1.222840978E-03   1.261753209E-02   3.562107246E+01   2.049704161E+02   3.303520157E+02
  3.0800000E+03   1.318816893E+00   1.152885808E-03   1.238433542E-02   8.146816730E+01   1.529089103E+01   3.303275363E+02
  3.0900000E+03   1.318658290E+00   1.274883823E-03   1.216064435E-02   8.941323859E+01   2.250420106E+02   3.303633093E+02
  3.1000000E+03   1.317922299E+00   1.121741224E-03   1.193525309E-02   1.443213955E+02   2.953929185E+01   3.303105829E+02
  3.1100000E+03   1.317291701E+00   1.017746382E-03   1.170334499E-02   1.942464512E+02   2.005580364E+02   3.303231149E+02
  3.1200000E+03   1.316454620E+00   1.126800319E-03   1.148731154E-02   2.314881769E+02   2.584693516E+01   3.302510114E+02
  3.1300000E+03   1.316193375E+00   1.145568318E-03   1.126926278E-02   2.958041325E+02   1.855916069E+02   3.302605855E+02
  3.1400000E+03   1.315547144E+00   9.512642452E-04   1.106034104E-02   3.282504012E+02   1.876806000E+01   3.302877619E+02
  3.1500000E+03   1.315206475E+00   1.107847544E-03   1.084788213E-02   2.210019344E+01   1.923176257E+02   3.302465208E+02
  3.1600000E+03   1.314621216E+00   1.087114354E-03   1.065313981E-02   5.412113326E+01   2.908707954E+01   3.302684565E+02
  3.1700000E+03   1.313502260E+00   1.045958710E-03   1.044342452E-02   1.482689275E+02   1.653129324E+02   3.302665984E+02
  3.1800000E+03   1.313266510E+00   9.211303177E-04   1.024413008E-02   2.249229700E+02   3.206094235E+02   3.302840473E+02
  3.1900000E+03   1.312714511E+00   1.069909615E-03   1.005549455E-02   2.829591208E+02   1.361348140E+02   3.302808548E+02
  3.2000000E+03   1.312099574E+00   1.169786179E-03   9.865146424E-03   6.322427297E+00   2.880373191E+02   3.303046045E+02
  3.2100000E+03   1.311508459E+00   1.087368037E-03   9.677561990E-03   6.472636076E+01   1.064288259E+02   3.303288580E+02
  3.2200000E+03   1.310768418E+00   1.020830193E-03   9.497123428E-03   1.643498876E+02   2.453265252E+02   3.302905797E+02
  3.2300000E+03   1.310653322E+00   1.206871732E-03   9.318043303E-03   2.831264027E+02   6.598351839E+00   3.302719465E+02
  3.2400000E+03   1.309705607E+00   1.048203676E-03   9.146416753E-03   3.432602815E+02   1.879597635E+02   3.303278213E+02
  3.2500000E+03   1.308970915E+00   1.035617426E-03   8.961166634E-03   9.146031988E+01   3.229541681E+02   3.303565933E+02
  3.2600000E+03   1.308478835E+00   9.517870665E-04   8.795406425E-03   1.922212363E+02   1.070202989E+02   3.303914452E+02
  3.2700000E+03   1.307833843E+00   9.986998741E-04   8.627263191E-03   2.898545563E+02   2.558462872E+02   3.304319253E+02
  3.2800000E+03   1.307228538E+00   9.879721713E-04   8.462043457E-03   4.741230371E+01   2.648782818E+01   3.303764575E+02
  3.2900000E+03   1.306920183E+00   8.532434877E-04   8.309946843E-03   1.323535808E+02   1.912525223E+02   3.304549027E+02
  3.3000000E+03   1.306102088E+00   9.784299025E-04   8.140553132E-03   2.693895003E+02   3.056306381E+02   3.305234178E+02
  3.3100000E+03   1.305434457E+00   9.805213489E-04   7.988867135E-03   3.695393469E+01   7.117806747E+01   3.305414118E+02
  3.3200000E+03   1.305189245E+00   8.392209738E-04   7.842092482E-03   1.241363094E+02   2.386293241E+02   3.306300393E+02
  3.3300000E+03   1.304285633E+00   9.800159511E-04   7.680749400E-03   2.756545511E+02   3.436125399E+02   3.306191345E+02
  3.3400000E+03   1.303617592E+00   9.570739631E-04   7.533671520E-03   5.533637760E+01   1.019205517E+02   3.307130287E+02
  3.3500000E+03   1.303247573E+00   7.839692032E-04   7.387373216E-03   1.789175525E+02   2.379883814E+02   3.307653665E+02
  3.3600000E+03   1.302511800E+00   9.313548953E-04   7.248685634E-03   3.124331654E+02   5.775562873E+00   3.307754950E+02
  3.3700000E+03   1.301982136E+00   8.793330453E-04   7.102379272E-03   1.011230028E+02   1.198255651E+02   3.308861046E+02
  3.3800000E+03   1.301741957E+00   9.672665525E-04   6.967135505E-03   2.740097611E+02   2.114405814E+02   3.308895561E+02
  3.3900000E+03   1.300975527E+00   9.766190627E-04   6.831745053E-03   2.316597745E+01   8.209014619E+00   3.309945798E+02
  3.4000000E+03   1.300141752E+00   7.440237909E-04   6.699212486E-03   1.897816865E+02   1.093787986E+02   3.310578866E+02
  3.4100000E+03   1.299854041E+00   9.680147499E-04   6.559571876E-03   3.566681329E+02   2.119805352E+02   3.311192034E+02
  3.4200000E+03   1.298949619E+00   7.164673875E-04   6.437331570E-03   1.406658244E+02   3.389716151E+02   3.312315833E+02
  3.4300000E+03   1.298665925E+00   6.866526259E-04   6.311079377E-03   3.262989581E+02   6.585665492E+01   3.313596632E+02
  3.4400000E+03   1.297824036E+00   6.466778501E-04   6.187123668E-03   1.478957153E+02   1.583892010E+02   3.313975540E+02
  3.4500000E+03   1.297588481E+00   9.359241967E-04   6.065640265E-03   3.411456663E+02   2.408959690E+02   3.315258873E+02
  3.4600000E+03   1.297035493E+00   5.545243856E-04   5.952782387E-03   1.039460583E+02   3.561232338E+01   3.315969031E+02
  3.4700000E+03   1.296086572E+00   7.274155629E-04   5.825215316E-03   3.124332179E+02   1.062678869E+02   3.317060926E+02
  3.4800000E+03   1.295540227E+00   8.335149733E-04   5.713030040E-03   1.492014627E+02   1.901417015E+02   3.318235716E+02
  3.4900000E+03   1.295219698E+00   9.968049420E-04   5.599374142E-03   3.467570297E+02   2.748787157E+02   3.319542872E+02
  3.5000000E+03   1.294487707E+00   7.250885118E-04   5.490080222E-03   1.471357573E+02   3.838472754E+01   3.320819999E+02
  3.5100000E+03   1.294057642E+00   9.102768602E-04   5.380569309E-03   3.470009653E+02   1.240413885E+02   3.322164564E+02
  3.5200000E+03   1.293120116E+00   6.760450885E-04   5.275917857E-03   1.951998776E+02   2.031642401E+02   3.323162039E+02
  3.5300000E+03   1.292890485E+00   6.036593209E-04   5.171357862E-03   4.683689851E+01   2.803562581E+02   3.324579608E+02
  3.5400000E+03   1.292326190E+00   7.916032923E-04   5.062679322E-03   3.003512781E+02   3.172326092E+02   3.326078231E+02
  3.5500000E+03   1.291832971E+00   5.975212830E-04   4.968557724E-03   9.327255674E+01   9.639683289E+01   3.327840920E+02
  3.5600000E+03   1.290994323E+00   7.491970807E-04   4.866134260E-03   3.325043642E+02   1.509591376E+02   3.328711932E+02
  3.5700000E+03   1.290429042E+00   7.490360307E-04   4.772261181E-03   1.998141809E+02   2.189421001E+02   3.330945545E+02
  3.5800000E+03   1.289664505E+00   6.769866896E-04   4.672129998E-03   7.047572434E+01   2.852627388E+02   3.332307214E+02
  3.5900000E+03   1.289621449E+00   8.331453580E-04   4.576184136E-03   3.147938270E+02   3.395953072E+02   3.334202069E+02
  3.6000000E+03   1.288627083E+00   5.343616188E-04   4.486733961E-03   1.536717524E+02   8.099859413E+01   3.335618406E+02
  3.6100000E+03   1.288344057E+00   7.242559178E-04   4.396363706E-03   3.335768168E+01   1.431013639E+02   3.337742699E+02
  3.6200000E+03   1.287402054E+00   6.795468954E-04   4.312987213E-03   2.835320124E+02   1.966458408E+02   3.338841860E+02
  3.6300000E+03   1.286999085E+00   6.932450257E-04   4.225031888E-03   1.738999107E+02   2.512784891E+02   3.342134407E+02
  3.6400000E+03   1.286312419E+00   6.833666079E-04   4.134181026E-03   6.313990477E+01   3.089150431E+02   3.343547815E+02
  3.6500000E+03   1.286079540E+00   8.333663664E-04   4.053272111E-03   3.204923536E+02   3.911923254E-02   3.345680573E+02
  3.6600000E+03   1.285164417E+00   5.805133379E-04   3.971962844E-03   2.190661474E+02   5.161379100E+01   3.347522092E+02
  3.6700000E+03   1.285149725E+00   6.155437226E-04   3.894429974E-03   5.920298861E+01   1.631085730E+02   3.350113327E+02
  3.6800000E+03   1.284201320E+00   7.595930707E-04   3.814618995E-03   7.209032185E+00   1.685161987E+02   3.352610308E+02
  3.6900000E+03   1.283478891E+00   7.657971540E-04   3.739077876E-03   2.690988415E+02   2.216571485E+02   3.355045515E+02
  3.7000000E+03   1.282895046E+00   6.240056562E-04   3.663203559E-03   1.723748270E+02   2.750930766E+02   3.357059019E+02
  3.7100000E+03   1.282277770E+00   5.170585007E-04   3.587181361E-03   9.966711540E+01   3.060977333E+02   3.360441049E+02
  3.7200000E+03   1.282131995E+00   7.781283075E-04   3.511421444E-03   2.581804227E+01   3.399231723E+02   3.362574898E+02
  3.7300000E+03   1.281437691E+00   8.302316951E-04   3.444989464E-03   3.221333719E+02   5.349243986E+00   3.364872741E+02
  3.7400000E+03   1.280927112E+00   6.829227002E-04   3.376224325E-03   2.482806966E+02   4.242721643E+01   3.367979133E+02
  3.7500000E+03   1.280159670E+00   6.635771666E-04   3.308245748E-03   1.113466555E+02   1.441699081E+02   3.371425714E+02
  3.7600000E+03   1.279656318E+00   6.502062136E-04   3.238537094E-03   4.323011805E+01   1.789692537E+02   3.373942452E+02
  3.7700000E+03   1.279201221E+00   6.944376261E-04   3.171955933E-03   7.037664115E+00   1.833418920E+02   3.377035326E+02
  3.7800000E+03   1.278292691E+00   6.166145616E-04   3.110734210E-03   3.040805735E+02   2.162592800E+02   3.380304101E+02
  3.7900000E+03   1.277906093E+00   7.309585331E-04   3.050749601E-03   2.553531248E+02   2.365256427E+02   3.383515698E+02
  3.8000000E+03   1.277256257E+00   5.088377519E-04   2.987612867E-03   1.831389107E+02   2.819051245E+02   3.386931004E+02
  3.8100000E+03   1.276565159E+00   5.035239893E-04   2.924675867E-03   1.465164134E+02   2.933933114E+02   3.390937855E+02
  3.8200000E+03   1.276243179E+00   4.879141482E-04   2.867694521E-03   9.501912898E+01   3.213484960E+02   3.394816248E+02
  3.8300000E+03   1.275677395E+00   7.385117611E-04   2.810918226E-03   5.090869564E+01   3.436712328E+02   3.398303104E+02
  3.8400000E+03   1.275111068E+00   7.442220453E-04   2.755728202E-03   8.842760690E+00   5.588199403E+00   3.402050720E+02
  3.8500000E+03   1.274771104E+00   7.956071484E-04   2.700567290E-03   3.422754449E+02   1.370243785E+01   3.405688857E+02
  3.8600000E+03   1.274177763E+00   7.759122997E-04   2.646658506E-03   3.310633764E+02   8.039682532E+00   3.409715394E+02
  3.8700000E+03   1.273496518E+00   7.742850327E-04   2.593803822E-03   2.987340525E+02   2.528062034E+01   3.413649033E+02
  3.8800000E+03   1.273082756E+00   7.557530596E-04   2.541611730E-03   2.730226109E+02   3.745021508E+01   3.418063005E+02
  3.8900000E+03   1.272289270E+00   4.085627163E-04   2.492118914E-03   2.313758974E+02   6.724560700E+01   3.422119019E+02
  3.9000000E+03   1.271437997E+00   4.820806341E-04   2.441737401E-03   1.911270730E+02   9.737243604E+01   3.426185852E+02
  3.9100000E+03   1.271046937E+00   3.942375561E-04   2.393988307E-03   1.658881826E+02   1.141006011E+02   3.430719677E+02
  3.9200000E+03   1.270611522E+00   5.851036144E-04   2.346206175E-03   1.210754431E+02   1.519814403E+02   3.436011026E+02
  3.9300000E+03   1.269878839E+00   6.124225126E-04   2.301047643E-03   1.072611282E+02   1.605147805E+02   3.441886867E+02
  3.9400000E+03   1.269334295E+00   5.136668214E-04   2.256065480E-03   9.972484980E+01   1.646005551E+02   3.446704219E+02
  3.9500000E+03   1.269060216E+00   4.514541334E-04   2.213020817E-03   8.500328196E+01   1.775565715E+02   3.450883007E+02
  3.9600000E+03   1.268614487E+00   6.694647858E-04   2.168664891E-03   8.221598448E+01   1.802134580E+02   3.455785853E+02
  3.9700000E+03   1.267801685E+00   6.149414143E-04   2.127391843E-03   8.531943639E+01   1.784972502E+02   3.462486794E+02
  3.9800000E+03   1.267096941E+00   4.945192212E-04   2.086993053E-03   9.508981242E+01   1.719438600E+02   3.468033703E+02
  3.9900000E+03   1.266666966E+00   3.927247592E-04   2.048539441E-03   1.071937437E+02   1.648100182E+02   3.472347800E+02
  4.0000000E+03   1.266122063E+00   5.484023350E-04   2.008205203E-03   1.210726103E+02   1.573679401E+02   3.479217912E+02
  4.0100000E+03   1.265475444E+00   5.036543676E-04   1.971730671E-03   1.260855079E+02   1.605414950E+02   3.485324441E+02
  4.0200000E+03   1.264693958E+00   4.189366459E-04   1.934129932E-03   1.809312247E+02   1.157582892E+02   3.490235328E+02
  4.0300000E+03   1.264090138E+00   5.976812397E-04   1.895173078E-03   2.332134266E+02   7.485126155E+01   3.498439192E+02
  4.0400000E+03   1.263896857E+00   7.037751178E-04   1.864044023E-03   2.709563132E+02   5.045443559E+01   3.504068386E+02
  4.0500000E+03   1.263462828E+00   6.694243887E-04   1.826094497E-03   2.911213559E+02   4.516133345E+01   3.511009774E+02
  4.0600000E+03   1.262965497E+00   7.006234383E-04   1.798992850E-03   3.304747030E+02   2.251956000E+01   3.516834574E+02
  4.0700000E+03   1.262041895E+00   6.706573536E-04   1.758477974E-03   3.497862445E+02   2.154470184E+01   3.523076135E+02
  4.0800000E+03   1.261449595E+00   6.896777745E-04   1.733987792E-03   1.429811900E+01   1.695795841E+01   3.530596963E+02
  4.0900000E+03   1.260850686E+00   5.563672084E-04   1.700292521E-03   3.434918133E+01   1.864318226E+01   3.536878621E+02
  4.1000000E+03   1.260302010E+00   3.905912015E-04   1.672259047E-03   8.569517415E+01   3.507795431E+02   3.542937298E+02
  4.1100000E+03   1.259777609E+00   4.500792909E-04   1.643217306E-03   1.465608722E+02   3.147864886E+02   3.552154461E+02
  4.1200000E+03   1.259193228E+00   5.451678919E-04   1.615221731E-03   1.848912679E+02   3.033477041E+02   3.557962250E+02
  4.1300000E+03   1.258550796E+00   4.347063638E-04   1.591044701E-03   2.258506576E+02   2.907538178E+02   3.566043946E+02
  4.1400000E+03   1.258123082E+00   4.495565710E-04   1.564175301E-03   3.048812475E+02   2.418144037E+02   3.573919132E+02
  4.1500000E+03   1.257522113E+00   5.853582649E-04   1.536950266E-03   3.531604983E+02   2.255503373E+02   3.580067257E+02
  4.1600000E+03   1.257075429E+00   7.066233619E-04   1.516374103E-03   3.792349723E+01   2.142594801E+02   3.588261119E+02
  4.1700000E+03   1.256369101E+00   5.032622041E-04   1.492279350E-03   9.256873555E+01   1.948213997E+02   3.596618746E+02
  4.1800000E+03   1.255668691E+00   4.948866848E-04   1.466791573E-03   2.251493585E+02   9.908298804E+01   5.601425644E-01
  4.1900000E+03   1.255504056E+00   7.923153705E-04   1.444514365E-03   3.075272495E+02   5.548610603E+01   1.248522423E+00
  4.2000000E+03   1.254890574E+00   6.882383591E-04   1.425675707E-03   3.586039713E+02   4.480222556E+01   1.990387738E+00
  4.2100000E+03   1.254243434E+00   3.551944253E-04   1.406644616E-03   7.175342066E+01   1.374233166E+01   2.779821546E+00
  4.2200000E+03   1.253513727E+00   4.897841485E-04   1.386665871E-03   1.827117231E+02   3.064506186E+02   3.706987210E+00
  4.2300000E+03   1.253057535E+00   6.146260173E-04   1.367726462E-03   2.549068210E+02   2.797732162E+02   4.480221620E+00
  4.2400000E+03   1.252613209E+00   6.073214356E-04   1.350761111E-03   3.269878511E+02   2.547844355E+02   5.409094099E+00
  4.2500000E+03   1.252225517E+00   5.449232547E-04   1.333222976E-03   3.998270473E+01   2.306479906E+02   6.261346024E+00
  4.2600000E+03   1.251443689E+00   3.970908746E-04   1.315717545E-03   1.815360005E+02   1.397452303E+02   7.105213997E+00
  4.2700000E+03   1.251028364E+00   6.586777862E-04   1.296709042E-03   3.014861020E+02   7.219859284E+01   7.901735200E+00
  4.2800000E+03   1.250495538E+00   5.516330288E-04   1.284469182E-03   2.273265844E+01   4.502849265E+01   8.717734150E+00
  4.2900000E+03   1.249662404E+00   4.856414247E-04   1.269630596E-03   1.443414041E+02   3.391132411E+02   9.661879084E+00
  4.3000000E+03   1.249086644E+00   5.700508105E-04   1.253302200E-03   2.394472063E+02   3.016036353E+02   1.041152202E+01
  4.3100000E+03   1.248838503E+00   6.310670030E-04   1.243978380E-03   3.444555691E+02   2.556775578E+02   1.141579324E+01
  4.3200000E+03   1.248188570E+00   3.971488797E-04   1.231155808E-03   8.569236559E+01   2.153005885E+02   1.233654493E+01
  4.3300000E+03   1.247737515E+00   7.192466043E-04   1.220334665E-03   2.878961700E+02   7.591733721E+01   1.310424378E+01
  4.3400000E+03   1.247100446E+00   6.434945007E-04   1.208674539E-03   1.180361236E+01   5.644468009E+01   1.391374160E+01
  4.3500000E+03   1.246209361E+00   4.334535050E-04   1.198353965E-03   1.565977049E+02   3.378166971E+02   1.472406388E+01
  4.3600000E+03   1.245686803E+00   5.712060614E-04   1.182614883E-03   2.674569538E+02   2.949081602E+02   1.552323125E+01
  4.3700000E+03   1.245377538E+00   6.573729635E-04   1.175614999E-03   1.197467214E+01   2.598565185E+02   1.649287775E+01
  4.3800000E+03   1.244508889E+00   3.821629807E-04   1.168736916E-03   1.959168211E+02   1.471972896E+02   1.741903821E+01
  4.3900000E+03   1.244100315E+00   5.652926820E-04   1.159080033E-03   3.536997374E+02   6.251589917E+01   1.827397949E+01
  4.4000000E+03   1.243335634E+00   4.914107549E-04   1.148592446E-03   1.283100524E+02   2.771495073E+00   1.905586938E+01
  4.4100000E+03   1.242989700E+00   3.824861617E-04   1.142651557E-03   2.731477851E+02   2.945199729E+02   1.988496138E+01
  4.4200000E+03   1.242817792E+00   7.526710148E-04   1.136933535E-03   4.006886004E+01   2.460150318E+02   2.060152676E+01
  4.4300000E+03   1.242133347E+00   4.187197566E-04   1.124824341E-03   2.594924116E+02   1.065165872E+02   2.160340732E+01
  4.4400000E+03   1.241444140E+00   4.301640109E-04   1.122245107E-03   2.146448786E+01   6.614271662E+01   2.264320612E+01
  4.4500000E+03   1.240648568E+00   4.805912653E-04   1.115611358E-03   2.009486836E+02   3.305289857E+02   2.312944568E+01
  4.4600000E+03   1.240235918E+00   5.857168271E-04   1.108255088E-03   3.315477365E+02   2.851597364E+02   2.399119958E+01
  4.4700000E+03   1.239586497E+00   3.760346721E-04   1.106905926E-03   1.346590074E+02   2.091635404E+02   2.474348308E+01
  4.4800000E+03   1.239300383E+00   6.785489298E-04   1.097630207E-03   3.598856476E+02   7.271032872E+01   2.560835452E+01
  4.4900000E+03   1.238583144E+00   4.512156732E-04   1.098408249E-03   1.440300549E+02   1.918898258E+01   2.631152882E+01
  4.5000000E+03   1.238246061E+00   5.337257190E-04   1.089535270E-03   3.323101942E+02   2.832846058E+02   2.704743365E+01
  4.5100000E+03   1.237526995E+00   2.549290903E-04   1.088261030E-03   1.572967828E+02   1.923359006E+02   2.785588277E+01
  4.5200000E+03   1.236907990E+00   5.510185986E-04   1.082496438E-03   4.576874798E+00   8.074598444E+01   2.878593865E+01
  4.5300000E+03   1.236073584E+00   5.039040224E-04   1.079281671E-03   1.807580281E+02   2.410037491E+00   2.929510312E+01
  4.5400000E+03   1.235918442E+00   5.920068586E-04   1.075984137E-03   1.443317111E+01   2.679442218E+02   3.016935006E+01
  4.5500000E+03   1.235430971E+00   4.522588442E-04   1.070723381E-03   2.519201871E+02   1.317995232E+02   3.073527857E+01
  4.5600000E+03   1.234722917E+00   3.873610800E-04   1.071944009E-03   5.713429385E+01   6.948626323E+01   3.145300531E+01
  4.5700000E+03   1.233890523E+00   4.681968660E-04   1.070155458E-03   2.532609984E+02   3.379666481E+02   3.221425357E+01
  4.5800000E+03   1.233774355E+00   5.830201669E-04   1.063590212E-03   7.193784981E+01   2.658111245E+02   3.278897896E+01
  4.5900000E+03   1.233385550E+00   6.116071039E-04   1.064447237E-03   3.956346679E+00   8.221206592E+01   3.330705625E+01
  4.6000000E+03   1.232479818E+00   4.234570670E-04   1.065709937E-03   2.100083329E+02   3.460258876E+02   3.409773008E+01
  4.6100000E+03   1.232079889E+00   5.903500070E-04   1.060566270E-03   2.447793789E+01   2.833315945E+02   3.469885083E+01
  4.6200000E+03   1.231722741E+00   6.194096229E-04   1.058205509E-03   3.268252725E+02   9.465780334E+01   3.525006912E+01
  4.6300000E+03   1.230939342E+00   3.874194073E-04   1.057595369E-03   1.479298725E+02   2.882103728E+01   3.591963687E+01
  4.6400000E+03   1.230507002E+00   6.287620584E-04   1.058150400E-03   3.488423950E+02   3.052277495E+02   3.629259746E+01
  4.6500000E+03   1.229775428E+00   5.195566613E-04   1.055848444E-03   2.889375281E+02   1.239153991E+02   3.702341698E+01
  4.6600000E+03   1.229132474E+00   5.365575017E-04   1.057289305E-03   1.232770481E+02   5.022137019E+01   3.760628163E+01
  4.6700000E+03   1.228827233E+00   6.096494142E-04   1.057722869E-03   3.383139470E+02   3.178099153E+02   3.799501059E+01
  4.6800000E+03   1.228189624E+00   5.090763581E-04   1.054650312E-03   2.903329618E+02   1.300390289E+02   3.855636387E+01
  4.6900000E+03   1.227589763E+00   4.541801673E-04   1.055580891E-03   1.212274017E+02   6.505873833E+01   3.917476099E+01
  4.7000000E+03   1.227237176E+00   6.155433348E-04   1.055749026E-03   3.521034648E+02   3.221917946E+02   3.950098189E+01
  4.7100000E+03   1.226475964E+00   5.305397737E-04   1.054733248E-03   3.130309105E+02   1.308102500E+02   4.008591315E+01
  4.7200000E+03   1.225924900E+00   3.964077645E-04   1.054314356E-03   1.607132294E+02   5.451886851E+01   4.053275459E+01
  4.7300000E+03   1.225737738E+00   6.056718353E-04   1.054552854E-03   2.500433230E+01   3.234666395E+02   4.094901897E+01
  4.7400000E+03   1.224885255E+00   5.464442798E-04   1.053319686E-03   3.592173731E+02   1.241809069E+02   4.148935464E+01
  4.7500000E+03   1.224263319E+00   3.882609614E-04   1.055998590E-03   2.313675791E+02   2.869515423E+01   4.200219196E+01
  4.7600000E+03   1.223769864E+00   2.611769684E-04   1.056147333E-03   1.244996272E+02   2.742756894E+02   4.226811650E+01
  4.7700000E+03   1.223195399E+00   5.005248315E-04   1.057801085E-03   7.437199335E+01   1.047896375E+02   4.268539933E+01
  4.7800000E+03   1.222762334E+00   5.545551545E-04   1.057294821E-03   3.275167657E+02   3.538350409E+02   4.304111114E+01
  4.7900000E+03   1.222253319E+00   5.905071415E-04   1.057827270E-03   3.201253940E+02   1.451597902E+02   4.347062928E+01
  4.8000000E+03   1.221519814E+00   4.608102513E-04   1.057637067E-03   2.020150684E+02   4.891177882E+01   4.393910323E+01
  4.8100000E+03   1.220965325E+00   4.003241196E-04   1.060278938E-03   9.495572194E+01   3.036884523E+02   4.411210337E+01
  4.8200000E+03   1.220650725E+00   5.508441362E-04   1.056819353E-03   6.422593120E+01   1.238044620E+02   4.444362735E+01
  4.8300000E+03   1.219941457E+00   5.183686238E-04   1.058471366E-03   3.349004358E+02   4.182822227E+00   4.485763141E+01
  4.8400000E+03   1.219627487E+00   5.818196609E-04   1.063658402E-03   3.426580664E+02   1.495506247E+02   4.502228479E+01
  4.8500000E+03   1.218794208E+00   4.860169650E-04   1.059944423E-03   2.491663476E+02   3.767670233E+01   4.545414789E+01
  4.8600000E+03   1.218149114E+00   3.066909648E-04   1.064361976E-03   1.813813686E+02   2.619829444E+02   4.578501212E+01
  4.8700000E+03   1.217753089E+00   2.638688237E-04   1.060979258E-03   1.554478140E+02   8.652862305E+01   4.582927887E+01
  4.8800000E+03   1.217276033E+00   5.635982154E-04   1.067837059E-03   5.902153797E+01   3.428978669E+02   4.629491317E+01
  4.8900000E+03   1.216848932E+00   3.793074784E-04   1.062906014E-03   3.740368231E+01   1.667155450E+02   4.638307059E+01
  4.9000000E+03   1.216121474E+00   4.746733752E-04   1.069421274E-03   9.156502902E+00   3.586304655E+02   4.672008052E+01
  4.9100000E+03   1.215849075E+00   6.701810023E-04   1.066011873E-03   3.481322683E+02   1.853225039E+02   4.691766964E+01
  4.9200000E+03   1.214961321E+00   3.430002306E-04   1.069503405E-03   3.083580239E+02   3.250242790E+01   4.711091401E+01
  4.9300000E+03   1.214746752E+00   6.837368083E-04   1.067472135E-03   3.154703718E+02   1.945573802E+02   4.742948669E+01
  4.9400000E+03   1.213918048E+00   2.744688971E-04   1.071263446E-03   2.526192247E+02   6.859136069E+01   4.745189442E+01
  4.9500000E+03   1.213488206E+00   5.287043078E-04   1.069336751E-03   2.823266206E+02   2.115101668E+02   4.790013893E+01
  4.9600000E+03   1.212878879E+00   3.002695817E-04   1.072170427E-03   2.052190883E+02   1.035673742E+02   4.774729114E+01
  4.9700000E+03   1.212219796E+00   3.579498945E-04   1.072831730E-03   2.413737864E+02   2.436479214E+02   4.818259752E+01
  4.9800000E+03   1.211679705E+00   4.742380629E-04   1.072329503E-03   1.973707767E+02   1.061339016E+02   4.814805786E+01
  4.9900000E+03   1.211150702E+00   2.835929413E-04   1.075007144E-03   2.207784665E+02   2.627973293E+02   4.836369268E+01
  5.0000000E+03   1.210695129E+00   3.561384541E-04   1.074458106E-03   2.149356257E+02   9.057718024E+01   4.848482372E+01
  5.0100000E+03   1.210089964E+00   2.775727872E-04   1.076399674E-03   2.067695789E+02   2.824867997E+02   4.861770502E+01
  5.0200000E+03   1.209412368E+00   4.109358835E-04   1.075367477E-03   2.091280450E+02   1.056645596E+02   4.877214497E+01
  5.0300000E+03   1.209294089E+00   3.571016534E-04   1.079138818E-03   2.601735019E+02   2.421122654E+02   4.881191103E+01
  5.0400000E+03   1.208307773E+00   3.792679869E-04   1.079056407E-03   2.086273576E+02   1.228880530E+02   4.888345989E+01
  5.0500000E+03   1.208113000E+00   5.348379876E-04   1.077340899E-03   2.873459059E+02   2.351541403E+02   4.906557049E+01
  5.0600000E+03   1.207458274E+00   3.416239102E-04   1.080960383E-03   2.474779387E+02   1.079638890E+02   4.903556572E+01
  5.0700000E+03   1.207095794E+00   5.907393791E-04   1.078844947E-03   3.291066001E+02   2.209508408E+02   4.921666121E+01
  5.0800000E+03   1.206435898E+00   4.950208382E-04   1.080461597E-03   3.097015801E+02   7.703975417E+01   4.909811304E+01
  5.0900000E+03   1.206065559E+00   5.121312635E-04   1.083842021E-03   1.535248558E+01   2.095714878E+02   4.933415789E+01
  5.1000000E+03   1.205311826E+00   4.674107736E-04   1.081426922E-03   1.286051246E+01   5.233991454E+01   4.926612473E+01
  5.1100000E+03   1.204614281E+00   3.001355141E-04   1.083981228E-03   7.771588163E+01   1.894014456E+02   4.943521095E+01
  5.1200000E+03   1.204548063E+00   4.321101161E-04   1.081694821E-03   5.327725317E+01   5.773226631E+01   4.939218010E+01
  5.1300000E+03   1.203594831E+00   3.573971064E-04   1.085499243E-03   1.514456245E+02   1.653750616E+02   4.928956704E+01
  5.1400000E+03   1.203140484E+00   3.678117283E-04   1.083036016E-03   2.556038589E+02   2.685769898E+02   4.948033827E+01
  5.1500000E+03   1.202681854E+00   4.498652118E-04   1.082945151E-03   2.706869751E+02   1.029995728E+02   4.932003853E+01
  5.1600000E+03   1.202418071E+00   5.735044863E-04   1.085501258E-03   3.549265995E+02   2.298272462E+02   4.945279856E+01
  5.1700000E+03   1.201743703E+00   5.781313677E-04   1.084204797E-03   1.188362627E+01   6.596984674E+01   4.933390746E+01
  5.1800000E+03   1.200822536E+00   3.637944558E-04   1.087749509E-03   1.079266963E+02   1.847991149E+02   4.932940458E+01
  5.1900000E+03   1.200565125E+00   1.157889550E-04   1.084195384E-03   1.671215866E+02   3.421578435E+02   4.945440264E+01
  5.2000000E+03   1.199984326E+00   3.177588171E-04   1.084839951E-03   2.378970833E+02   1.300209639E+02   4.932197550E+01
  5.2100000E+03   1.199638140E+00   5.941738565E-04   1.086967861E-03   3.585386942E+02   2.296515509E+02   4.941141902E+01
  5.2200000E+03   1.198997220E+00   5.724172285E-04   1.085091557E-03   1.824535983E+01   7.227363853E+01   4.924793674E+01
  5.2300000E+03   1.198182124E+00   3.072873857E-04   1.088571109E-03   1.446962886E+02   1.698785438E+02   4.924059304E+01
  5.2400000E+03   1.198046026E+00   4.996440731E-04   1.085538862E-03   2.827505303E+02   2.576832021E+02   4.926881980E+01
  5.2500000E+03   1.197379635E+00   4.265509030E-04   1.084756965E-03   3.058043611E+02   1.024816597E+02   4.908541291E+01
  5.2600000E+03   1.196759942E+00   4.321763496E-04   1.086863241E-03   6.597236104E+01   2.117155196E+02   4.923101604E+01
  5.2700000E+03   1.196115515E+00   2.986347799E-04   1.084293875E-03   1.260123542E+02   2.315317123E+01   4.910771095E+01
  5.2800000E+03   1.195351756E+00   3.725582703E-04   1.088415076E-03   2.452109210E+02   1.373045771E+02   4.900575752E+01
  5.2900000E+03   1.195091821E+00   4.045266781E-04   1.087607433E-03   2.523467918E+01   2.323151777E+02   4.905808891E+01
  5.3000000E+03   1.194820124E+00   3.275061094E-04   1.085360902E-03   5.797524411E+01   7.665890074E+01   4.885879917E+01
  5.3100000E+03   1.194091668E+00   4.515186454E-04   1.087793401E-03   2.588875949E+02   1.146151054E+02   4.879846682E+01
  5.3200000E+03   1.193709526E+00   4.121242719E-04   1.085949065E-03   1.722316957E+01   2.368546694E+02   4.884513750E+01
  5.3300000E+03   1.193156934E+00   4.168754098E-04   1.086028604E-03   8.762070416E+01   4.916004113E+01   4.856092117E+01
  5.3400000E+03   1.192492291E+00   2.506227674E-04   1.087387246E-03   2.715816618E+02   1.095915981E+02   4.851386968E+01
  5.3500000E+03   1.192039899E+00   4.782739582E-04   1.085073083E-03   4.793280634E+01   2.195022817E+02   4.842854644E+01
  5.3600000E+03   1.191206206E+00   2.710352271E-04   1.085890330E-03   1.882803980E+02   3.272888926E+02   4.832071228E+01
  5.3700000E+03   1.190748858E+00   3.316361513E-04   1.085482791E-03   3.215784112E+02   8.389524783E+01   4.828560663E+01
  5.3800000E+03   1.190146000E+00   3.689442772E-04   1.085444513E-03   1.192024964E+02   1.782322995E+02   4.806145945E+01
  5.3900000E+03   1.189842884E+00   4.843519127E-04   1.084458567E-03   3.077373384E+02   2.432704797E+02   4.811480350E+01
  5.4000000E+03   1.189297754E+00   4.297803947E-04   1.081966359E-03   2.598943061E+01   6.060183299E+01   4.792375955E+01
  5.4100000E+03   1.188517488E+00   3.837831474E-04   1.083207292E-03   2.132720529E+02   1.308250765E+02   4.774842348E+01
  5.4200000E+03   1.188138129E+00   3.532533716E-04   1.082506202E-03   2.359074842E+01   2.196343649E+02   4.780638340E+01
  5.4300000E+03   1.187534078E+00   2.314596558E-04   1.080164374E-03   1.997450404E+02   3.047546768E+02   4.755091135E+01
  5.4400000E+03   1.187149072E+00   4.556446801E-04   1.079449153E-03   3.368273785E+02   7.077887813E+01   4.734180877E+01
  5.4500000E+03   1.186339508E+00   4.085685702E-04   1.079394792E-03   1.833736491E+02   1.290530007E+02   4.728630364E+01
  5.4600000E+03   1.186142378E+00   4.606130528E-04   1.077446443E-03   9.169804488E+00   2.101353954E+02   4.704848741E+01
  5.4700000E+03   1.185327250E+00   2.961405921E-04   1.078064618E-03   1.785991165E+02   3.092194236E+02   4.701300609E+01
  5.4800000E+03   1.185062995E+00   4.633007755E-04   1.075059354E-03   3.485721280E+02   4.987989812E+01   4.673676213E+01
  5.4900000E+03   1.184151986E+00   4.413022415E-04   1.077767411E-03   1.892956673E+02   1.215803958E+02   4.656380377E+01
  5.5000000E+03   1.183960052E+00   4.280675662E-04   1.076776466E-03   3.894320058E+01   1.860706970E+02   4.653538265E+01
  5.5100000E+03   1.183451018E+00   3.043850577E-04   1.074589372E-03   2.734624110E+02   2.276995566E+02   4.638207823E+01
  5.5200000E+03   1.183132324E+00   5.538486313E-04   1.073280070E-03   3.199115892E+01   2.722333206E+01   4.613011936E+01
  5.5300000E+03   1.182347283E+00   2.383682339E-04   1.072377426E-03   2.756118737E+02   6.351447544E+01   4.596846196E+01
  5.5400000E+03   1.181891360E+00   3.399278947E-04   1.071696458E-03   1.227996190E+02   1.382235521E+02   4.567801929E+01
  5.5500000E+03   1.181517980E+00   4.320286006E-04   1.074479137E-03   8.414312460E+00   1.761365328E+02   4.564877647E+01
  5.5600000E+03   1.180964343E+00   3.712557807E-04   1.069759981E-03   2.681072171E+02   2.018729646E+02   4.558738767E+01
  5.5700000E+03   1.180545013E+00   5.320323391E-04   1.067928868E-03   1.882502296E+01   1.874650990E+01   4.520033988E+01
  5.5800000E+03   1.179581242E+00   3.687737065E-04   1.068157502E-03   2.796003032E+02   4.720391753E+01   4.510325845E+01
  5.5900000E+03   1.178981327E+00   3.597736056E-04   1.065635380E-03   1.751305906E+02   8.290207817E+01   4.488744621E+01
  5.6000000E+03   1.178665830E+00   4.058038486E-04   1.066497255E-03   5.396166532E+01   1.371748087E+02   4.466545902E+01
  5.6100000E+03   1.178398288E+00   4.641205786E-04   1.065667187E-03   3.367362616E+02   1.493221326E+02   4.453376359E+01
  5.6200000E+03   1.177691520E+00   2.050715060E-04   1.063332147E-03   1.470743029E+02   2.758791278E+02   4.427281123E+01
  5.6300000E+03   1.177445284E+00   5.183228815E-04   1.063208404E-03   1.048845066E+01   3.512013542E+02   4.408330111E+01
  5.6400000E+03   1.176571713E+00   3.954376181E-04   1.060642214E-03   3.047255556E+02   3.575224617E+02   4.396755481E+01
  5.6500000E+03   1.175733251E+00   4.099297999E-04   1.058825623E-03   1.957334763E+02   4.910721634E+01   4.370411735E+01
  5.6600000E+03   1.175401348E+00   3.642478419E-04   1.059792085E-03   1.180205574E+02   7.124892046E+01   4.350342651E+01
  5.6700000E+03   1.175271453E+00   4.973611620E-04   1.055873642E-03   2.488895163E+01   1.107060660E+02   4.328807322E+01
  5.6800000E+03   1.174812634E+00   6.000394348E-04   1.056352296E-03   3.248630657E+02   1.191691691E+02   4.287907680E+01
  5.6900000E+03   1.173833599E+00   2.416389143E-04   1.056082455E-03   2.264782765E+02   1.675366568E+02   4.277997963E+01
  5.7000000E+03   1.173527985E+00   4.404546242E-04   1.053013418E-03   6.256667388E+01   2.834876522E+02   4.250731753E+01
  5.7100000E+03   1.173081146E+00   4.724734932E-04   1.052373255E-03   1.897006955E+01   2.810588500E+02   4.223388762E+01
  5.7200000E+03   1.172460608E+00   4.547777862E-04   1.051161453E-03   3.080044640E+02   3.076783112E+02   4.219888724E+01
  5.7300000E+03   1.171665403E+00   3.495792075E-04   1.048126342E-03   2.446187829E+02   3.288694648E+02   4.189950120E+01
  5.7400000E+03   1.171217573E+00   2.962216856E-04   1.048502518E-03   1.772384747E+02   3.558751754E+02   4.166429983E+01
  5.7500000E+03   1.170875262E+00   2.180071564E-04   1.046425258E-03   1.343759082E+02   2.404457056E-01   4.147609270E+01
  5.7600000E+03   1.170292331E+00   2.944739048E-04   1.044820478E-03   5.807913882E+01   4.003463796E+01   4.118911657E+01
  5.7700000E+03   1.169808163E+00   4.170464936E-04   1.042651643E-03   2.659780818E+01   3.691213929E+01   4.090343737E+01
  5.7800000E+03   1.169601400E+00   5.457841865E-04   1.040953868E-03   3.558477942E+02   3.488677469E+01   4.070533898E+01
  5.7900000E+03   1.168981675E+00   5.935091577E-04   1.037782500E-03   3.261410590E+02   3.377872694E+01   4.045698492E+01
  5.8000000E+03   1.168325963E+00   3.797203841E-04   1.039580469E-03   3.027355004E+02   2.828815106E+01   4.018991185E+01
  5.8100000E+03   1.167911266E+00   2.140476637E-04   1.036296581E-03   2.749534855E+02   2.899381292E+01   4.000998141E+01
  5.8200000E+03   1.167144522E+00   9.370647259E-05   1.035211020E-03   1.635788235E+02   1.153707225E+02   3.964680920E+01
  5.8300000E+03   1.166749003E+00   3.135119820E-04   1.033349018E-03   7.768744380E+01   1.780962335E+02   3.937577488E+01
  5.8400000E+03   1.166423541E+00   3.609024260E-04   1.031942542E-03   3.924341017E+01   1.952425466E+02   3.917553738E+01
  5.8500000E+03   1.165610076E+00   3.770213295E-04   1.029632965E-03   4.829790803E+01   1.669058989E+02   3.885889985E+01
  5.8600000E+03   1.165288903E+00   4.868107953E-04   1.030952094E-03   4.188678559E+01   1.559081572E+02   3.859506320E+01
  5.8700000E+03   1.164708811E+00   4.560948211E-04   1.027808020E-03   2.086880284E+01   1.614994558E+02   3.827639612E+01
  5.8800000E+03   1.164189968E+00   5.090538451E-04   1.025767732E-03   3.299003817E+01   1.358642581E+02   3.794500946E+01
  5.8900000E+03   1.163860140E+00   5.047420792E-04   1.024671373E-03   1.256929718E+01   1.446722852E+02   3.765391570E+01
  5.9000000E+03   1.163134587E+00   4.824563697E-04   1.021239626E-03   2.402112406E+01   1.234240696E+02   3.745780497E+01
  5.9100000E+03   1.162723192E+00   4.381037966E-04   1.019815019E-03   2.451882825E+01   1.152319632E+02   3.708776755E+01
  5.9200000E+03   1.161933865E+00   3.381653607E-04   1.019171884E-03   4.068071213E+01   9.325077771E+01   3.675883915E+01
  5.9300000E+03   1.161781146E+00   5.316308158E-04   1.015284057E-03   4.222592890E+01   8.771082976E+01   3.653983356E+01
  5.9400000E+03   1.161046508E+00   3.914055408E-04   1.013404863E-03   4.737775091E+01   8.056585066E+01   3.625539704E+01
  5.9500000E+03   1.160596612E+00   3.594855661E-04   1.011878104E-03   7.021829912E+01   5.765674927E+01   3.595555255E+01
  5.9600000E+03   1.159789308E+00   1.694668101E-04   1.009621902E-03   1.424613619E+02   3.471981715E+02   3.576010846E+01
  5.9700000E+03   1.159554640E+00   7.239072447E-05   1.008015296E-03   2.736629518E+02   2.198289454E+02   3.544792721E+01
  5.9800000E+03   1.158853665E+00   3.851608819E-04   1.008202931E-03   2.865282120E+02   2.127007365E+02   3.517667950E+01
  5.9900000E+03   1.158586760E+00   4.375187248E-04   1.006540833E-03   3.285194316E+02   1.784020034E+02   3.484453519E+01
  6.0000000E+03   1.157904967E+00   4.572062263E-04   1.003603930E-03   3.477523077E+02   1.687814162E+02   3.453818587E+01
  6.0100000E+03   1.157429631E+00   3.378287212E-04   1.003979000E-03   1.203746727E+01   1.561390245E+02   3.414549526E+01
  6.0200000E+03   1.156677298E+00   3.140779164E-04   1.000543306E-03   6.921314347E+01   1.124474516E+02   3.383013727E+01
  6.0300000E+03   1.156309622E+00   1.579801197E-04   9.953818103E-04   1.098002807E+02   8.729442194E+01   3.352705592E+01
  6.0400000E+03   1.155502370E+00   3.720387041E-04   9.963750613E-04   1.672301234E+02   4.714919744E+01   3.329406151E+01
  6.0500000E+03   1.155191123E+00   3.141950748E-04   9.941533321E-04   2.543805887E+02   3.393486340E+02   3.296532954E+01
  6.0600000E+03   1.154777383E+00   2.557031917E-04   9.925675870E-04   3.177769900E+02   2.972412794E+02   3.261361483E+01
  6.0700000E+03   1.154219344E+00   4.006938581E-04   9.903402604E-04   2.017861904E-01   2.781979567E+02   3.212248925E+01
  6.0800000E+03   1.153913009E+00   3.566007125E-04   9.870749588E-04   3.212014111E+01   2.713781654E+02   3.186609167E+01
  6.0900000E+03   1.153221937E+00   3.622289618E-05   9.835783672E-04   1.997800873E+02   1.307393663E+02   3.164888760E+01
  6.1000000E+03   1.152669664E+00   4.059273287E-04   9.849184738E-04   3.114788771E+02   4.813575395E+01   3.132253685E+01
  6.1100000E+03   1.152379730E+00   4.215984454E-04   9.827520647E-04   8.885133285E+00   2.171904978E+01   3.101063390E+01
  6.1200000E+03   1.151490806E+00   3.267405812E-04   9.806280719E-04   1.080045081E+02   3.156349692E+02   3.060017879E+01
  6.1300000E+03   1.150891580E+00   3.625842841E-04   9.769614358E-04   2.085533050E+02   2.500518346E+02   3.023532911E+01
  6.1400000E+03   1.150706601E+00   3.272889377E-04   9.754986938E-04   3.052626571E+02   1.901808072E+02   2.993627439E+01
  6.1500000E+03   1.150178877E+00   4.255789560E-04   9.753017768E-04   2.391007204E+01   1.503319905E+02   2.961931045E+01
  6.1600000E+03   1.149511134E+00   1.018591738E-04   9.707898185E-04   1.563501810E+02   5.882991046E+01   2.915326145E+01
  6.1700000E+03   1.149357487E+00   5.343144837E-04   9.697173703E-04   3.286155929E+02   2.893864994E+02   2.877688565E+01
  6.1800000E+03   1.148557234E+00   3.617513312E-04   9.665283322E-04   5.950358678E+01   2.430511772E+02   2.858561121E+01
  6.1900000E+03   1.147789598E+00   3.368204769E-04   9.648235293E-04   1.774793904E+02   1.716921963E+02   2.830595250E+01
  6.2000000E+03   1.147542140E+00   3.828556242E-04   9.630540239E-04   2.994685341E+02   9.857373312E+01   2.772837306E+01
  6.2100000E+03   1.147256080E+00   4.543387413E-04   9.596449965E-04   3.257533986E+01   5.597374198E+01   2.746086646E+01
  6.2200000E+03   1.146573260E+00   2.478063156E-04   9.584889754E-04   2.962209967E+02   2.048650189E+02   2.719394006E+01
  6.2300000E+03   1.145931151E+00   3.244183086E-04   9.570825423E-04   2.248051955E+01   1.731778295E+02   2.680098704E+01
  6.2400000E+03   1.145373436E+00   2.136436594E-04   9.543528257E-04   1.693766346E+02   8.289615381E+01   2.633885569E+01
  6.2500000E+03   1.145083326E+00   3.629347538E-04   9.511896753E-04   3.035073919E+02   7.162070514E+00   2.606242288E+01
  6.2600000E+03   1.144654440E+00   4.533087663E-04   9.513210926E-04   5.139484860E+01   3.197910348E+02   2.562059103E+01
  6.2700000E+03   1.143993861E+00   3.584749732E-04   9.488994096E-04   3.148814682E+02   1.187528173E+02   2.528711049E+01
  6.2800000E+03   1.143259840E+00   2.336065332E-04   9.447004431E-04   8.538633795E+01   5.253716340E+01   2.502710141E+01
  6.2900000E+03   1.142805074E+00   2.987272740E-04   9.432332667E-04   2.457228165E+02   3.186783450E+02   2.456270352E+01
  6.3000000E+03   1.142712570E+00   4.872130318E-04   9.404052207E-04   5.633855871E+00   2.672622502E+02   2.404231299E+01
  6.3100000E+03   1.142217416E+00   4.009739144E-04   9.380466651E-04   3.123771283E+02   3.069121351E+01   2.386249655E+01
  6.3200000E+03   1.141524193E+00   3.995285341E-04   9.375713654E-04   5.890806629E+01   3.565774113E+02   2.336723089E+01
  6.3300000E+03   1.140771472E+00   1.882154932E-04   9.339780309E-04   2.345209113E+02   2.553271892E+02   2.292118868E+01
  6.3400000E+03   1.140470698E+00   4.236140528E-04   9.327347162E-04   3.498136806E+01   1.709608677E+02   2.270686019E+01
  6.3500000E+03   1.139959884E+00   4.169292121E-04   9.316301977E-04   3.286558041E+02   3.156762704E+02   2.224538317E+01
  6.3600000E+03   1.139180537E+00   2.572604878E-04   9.254583398E-04   1.332656745E+02   2.313036759E+02   2.185191158E+01
  6.3700000E+03   1.138885295E+00   3.800964732E-04   9.266819197E-04   3.162290491E+02   1.305864264E+02   2.144770954E+01
  6.3800000E+03   1.138456858E+00   6.824602579E-05   9.213685321E-04   2.854568118E+02   2.456474356E+02   2.100041448E+01
  6.3900000E+03   1.138020982E+00   3.561199422E-04   9.205703239E-04   2.383098203E+01   2.333842276E+02   2.071584970E+01
  6.4000000E+03   1.137353908E+00   3.011108144E-04   9.186231495E-04   2.585382338E+02   8.698030526E+01   2.021135820E+01
  6.4100000E+03   1.137122859E+00   3.957629612E-04   9.150975990E-04   4.076604816E+01   3.477747698E+01   1.996280529E+01
  6.4200000E+03   1.136554678E+00   4.501106301E-04   9.144489699E-04   8.025481052E+00   1.597816062E+02   1.951976808E+01
  6.4300000E+03   1.135703547E+00   2.565174814E-04   9.099180505E-04   1.974798381E+02   6.453281790E+01   1.907842618E+01
  6.4400000E+03   1.135494207E+00   4.422064163E-04   9.118814152E-04   4.288931225E+01   3.152997403E+02   1.866375266E+01
  6.4500000E+03   1.135003187E+00   4.657986985E-04   9.059604535E-04   1.072958690E+01   8.569924099E+01   1.822479379E+01
  6.4600000E+03   1.134290663E+00   1.383555023E-04   9.042063518E-04   2.062714273E+02   3.502741603E+02   1.786105824E+01
  6.4700000E+03   1.134068673E+00   4.423054896E-04   9.005256203E-04   4.619602910E+01   2.525984519E+02   1.736662118E+01
  6.4800000E+03   1.133431118E+00   4.228068182E-04   9.010580802E-04   2.476270935E+01   1.802131231E+01   1.717202885E+01
  6.4900000E+03   1.132725254E+00   2.044168432E-04   8.964074414E-04   2.548972281E+02   2.542697306E+02   1.654517578E+01
  6.5000000E+03   1.132312718E+00   1.059552749E-04   8.955821030E-04   1.249392727E+02   1.323451882E+02   1.619892462E+01
  6.5100000E+03   1.131814996E+00   2.097069274E-04   8.916593856E-04   7.343161183E+01   2.941189195E+02   1.572073058E+01
  6.5200000E+03   1.131385400E+00   4.356455974E-04   8.908893791E-04   3.288375950E+02   1.507592415E+02   1.544665656E+01
  6.5300000E+03   1.130965010E+00   4.793238760E-04   8.868287870E-04   3.243235700E+02   2.696893081E+02   1.483754517E+01
  6.5400000E+03   1.130143191E+00   2.485915510E-04   8.857933468E-04   2.188678428E+02   1.311907081E+02   1.456414383E+01
  6.5500000E+03   1.129788564E+00   2.527211254E-04   8.810178744E-04   5.189304640E+01   5.638162797E+01   1.412466454E+01
  6.5600000E+03   1.129077308E+00   2.454361858E-04   8.821878288E-04   6.880447820E+01   1.597450080E+02   1.367758610E+01
  6.5700000E+03   1.128680684E+00   2.888472665E-04   8.754573487E-04   3.351136962E+02   1.559476208E+01   1.332590554E+01
  6.5800000E+03   1.128232784E+00   3.682422669E-04   8.779437888E-04   3.366844397E+02   1.385387433E+02   1.266657579E+01
  6.5900000E+03   1.127721366E+00   1.384542481E-04   8.722926417E-04   2.344140019E+02   6.826905032E+00   1.247961218E+01
  6.6000000E+03   1.127235185E+00   7.245128842E-05   8.707796427E-04   1.632213280E+02   2.065380814E+02   1.182428897E+01
  6.6100000E+03   1.126688865E+00   1.762415030E-04   8.689511713E-04   1.554923733E+02   3.444143489E+02   1.156371054E+01
  6.6200000E+03   1.126338408E+00   3.323264652E-04   8.636607264E-04   2.752508923E+01   2.447924528E+02   1.103098024E+01
  6.6300000E+03   1.125568349E+00   2.502982721E-04   8.651735370E-04   6.887996624E+01   3.378098549E+02   1.058897642E+01
  6.6400000E+03   1.125227371E+00   3.438528557E-04   8.599285133E-04   1.484414939E+00   1.813986204E+02   1.031389195E+01
  6.6500000E+03   1.124851516E+00   4.819618096E-04   8.579422646E-04   2.604343626E+01   2.955399265E+02   9.587913536E+00
  6.6600000E+03   1.124239751E+00   3.134832474E-04   8.568821268E-04   3.174493911E+02   1.443768681E+02   9.329088294E+00
  6.6700000E+03   1.123891342E+00   4.881844292E-04   8.513489010E-04   3.426526199E+02   2.617931423E+02   8.733934977E+00
  6.6800000E+03   1.122933462E+00   2.454450767E-04   8.525035670E-04   2.606869305E+02   1.282155220E+02   8.291624485E+00
  6.6900000E+03   1.122795522E+00   4.492019259E-04   8.488184787E-04   3.425077949E+02   1.926733669E+02   8.093754236E+00
  6.7000000E+03   1.122181245E+00   1.975399710E-04   8.443048700E-04   2.932175437E+02   3.076063158E+01   7.365848196E+00
  6.7100000E+03   1.121897068E+00   4.953379509E-04   8.457536210E-04   3.263465617E+02   1.482240106E+02   6.925820763E+00
  6.7200000E+03   1.121068568E+00   2.524884227E-04   8.411941060E-04   2.775125205E+02   3.494254792E+02   6.683895899E+00
  6.7300000E+03   1.120692993E+00   3.715735346E-04   8.367643817E-04   3.463399350E+02   7.547884680E+01   6.003712157E+00
  6.7400000E+03   1.120202087E+00   2.547131725E-04   8.373134482E-04   3.055080394E+02   2.729765756E+02   5.543204237E+00
  6.7500000E+03   1.119879961E+00   4.837909405E-04   8.327970033E-04   3.464573230E+02   3.055485740E+01   5.289572217E+00
  6.7600000E+03   1.119074591E+00   2.263420413E-04   8.284477655E-04   3.256991725E+02   2.121807867E+02   4.687336000E+00
  6.7700000E+03   1.118751095E+00   4.028024362E-04   8.308068676E-04   3.505531951E+01   3.057697238E+02   4.088938214E+00
  6.7800000E+03   1.118449946E+00   5.000537903E-04   8.282136860E-04   3.571477877E+02   1.482549485E+02   3.877583946E+00
  6.7900000E+03   1.117523710E+00   2.359544848E-04   8.222008661E-04   9.311614234E+01   2.191018609E+02   3.482001245E+00
  6.8000000E+03   1.117340256E+00   4.113129864E-04   8.191343031E-04   5.146943484E+01   7.002180710E+01   2.635177527E+00
  6.8100000E+03   1.116556259E+00   2.497341553E-04   8.210111300E-04   1.852550788E+02   1.071281069E+02   2.282931981E+00
  6.8200000E+03   1.116086727E+00   2.463160643E-04   8.177266417E-04   2.641287662E+02   2.009191918E+02   2.171388194E+00
  6.8300000E+03   1.115678269E+00   1.986598207E-04   8.111465232E-04   2.593121883E+02   2.093884591E+01   1.542138818E+00
  6.8400000E+03   1.115395234E+00   4.897807848E-04   8.108238469E-04   3.440946650E+02   1.135191457E+02   8.412568344E-01
  6.8500000E+03   1.114774277E+00   3.743981283E-04   8.109811564E-04   3.577156415E+02   2.789402540E+02   4.586321768E-01
  6.8600000E+03   1.114201656E+00   2.440854415E-04   8.073187170E-04   9.116169198E+01   6.513792665E+00   1.999617497E-01
  6.8700000E+03   1.113617190E+00   1.709708427E-04   8.006148276E-04   1.051180848E+02   1.757721866E+02   3.597642305E+02
  6.8800000E+03   1.113087959E+00   2.033476364E-04   7.978417652E-04   2.078188181E+02   2.587728538E+02   3.589203616E+02
  6.8900000E+03   1.112762069E+00   3.888679552E-04   7.998059287E-04   3.424376627E+02   3.115981126E+02   3.584064452E+02
  6.9000000E+03   1.112237358E+00   3.367435364E-04   7.990687359E-04   1.074260876E+01   1.125382838E+02   3.580889564E+02
  6.9100000E+03   1.111590413E+00   2.261818874E-04   7.934777700E-04   1.448467171E+02   1.696868724E+02   3.578757925E+02
  6.9200000E+03   1.111092104E+00   1.914225151E-04   7.886572024E-04   2.525906567E+02   2.556684397E+02   3.572406324E+02
  6.9300000E+03   1.110726302E+00   3.037387099E-04   7.854958826E-04   2.897699387E+02   5.433742442E+01   3.565087438E+02
  6.9400000E+03   1.109983514E+00   2.382229318E-04   7.874871373E-04   8.666101982E+01   9.518457727E+01   3.559701913E+02
  6.9500000E+03   1.109833536E+00   1.270916247E-04   7.869917641E-04   7.750923803E+01   3.039038105E+02   3.556430197E+02
  6.9600000E+03   1.108958640E+00   2.841816791E-04   7.831236152E-04   2.393907533E+02   3.435442458E+02   3.554502503E+02
  6.9700000E+03   1.108836162E+00   3.022732058E-04   7.770358075E-04   2.741576177E+01   3.930575525E+01   3.550635547E+02
  6.9800000E+03   1.108253322E+00   2.560576021E-04   7.708649394E-04   6.217022607E+01   2.105338842E+02   3.545071861E+02
  6.9900000E+03   1.107807539E+00   2.806327396E-04   7.674071649E-04   2.791887024E+02   2.018481055E+02   3.537196675E+02
  7.0000000E+03   1.107155198E+00   2.991558736E-04   7.687268107E-04   4.880677199E+01   2.825629625E+02   3.529830275E+02
  7.0100000E+03   1.106819539E+00   5.130422191E-05   7.701606189E-04   4.610815118E+01   1.374506138E+02   3.524510641E+02
  7.0200000E+03   1.106145874E+00   1.909274163E-04   7.704937022E-04   2.795822095E+02   1.179078042E+02   3.522481802E+02
  7.0300000E+03   1.105673258E+00   1.889301257E-04   7.670171482E-04   9.118261453E+01   1.623670704E+02   3.520176523E+02
  7.0400000E+03   1.105507581E+00   3.465819854E-04   7.613521404E-04   3.254299149E+02   1.462458918E+02   3.517841359E+02
  7.0500000E+03   1.104776428E+00   3.617612842E-04   7.545340226E-04   3.538926567E+02   3.381136867E+02   3.514015352E+02
  7.0600000E+03   1.104160969E+00   2.916087397E-04   7.486363278E-04   1.884293230E+02   6.221688828E+00   3.508192641E+02
  7.0700000E+03   1.103734345E+00   2.878014464E-04   7.426015005E-04   1.501240082E+01   4.458002440E+01   3.500075605E+02
  7.0800000E+03   1.103423383E+00   2.131152926E-04   7.384480706E-04   3.513195646E+01   2.513896150E+02   3.492509968E+02
  7.0900000E+03   1.102859185E+00   2.657728667E-04   7.375388762E-04   3.172678245E+02   1.983877767E+02   3.484184304E+02
  7.1000000E+03   1.101961569E+00   3.586418879E-04   7.377557820E-04   1.433875122E+02   2.434026613E+02   3.476586128E+02
  7.1100000E+03   1.102046433E+00   4.864345815E-04   7.387530246E-04   3.362761656E+02   2.837117250E+02   3.469375392E+02
  7.1200000E+03   1.101529298E+00   3.778508558E-04   7.391855670E-04   4.187816126E+01   9.311217813E+01   3.464329834E+02
  7.1300000E+03   1.100600917E+00   1.901326291E-04   7.410642133E-04   2.773053736E+02   9.481362630E+01   3.459609800E+02
  7.1400000E+03   1.100309512E+00   1.801656246E-04   7.423958291E-04   1.609342033E+02   9.034955165E+01   3.455288987E+02
  7.1500000E+03   1.100009141E+00   4.322725324E-04   7.442276852E-04   9.245269741E+00   1.232724141E+02   3.451088217E+02
  7.1600000E+03   1.099285965E+00   7.764914029E-05   7.440689984E-04   1.039945141E+02   2.717878433E+02   3.447424607E+02
  7.1700000E+03   1.098918708E+00   3.216433159E-04   7.442864496E-04   3.423300753E+02   2.787292038E+02   3.444662157E+02
  7.1800000E+03   1.098338219E+00   2.241339089E-04   7.443153403E-04   2.317328048E+02   2.767837350E+02   3.441139189E+02
  7.1900000E+03   1.097799585E+00   3.002830071E-04   7.445175443E-04   8.712603481E+01   3.108179704E+02   3.438820570E+02
  7.2000000E+03   1.097447113E+00   3.610181099E-04   7.446443221E-04   3.405950382E+02   3.089899474E+02   3.435492874E+02
  7.2100000E+03   1.096917749E+00   7.907998161E-05   7.440464660E-04   2.839801754E+01   1.548810145E+02   3.432215036E+02
  7.2200000E+03   1.096631875E+00   3.654670979E-04   7.432627970E-04   7.535619130E+00   7.162344538E+01   3.428242692E+02
  7.2300000E+03   1.095814332E+00   1.861262968E-04   7.455776041E-04   2.661171840E+02   7.107334538E+01   3.424026156E+02
  7.2400000E+03   1.095210995E+00   3.054798852E-04   7.455624501E-04   1.527122091E+02   8.471151650E+01   3.418740948E+02
  7.2500000E+03   1.094829524E+00   2.096222902E-04   7.468543267E-04   3.461231828E+01   1.052369427E+02   3.412587187E+02
  7.2600000E+03   1.094723180E+00   5.294864637E-04   7.475289257E-04   3.282479182E+02   7.617664300E+01   3.406190729E+02
  7.2700000E+03   1.094127858E+00   1.659347339E-04   7.447006065E-04   5.548849007E+01   2.556616994E+02   3.398585554E+02
  7.2800000E+03   1.093601959E+00   4.029761466E-04   7.440366691E-04   2.272924964E+01   1.973539318E+02   3.390596138E+02
  7.2900000E+03   1.092875805E+00   2.226271987E-04   7.406381812E-04   2.903607813E+02   2.008142327E+02   3.382214276E+02
  7.3000000E+03   1.092287836E+00   2.128544509E-04   7.354381608E-04   1.991905987E+02   2.051815045E+02   3.373797101E+02
  7.3100000E+03   1.091781826E+00   2.345204228E-04   7.287151880E-04   1.629870958E+02   1.565464854E+02   3.366923716E+02
  7.3200000E+03   1.091531194E+00   2.258017532E-04   7.216927977E-04   4.650744683E+01   1.900559359E+02   3.362579971E+02
  7.3300000E+03   1.091337987E+00   5.941853023E-04   7.154480519E-04   3.467077366E+02   1.688452833E+02   3.359691338E+02
  7.3400000E+03   1.090760760E+00   2.919282829E-04   7.121828496E-04   3.177088522E+02   1.189334997E+02   3.356907433E+02
  7.3500000E+03   1.090148203E+00   2.302663118E-04   7.108392429E-04   5.927009369E+01   3.005998445E+02   3.353671920E+02
  7.3600000E+03   1.089725404E+00   3.384606681E-04   7.108136062E-04   3.257888856E+01   2.528214290E+02   3.348857199E+02
  7.3700000E+03   1.089144237E+00   3.285900001E-04   7.111457861E-04   1.226086127E+01   2.009462126E+02   3.342701628E+02
  7.3800000E+03   1.088524221E+00   2.600573150E-04   7.087704654E-04   3.143322246E+02   1.890480401E+02   3.334066925E+02
  7.3900000E+03   1.087962341E+00   2.013983766E-04   7.031436344E-04   2.464017010E+02   1.892240520E+02   3.325909766E+02
  7.4000000E+03   1.087443680E+00   1.506320992E-04   6.960082995E-04   2.110617231E+02   1.586091116E+02   3.320960125E+02
  7.4100000E+03   1.086901033E+00   2.352849986E-04   6.918295964E-04   1.967670885E+02   1.088457856E+02   3.318375731E+02
  7.4200000E+03   1.086368855E+00   3.667188216E-04   6.912213870E-04   1.654098149E+02   7.837596561E+01   3.314788783E+02
  7.4300000E+03   1.085882986E+00   3.185190809E-04   6.916551993E-04   1.278769950E+02   5.646163289E+01   3.308673376E+02
  7.4400000E+03   1.085439201E+00   1.634734009E-04   6.895278096E-04   1.008690012E+02   2.643350079E+01   3.299759971E+02
  7.4500000E+03   1.084998706E+00   1.257013541E-04   6.828342635E-04   1.002102058E+02   3.320486300E+02   3.292282482E+02
  7.4600000E+03   1.084545949E+00   2.073001206E-04   6.766515692E-04   6.431415100E+01   3.146319193E+02   3.288863342E+02
  7.4700000E+03   1.084086436E+00   2.577902868E-04   6.747053939E-04   2.443144832E+01   3.032787578E+02   3.286009980E+02
  7.4800000E+03   1.083632938E+00   2.181211412E-04   6.745449404E-04   1.459250676E+00   2.774892194E+02   3.279799015E+02
  7.4900000E+03   1.083192456E+00   1.639606774E-04   6.708069710E-04   1.223876231E+01   2.202938334E+02   3.271472380E+02
  7.5000000E+03   1.082779061E+00   2.760703290E-04   6.643165505E-04   3.206463050E+01   1.559153233E+02   3.265938264E+02
  7.5100000E+03   1.082405192E+00   4.798060917E-04   6.603987444E-04   2.229383014E+01   1.229995755E+02   3.263134677E+02
  7.5200000E+03   1.082021386E+00   5.707993992E-04   6.602083163E-04   9.572544854E+00   9.534199571E+01   3.258719534E+02
  7.5300000E+03   1.081574038E+00   4.788862563E-04   6.583607968E-04   4.274647553E-01   6.666268119E+01   3.250263237E+02
  7.5400000E+03   1.080999563E+00   2.470839181E-04   6.518934990E-04   3.596396871E+02   3.161258314E+01   3.243403322E+02
  7.5500000E+03   1.080432666E+00   1.756843265E-04   6.478538842E-04   2.781373211E+01   3.293591845E+02   3.240434568E+02
  7.5600000E+03   1.079862639E+00   2.725793959E-04   6.476068678E-04   5.787887475E+01   2.675921077E+02   3.235046927E+02
  7.5700000E+03   1.079308583E+00   2.962444838E-04   6.438777978E-04   6.919789520E+01   2.269992196E+02   3.226926096E+02
  7.5800000E+03   1.078705254E+00   2.075226992E-04   6.379523287E-04   1.000027507E+02   1.687479057E+02   3.222146659E+02
  7.5900000E+03   1.078219974E+00   1.349268175E-04   6.365774323E-04   1.391239312E+02   1.041942516E+02   3.218727236E+02
  7.6000000E+03   1.077830507E+00   1.307075517E-04   6.353533143E-04   2.051344713E+02   1.539246950E+01   3.210445686E+02
  7.6100000E+03   1.077440266E+00   2.925109555E-04   6.285670381E-04   2.486851900E+02   3.111006432E+02   3.203301324E+02
  7.6200000E+03   1.077054916E+00   4.461815338E-04   6.259698130E-04   2.813589763E+02   2.593984617E+02   3.200578368E+02
  7.6300000E+03   1.076358433E+00   3.169462139E-04   6.261496993E-04   2.776236493E+02   2.467128706E+02   3.193228969E+02
  7.6400000E+03   1.076070719E+00   2.264484889E-04   6.200248590E-04   3.585028535E+02   1.516005745E+02   3.185540465E+02
  7.6500000E+03   1.075782124E+00   2.927159023E-04   6.162258786E-04   4.453305839E+01   9.304937086E+01   3.182437799E+02
  7.6600000E+03   1.075096790E+00   2.035773315E-04   6.159158826E-04   2.214698121E+02   2.662918433E+02   3.174349190E+02
  7.6700000E+03   1.074740324E+00   3.618080291E-04   6.097312827E-04   3.082693875E+02   1.715542166E+02   3.169007897E+02
  7.6800000E+03   1.074071399E+00   1.495198293E-04   6.091290546E-04   3.549799246E+02   1.189242416E+02   3.164891737E+02
  7.6900000E+03   1.073623679E+00   2.176049975E-04   6.057137433E-04   9.925075791E+01   1.135337070E+01   3.156175826E+02
  7.7000000E+03   1.073110652E+00   2.914682596E-04   6.005598219E-04   2.056898029E+02   2.633835212E+02   3.151834983E+02
  7.7100000E+03   1.072483863E+00   3.676915425E-04   5.998244461E-04   2.372456176E+02   2.325430710E+02   3.146530745E+02
  7.7200000E+03   1.072168725E+00   3.215983959E-04   5.952780242E-04   3.135461170E+02   1.594114942E+02   3.138421640E+02
  7.7300000E+03   1.071913950E+00   3.628850736E-04   5.912528904E-04   1.204444837E+01   1.058413297E+02   3.134424955E+02
  7.7400000E+03   1.071247668E+00   3.509724875E-04   5.901515410E-04   2.959738992E+02   1.894371841E+02   3.126790291E+02
  7.7500000E+03   1.070820027E+00   4.568864378E-04   5.850835486E-04   3.778965716E+00   1.309502313E+02   3.122448345E+02
  7.7600000E+03   1.070223581E+00   2.811985380E-04   5.844983269E-04   8.832476579E+01   5.816338044E+01   3.115506511E+02
  7.7700000E+03   1.069621739E+00   2.337720179E-04   5.779959307E-04   1.912207668E+02   3.291486598E+02   3.109234663E+02
  7.7800000E+03   1.069202886E+00   1.191428188E-04   5.775038795E-04   2.979057383E+02   2.383658252E+02   3.104454960E+02
  7.7900000E+03   1.069067709E+00   2.912561978E-04   5.729501855E-04   1.146409142E+01   1.832357880E+02   3.096381012E+02
  7.8000000E+03   1.068407560E+00   3.844036909E-04   5.708605393E-04   3.077394002E+02   2.672128425E+02   3.092242694E+02
  7.8100000E+03   1.067927283E+00   3.712256221E-04   5.670966108E-04   2.920103787E+01   2.085800701E+02   3.083672490E+02
  7.8200000E+03   1.067268991E+00   1.442393134E-04   5.640362401E-04   1.835070706E+02   7.878954046E+01   3.080397973E+02
  7.8300000E+03   1.066932760E+00   2.201346410E-04   5.611079388E-04   3.274796559E+02   3.220291635E+02   3.071882575E+02
  7.8400000E+03   1.066645184E+00   2.798550245E-04   5.572441344E-04   2.131426804E+01   2.972232823E+02   3.067272884E+02
  7.8500000E+03   1.065930813E+00   3.494439040E-04   5.558361512E-04   3.329624141E+02   1.717629924E+01   3.059286395E+02
  7.8600000E+03   1.065499312E+00   2.435953306E-04   5.517604254E-04   8.404219302E+01   2.994159958E+02   3.055504099E+02
  7.8700000E+03   1.064834002E+00   2.588162947E-04   5.490222616E-04   2.266090559E+02   1.928236770E+02   3.047165109E+02
  7.8800000E+03   1.064793634E+00   4.409745046E-04   5.448995846E-04   1.942616059E+01   7.773897879E+01   3.042999993E+02
  7.8900000E+03   1.064077777E+00   3.376061693E-04   5.428053545E-04   3.250561868E+02   1.725605675E+02   3.034366507E+02
  7.9000000E+03   1.063582381E+00   3.065545422E-04   5.402950546E-04   8.844453774E+01   9.129769483E+01   3.030333624E+02
  7.9100000E+03   1.062892029E+00   2.976152561E-04   5.360862333E-04   2.436641475E+02   3.407988629E+02   3.022573870E+02
  7.9200000E+03   1.062831341E+00   3.868605406E-04   5.339321817E-04   4.053706692E+01   2.305546353E+02   3.017468456E+02
  7.9300000E+03   1.062196443E+00   2.918040496E-04   5.297636236E-04   3.498126779E+02   3.302901176E+02   3.011187381E+02
  7.9400000E+03   1.061711000E+00   1.074959523E-04   5.282637765E-04   1.945362470E+02   1.767940044E+02   3.004223668E+02
  7.9500000E+03   1.061199107E+00   2.985467877E-04   5.235825619E-04   3.538875338E+02   7.071225306E+01   2.998889432E+02
  7.9600000E+03   1.061003606E+00   3.932040208E-04   5.213244235E-04   3.106887742E+02   1.696798400E+02   2.991092696E+02
  7.9700000E+03   1.060220718E+00   2.279844091E-04   5.187052585E-04   7.121030128E+01   1.067512332E+02   2.986563562E+02
  7.9800000E+03   1.059792187E+00   2.436683435E-04   5.146952316E-04   3.004187634E+02   2.976766146E+02   2.979013054E+02
  7.9900000E+03   1.059476065E+00   1.483477246E-04   5.126539295E-04   5.084262637E+00   2.952194543E+02   2.972899483E+02
  8.0000000E+03   1.058707188E+00   1.876121201E-04   5.089808667E-04   9.256508473E+01   2.721005030E+02   2.967539451E+02
  8.0100000E+03   1.058473294E+00   3.758292258E-04   5.059781306E-04   3.014422888E+02   1.300781599E+02   2.959395424E+02
  8.0200000E+03   1.057874565E+00   6.727287696E-05   5.040201217E-04   7.555445470E+01   6.476471410E+01   2.953974980E+02
  8.0300000E+03   1.057238333E+00   1.220240978E-04   4.999149088E-04   1.063837898E+02   1.050456608E+02   2.947808033E+02
  8.0400000E+03   1.056975268E+00   2.108359215E-04   4.975142036E-04   3.094747090E+02   3.354815769E+02   2.939470641E+02
  8.0500000E+03   1.056465771E+00   2.024803847E-04   4.952343455E-04   3.058914565E+02   5.448627390E+01   2.934732062E+02
  8.0600000E+03   1.055854638E+00   2.197256596E-04   4.907163836E-04   1.365811183E+02   3.015769373E+02   2.928308061E+02
  8.0700000E+03   1.055812809E+00   4.677724616E-04   4.884861273E-04   3.515889206E+02   1.666607907E+02   2.920963686E+02
  8.0800000E+03   1.055150032E+00   3.464457253E-04   4.864299955E-04   3.559399612E+02   2.444933783E+02   2.915256350E+02
  8.0900000E+03   1.054272659E+00   3.081117384E-04   4.825241330E-04   2.077089679E+02   1.171521602E+02   2.909114046E+02
  8.1000000E+03   1.054217741E+00   1.370600492E-04   4.792385938E-04   1.527228899E+01   3.641561756E+01   2.901333306E+02
  8.1100000E+03   1.053756223E+00   2.978113362E-04   4.772709230E-04   7.142843907E+01   6.910491504E+01   2.895771434E+02
  8.1200000E+03   1.053167182E+00   2.954817610E-04   4.736228022E-04   3.526721374E+02   2.389270981E+02   2.890195755E+02
  8.1300000E+03   1.052652333E+00   2.397388208E-04   4.706686157E-04   3.425999737E+02   3.425579085E+02   2.882446152E+02
  8.1400000E+03   1.052225167E+00   2.004811074E-04   4.683226677E-04   2.700102260E+02   1.507878756E+02   2.875857931E+02
  8.1500000E+03   1.051877314E+00   1.923487699E-04   4.660188756E-04   3.107090948E+02   2.079455585E+02   2.869737370E+02
  8.1600000E+03   1.051091124E+00   2.739622165E-04   4.618639244E-04   1.667255122E+02   9.200422852E+01   2.863541029E+02
  8.1700000E+03   1.050853672E+00   2.732283735E-04   4.585360652E-04   4.993623396E+01   3.112060301E+02   2.856496608E+02
  8.1800000E+03   1.050132679E+00   1.762008679E-04   4.568375167E-04   1.246212498E+02   3.412468337E+02   2.849171547E+02
  8.1900000E+03   1.050097073E+00   4.299982113E-04   4.538800748E-04   3.560865878E+02   2.165056150E+02   2.843856760E+02
  8.2000000E+03   1.049451360E+00   2.035941338E-04   4.513039741E-04   4.373156230E+01   2.779647095E+02   2.837555405E+02
  8.2100000E+03   1.049085603E+00   3.547120915E-04   4.470277608E-04   1.533344640E+00   7.154241629E+01   2.830465613E+02
  8.2200000E+03   1.048527501E+00   3.552033946E-04   4.452206498E-04   1.382546424E+01   1.729295144E+02   2.823348432E+02
  8.2300000E+03   1.047964812E+00   2.196486296E-04   4.427061284E-04   3.182686688E+02   3.443219148E+02   2.816623767E+02
  8.2400000E+03   1.047495612E+00   2.466055220E-04   4.403411556E-04   3.552815633E+02   6.541080653E+01   2.810110458E+02
  8.2500000E+03   1.047075822E+00   2.596436506E-04   4.367000039E-04   3.155180872E+02   2.253925319E+02   2.804557683E+02
  8.2600000E+03   1.046624521E+00   2.935672516E-04   4.340311813E-04   3.595734992E+02   3.040045837E+02   2.797470657E+02
  8.2700000E+03   1.046305990E+00   4.117325084E-04   4.305440909E-04   3.312271854E+02   9.721315646E+01   2.790674742E+02
  8.2800000E+03   1.045828036E+00   3.741115035E-04   4.279356762E-04   4.517075460E+00   1.911483403E+02   2.783165232E+02
  8.2900000E+03   1.045322657E+00   3.262990123E-04   4.260963506E-04   3.381733185E+02   3.468551178E+02   2.776430345E+02
  8.3000000E+03   1.044896428E+00   3.117856996E-04   4.233649934E-04   3.437951360E+01   6.221613086E+01   2.770448489E+02
  8.3100000E+03   1.044458611E+00   3.868319588E-04   4.200123812E-04   2.048065440E+01   2.099558660E+02   2.764047296E+02
  8.3200000E+03   1.043746122E+00   2.258280194E-04   4.179019233E-04   1.161188761E+02   2.504466710E+02   2.757765837E+02
  8.3300000E+03   1.043576207E+00   3.160345639E-04   4.141532668E-04   4.112670783E+01   1.038403056E+02   2.751113922E+02
  8.3400000E+03   1.042814488E+00   1.867752146E-04   4.114746122E-04   1.605992312E+02   1.250761356E+02   2.744260983E+02
  8.3500000E+03   1.042578989E+00   2.891435903E-04   4.088657722E-04   3.360308719E+02   9.269542529E+01   2.736731163E+02
  8.3600000E+03   1.041914285E+00   1.339120046E-04   4.060930170E-04   2.840007051E+02   2.899093073E+02   2.730117995E+02
  8.3700000E+03   1.041689074E+00   3.990857603E-04   4.034882223E-04   1.531758288E+01   3.461262102E+02   2.723100512E+02
  8.3800000E+03   1.041286328E+00   4.579682472E-04   4.007619316E-04   9.270445265E+00   1.419264738E+02   2.716203743E+02
  8.3900000E+03   1.040523037E+00   1.674394670E-04   3.982458266E-04   1.240047252E+02   1.792644927E+02   2.709348222E+02
  8.4000000E+03   1.040204622E+00   2.087943685E-04   3.955672525E-04   3.067631233E+02   1.508620624E+02   2.702204554E+02
  8.4100000E+03   1.039571655E+00   2.363612404E-04   3.929464802E-04   2.694794649E+02   3.447239132E+02   2.695421935E+02
  8.4200000E+03   1.039107308E+00   2.015494281E-04   3.905218895E-04   1.634827830E+01   3.672871491E+01   2.688695004E+02
  8.4300000E+03   1.038714896E+00   2.531621332E-04   3.879130685E-04   2.455223393E+01   1.895933789E+02   2.682401038E+02
  8.4400000E+03   1.037959699E+00   2.959990308E-04   3.855050376E-04   1.935940195E+02   1.840018783E+02   2.675459937E+02
  8.4500000E+03   1.037783534E+00   3.233395836E-04   3.829553129E-04   3.392331124E+02   2.041234785E+02   2.668289624E+02
  8.4600000E+03   1.037387361E+00   3.575191964E-04   3.802706287E-04   1.651913273E+00   3.496271946E+02   2.661883577E+02
  8.4700000E+03   1.036757934E+00   1.809328182E-04   3.775736126E-04   1.361745070E+02   2.541841859E+01   2.654757150E+02
  8.4800000E+03   1.036550211E+00   3.775655368E-04   3.749048310E-04   3.310541196E+02   3.178109738E+00   2.647424342E+02
  8.4900000E+03   1.035995537E+00   3.508264007E-04   3.721571805E-04   3.439164959E+02   1.651293634E+02   2.640727098E+02
  8.5000000E+03   1.035162324E+00   3.145735231E-04   3.695193099E-04   1.776024176E+02   1.485946845E+02   2.633837197E+02
  8.5100000E+03   1.034936307E+00   2.734335788E-04   3.669479005E-04   3.319161625E+02   1.737524710E+02   2.626771709E+02
  8.5200000E+03   1.034636675E+00   3.816575440E-04   3.639700240E-04   1.622989490E+01   3.111201933E+02   2.620004388E+02
  8.5300000E+03   1.033993817E+00   1.700060700E-04   3.611593716E-04   1.858895388E+02   3.254584797E+02   2.613571516E+02
  8.5400000E+03   1.033712877E+00   3.608092943E-04   3.586144057E-04   2.784789277E+00   3.348803010E+02   2.606902438E+02
  8.5500000E+03   1.033135825E+00   2.001228911E-04   3.560287290E-04   5.062168915E+01   1.156298901E+02   2.600084364E+02
  8.5600000E+03   1.032574838E+00   1.626012955E-04   3.539568848E-04   2.874427902E+02   6.968710493E+01   2.593661592E+02
  8.5700000E+03   1.032148599E+00   2.230554219E-04   3.515443443E-04   1.172637187E+02   7.310810795E+01   2.586602061E+02
  8.5800000E+03   1.031909568E+00   4.095073907E-04   3.491610641E-04   3.319148408E+02   5.407567654E+01   2.578938434E+02
  8.5900000E+03   1.031355486E+00   3.367002202E-04   3.464880224E-04   1.894821171E+01   2.047861588E+02   2.572495761E+02
  8.6000000E+03   1.030767726E+00   1.274056092E-04   3.439987414E-04   2.552613791E+02   1.686819334E+02   2.564942515E+02
  8.6100000E+03   1.030320571E+00   1.207594176E-04   3.410908529E-04   9.472096015E+01   1.717450873E+02   2.557298191E+02
  8.6200000E+03   1.029973013E+00   3.496992796E-04   3.385683504E-04   3.346548048E+02   1.364944945E+02   2.551150960E+02
  8.6300000E+03   1.029643421E+00   4.105279684E-04   3.358869660E-04   2.945025081E+01   2.887087323E+02   2.544268824E+02
  8.6400000E+03   1.028991807E+00   2.598308043E-04   3.337141153E-04   2.910651768E+02   2.364457087E+02   2.537741634E+02
  8.6500000E+03   1.028317641E+00   2.257063512E-04   3.316446337E-04   1.600254057E+02   2.192028799E+02   2.530488113E+02
  8.6600000E+03   1.028170150E+00   3.274954763E-04   3.290364324E-04   2.549274979E+01   2.078327547E+02   2.522546470E+02
  8.6700000E+03   1.027687270E+00   2.681890473E-04   3.261795258E-04   3.141359421E+02   1.355037623E+02   2.515765114E+02
  8.6800000E+03   1.027201386E+00   3.210632747E-04   3.237423658E-04   2.327725102E+01   2.849706346E+02   2.508703652E+02
  8.6900000E+03   1.026726632E+00   2.664222053E-04   3.211936853E-04   2.941195691E+02   2.350071049E+02   2.502604903E+02
  8.7000000E+03   1.026004363E+00   2.574200969E-04   3.195144498E-04   1.718791586E+02   2.205539123E+02   2.495373968E+02
  8.7100000E+03   1.025821466E+00   2.852326792E-04   3.167385162E-04   4.935937587E+01   2.087644197E+02   2.487395375E+02
  8.7200000E+03   1.025385474E+00   3.444935305E-04   3.142501768E-04   3.361397019E+02   1.499230596E+02   2.480446300E+02
  8.7300000E+03   1.024924972E+00   1.648494104E-04   3.116998847E-04   3.709605040E+01   3.191192656E+02   2.474060118E+02
  8.7400000E+03   1.024455453E+00   3.083914752E-04   3.095397536E-04   1.964168429E+00   2.268116757E+02   2.467269248E+02
  8.7500000E+03   1.024025687E+00   2.597263640E-04   3.072066932E-04   3.347653315E+02   1.289895551E+02   2.459445522E+02
  8.7600000E+03   1.023308884E+00   2.492958256E-04   3.045735022E-04   2.138573845E+02   1.271522910E+02   2.452365775E+02
  8.7700000E+03   1.022910040E+00   2.012647315E-04   3.024588791E-04   1.233352594E+02   9.715057832E+01   2.446223736E+02
  8.7800000E+03   1.022566025E+00   2.170624074E-04   3.002796075E-04   3.144578660E+01   7.099397162E+01   2.438756357E+02
  8.7900000E+03   1.022221293E+00   3.450922557E-04   2.976194191E-04   4.867139336E+00   3.418905791E+02   2.430870630E+02
  8.8000000E+03   1.021727550E+00   3.346805657E-04   2.954636634E-04   3.205123576E+02   2.727621202E+02   2.424552580E+02
  8.8100000E+03   1.021379825E+00   2.114692178E-04   2.929799872E-04   2.718443825E+01   9.495624526E+01   2.417599665E+02
  8.8200000E+03   1.020761196E+00   2.962359460E-04   2.905741812E-04   3.484091863E+01   3.386158190E+02   2.409794046E+02
  8.8300000E+03   1.020430548E+00   3.391463651E-04   2.880281035E-04   3.540026473E+02   2.730750951E+02   2.402530210E+02
  8.8400000E+03   1.019740877E+00   1.931166121E-04   2.865043527E-04   3.128790895E+02   2.100664833E+02   2.396193870E+02
  8.8500000E+03   1.019410594E+00   2.541397749E-04   2.839050927E-04   2.938233791E+02   1.274764666E+02   2.388479938E+02
  8.8600000E+03   1.018947569E+00   7.097011977E-05   2.813712055E-04   2.743770889E+02   4.748837471E+01   2.381934633E+02
  8.8700000E+03   1.018258021E+00   2.201265333E-04   2.795636143E-04   1.959879367E+02   2.888661721E+01   2.374543007E+02
  8.8800000E+03   1.017966432E+00   1.583953227E-04   2.768728831E-04   2.016476696E+02   2.886031962E+02   2.366993255E+02
  8.8900000E+03   1.017363400E+00   2.575245346E-04   2.748302539E-04   1.510199397E+02   2.468403802E+02   2.360460902E+02
  8.9000000E+03   1.016801759E+00   2.805963534E-04   2.728631722E-04   1.565857508E+02   1.514177037E+02   2.352291123E+02
  8.9100000E+03   1.016562928E+00   1.298192567E-04   2.702513905E-04   1.218387515E+02   9.847614677E+01   2.345896507E+02
  8.9200000E+03   1.016083041E+00   2.040576127E-04   2.686688792E-04   9.833560178E+01   3.677075506E+01   2.338153083E+02
  8.9300000E+03   1.015509702E+00   1.810515019E-04   2.659501482E-04   1.236525667E+02   2.885511086E+02   2.331061148E+02
  8.9400000E+03   1.015220427E+00   1.055424328E-04   2.642163911E-04   7.727353855E+01   2.543422138E+02   2.324375252E+02
  8.9500000E+03   1.014809980E+00   2.435129788E-04   2.616074466E-04   8.465378006E+01   1.688576204E+02   2.316287383E+02
  8.9600000E+03   1.014160117E+00   2.203523980E-04   2.596777493E-04   1.236188773E+02   5.395027307E+01   2.310353214E+02
  8.9700000E+03   1.013662568E+00   2.333027533E-04   2.575001699E-04   1.465961069E+02   3.176329735E+02   2.302021775E+02
  8.9800000E+03   1.013409944E+00   1.067453125E-04   2.551269375E-04   1.347557333E+02   2.582768265E+02   2.295868352E+02
  8.9900000E+03   1.012953795E+00   1.795417269E-04   2.531881547E-04   1.302400991E+02   1.941161165E+02   2.288044477E+02
  9.0000000E+03   1.012436781E+00   1.751152323E-04   2.509426513E-04   1.620063683E+02   9.591768142E+01   2.281594459E+02
  9.0100000E+03   1.011883906E+00   2.535097279E-04   2.492024729E-04   1.969507445E+02   3.570475237E+02   2.273795932E+02
  9.0200000E+03   1.011564163E+00   2.330138068E-04   2.467745551E-04   2.485230460E+02   2.438110259E+02   2.267101441E+02
  9.0300000E+03   1.011173654E+00   2.447697216E-04   2.447040980E-04   2.773672401E+02   1.558196767E+02   2.258868124E+02
  9.0400000E+03   1.010868551E+00   2.849102453E-04   2.424296244E-04   3.493994542E+02   2.678013006E+01   2.252871683E+02
  9.0500000E+03   1.010504167E+00   4.535613273E-04   2.405036566E-04   1.131369158E+01   3.104578556E+02   2.244733111E+02
  9.0600000E+03   1.009915948E+00   2.968211447E-04   2.384704575E-04   2.835523548E+01   2.412246282E+02   2.238270329E+02
  9.0700000E+03   1.009232358E+00   5.432375222E-05   2.363704373E-04   1.787544615E+02   4.117998994E+01   2.230327270E+02
  9.0800000E+03   1.009015914E+00   3.229760255E-04   2.345780965E-04   3.317563463E+02   2.008514121E+02   2.222970757E+02
  9.0900000E+03   1.008629994E+00   4.006044765E-04   2.323378351E-04   3.539103413E+02   1.336792202E+02   2.216160544E+02
  9.1000000E+03   1.007988697E+00   1.296114860E-04   2.305030733E-04   5.652443083E+01   2.854927809E+01   2.208126630E+02
  9.1100000E+03   1.007571995E+00   1.204000076E-04   2.284494715E-04   1.603255716E+02   2.444036943E+02   2.202234438E+02
  9.1200000E+03   1.007143166E+00   1.882777924E-04   2.264078288E-04   2.523899716E+02   1.146049318E+02   2.194164986E+02
  9.1300000E+03   1.006767348E+00   2.534637872E-04   2.245067570E-04   3.323961890E+02   3.591105413E+02   2.187400081E+02
  9.1400000E+03   1.006540612E+00   4.739118534E-04   2.222108913E-04   1.489477967E+01   2.835720818E+02   2.180084312E+02
  9.1500000E+03   1.005896418E+00   1.712325247E-04   2.204538784E-04   3.382505186E+02   2.896769413E+02   2.171982039E+02
  9.1600000E+03   1.005622893E+00   4.606949420E-04   2.187627331E-04   4.492919202E+00   2.351158958E+02   2.165460451E+02
  9.1700000E+03   1.004884000E+00   2.421226313E-04   2.164160420E-04   8.503872601E+01   1.287147492E+02   2.158088835E+02
  9.1800000E+03   1.004475239E+00   6.738033063E-05   2.148271621E-04   1.923655498E+02   3.579387246E+02   2.150711835E+02
  9.1900000E+03   1.004108481E+00   2.881012026E-04   2.127644354E-04   3.508123212E+02   1.783461151E+02   2.144192294E+02
  9.2000000E+03   1.003761555E+00   3.617988907E-04   2.107316760E-04   3.173657165E+01   1.187994625E+02   2.136493163E+02
  9.2100000E+03   1.003295413E+00   3.841427848E-04   2.089601188E-04   3.466677018E+02   1.476977904E+02   2.128659845E+02
  9.2200000E+03   1.002616966E+00   1.229128403E-04   2.073439881E-04   7.006038278E+01   5.042662674E+01   2.121542757E+02
  9.2300000E+03   1.002225995E+00   1.721283076E-04   2.051740823E-04   2.595375347E+02   2.094282054E+02   2.114969278E+02
  9.2400000E+03   1.001875486E+00   3.725910433E-04   2.031981278E-04   3.394779337E+02   1.204778991E+02   2.107241861E+02
  9.2500000E+03   1.001222691E+00   1.116288588E-04   2.015394133E-04   2.705037899E+02   1.828266548E+02   2.099986431E+02
  9.2600000E+03   1.000859198E+00   2.380237003E-04   1.998596392E-04   1.100954679E+01   7.808034535E+01   2.092897910E+02
  9.2700000E+03   1.000218217E+00   2.385626114E-04   1.977679623E-04   1.844225928E+02   2.627887532E+02   2.086111283E+02
  9.2800000E+03   9.998779350E-01   1.806344270E-04   1.958978003E-04   3.283657043E+02   1.195275362E+02   2.077883090E+02
  9.2900000E+03   9.995520780E-01   1.188178126E-04   1.941879959E-04   3.415404104E+02   1.093898748E+02   2.070461025E+02
  9.3000000E+03   9.991983896E-01   2.874775830E-04   1.925444138E-04   2.684763199E+01   6.943149646E+01   2.063969946E+02
  9.3100000E+03   9.986465698E-01   1.729135361E-04   1.905752064E-04   2.585866771E+02   2.055106779E+02   2.056944932E+02
  9.3200000E+03   9.982971405E-01   3.627409167E-04   1.886279507E-04   2.579418087E+00   1.117735433E+02   2.049578119E+02
  9.3300000E+03   9.977454205E-01   2.961165885E-04   1.870387943E-04   3.404686242E+02   1.466487935E+02   2.041725518E+02
  9.3400000E+03   9.970778456E-01   2.359320044E-04   1.854026040E-04   1.532453502E+02   3.489342737E+02   2.034719285E+02
  9.3500000E+03   9.969601207E-01   3.236565421E-04   1.835911143E-04   3.555621469E+02   1.640818651E+02   2.028003861E+02
  9.3600000E+03   9.965006685E-01   3.157710780E-04   1.820440826E-04   3.181519794E+02   2.215294375E+02   2.020288550E+02
  9.3700000E+03   9.957094659E-01   2.273660554E-04   1.801320767E-04   1.437506156E+02   5.824147338E+01   2.013603945E+02
  9.3800000E+03   9.954394418E-01   1.566467332E-04   1.781913757E-04   3.174584381E+02   2.693891187E+02   2.005780498E+02
  9.3900000E+03   9.951977356E-01   2.431219247E-04   1.766341922E-04   3.278908004E+02   2.862440589E+02   1.998262717E+02
  9.4000000E+03   9.944588741E-01   1.594897808E-04   1.750527483E-04   1.650850139E+02   1.187101302E+02   1.991117885E+02
  9.4100000E+03   9.940609749E-01   1.862147199E-04   1.734337721E-04   3.358053426E+02   3.400325784E+02   1.984394002E+02
  9.4200000E+03   9.938907532E-01   3.819864424E-04   1.716722055E-04   3.550264260E+02   3.554053148E+02   1.976835007E+02
  9.4300000E+03   9.931953339E-01   1.790823328E-04   1.700339035E-04   1.978728885E+02   1.894793985E+02   1.970085460E+02
  9.4400000E+03   9.928594697E-01   2.660370614E-04   1.682930579E-04   3.112117517E+01   3.559676298E+01   1.963104531E+02
  9.4500000E+03   9.925331269E-01   3.680103075E-04   1.668357594E-04   2.914903366E+01   7.947247199E+01   1.955613789E+02
  9.4600000E+03   9.920022404E-01   2.616431295E-04   1.651362445E-04   3.017646866E+02   2.111217213E+02   1.948732103E+02
  9.4700000E+03   9.915206493E-01   2.122332640E-04   1.635661860E-04   3.209052052E+02   2.387652634E+02   1.941227228E+02
  9.4800000E+03   9.909560290E-01   2.119131897E-04   1.618053110E-04   1.665610187E+02   8.228117130E+01   1.934015325E+02
  9.4900000E+03   9.906557047E-01   2.618574305E-04   1.601525528E-04   2.737853934E+01   2.730623871E+02   1.927021300E+02
  9.5000000E+03   9.902370152E-01   2.871532288E-04   1.586595388E-04   5.800006509E+01   2.965154035E+02   1.920010474E+02
  9.5100000E+03   9.898914789E-01   3.835839858E-04   1.570200922E-04   3.368369779E+02   7.422292060E+01   1.912651835E+02
  9.5200000E+03   9.892823551E-01   2.579943810E-04   1.556047852E-04   4.295452936E+00   1.057641632E+02   1.905403022E+02
  9.5300000E+03   9.888987747E-01   2.369719296E-04   1.540369507E-04   2.947431876E+02   2.367226501E+02   1.898412711E+02
  9.5400000E+03   9.884581770E-01   2.812343019E-04   1.525605355E-04   3.303354553E+02   2.650737873E+02   1.890851267E+02
  9.5500000E+03   9.878958719E-01   2.013407008E-04   1.509683304E-04   2.283841400E+02   7.332702938E+01   1.883957880E+02
  9.5600000E+03   9.875661641E-01   2.307608646E-04   1.495981004E-04   3.240104310E+02   4.651712780E+01   1.876760469E+02
  9.5700000E+03   9.870065735E-01   1.982272804E-04   1.480331237E-04   2.150800826E+02   2.266884645E+02   1.869754072E+02
  9.5800000E+03   9.865744152E-01   8.915053227E-05   1.465782904E-04   3.071975185E+02   2.083274551E+02   1.862338437E+02
  9.5900000E+03   9.861974050E-01   1.643588714E-04   1.451063602E-04   2.357520827E+02   3.559172113E+02   1.855692513E+02
  9.6000000E+03   9.856874751E-01   9.456944851E-05   1.436929201E-04   3.068322675E+02   3.571097346E+00   1.847748065E+02
  9.6100000E+03   9.853104003E-01   1.730402327E-04   1.422090657E-04   2.430771422E+02   1.483828157E+02   1.841209450E+02
  9.6200000E+03   9.849488752E-01   2.317730545E-04   1.407225144E-04   3.329490065E+02   1.421750216E+02   1.833295648E+02
  9.6300000E+03   9.843228741E-01   2.164936798E-04   1.392253269E-04   2.420558300E+02   3.190612356E+02   1.826745318E+02
  9.6400000E+03   9.842298780E-01   4.210220955E-04   1.377885923E-04   3.573047910E+02   2.923544801E+02   1.819574829E+02
  9.6500000E+03   9.833991785E-01   1.766385581E-04   1.363206775E-04   2.724304342E+02   1.081753024E+02   1.812978374E+02
  9.6600000E+03   9.833046315E-01   3.806304836E-04   1.350312593E-04   5.442075312E+00   1.086768397E+02   1.805763403E+02
  9.6700000E+03   9.827723151E-01   3.146634602E-04   1.335957983E-04   5.966092379E+00   2.040182209E+02   1.799322850E+02
  9.6800000E+03   9.820475517E-01   1.623182914E-04   1.322743109E-04   1.304944574E+02   1.780019668E+02   1.791735162E+02
  9.6900000E+03   9.820376866E-01   3.078106850E-04   1.308281016E-04   1.295737283E+01   3.643136838E+01   1.784727988E+02
  9.7000000E+03   9.812154340E-01   1.722974830E-04   1.295262134E-04   1.832711646E+02   3.295362878E+02   1.777397129E+02
  9.7100000E+03   9.808816582E-01   2.274934517E-04   1.281457077E-04   3.370672734E+02   2.815934261E+02   1.770759222E+02
  9.7200000E+03   9.806585164E-01   3.906088421E-04   1.267961660E-04   3.320462710E+02   3.490854726E+01   1.764102417E+02
  9.7300000E+03   9.801358039E-01   2.557809705E-04   1.255250523E-04   6.348122919E+01   5.434347432E+01   1.756650214E+02
  9.7400000E+03   9.795544316E-01   9.761205452E-05   1.241323464E-04   6.513012052E+01   1.660083827E+02   1.749587545E+02
  9.7500000E+03   9.790057293E-01   2.169230756E-04   1.228069627E-04   2.340728480E+02   1.128802457E+02   1.742603651E+02
  9.7600000E+03   9.788313235E-01   2.750433935E-04   1.215840821E-04   1.029559657E+01   9.497842794E+01   1.735521515E+02
  9.7700000E+03   9.784808401E-01   3.881751797E-04   1.202063570E-04   2.251319048E+01   2.034858400E+02   1.728859874E+02
  9.7800000E+03   9.776344939E-01   2.679738711E-04   1.190455634E-04   1.935521665E+02   1.557939829E+02   1.721532946E+02
  9.7900000E+03   9.774440077E-01   2.706489084E-04   1.177619742E-04   3.587455151E+02   1.163973900E+02   1.714632791E+02
  9.8000000E+03   9.772137602E-01   3.953642063E-04   1.164298105E-04   7.898443750E+00   2.354481662E+02   1.708198771E+02
  9.8100000E+03   9.765726557E-01   1.167909986E-04   1.152594422E-04   2.395994309E+02   1.345684723E+02   1.700899884E+02
  9.8200000E+03   9.762770926E-01   3.838458101E-04   1.139747846E-04   2.457359199E+01   1.228408813E+02   1.694279548E+02
  9.8300000E+03   9.757596123E-01   2.437864683E-04   1.127433881E-04   3.219404077E+01   2.509479834E+02   1.687623862E+02
  9.8400000E+03   9.751270391E-01   1.906583264E-04   1.116258027E-04   2.610710891E+02   1.603814019E+02   1.680538141E+02
  9.8500000E+03   9.746931541E-01   1.222635368E-04   1.103880131E-04   1.083862933E+02   9.383361829E+01   1.673840321E+02
  9.8600000E+03   9.745255563E-01   3.779582450E-04   1.092329895E-04   3.265337998E+02   1.903299957E+01   1.666538410E+02
  9.8700000E+03   9.741064586E-01   3.759838682E-04   1.080015226E-04   3.459139737E+02   1.453761622E+02   1.660185959E+02
  9.8800000E+03   9.733751440E-01   2.220144209E-04   1.068718643E-04   2.038391507E+02   7.578231285E+01   1.653249163E+02
  9.8900000E+03   9.731367111E-01   2.774502596E-04   1.057611566E-04   4.679280675E+01   2.366601989E+01   1.646339160E+02
  9.9000000E+03   9.728127957E-01   2.909824265E-04   1.046212429E-04   3.442852351E+02   2.394804504E+02   1.639992314E+02
  9.9100000E+03   9.723984116E-01   4.090108853E-04   1.034335409E-04   7.727833981E+00   1.186312669E+01   1.633274824E+02
  9.9200000E+03   9.716966806E-01   1.181494771E-04   1.023959035E-04   2.266419743E+02   3.113735006E+02   1.626098435E+02
  9.9300000E+03   9.712267082E-01   2.124206214E-04   1.012324996E-04   9.373156215E+01   2.451236841E+02   1.619772905E+02
  9.9400000E+03   9.710386431E-01   3.544516924E-04   1.002229897E-04   3.516111871E+02   1.507375163E+02   1.612229367E+02
  9.9500000E+03   9.706704996E-01   4.045802997E-04   9.899725404E-05   2.325960977E+01   2.849050919E+02   1.606234009E+02
  9.9600000E+03   9.699810358E-01   1.550361915E-04   9.806139485E-05   3.167248044E+02   1.599210258E+02   1.599238932E+02
  9.9700000E+03   9.695238533E-01   1.276169687E-04   9.691365137E-05   1.716037655E+02   1.159683395E+02   1.592968816E+02
  9.9800000E+03   9.692589013E-01   2.690764306E-04   9.590808408E-05   4.999944271E+01   5.109308344E+01   1.586143396E+02
  9.9900000E+03   9.688773438E-01   3.517314408E-04   9.481116940E-05   3.573810796E+02   2.797679975E+02   1.579307665E+02
  1.0000000E+04   9.684529752E-01   2.175455336E-04   9.379471947E-05   2.289514030E+01   7.276707847E+01   1.572965561E+02
  1.0010000E+04   9.680064760E-01   3.407987818E-04   9.274355708E-05   3.483206518E+02   2.884236606E+02   1.566564781E+02
  1.0020000E+04   9.674979667E-01   2.516305109E-04   9.179555716E-05   3.002485585E+02   1.601054326E+02   1.560272455E+02
  1.0030000E+04   9.668215066E-01   2.156427966E-04   9.070516291E-05   1.957326317E+02   9.078691529E+01   1.553768549E+02
  1.0040000E+04   9.664574033E-01   1.569556239E-04   8.978029704E-05   1.055385806E+02   9.708259878E+00   1.546890981E+02
  1.0050000E+04   9.660254827E-01   1.611767949E-04   8.872676001E-05   4.171099062E+01   2.647242126E+02   1.540886669E+02
  1.0060000E+04   9.658668741E-01   3.795304084E-04   8.778105206E-05   3.527839623E+02   1.475033766E+02   1.533673820E+02
  1.0070000E+04   9.653323393E-01   1.413256703E-04   8.680405297E-05   5.521244930E+00   3.310325164E+02   1.527631189E+02
  1.0080000E+04   9.650818966E-01   3.756905313E-04   8.579044554E-05   1.141346590E+01   1.639920790E+02   1.521272707E+02
  1.0090000E+04   9.645705332E-01   3.887542202E-04   8.486784896E-05   3.548134627E+02   2.197383767E+01   1.515208461E+02
  1.0100000E+04   9.638482917E-01   1.537791258E-04   8.392642712E-05   2.967034852E+02   2.840663692E+02   1.508604035E+02
  1.0110000E+04   9.634688558E-01   1.660244433E-04   8.304457491E-05   2.766221057E+02   1.506499954E+02   1.502294143E+02
  1.0120000E+04   9.631203042E-01   7.416317282E-05   8.212219657E-05   2.470099700E+02   2.934184026E+01   1.495632620E+02
  1.0130000E+04   9.625562787E-01   2.100805634E-04   8.120729422E-05   2.021275280E+02   2.858694131E+02   1.489082780E+02
  1.0140000E+04   9.619875503E-01   2.950132068E-04   8.028196622E-05   1.720569760E+02   1.700685160E+02   1.483121642E+02
  1.0150000E+04   9.617490591E-01   1.448032302E-04   7.941930770E-05   1.249297839E+02   7.388935267E+01   1.477096223E+02
  1.0160000E+04   9.614241961E-01   1.558679140E-04   7.850076100E-05   8.180771667E+01   3.363570792E+02   1.470116643E+02
  1.0170000E+04   9.609129988E-01   1.603405250E-04   7.768871060E-05   7.511062432E+01   2.048906382E+02   1.463859203E+02
  1.0180000E+04   9.604043215E-01   1.852352332E-04   7.684437120E-05   9.117833813E+01   5.315675470E+01   1.458208866E+02
  1.0190000E+04   9.600852372E-01   2.072955340E-04   7.592827493E-05   7.298402024E+01   2.983275396E+02   1.451808379E+02
  1.0200000E+04   9.595923673E-01   1.160872034E-04   7.514178222E-05   6.444902282E+01   1.763758461E+02   1.445805832E+02
  1.0210000E+04   9.590973868E-01   1.669316581E-04   7.434696992E-05   9.987458154E+01   1.306524669E+01   1.439224718E+02
  1.0220000E+04   9.588614956E-01   1.444323208E-04   7.346423325E-05   5.180640828E+01   2.957335156E+02   1.433660713E+02
  1.0230000E+04   9.582184474E-01   1.471096602E-04   7.262598310E-05   1.220149260E+02   1.028060184E+02   1.426956726E+02
  1.0240000E+04   9.579209514E-01   1.576288120E-04   7.189970502E-05   1.018474582E+02   2.720687744E+00   1.421212296E+02
  1.0250000E+04   9.574205574E-01   1.374750860E-04   7.108402684E-05   1.699212511E+02   1.769958982E+02   1.415324485E+02
  1.0260000E+04   9.568491959E-01   2.810979277E-04   7.034182989E-05   1.764509566E+02   5.539148205E+01   1.409319549E+02
  1.0270000E+04   9.566152102E-01   1.987888578E-04   6.956028764E-05   2.308178972E+02   2.485441723E+02   1.403293418E+02
  1.0280000E+04   9.560214159E-01   2.094528579E-04   6.880695246E-05   2.203598655E+02   1.490854249E+02   1.397230848E+02
  1.0290000E+04   9.558230851E-01   1.826980244E-04   6.808811374E-05   3.033234560E+02   3.188253059E+02   1.390898630E+02
  1.0300000E+04   9.553138933E-01   1.579558399E-04   6.741028203E-05   3.378992857E+02   1.794417058E+02   1.385443360E+02
  1.0310000E+04   9.552035846E-01   4.047767579E-04   6.659981709E-05   1.171108486E+01   4.345094732E+01   1.379564099E+02
  1.0320000E+04   9.545364850E-01   1.417044651E-04   6.589561949E-05   3.014996606E+01   2.854112059E+02   1.373921696E+02
  1.0330000E+04   9.542982152E-01   3.397914190E-04   6.521735411E-05   3.325994479E+02   2.459782637E+02   1.368183369E+02
  1.0340000E+04   9.536362963E-01   1.994662263E-04   6.449806438E-05   1.363200209E+01   1.105244971E+02   1.362322187E+02
  1.0350000E+04   9.533511436E-01   1.913030873E-04   6.382778889E-05   3.846529558E+01   3.538870212E+02   1.356303503E+02
  1.0360000E+04   9.527387518E-01   1.419877054E-04   6.313308303E-05   1.576646425E+02   1.454194732E+02   1.350782714E+02
  1.0370000E+04   9.523172982E-01   2.194025967E-04   6.252398405E-05   2.537548100E+02   3.226683237E+02   1.345346386E+02
  1.0380000E+04   9.520967031E-01   3.014808272E-04   6.187355989E-05   3.537687698E+02   1.386318810E+02   1.339123875E+02
  1.0390000E+04   9.515986066E-01   2.353552545E-04   6.116261833E-05   2.193524864E+01   2.896293108E+01   1.334055578E+02
  1.0400000E+04   9.512674055E-01   3.123679267E-04   6.058785897E-05   3.269310574E+02   5.213093478E+00   1.327710023E+02
  1.0410000E+04   9.507478783E-01   2.734505430E-04   5.987991241E-05   3.732528282E+01   2.185455805E+02   1.322119007E+02
  1.0420000E+04   9.500997067E-01   2.244546312E-04   5.926197801E-05   1.761816425E+02   5.952412262E+00   1.317408975E+02
  1.0430000E+04   9.499302934E-01   1.834377095E-04   5.866238899E-05   2.993065811E+02   1.717855700E+02   1.311723540E+02
  1.0440000E+04   9.494722123E-01   2.754400986E-04   5.803149152E-05   1.427059888E+01   2.833442291E+01   1.306465937E+02
  1.0450000E+04   9.490791932E-01   2.537508303E-04   5.741270698E-05   3.289290831E+02   7.887745803E+00   1.300786262E+02
  1.0460000E+04   9.486652029E-01   2.283535360E-04   5.685773529E-05   1.600604203E+01   2.575493541E+02   1.295660784E+02
  1.0470000E+04   9.481220279E-01   1.208513387E-04   5.623251645E-05   1.519134319E+02   6.104779454E+01   1.289737988E+02
  1.0480000E+04   9.476328336E-01   1.461373573E-04   5.572467506E-05   3.099619576E+02   2.049405062E+02   1.284861017E+02
  1.0490000E+04   9.473362694E-01   1.225677639E-04   5.510644284E-05   3.527225797E+02   1.068314324E+02   1.279114504E+02
  1.0500000E+04   9.470924675E-01   3.755127958E-04   5.457477153E-05   8.799459095E+00   3.795480451E+01   1.274066394E+02
  1.0510000E+04   9.463395195E-01   2.068370128E-04   5.402437851E-05   1.632086419E+02   1.933632140E+02   1.268829787E+02
  1.0520000E+04   9.460638326E-01   2.456483893E-04   5.348195134E-05   3.385324354E+02   3.304882161E+02   1.263610294E+02
  1.0530000E+04   9.456360465E-01   1.772082035E-04   5.289952851E-05   3.265417462E+02   2.975702833E+02   1.258386870E+02
  1.0540000E+04   9.451185340E-01   1.339831671E-04   5.237328975E-05   7.515483024E+01   1.466586041E+02   1.253142046E+02
  1.0550000E+04   9.447610245E-01   2.219124989E-04   5.189792170E-05   2.676654266E+02   2.744256688E+02   1.248389132E+02
  1.0560000E+04   9.445975272E-01   3.662405375E-04   5.127619805E-05   2.184137548E+01   1.231378834E+02   1.243610251E+02
  1.0570000E+04   9.440680540E-01   3.532091179E-04   5.081925819E-05   2.487102941E+01   8.576680582E+01   1.237892978E+02
  1.0580000E+04   9.433741062E-01   1.685680979E-04   5.030023939E-05   1.951718462E+02   2.436856810E+02   1.232573681E+02
  1.0590000E+04   9.430853483E-01   2.336021580E-04   4.981972240E-05   3.243867594E+01   1.717311493E+01   1.228154109E+02
  1.0600000E+04   9.425841987E-01   1.592141420E-04   4.937144969E-05   3.058296220E+01   3.525111388E+02   1.223306988E+02
  1.0610000E+04   9.420213866E-01   2.526875219E-04   4.885943013E-05   2.115200205E+02   1.476846225E+02   1.218206049E+02
  1.0620000E+04   9.418151610E-01   1.394733580E-04   4.835706402E-05   2.489577462E+01   3.130464476E+02   1.213136331E+02
  1.0630000E+04   9.413300078E-01   1.144312629E-04   4.788749331E-05   6.389718725E+01   2.554379657E+02   1.208351139E+02
  1.0640000E+04   9.409510521E-01   2.233133077E-04   4.740558470E-05   2.955435886E+02   7.794796525E+00   1.203457541E+02
  1.0650000E+04   9.406741335E-01   3.431783944E-04   4.694202482E-05   3.263087424E+02   3.237409611E+02   1.198220819E+02
  1.0660000E+04   9.399910954E-01   1.892317170E-04   4.649736246E-05   1.879804713E+02   9.140105051E+01   1.192959162E+02
  1.0670000E+04   9.398156869E-01   2.991829853E-04   4.605632060E-05   3.983197917E+00   2.673727240E+02   1.187704704E+02
  1.0680000E+04   9.392676935E-01   1.572853077E-04   4.561900425E-05   4.117438025E+01   2.248717435E+02   1.182159691E+02
  1.0690000E+04   9.388774116E-01   2.155813261E-04   4.515324618E-05   3.157187246E+02   3.075975617E+02   1.177013915E+02
  1.0700000E+04   9.385640454E-01   3.315470331E-04   4.476412657E-05   3.521220552E+02   2.710682901E+02   1.172636686E+02
  1.0710000E+04   9.379400667E-01   1.747812832E-04   4.433872683E-05   2.350247564E+02   3.071752033E+01   1.167791654E+02
  1.0720000E+04   9.376071750E-01   2.018480268E-04   4.392580364E-05   3.074148992E+02   3.236290588E+02   1.162268967E+02
  1.0730000E+04   9.369504313E-01   3.001472266E-04   4.350896176E-05   1.795716597E+02   9.929830443E+01   1.157788721E+02
  1.0740000E+04   9.367765299E-01   1.659041666E-04   4.313880918E-05   4.269307764E+01   2.468189257E+02   1.151776809E+02
  1.0750000E+04   9.363127013E-01   1.626783808E-04   4.272281961E-05   1.272103348E+02   1.755367292E+02   1.146658161E+02
  1.0760000E+04   9.361691897E-01   3.588934190E-04   4.232857854E-05   2.347158837E+01   2.950934628E+02   1.142190600E+02
  1.0770000E+04   9.354316596E-01   1.749973081E-04   4.200878684E-05   1.634984368E+02   1.737141815E+02   1.136397963E+02
  1.0780000E+04   9.353009262E-01   3.394393176E-04   4.158149383E-05   1.325648954E+01   3.451514521E+02   1.131405249E+02
  1.0790000E+04   9.344975253E-01   2.300451721E-04   4.122940033E-05   1.717324812E+02   2.105785354E+02   1.126396859E+02
  1.0800000E+04   9.341911982E-01   1.080228065E-04   4.090101542E-05   6.182492598E+01   3.470596456E+02   1.121100352E+02
  1.0810000E+04   9.338343491E-01   1.012516562E-04   4.053402220E-05   1.495854664E+02   2.885123653E+02   1.116302271E+02
  1.0820000E+04   9.334995738E-01   1.565586528E-04   4.019995729E-05   3.260918013E+02   1.440627115E+02   1.109898878E+02
  1.0830000E+04   9.330055794E-01   1.704153353E-04   3.986309292E-05   2.565333544E+02   2.481554991E+02   1.105453450E+02
  1.0840000E+04   9.325939338E-01   2.291157948E-04   3.958785538E-05   3.434330752E+02   1.985374557E+02   1.100249846E+02
  1.0850000E+04   9.322500663E-01   2.067256790E-04   3.915275993E-05   3.324486731E+02   2.495058783E+02   1.094594877E+02
  1.0860000E+04   9.318152499E-01   1.842562969E-04   3.888186797E-05   3.175382013E+01   2.329233730E+02   1.088752871E+02
  1.0870000E+04   9.314510459E-01   3.220377629E-04   3.855239456E-05   3.589822582E+02   3.109319469E+02   1.084288621E+02
  1.0880000E+04   9.307633052E-01   2.241303229E-04   3.830580845E-05   1.484172364E+02   2.095649778E+02   1.078564225E+02
  1.0890000E+04   9.306370954E-01   2.136137282E-04   3.800012130E-05   3.348157872E+02   7.384628429E+01   1.073710407E+02
  1.0900000E+04   9.300820833E-01   2.047198258E-04   3.768228426E-05   2.825168438E+02   1.795870947E+02   1.067898562E+02
  1.0910000E+04   9.296567215E-01   2.088853751E-04   3.744943579E-05   4.828224457E+01   1.099474303E+02   1.062252845E+02
  1.0920000E+04   9.294539197E-01   3.315115960E-04   3.715632325E-05   7.710343601E+00   2.092390378E+02   1.057386920E+02
  1.0930000E+04   9.286755704E-01   2.404710979E-04   3.684109954E-05   2.002912261E+02   7.818571370E+01   1.051809154E+02
  1.0940000E+04   9.286424685E-01   4.015943262E-04   3.652315530E-05   6.070340147E+00   3.366258886E+02   1.046056988E+02
  1.0950000E+04   9.281154129E-01   3.014490918E-04   3.627282230E-05   3.529843119E+02   5.662462974E+01   1.040266389E+02
  1.0960000E+04   9.273940050E-01   2.672245576E-04   3.605109138E-05   1.690117567E+02   3.101582323E+02   1.035193205E+02
  1.0970000E+04   9.274112115E-01   4.157589038E-04   3.583815943E-05   3.460655173E+02   2.054011513E+02   1.029875613E+02
  1.0980000E+04   9.268356307E-01   2.730554752E-04   3.553175746E-05   7.332582713E-01   2.657116680E+02   1.024320780E+02
  1.0990000E+04   9.263655455E-01   1.326811170E-04   3.524337901E-05   2.239479336E+02   1.202124120E+02   1.018867267E+02
  1.1000000E+04   9.259912211E-01   2.633414604E-04   3.507752690E-05   1.876443555E+01   4.581139689E+01   1.013364434E+02
  1.1010000E+04   9.257727199E-01   3.503227339E-04   3.479585892E-05   1.408146162E+01   1.336500895E+02   1.007433780E+02
  1.1020000E+04   9.250079081E-01   1.398985510E-04   3.456465464E-05   2.490380267E+02   3.445379494E+02   1.001835108E+02
  1.1030000E+04   9.247915028E-01   1.177834827E-04   3.435311866E-05   5.799209212E+01   2.641438839E+02   9.963799262E+01
  1.1040000E+04   9.243717672E-01   2.859004647E-04   3.411891432E-05   3.515991632E+02   6.183549231E+01   9.905598053E+01
  1.1050000E+04   9.241267441E-01   4.305769644E-04   3.387233291E-05   2.136526913E+00   1.452487168E+02   9.850853437E+01
  1.1060000E+04   9.234644331E-01   9.028160791E-05   3.365644586E-05   2.693145411E+02   3.348061027E+02   9.793861541E+01
  1.1070000E+04   9.229836829E-01   1.153799673E-04   3.345006261E-05   1.272466338E+02   2.162626284E+02   9.742432144E+01
  1.1080000E+04   9.229151138E-01   4.477853205E-04   3.326431855E-05   3.586479558E+02   8.697086233E+01   9.691499965E+01
  1.1090000E+04   9.221713615E-01   1.197531506E-04   3.302239302E-05   5.253730240E+01   1.380083601E+02   9.628367968E+01
  1.1100000E+04   9.218922485E-01   2.851522073E-04   3.284532797E-05   3.266792027E+02   3.315774706E+02   9.560988857E+01
  1.1110000E+04   9.213708945E-01   8.825447679E-05   3.263381544E-05   1.989878205E+02   2.095192132E+02   9.512345275E+01
  1.1120000E+04   9.208581755E-01   1.915621056E-04   3.240967944E-05   1.223832068E+02   3.917206152E+01   9.457886013E+01
  1.1130000E+04   9.207699726E-01   3.663247605E-04   3.224055490E-05   3.557948432E+02   2.815712893E+02   9.401183894E+01
  1.1140000E+04   9.202386940E-01   1.814172048E-04   3.204780148E-05   3.454796669E+02   5.045809641E+01   9.338768311E+01
  1.1150000E+04   9.197659113E-01   2.207511645E-04   3.183098994E-05   1.879946389E+01   1.384282902E+02   9.276400714E+01
  1.1160000E+04   9.193962410E-01   2.599383002E-04   3.165877412E-05   3.096954938E+02   3.315408029E+02   9.221186408E+01
  1.1170000E+04   9.188754301E-01   1.886680945E-04   3.147403863E-05   2.186593222E+02   1.893738153E+02   9.159548494E+01
  1.1180000E+04   9.184483062E-01   1.862617612E-04   3.129985888E-05   1.373187389E+02   4.021318752E+01   9.099517932E+01
  1.1190000E+04   9.179967472E-01   1.310962636E-04   3.114811525E-05   1.083466442E+02   2.014260475E+02   9.042696896E+01
  1.1200000E+04   9.177128366E-01   2.167551363E-04   3.094855866E-05   7.009182123E+00   7.785849746E+01   8.972628408E+01
  1.1210000E+04   9.175532465E-01   4.331447585E-04   3.077140460E-05   3.383191041E+02   2.442485430E+02   8.917940560E+01
  1.1220000E+04   9.169855880E-01   1.797902928E-04   3.059322474E-05   1.688021752E+01   3.461812210E+02   8.854953078E+01
  1.1230000E+04   9.166864432E-01   3.903010614E-04   3.041400102E-05   1.795504664E+01   1.283342948E+02   8.795282353E+01
  1.1240000E+04   9.160828517E-01   2.339639267E-04   3.025781511E-05   5.524411317E+00   2.868984894E+02   8.721425483E+01
  1.1250000E+04   9.156070112E-01   1.802884131E-04   3.008870824E-05   3.209255372E+02   1.201535041E+02   8.671235902E+01
  1.1260000E+04   9.152432970E-01   1.819881330E-04   2.990646120E-05   3.073565429E+02   2.852742349E+02   8.606796109E+01
  1.1270000E+04   9.147765432E-01   2.086381587E-04   2.978434366E-05   2.659574825E+02   1.209725693E+02   8.543183437E+01
  1.1280000E+04   9.144550913E-01   1.863886074E-04   2.958790726E-05   2.666862302E+02   2.773069823E+02   8.478527781E+01
  1.1290000E+04   9.140582388E-01   1.196291169E-04   2.943971982E-05   2.502378322E+02   9.360388894E+01   8.411327150E+01
  1.1300000E+04   9.135165055E-01   2.076391652E-04   2.930322302E-05   1.984292380E+02   3.080219487E+02   8.344672165E+01
  1.1310000E+04   9.132180804E-01   9.683008504E-05   2.914108434E-05   1.992068277E+02   1.125566222E+02   8.283103226E+01
  1.1320000E+04   9.128200073E-01   7.940886263E-05   2.895287300E-05   1.774668640E+02   3.023572235E+02   8.223491212E+01
  1.1330000E+04   9.124056074E-01   8.616908941E-05   2.883935661E-05   1.703598303E+02   1.204619439E+02   8.148112524E+01
  1.1340000E+04   9.119345897E-01   1.417718180E-04   2.870000464E-05   1.777526438E+02   2.867344152E+02   8.082145785E+01
  1.1350000E+04   9.115010109E-01   1.667203999E-04   2.855997273E-05   2.000049710E+02   8.094949711E+01   8.013206539E+01
  1.1360000E+04   9.111650043E-01   1.339707114E-04   2.841925084E-05   2.389205516E+02   2.212491604E+02   7.947002812E+01
  1.1370000E+04   9.108284535E-01   1.770380620E-04   2.826493703E-05   2.908256617E+02   3.512969735E+02   7.884368555E+01
  1.1380000E+04   9.104819543E-01   2.808109293E-04   2.809680734E-05   3.167941872E+02   1.501091195E+02   7.816410587E+01
  1.1390000E+04   9.101073728E-01   3.470850522E-04   2.792766549E-05   3.322981211E+02   3.221973763E+02   7.744337353E+01
  1.1400000E+04   9.097182744E-01   3.869753485E-04   2.780996467E-05   3.500570237E+02   1.348205509E+02   7.674753140E+01
  1.1410000E+04   9.092662935E-01   3.144464202E-04   2.766542808E-05   7.526956751E+00   3.104754099E+02   7.607348974E+01
  1.1420000E+04   9.087373201E-01   1.235455400E-04   2.753337278E-05   1.522712272E+00   1.524062101E+02   7.536915799E+01
  1.1430000E+04   9.084147429E-01   3.001028088E-04   2.744055594E-05   3.380594839E+02   1.462950071E+01   7.464708242E+01
  1.1440000E+04   9.080440560E-01   3.372714662E-04   2.726734361E-05   9.147332275E+00   1.850378064E+02   7.395374150E+01
  1.1450000E+04   9.075760823E-01   2.049556719E-04   2.711991527E-05   5.318035213E+01   3.452774569E+02   7.326772193E+01
  1.1460000E+04   9.070501828E-01   1.347851158E-04   2.697168108E-05   1.763781309E+02   6.922312099E+01   7.251903586E+01
  1.1470000E+04   9.065347513E-01   2.361954597E-04   2.680903629E-05   2.187371978E+02   2.367891853E+02   7.177627187E+01
  1.1480000E+04   9.062259870E-01   1.328035501E-04   2.668640219E-05   3.086033667E+02   3.595877241E+02   7.109440232E+01
  1.1490000E+04   9.060794307E-01   3.889267520E-04   2.650826247E-05   1.779098798E+01   1.458918254E+02   7.036106449E+01
  1.1500000E+04   9.056966148E-01   3.437870737E-04   2.642563911E-05   3.417951947E+02   4.024511262E+01   6.963776452E+01
  1.1510000E+04   9.050883521E-01   1.886219721E-04   2.624572956E-05   1.340291129E+01   2.298450627E+02   6.879883247E+01
  1.1520000E+04   9.044717766E-01   2.542983803E-04   2.609252951E-05   1.540187042E+02   3.130515017E+02   6.813566821E+01
  1.1530000E+04   9.043196743E-01   1.099712253E-04   2.596651172E-05   2.935311986E+02   4.025423958E+01   6.740567660E+01
  1.1540000E+04   9.040044406E-01   3.192802669E-04   2.579753046E-05   3.483220921E+02   2.150740211E+02   6.661129602E+01
  1.1550000E+04   9.034915240E-01   1.916900733E-04   2.569844493E-05   3.332829110E+02   1.024234533E+02   6.590338052E+01
  1.1560000E+04   9.031145949E-01   2.443559839E-04   2.558473444E-05   3.479260385E+01   2.762100125E+02   6.503169422E+01
  1.1570000E+04   9.026229196E-01   1.358613501E-04   2.537015362E-05   2.044612486E+02   3.445280792E+02   6.427218995E+01
  1.1580000E+04   9.022450002E-01   2.085441213E-04   2.524052951E-05   3.245228884E+02   1.052522987E+02   6.351903318E+01
  1.1590000E+04   9.019567583E-01   2.037171634E-04   2.511023625E-05   6.715209755E+00   3.067978319E+02   6.264655699E+01
  1.1600000E+04   9.014882061E-01   2.010607435E-04   2.496466844E-05   2.206248621E+01   1.778617390E+02   6.192238827E+01
  1.1610000E+04   9.008751849E-01   2.221426541E-04   2.483292785E-05   1.884752015E+02   2.608196380E+02   6.104169556E+01
  1.1620000E+04   9.008546588E-01   3.976073143E-04   2.468572484E-05   3.488912131E+02   3.524933704E+02   6.025877720E+01
  1.1630000E+04   9.003039445E-01   2.777605231E-04   2.455248757E-05   3.504028392E+02   2.459354221E+02   5.948720124E+01
  1.1640000E+04   8.997526236E-01   1.872166845E-04   2.438865356E-05   1.563630889E+02   3.378185952E+02   5.859695755E+01
  1.1650000E+04   8.994164960E-01   2.015235329E-04   2.423875261E-05   3.161785524E+02   7.856121701E+01   5.784901426E+01
  1.1660000E+04   8.992656960E-01   3.588159800E-04   2.410304468E-05   3.476148520E+02   3.106771726E+02   5.694498719E+01
  1.1670000E+04   8.984104497E-01   2.414833818E-04   2.396656834E-05   1.516768944E+02   5.286329092E+01   5.614158831E+01
  1.1680000E+04   8.983593295E-01   2.756666380E-04   2.384460028E-05   3.269701169E+02   1.467918985E+02   5.521509779E+01
  1.1690000E+04   8.979169326E-01   2.916509513E-04   2.370663615E-05   3.371419972E+02   4.855419467E+01   5.443826091E+01
  1.1700000E+04   8.974698276E-01   4.972167276E-05   2.352142522E-05   1.307178784E+02   1.697924249E+02   5.356509428E+01
  1.1710000E+04   8.970838804E-01   2.648883310E-04   2.338155425E-05   2.768771312E+00   2.153926675E+02   5.269668875E+01
  1.1720000E+04   8.966766091E-01   2.630532283E-04   2.328784023E-05   3.562074635E+02   1.425610913E+02   5.180233012E+01
  1.1730000E+04   8.961558121E-01   1.361122489E-04   2.311504443E-05   2.120246171E+02   2.100795760E+02   5.093760506E+01
  1.1740000E+04   8.957581000E-01   8.320969856E-05   2.300440768E-05   3.573222361E+01   3.125756666E+02   5.006116853E+01
  1.1750000E+04   8.954451234E-01   6.905899227E-05   2.284542576E-05   7.413213696E+01   2.032542546E+02   4.917932108E+01
  1.1760000E+04   8.951808727E-01   3.481960356E-04   2.271743918E-05   3.539872063E+02   2.152493842E+02   4.834509669E+01
  1.1770000E+04   8.945953922E-01   1.711688548E-04   2.260485649E-05   1.726477019E+01   1.268196757E+02   4.743266190E+01
  1.1780000E+04   8.942737866E-01   2.336001581E-04   2.245927808E-05   2.920372029E+02   1.496670045E+02   4.651623297E+01
  1.1790000E+04   8.940373301E-01   3.977609225E-04   2.232907827E-05   3.501416943E+02   3.214460658E+01   4.554613650E+01
  1.1800000E+04   8.932030565E-01   2.880742403E-04   2.218169000E-05   1.972796190E+02   1.283186092E+02   4.465806784E+01
  1.1810000E+04   8.930275278E-01   1.652805481E-04   2.201676809E-05   3.209843288E+02   3.109174963E+02   4.368122921E+01
  1.1820000E+04   8.925408989E-01   1.898900081E-04   2.190058380E-05   1.926403301E+02   2.829624155E+01   4.281349514E+01
  1.1830000E+04   8.923289538E-01   2.180418162E-04   2.176704241E-05   1.268855246E+01   1.602181284E+02   4.185911436E+01
  1.1840000E+04   8.916782669E-01   2.176572718E-04   2.164951799E-05   1.683242169E+02   3.193688626E+02   4.099121658E+01
  1.1850000E+04   8.914279551E-01   1.292299315E-04   2.151441828E-05   3.403359647E+02   1.050234866E+02   4.007529640E+01
  1.1860000E+04   8.909563538E-01   1.702149237E-04   2.141253411E-05   2.081849662E+02   1.977882780E+02   3.909046997E+01
  1.1870000E+04   8.907606462E-01   2.431197186E-04   2.129305312E-05   3.367832040E+02   3.266957772E+01   3.810373180E+01
  1.1880000E+04   8.902580988E-01   6.097531217E-05   2.108665355E-05   2.420849687E+02   9.360100978E+01   3.721819997E+01
  1.1890000E+04   8.899800465E-01   3.475621596E-04   2.103473721E-05   3.540249104E+02   3.109905408E+02   3.619860884E+01
  1.1900000E+04   8.893369717E-01   1.218115006E-04   2.089566304E-05   2.679439053E+02   9.173401673E+00   3.517365867E+01
  1.1910000E+04   8.890519481E-01   2.194007973E-04   2.075565702E-05   3.307605484E+01   2.188994495E+02   3.433569387E+01
  1.1920000E+04   8.886623276E-01   2.315465927E-04   2.063237244E-05   3.514521776E+02   2.382925829E+02   3.340679789E+01
  1.1930000E+04   8.881496053E-01   1.709298989E-04   2.049056751E-05   1.386172350E+02   7.186289011E+01   3.247658489E+01
  1.1940000E+04   8.878731802E-01   1.736331949E-04   2.040143891E-05   3.281959184E+02   2.259362085E+02   3.145693258E+01
  1.1950000E+04   8.874362492E-01   1.617861237E-04   2.022200325E-05   2.713226706E+02   2.692581411E+02   3.051620775E+01
  1.1960000E+04   8.871624382E-01   2.727121603E-04   2.014978158E-05   9.711400757E+00   1.602778392E+02   2.954211536E+01
  1.1970000E+04   8.868760834E-01   4.022722760E-04   1.998632864E-05   2.539330546E+00   1.597094818E+02   2.856058248E+01
  1.1980000E+04   8.862029855E-01   1.751124437E-04   1.987661329E-05   2.161690815E+02   3.012830167E+02   2.756335495E+01
  1.1990000E+04   8.860716977E-01   4.094274730E-04   1.974784165E-05   3.512441806E+02   1.642641697E+02   2.663484716E+01
  1.2000000E+04   8.855534385E-01   2.865066831E-04   1.959963812E-05   3.495189753E+02   1.668745880E+02   2.567577370E+01
  1.2010000E+04   8.849437544E-01   2.040018770E-04   1.952511451E-05   1.919073553E+02   3.284131299E+02   2.466212737E+01
  1.2020000E+04   8.848034967E-01   3.307150975E-04   1.939400914E-05   3.589977665E+02   1.680812071E+02   2.370555347E+01
  1.2030000E+04   8.842785930E-01   1.980751325E-04   1.924308071E-05   1.125405775E+01   1.654170361E+02   2.274993715E+01
  1.2040000E+04   8.836716935E-01   2.743547667E-04   1.912910292E-05   2.006092543E+02   3.486539202E+02   2.174993892E+01
  1.2050000E+04   8.834600622E-01   1.639387543E-04   1.899526447E-05   4.997367823E+01   1.547521034E+02   2.078294407E+01
  1.2060000E+04   8.832404053E-01   2.697824773E-04   1.887979067E-05   1.448225194E+01   2.085511631E+02   1.986025074E+01
  1.2070000E+04   8.828539547E-01   2.476029650E-04   1.872471789E-05   3.362562899E+02   2.681112038E+02   1.882760391E+01
  1.2080000E+04   8.823229126E-01   8.864419373E-05   1.862714184E-05   1.612355212E+02   1.073254203E+02   1.784085949E+01
  1.2090000E+04   8.819434536E-01   2.175448058E-04   1.850937158E-05   9.697541373E+00   2.859972517E+02   1.685818487E+01
  1.2100000E+04   8.814681813E-01   1.038002049E-04   1.835116892E-05   3.769689241E+01   2.880329052E+02   1.580716009E+01
  1.2110000E+04   8.810939606E-01   1.380482583E-04   1.825159592E-05   3.139123304E+02   4.472719093E+01   1.486888842E+01
  1.2120000E+04   8.806477938E-01   1.933639928E-04   1.813138652E-05   1.698215108E+02   2.247148857E+02   1.383595705E+01
  1.2130000E+04   8.803552435E-01   1.557106270E-04   1.801037480E-05   3.134866619E+01   4.209497988E+01   1.273891299E+01
  1.2140000E+04   8.799479183E-01   2.136391651E-04   1.786815867E-05   3.310473372E+02   1.441220913E+02   1.174185266E+01
  1.2150000E+04   8.796699017E-01   3.218731754E-04   1.774535200E-05   2.086595687E+01   1.388824729E+02   1.078143292E+01
  1.2160000E+04   8.792614617E-01   2.337683594E-04   1.758027537E-05   3.228715871E+02   2.444453844E+02   9.795479067E+00
  1.2170000E+04   8.786478208E-01   1.879924047E-04   1.747631068E-05   1.936826894E+02   6.408361467E+01   8.845273250E+00
  1.2180000E+04   8.783600733E-01   1.739398300E-04   1.739269149E-05   9.093803059E+01   2.203555913E+02   7.746570631E+00
  1.2190000E+04   8.781808919E-01   3.572869316E-04   1.722423530E-05   5.286110338E+00   2.418640750E+00   6.704921628E+00
  1.2200000E+04   8.776214175E-01   2.449661002E-04   1.713938633E-05   3.332659345E+02   9.373463488E+01   5.672442708E+00
  1.2210000E+04   8.773138053E-01   2.881301516E-04   1.698988104E-05   2.748450484E+01   1.017582847E+02   4.666486378E+00
  1.2220000E+04   8.770333104E-01   4.239753448E-04   1.686067855E-05   3.520872389E+02   2.022579142E+02   3.709988766E+00
  1.2230000E+04   8.763813745E-01   1.691124423E-04   1.673047831E-05   2.992124961E+02   3.233534356E+02   2.596515258E+00
  1.2240000E+04   8.759771241E-01   1.888970944E-04   1.659925685E-05   2.396403719E+02   9.394175863E+01   1.620334213E+00
  1.2250000E+04   8.754779787E-01   2.246323233E-04   1.653325557E-05   1.877822690E+02   2.197319837E+02   6.275630294E-01
  1.2260000E+04   8.752529268E-01   1.012147134E-04   1.635595011E-05   1.445912992E+02   3.400413385E+02   3.594918253E+02
  1.2270000E+04   8.746525758E-01   2.303112551E-04   1.622169928E-05   1.482140307E+02   5.628806903E+01   3.585189685E+02
  1.2280000E+04   8.745704089E-01   2.432922023E-04   1.613157803E-05   4.805505846E+01   2.393642208E+02   3.574565588E+02
  1.2290000E+04   8.739609976E-01   1.201217079E-04   1.597264235E-05   8.247187518E+01   2.907768016E+02   3.564000586E+02
  1.2300000E+04   8.738624467E-01   3.336175207E-04   1.588110783E-05   1.642068319E+01   8.558841394E+01   3.554119492E+02
  1.2310000E+04   8.732438021E-01   1.687118877E-04   1.569643751E-05   2.861493322E+01   1.652256956E+02   3.542781968E+02
  1.2320000E+04   8.731112546E-01   3.929383138E-04   1.560328275E-05   3.597057796E+02   2.887871494E+02   3.532888762E+02
  1.2330000E+04   8.725663730E-01   2.813765621E-04   1.543890950E-05   1.666038120E+01   9.576357584E+00   3.521677765E+02
  1.2340000E+04   8.722028682E-01   2.704523953E-04   1.534419137E-05   2.024703390E+00   1.248136171E+02   3.511431478E+02
  1.2350000E+04   8.719361777E-01   3.960986565E-04   1.524888491E-05   1.793763114E+01   2.123929795E+02   3.501185111E+02
  1.2360000E+04   8.712816874E-01   1.569665195E-04   1.505646225E-05   4.214893865E+01   2.947714331E+02   3.490809268E+02
  1.2370000E+04   8.710239612E-01   2.067451376E-04   1.498366668E-05   2.009958364E+01   6.648812420E+01   3.479021983E+02
  1.2380000E+04   8.706623386E-01   2.405768229E-04   1.483700410E-05   5.255421818E+01   1.463941858E+02   3.469555928E+02
  1.2390000E+04   8.700246438E-01   2.103693372E-04   1.468887722E-05   1.353604552E+02   1.790830741E+02   3.458508303E+02
  1.2400000E+04   8.696756232E-01   1.805143390E-04   1.453924129E-05   1.712555821E+02   2.616701116E+02   3.448073705E+02
  1.2410000E+04   8.693223002E-01   1.733764436E-04   1.443862250E-05   1.843122358E+02   1.008081506E+01   3.436724427E+02
  1.2420000E+04   8.688468610E-01   2.097980350E-04   1.431185426E-05   2.190205285E+02   9.974772203E+01   3.426061413E+02
  1.2430000E+04   8.685584419E-01   1.901814523E-04   1.420962542E-05   2.914610935E+02   1.547450458E+02   3.414966537E+02
  1.2440000E+04   8.684499973E-01   4.083554210E-04   1.405488805E-05   3.503714790E+02   2.261297204E+02   3.405149037E+02
  1.2450000E+04   8.680505856E-01   3.415540431E-04   1.389842802E-05   1.722332063E+01   3.326961349E+02   3.393201813E+02
  1.2460000E+04   8.676294732E-01   3.618550405E-04   1.379313538E-05   3.552084921E+02   1.311445954E+02   3.381774086E+02
  1.2470000E+04   8.671003657E-01   2.396007483E-04   1.371363538E-05   2.332052256E+01   2.423564703E+02   3.371295642E+02
  1.2480000E+04   8.666155218E-01   1.131711506E-04   1.355323646E-05   1.211379898E+02   2.868673419E+02   3.360732580E+02
  1.2490000E+04   8.662522383E-01   1.648628386E-04   1.344524083E-05   2.240076553E+02   3.293814145E+02   3.349227947E+02
  1.2500000E+04   8.660418773E-01   3.067090442E-04   1.328160097E-05   3.224390123E+02   1.922907721E+01   3.338311885E+02
  1.2510000E+04   8.657221876E-01   3.690847597E-04   1.317137831E-05   9.023424915E+00   1.240963518E+02   3.326557351E+02
  1.2520000E+04   8.652605050E-01   3.122022780E-04   1.306022545E-05   3.523486840E+02   2.952013460E+02   3.315046797E+02
  1.2530000E+04   8.647770150E-01   2.316541361E-04   1.291993969E-05   5.521333140E+01   2.967573234E+01   3.303841414E+02
  1.2540000E+04   8.642593635E-01   1.729789143E-04   1.280660469E-05   1.642310324E+02   8.087222934E+01   3.294083119E+02
  1.2550000E+04   8.640196683E-01   2.156485695E-04   1.269225772E-05   3.240439177E+02   8.449899592E+01   3.281831617E+02
  1.2560000E+04   8.635550169E-01   1.338020320E-04   1.257687116E-05   3.079513199E+01   1.840999463E+02   3.270738113E+02
  1.2570000E+04   8.632168551E-01   2.338318137E-04   1.246041615E-05   2.371941664E+01   6.136458822E-01   3.258647917E+02
  1.2580000E+04   8.627216206E-01   1.686249144E-04   1.228366370E-05   1.547561554E+02   4.196750364E+01   3.248429126E+02
  1.2590000E+04   8.623586849E-01   1.303735549E-04   1.216440200E-05   2.906926590E+02   8.142294796E+01   3.236857484E+02
  1.2600000E+04   8.620893660E-01   1.943275571E-04   1.207418270E-05   1.502823835E+01   1.754992707E+02   3.225311856E+02
  1.2610000E+04   8.617440803E-01   2.485009203E-04   1.195283105E-05   3.868126990E+01   3.333043553E+02   3.213770199E+02
  1.2620000E+04   8.612351998E-01   9.035058190E-05   1.183023467E-05   2.117739093E+02   3.446802067E+02   3.202125700E+02
  1.2630000E+04   8.611356417E-01   4.280154459E-04   1.170635445E-05   1.026722570E+01   1.364182031E+01   3.191442246E+02
  1.2640000E+04   8.606248744E-01   2.909746967E-04   1.158114920E-05   1.075567936E+01   2.038325431E+02   3.178643845E+02
  1.2650000E+04   8.601067738E-01   1.454286039E-04   1.151803620E-05   2.272658956E+02   1.806509495E+02   3.168371439E+02
  1.2660000E+04   8.598134236E-01   2.845886301E-04   1.132658736E-05   5.700132164E+00   2.388432092E+02   3.156989765E+02
  1.2670000E+04   8.592897546E-01   1.436605402E-04   1.126204788E-05   3.684131620E+01   4.736896671E+01   3.144021012E+02
  1.2680000E+04   8.588916590E-01   1.349688553E-04   1.116453913E-05   2.206586201E+02   6.606697437E+01   3.133462362E+02
  1.2690000E+04   8.586847085E-01   2.663017364E-04   1.103318704E-05   2.615059395E+01   1.062772335E+02   3.121485570E+02
  1.2700000E+04   8.582562868E-01   1.138583530E-04   1.096692106E-05   5.227240551E+01   2.889092613E+02   3.110177265E+02
  1.2710000E+04   8.579046391E-01   2.930380358E-04   1.083317311E-05   3.229976509E+02   2.298284916E+02   3.098915623E+02
  1.2720000E+04   8.574504081E-01   2.271930160E-04   1.076567605E-05   4.636212810E+00   4.292580614E+01   3.086751969E+02
  1.2730000E+04   8.569559096E-01   1.474707524E-04   1.062939618E-05   1.995284159E+02   6.593205811E+01   3.074930800E+02
  1.2740000E+04   8.568075477E-01   2.722823051E-04   1.049134621E-05   3.420350847E+02   1.443128046E+02   3.063079388E+02
  1.2750000E+04   8.561386714E-01   2.084897447E-04   1.042163550E-05   1.739747786E+02   1.762610035E+02   3.051918720E+02
  1.2760000E+04   8.560545262E-01   3.644393189E-04   1.028079611E-05   1.070578425E+01   2.064031150E+02   3.041062408E+02
  1.2770000E+04   8.555917598E-01   1.605500520E-04   1.013800034E-05   5.873174321E+01   2.845927616E+01   3.029144479E+02
  1.2780000E+04   8.552444971E-01   3.207657551E-04   1.006584284E-05   3.552933976E+02   3.249307354E+02   3.017320409E+02
  1.2790000E+04   8.547230024E-01   2.017952573E-04   9.956626121E-06   7.888859796E+01   1.174548305E+02   3.006217515E+02
  1.2800000E+04   8.545858411E-01   4.042693923E-04   9.883144481E-06   3.482291194E+02   8.721677727E+01   2.994490987E+02
  1.2810000E+04   8.538958183E-01   1.700901985E-04   9.734517301E-06   1.015222377E+02   2.160629920E+02   2.983098725E+02
  1.2820000E+04   8.538197248E-01   3.925548146E-04   9.659346158E-06   3.979504835E+00   1.988296158E+02   2.972285577E+02
  1.2830000E+04   8.532100687E-01   1.248549099E-04   9.583585410E-06   8.640383681E+01   4.805858595E+00   2.959797621E+02
  1.2840000E+04   8.530711487E-01   4.213182213E-04   9.430238150E-06   1.258872553E+01   3.298742307E+02   2.948267938E+02
  1.2850000E+04   8.523921715E-01   1.517167865E-04   9.352621701E-06   1.788966508E+02   5.795896803E+01   2.937097151E+02
  1.2860000E+04   8.521157903E-01   1.639666164E-04   9.274355708E-06   3.569768528E+02   1.374897547E+02   2.924620658E+02
  1.2870000E+04   8.515881563E-01   2.239559013E-04   9.115808031E-06   2.196762384E+02   1.752152108E+02   2.913951008E+02
  1.2880000E+04   8.514753433E-01   3.567801444E-04   9.035490976E-06   1.035137681E+01   2.879565500E+02   2.902588781E+02
  1.2890000E+04   8.509977214E-01   2.588108290E-04   8.954453545E-06   3.169399745E+02   2.479400114E+02   2.891375553E+02
  1.2900000E+04   8.505525991E-01   1.815706721E-04   8.872676001E-06   9.712441074E+01   1.758525485E+01   2.879165892E+02
  1.2910000E+04   8.501464947E-01   1.116528313E-04   8.706816965E-06   2.343043315E+01   4.017192927E+00   2.868474492E+02
  1.2920000E+04   8.498571976E-01   1.603376044E-04   8.622691157E-06   2.637991206E+02   3.934997840E+01   2.856399634E+02
  1.2930000E+04   8.494241981E-01   1.980099666E-04   8.580318953E-06   3.867448441E+01   1.834191920E+02   2.844110176E+02
  1.2940000E+04   8.492272730E-01   3.773274605E-04   8.494940522E-06   3.590298371E+02   1.452131388E+02   2.833840306E+02
  1.2950000E+04   8.486176910E-01   1.696073844E-04   8.321556147E-06   1.866266529E+02   2.426069508E+02   2.822656873E+02
  1.2960000E+04   8.483398611E-01   2.605178430E-04   8.233494873E-06   2.172757687E+01   3.357066410E+02   2.810490228E+02
  1.2970000E+04   8.480045895E-01   2.928988568E-04   8.144481503E-06   3.571771798E+02   2.915113185E+02   2.799238780E+02
  1.2980000E+04   8.475648044E-01   1.053779166E-04   8.054484470E-06   2.320375418E+02   3.510056255E+02   2.788872757E+02
  1.2990000E+04   8.471572118E-01   2.173773244E-04   7.963470424E-06   4.961239816E+01   1.109440160E+02   2.776993354E+02
  1.3000000E+04   8.467891811E-01   1.717116264E-04   7.871404088E-06   8.569018625E+00   9.256048379E+01   2.765612711E+02
  1.3010000E+04   8.464418669E-01   2.054852861E-04   7.778248096E-06   3.035338816E+02   1.012855570E+02   2.753869379E+02
  1.3020000E+04   8.459506193E-01   1.766832907E-04   7.683962816E-06   1.538977176E+02   1.977442729E+02   2.742909930E+02
  1.3030000E+04   8.458407817E-01   4.124027728E-04   7.588506156E-06   7.069261298E+00   2.945750408E+02   2.731067518E+02
  1.3040000E+04   8.453286233E-01   2.693544480E-04   7.491833341E-06   1.991091737E+01   2.345845994E+02   2.720400123E+02
  1.3050000E+04   8.447435824E-01   1.787587751E-04   7.393896667E-06   2.435713848E+02   3.271109282E+02   2.708602328E+02
  1.3060000E+04   8.443700164E-01   2.111968270E-04   7.294645231E-06   1.803621965E+02   3.495505096E+02   2.697361285E+02
  1.3070000E+04   8.442631490E-01   2.723169755E-04   7.194024616E-06   1.375164116E+01   1.184524286E+02   2.685996873E+02
  1.3080000E+04   8.439844811E-01   3.990956107E-04   7.091976543E-06   3.455846231E+02   1.121424682E+02   2.673639923E+02
  1.3090000E+04   8.436151151E-01   4.279057629E-04   6.988438482E-06   7.039084487E+00   5.911229025E+01   2.663599950E+02
  1.3100000E+04   8.430975639E-01   1.920662292E-04   6.883343195E-06   3.301504801E+02   6.776096673E+01   2.651865883E+02
  1.3110000E+04   8.425737269E-01   1.303992643E-04   6.883343195E-06   1.743074039E+02   1.980988137E+02   2.640754763E+02
  1.3120000E+04   8.421997372E-01   1.877748027E-04   6.776618232E-06   1.060530492E+02   2.443333160E+02   2.629430513E+02
  1.3130000E+04   8.419099900E-01   2.558295790E-04   6.668185344E-06   4.002872112E+01   2.914426074E+02   2.617706621E+02
  1.3140000E+04   8.416128876E-01   3.270725574E-04   6.557959813E-06   3.593396535E+02   3.162877105E+02   2.605466823E+02
  1.3150000E+04   8.411972160E-01   2.297435465E-04   6.445849674E-06   9.263914533E+00   2.935150107E+02   2.594257468E+02
  1.3160000E+04   8.409139720E-01   3.793431224E-04   6.331754824E-06   5.906319014E+00   2.871352762E+02   2.583356908E+02
  1.3170000E+04   8.404604568E-01   2.768404993E-04   6.273929367E-06   3.414732589E+02   3.051793808E+02   2.571843356E+02
  1.3180000E+04   8.399821043E-01   1.414503827E-04   6.273929367E-06   3.019696082E+02   3.414931449E+02   2.560515268E+02
  1.3190000E+04   8.396135338E-01   8.342573493E-05   6.156649318E-06   2.614385576E+02   2.170217184E+01   2.549596461E+02
  1.3200000E+04   8.392792545E-01   8.816033728E-05   6.037091349E-06   2.300071906E+02   5.596651168E+01   2.538516256E+02
  1.3210000E+04   8.388856109E-01   1.185473733E-04   5.915117334E-06   2.231364110E+02   6.892152177E+01   2.525557474E+02
  1.3220000E+04   8.384195214E-01   1.657672894E-04   5.915117334E-06   1.919765200E+02   1.095439703E+02   2.514814239E+02
  1.3230000E+04   8.379632104E-01   2.421066501E-04   5.790574600E-06   1.661512110E+02   1.475178390E+02   2.502998196E+02
  1.3240000E+04   8.376128539E-01   2.005802880E-04   5.663293681E-06   1.622641323E+02   1.666759522E+02   2.491791056E+02
  1.3250000E+04   8.372212895E-01   2.483770147E-04   5.663293681E-06   1.542143625E+02   1.936087454E+02   2.480776451E+02
  1.3260000E+04   8.370188421E-01   1.302600665E-04   5.663293681E-06   1.169411549E+02   2.523300699E+02   2.469791123E+02
  1.3270000E+04   8.366032151E-01   1.068482415E-04   5.399738657E-06   1.827022299E+02   2.119961312E+02   2.458130066E+02
  1.3280000E+04   8.361398430E-01   1.934025242E-04   5.399738657E-06   1.704966649E+02   2.519129664E+02   2.446573392E+02
  1.3290000E+04   8.356580587E-01   3.093988116E-04   5.263014220E-06   1.799844265E+02   2.738105977E+02   2.434455001E+02
  1.3300000E+04   8.355272397E-01   6.798362603E-05   5.263014220E-06   2.213030886E+02   2.670957760E+02   2.423112574E+02
  1.3310000E+04   8.350613024E-01   2.052695153E-04   5.122641878E-06   2.466905853E+02   2.789622710E+02   2.412308632E+02
  1.3320000E+04   8.347042112E-01   1.765174668E-04   5.122641878E-06   2.751548872E+02   2.910679358E+02   2.400813165E+02
  1.3330000E+04   8.345275267E-01   3.155299717E-04   4.978313060E-06   3.502278095E+02   2.601200816E+02   2.390015188E+02
  1.3340000E+04   8.341194229E-01   3.210324894E-04   4.978313060E-06   3.496897504E+02   3.079287454E+02   2.378693229E+02
  1.3350000E+04   8.336333352E-01   1.566260171E-04   4.829673079E-06   6.922970123E+00   3.406311917E+02   2.366870411E+02
  1.3360000E+04   8.334907538E-01   4.173608008E-04   4.829673079E-06   3.544918530E+02   4.618032571E+01   2.356153852E+02
  1.3370000E+04   8.328692585E-01   1.881051104E-04   4.676310851E-06   2.870184720E+01   6.880022729E+01   2.344712826E+02
  1.3380000E+04   8.324777419E-01   2.040409068E-04   4.676310851E-06   9.926024994E+01   5.817554571E+01   2.334010106E+02
  1.3390000E+04   8.320393755E-01   2.045171006E-04   4.676310851E-06   1.933338996E+02   2.614750935E+01   2.322508983E+02
  1.3400000E+04   8.317433119E-01   1.574743149E-04   4.517745488E-06   2.771089576E+02   9.196099516E+00   2.311481061E+02
  1.3410000E+04   8.315861608E-01   3.906372455E-04   4.517745488E-06   3.495578993E+02   6.004134242E+00   2.300594085E+02
  1.3420000E+04   8.311531599E-01   2.939798635E-04   4.353408482E-06   3.513169834E+02   7.666207955E+01   2.288951472E+02
  1.3430000E+04   8.307820404E-01   2.989231438E-04   4.353408482E-06   1.003359940E+01   1.339276280E+02   2.277824597E+02
  1.3440000E+04   8.302858120E-01   1.386700704E-04   4.182619578E-06   1.204057816E+02   1.021989733E+02   2.267427445E+02
  1.3450000E+04   8.298889923E-01   2.092792392E-04   4.182619578E-06   2.716790719E+02   3.276792097E+01   2.256398226E+02
  1.3460000E+04   8.298003565E-01   4.528201261E-04   4.004553366E-06   8.487484388E+00   2.143544397E+01   2.246613292E+02
  1.3470000E+04   8.291824378E-01   2.209543021E-04   4.004553366E-06   3.543798787E+02   1.233519422E+02   2.234601262E+02
  1.3480000E+04   8.287955441E-01   8.790367389E-05   4.004553366E-06   1.328574014E+02   7.623570066E+01   2.225276276E+02
  1.3490000E+04   8.283736760E-01   1.286512301E-04   4.004553366E-06   2.553011709E+02   4.928626502E+01   2.215611278E+02
  1.3500000E+04   8.281015690E-01   2.278324264E-04   3.818191821E-06   1.306958117E+01   2.905823372E+01   2.204649119E+02
  1.3510000E+04   8.278646356E-01   3.140380886E-04   3.818191821E-06   2.096501925E+01   1.223608145E+02   2.193349329E+02
  1.3520000E+04   8.272395822E-01   1.718830525E-04   3.622254809E-06   1.997006792E+02   4.823371582E+01   2.183979808E+02
  1.3530000E+04   8.269740589E-01   2.198699118E-04   3.622254809E-06   3.567398098E+02   3.579994880E+02   2.174383241E+02
  1.3540000E+04   8.267887781E-01   4.072322477E-04   3.622254809E-06   3.348494915E+00   1.022573483E+02   2.164150110E+02
  1.3550000E+04   8.262356278E-01   8.327262988E-05   3.622254809E-06   1.864691731E+02   3.247173611E+01   2.153803020E+02
  1.3560000E+04   8.258845937E-01   2.514252720E-04   3.415094585E-06   9.734858278E+00   3.263358858E+02   2.144465214E+02
  1.3570000E+04   8.255237998E-01   2.133845047E-04   3.415094585E-06   3.120284768E+01   6.568685285E+01   2.134296027E+02
  1.3580000E+04   8.250683317E-01   2.089273800E-04   3.415094585E-06   2.544322142E+02   3.257612471E+02   2.124765590E+02
  1.3590000E+04   8.249210226E-01   3.155404923E-04   3.306651113E-06   3.546791280E+02   3.524666897E+02   2.114549521E+02
  1.3600000E+04   8.242922475E-01   2.042009607E-04   3.306651113E-06   1.311730175E+02   3.462368308E+02   2.105302996E+02
  1.3610000E+04   8.241274914E-01   3.206818052E-04   3.194528470E-06   3.529482162E+02   2.575476345E+02   2.095383969E+02
  1.3620000E+04   8.235737383E-01   1.552089521E-04   3.194528470E-06   5.413129565E+01   3.323605337E+02   2.087195171E+02
  1.3630000E+04   8.231706390E-01   1.951787128E-04   3.078324659E-06   2.562424550E+02   2.699329308E+02   2.077691619E+02
  1.3640000E+04   8.230233871E-01   3.406596410E-04   3.078324659E-06   3.556106647E+02   3.137256043E+02   2.068647484E+02
  1.3650000E+04   8.223993612E-01   2.479666322E-04   3.078324659E-06   2.128634520E+02   2.423807044E+02   2.060211484E+02
  1.3660000E+04   8.222789242E-01   3.065989952E-04   2.957558667E-06   3.393243143E+02   2.650602317E+02   2.051187572E+02
  1.3670000E+04   8.217893853E-01   1.337712978E-04   2.957558667E-06   2.115332081E+02   1.848633403E+02   2.042785757E+02
  1.3680000E+04   8.216006546E-01   3.451658081E-04   2.831646841E-06   3.504992141E+02   2.021513660E+02   2.034684663E+02
  1.3690000E+04   8.209831887E-01   1.975873128E-04   2.831646841E-06   1.904063591E+02   1.611534340E+02   2.025963880E+02
  1.3700000E+04   8.207464898E-01   2.336584629E-04   2.699869328E-06   3.383410886E+02   1.748119420E+02   2.017700794E+02
  1.3710000E+04   8.202378918E-01   2.154020192E-04   2.699869328E-06   2.077993283E+02   1.111072193E+02   2.010261190E+02
  1.3720000E+04   8.200318277E-01   2.852081620E-04   2.561320939E-06   3.407728003E+02   1.458497723E+02   2.002164557E+02
  1.3730000E+04   8.194763805E-01   2.254940202E-04   2.561320939E-06   2.305548695E+02   6.847884678E+01   1.994081590E+02
  1.3740000E+04   8.192149118E-01   1.834851454E-04   2.561320939E-06   1.349101832E+01   1.011476707E+02   1.985993443E+02
  1.3750000E+04   8.188344775E-01   1.714989842E-04   2.561320939E-06   3.062507222E+02   3.470051612E+02   1.979021042E+02
  1.3760000E+04   8.184523705E-01   1.744733516E-04   2.414836539E-06   9.570308329E+01   1.828271559E+01   1.971669940E+02
  1.3770000E+04   8.182677033E-01   3.143873730E-04   2.414836539E-06   1.286912690E+01   2.862734551E+02   1.964482929E+02
  1.3780000E+04   8.176946437E-01   2.092122504E-04   2.414836539E-06   2.097614695E+02   2.779726706E+02   1.957070329E+02
  1.3790000E+04   8.174618005E-01   2.684781293E-04   2.414836539E-06   5.982930202E+00   3.136126790E+02   1.950144974E+02
  1.3800000E+04   8.170575865E-01   2.187155555E-04   2.414836539E-06   3.422043263E+02   1.721188587E+02   1.944404033E+02
  1.3810000E+04   8.166571123E-01   1.379475704E-04   2.258872744E-06   1.359473744E+02   2.151707125E+02   1.937881017E+02
  1.3820000E+04   8.164894413E-01   3.801255292E-04   2.091309789E-06   3.517431665E+02   2.012812711E+02   1.931471297E+02
  1.3830000E+04   8.159742083E-01   2.388540671E-04   2.091309789E-06   3.239837629E+02   7.390419165E+01   1.924498024E+02
  1.3840000E+04   8.154492880E-01   2.313845648E-04   2.091309789E-06   1.587167672E+02   8.613679984E+01   1.917904076E+02
  1.3850000E+04   8.154103238E-01   4.070081884E-04   2.091309789E-06   5.546779230E+00   8.941299477E+01   1.913434102E+02
  1.3860000E+04   8.149841281E-01   3.351997752E-04   2.091309789E-06   3.516914100E+02   3.177587091E+02   1.906594438E+02
  1.3870000E+04   8.143768131E-01   2.119715381E-04   2.091309789E-06   2.102934956E+02   3.166788127E+02   1.900681421E+02
  1.3880000E+04   8.141404942E-01   2.254708074E-04   2.091309789E-06   6.960218387E+01   3.166871525E+02   1.894429652E+02
  1.3890000E+04   8.138992125E-01   3.622268393E-04   1.909095910E-06   3.437519856E+02   2.680661594E+02   1.888393380E+02
  1.3900000E+04   8.134221125E-01   2.119213978E-04   1.909095910E-06   3.446986397E+02   1.334591545E+02   1.884569669E+02
  1.3910000E+04   8.130593412E-01   1.495720925E-04   1.909095910E-06   2.466089517E+02   1.025293674E+02   1.877738683E+02
  1.3920000E+04   8.125248699E-01   2.180239519E-04   1.707547293E-06   1.298228369E+02   9.543506490E+01   1.873253255E+02
  1.3930000E+04   8.125072160E-01   4.126730571E-04   1.909095910E-06   3.579322421E+02   1.022578464E+02   1.868812924E+02
  1.3940000E+04   8.119865852E-01   2.437885506E-04   1.909095910E-06   1.601207857E+01   3.252530800E+02   1.862860002E+02
  1.3950000E+04   8.116703817E-01   2.458363969E-04   1.707547293E-06   3.314407173E+02   2.534312905E+02   1.857051384E+02
  1.3960000E+04   8.110262166E-01   2.841605431E-04   1.707547293E-06   2.096591242E+02   2.608536331E+02   1.852434937E+02
  1.3970000E+04   8.108901028E-01   9.295623417E-05   1.707547293E-06   1.375791641E+02   2.235027992E+02   1.847245050E+02
  1.3980000E+04   8.104592827E-01   1.973148134E-04   1.707547293E-06   6.961177015E+01   1.848623479E+02   1.841295561E+02
  1.3990000E+04   8.102677303E-01   3.472188251E-04   1.707547293E-06   5.967014368E-01   1.516335119E+02   1.837867054E+02
  1.4000000E+04   8.098258014E-01   2.369969066E-04   1.707547293E-06   3.582054251E+02   5.188507353E+01   1.834311911E+02
  1.4010000E+04   8.094258567E-01   2.237410286E-04   1.478779333E-06   6.162756760E+00   3.064002457E+02   1.830458342E+02
  1.4020000E+04   8.092180031E-01   3.654562822E-04   1.707547293E-06   3.412119894E+02   2.381917320E+02   1.825393846E+02
  1.4030000E+04   8.086491044E-01   1.639237261E-04   1.478779333E-06   2.927367277E+02   1.976302885E+02   1.820100798E+02
  1.4040000E+04   8.082162366E-01   2.227411437E-04   1.478779333E-06   2.380970545E+02   1.678789693E+02   1.816784985E+02
  1.4050000E+04   8.079789076E-01   1.742426323E-04   1.478779333E-06   2.464408794E+02   7.470852620E+01   1.812469763E+02
  1.4060000E+04   8.075019345E-01   2.080672960E-04   1.478779333E-06   1.843374297E+02   5.749679205E+01   1.808153840E+02
  1.4070000E+04   8.070353680E-01   3.205974501E-04   1.478779333E-06   1.748187483E+02   3.501999055E+02   1.804843418E+02
  1.4080000E+04   8.067238108E-01   2.543559010E-04   1.478779333E-06   1.716950027E+02   2.800748476E+02   1.799084111E+02
  1.4090000E+04   8.065545494E-01   9.499190305E-05   1.207418270E-06   1.352423332E+02   2.498384449E+02   1.796426934E+02
  1.4100000E+04   8.061740323E-01   1.519530911E-04   1.207418270E-06   1.194712579E+02   1.908621015E+02   1.793065881E+02
  1.4110000E+04   8.057192799E-01   1.867080890E-04   1.478779333E-06   1.566890275E+02   9.361245947E+01   1.789733839E+02
  1.4120000E+04   8.052347853E-01   3.147210240E-04   1.207418270E-06   1.696626065E+02   2.315196431E+01   1.786231487E+02
  1.4130000E+04   8.049226364E-01   2.662692363E-04   1.478779333E-06   1.774887853E+02   3.193457377E+02   1.782080024E+02
  1.4140000E+04   8.046694578E-01   1.924199866E-04   1.478779333E-06   2.170040732E+02   2.234301796E+02   1.777181824E+02
  1.4150000E+04   8.043126110E-01   2.162832123E-04   1.207418270E-06   2.402788090E+02   1.535068596E+02   1.774578502E+02
  1.4160000E+04   8.041256696E-01   2.477013959E-04   1.207418270E-06   3.085118466E+02   3.446696511E+01   1.770086069E+02
  1.4170000E+04   8.037829879E-01   3.056029450E-04   1.478779333E-06   3.277202217E+02   3.363550833E+02   1.766772946E+02
  1.4180000E+04   8.035078961E-01   4.327495112E-04   1.478779333E-06   8.275740777E-01   2.590312135E+02   1.762900932E+02
  1.4190000E+04   8.030850882E-01   3.392623595E-04   1.207418270E-06   7.704443928E+00   2.185815842E+02   1.760646918E+02
  1.4200000E+04   8.027762386E-01   4.314006641E-04   1.207418270E-06   3.796897826E-01   1.913501938E+02   1.755909795E+02
  1.4210000E+04   8.023161556E-01   2.839825277E-04   1.207418270E-06   2.780234909E+01   1.321843314E+02   1.752482588E+02
  1.4220000E+04   8.019132012E-01   1.729916759E-04   1.207418270E-06   8.357732108E+01   4.939805716E+01   1.749998582E+02
  1.4230000E+04   8.014535881E-01   1.678781254E-04   1.207418270E-06   1.912079175E+02   2.791096171E+02   1.745580977E+02
  1.4240000E+04   8.012194237E-01   2.704181654E-04   1.207418270E-06   3.061868629E+02   1.449594647E+02   1.743032250E+02
  1.4250000E+04   8.009813423E-01   4.225653205E-04   1.207418270E-06   3.561386838E+02   7.925757496E+01   1.737047139E+02
  1.4260000E+04   8.005086294E-01   3.183434173E-04   1.207418270E-06   3.533093963E+02   6.917812122E+01   1.733704181E+02
  1.4270000E+04   7.999452283E-01   1.606864563E-04   1.207418270E-06   1.162320129E+02   2.964846446E+02   1.730470360E+02
  1.4280000E+04   7.994973083E-01   3.386308771E-04   1.207418270E-06   1.860918108E+02   2.201042100E+02   1.727351739E+02
  1.4290000E+04   7.994186078E-01   2.574770785E-04   1.207418270E-06   3.293959248E+02   7.369501363E+01   1.723674702E+02
  1.4300000E+04   7.991856285E-01   3.823584760E-04   1.207418270E-06   2.932299082E-01   4.318189788E+01   1.718718092E+02
  1.4310000E+04   7.987614443E-01   2.541427193E-04   1.207418270E-06   2.682916315E+01   2.045090686E+01   1.712902101E+02
  1.4320000E+04   7.981977152E-01   1.956114187E-04   1.207418270E-06   2.054207442E+02   2.089870281E+02   1.709091554E+02
  1.4330000E+04   7.980084279E-01   3.029116278E-04   1.207418270E-06   3.515383484E+02   7.320425451E+01   1.705778977E+02
  1.4340000E+04   7.977875087E-01   4.552213978E-04   1.207418270E-06   4.245693686E+00   7.441039049E+01   1.700298993E+02
  1.4350000E+04   7.972034639E-01   9.587600844E-05   1.207418270E-06   1.616484121E+02   2.941267032E+02   1.696196767E+02
  1.4360000E+04   7.968359958E-01   2.136407792E-04   1.207418270E-06   3.065291411E+02   1.699648647E+02   1.689914154E+02
  1.4370000E+04   7.966566762E-01   3.931529826E-04   1.207418270E-06   3.556607988E+02   1.449947104E+02   1.684246776E+02
  1.4380000E+04   7.960593065E-01   1.670879750E-04   1.207418270E-06   1.679017398E+02   6.119040401E-01   1.678515306E+02
  1.4390000E+04   7.957541640E-01   1.738260318E-04   1.207418270E-06   3.241068039E+02   2.356936490E+02   1.673533622E+02
  1.4400000E+04   7.956420664E-01   4.350002236E-04   1.207418270E-06   1.153730947E+01   2.229065786E+02   1.666649958E+02
  1.4410000E+04   7.949264436E-01   2.661874783E-04   1.207418270E-06   2.027210162E+02   6.899017840E+01   1.663861522E+02
  1.4420000E+04   7.948024976E-01   3.057614325E-04   1.207418270E-06   1.759688515E+01   2.952356147E+02   1.655814498E+02
  1.4430000E+04   7.943821982E-01   1.573934737E-04   1.207418270E-06   7.778857935E+01   2.800378866E+02   1.650237630E+02
  1.4440000E+04   7.940848650E-01   2.696796884E-04   1.207418270E-06   3.302273581E+02   7.611465912E+01   1.644618920E+02
  1.4450000E+04   7.937004353E-01   2.439921860E-04   1.207418270E-06   2.125083950E+01   7.622541420E+01   1.636769937E+02
  1.4460000E+04   7.933468701E-01   1.465321546E-04   1.207418270E-06   2.890915909E+02   2.228921738E+02   1.631526761E+02
  1.4470000E+04   7.929871768E-01   2.837997131E-04   1.207418270E-06   3.503361949E+02   2.211950654E+02   1.622762844E+02
  1.4480000E+04   7.926333624E-01   7.297336132E-05   1.207418270E-06   2.442367654E+02   2.829691993E+01   1.618633866E+02
  1.4490000E+04   7.922320637E-01   2.187656846E-04   1.207418270E-06   3.452552264E+02   3.523751986E+02   1.609538037E+02
  1.4500000E+04   7.919213927E-01   1.490625976E-04   1.207418270E-06   2.444315646E+02   1.629863464E+02   1.603482853E+02
  1.4510000E+04   7.916029247E-01   3.053854992E-04   1.207418270E-06   5.450442779E-01   1.176448767E+02   1.596220216E+02
  1.4520000E+04   7.910618151E-01   2.519417836E-04   1.207418270E-06   2.284852498E+02   3.264104927E+02   1.587524555E+02
  1.4530000E+04   7.910453090E-01   4.546502010E-04   1.207418270E-06   5.443615061E+00   2.679199486E+02   1.580658331E+02
  1.4540000E+04   7.904539483E-01   1.538296085E-04   1.207418270E-06   2.881812814E+02   6.755004560E+01   1.573527846E+02
  1.4550000E+04   7.900798499E-01   1.724795846E-04   1.207418270E-06   6.598736129E+01   1.618099841E+01   1.564373658E+02
  1.4560000E+04   7.898902729E-01   3.360825202E-04   1.207418270E-06   3.452668895E+02   1.857495320E+02   1.556019768E+02
  1.4570000E+04   7.893203321E-01   2.219473024E-04   1.207418270E-06   1.509609582E+02   1.132850961E+02   1.548690588E+02
  1.4580000E+04   7.890455027E-01   2.029325545E-04   1.207418270E-06   3.406636660E+02   1.972469095E+01   1.539987186E+02
  1.4590000E+04   7.886638486E-01   2.268694363E-04   1.207418270E-06   2.616255836E+02   1.980024571E+02   1.532700897E+02
  1.4600000E+04   7.884656546E-01   2.208416657E-04   1.207418270E-06   3.595408277E+01   1.680304889E+02   1.523664535E+02
  1.4610000E+04   7.882130623E-01   4.296351684E-04   1.207418270E-06   6.722513738E+00   3.021269380E+02   1.515157956E+02
  1.4620000E+04   7.876580914E-01   9.683536312E-05   1.207418270E-06   2.288092397E+02   1.921448156E+02   1.505920941E+02
  1.4630000E+04   7.873371002E-01   2.372899212E-04   1.207418270E-06   4.128089451E+01   1.320705189E+02   1.496586898E+02
  1.4640000E+04   7.869626199E-01   2.315782011E-04   1.207418270E-06   2.865513848E+00   2.871215440E+02   1.486806415E+02
  1.4650000E+04   7.864701650E-01   2.428214375E-04   1.207418270E-06   2.293506738E+02   1.829941183E+02   1.477717723E+02
  1.4660000E+04   7.861345363E-01   1.772516230E-04   1.207418270E-06   1.273098660E+02   4.778795558E+01   1.467326601E+02
  1.4670000E+04   7.859368201E-01   2.842273015E-04   1.207418270E-06   3.484383545E+02   3.133414015E+02   1.457940221E+02
  1.4680000E+04   7.856859234E-01   3.689717008E-04   1.207418270E-06   3.361972721E+02   9.805323333E+01   1.448006782E+02
  1.4690000E+04   7.851230823E-01   2.164801817E-04   1.207418270E-06   2.077289511E+02   1.374805649E+00   1.437946207E+02
  1.4700000E+04   7.848112942E-01   1.373391234E-04   1.207418270E-06   7.309010210E+01   2.725191299E+02   1.427096758E+02
  1.4710000E+04   7.846077973E-01   3.569861325E-04   1.207418270E-06   3.525212171E+02   1.340239154E+02   1.417070754E+02
  1.4720000E+04   7.842143075E-01   3.231696276E-04   1.207418270E-06   3.447268736E+02   2.875173037E+02   1.407169398E+02
  1.4730000E+04   7.836408157E-01   2.605550787E-04   1.207418270E-06   2.228031732E+02   1.990039441E+02   1.393606160E+02
  1.4740000E+04   7.833196447E-01   2.406044076E-04   1.207418270E-06   1.672342644E+02   4.638420866E+01   1.384574294E+02
  1.4750000E+04   7.830101863E-01   1.943526619E-04   1.207418270E-06   8.706265604E+01   2.813298967E+02   1.372950030E+02
  1.4760000E+04   7.829225038E-01   4.364878068E-04   1.207418270E-06   4.577351384E+00   1.621017140E+02   1.361115702E+02
  1.4770000E+04   7.825331268E-01   3.632265102E-04   1.207418270E-06   1.378735170E+01   3.150122761E+02   1.348897774E+02
  1.4780000E+04   7.822262517E-01   4.168700958E-04   1.207418270E-06   3.381254271E+02   1.564732938E+02   1.337033939E+02
  1.4790000E+04   7.817391296E-01   2.264215414E-04   1.207418270E-06   3.000273232E+02   3.965858068E+00   1.326616185E+02
  1.4800000E+04   7.811537189E-01   3.037698637E-04   1.207418270E-06   2.048483432E+02   2.722922673E+02   1.313172690E+02
  1.4810000E+04   7.809285157E-01   1.896269421E-04   1.207418270E-06   1.758843249E+02   1.177667492E+02   1.301333928E+02
  1.4820000E+04   7.806824054E-01   1.420817105E-04   1.207418270E-06   1.111488579E+02   2.354874169E+00   1.290562173E+02
  1.4830000E+04   7.802608102E-01   1.817047535E-04   1.207418270E-06   9.298204710E+01   2.039931789E+02   1.277478377E+02
  1.4840000E+04   7.798569644E-01   1.883760938E-04   1.207418270E-06   8.990787685E+01   3.412228429E+01   1.262906439E+02
  1.4850000E+04   7.796797807E-01   2.831308442E-04   1.207418270E-06   3.692769435E+01   2.775227397E+02   1.251291581E+02
  1.4860000E+04   7.793348598E-01   2.794391626E-04   1.207418270E-06   1.657739330E+01   1.319754359E+02   1.238122874E+02
  1.4870000E+04   7.789382514E-01   2.705958953E-04   1.207418270E-06   1.943723371E+01   3.268265604E+02   1.225236411E+02
  1.4880000E+04   7.787429758E-01   4.076267296E-04   1.207418270E-06   1.156661287E+01   1.759534287E+02   1.211821429E+02
  1.4890000E+04   7.782275433E-01   2.373570170E-04   1.207418270E-06   2.025551630E+01   1.194948384E+01   1.198346368E+02
  1.4900000E+04   7.780248244E-01   3.869468762E-04   1.207418270E-06   2.569906373E+01   2.145317950E+02   1.184671603E+02
  1.4910000E+04   7.775347832E-01   1.974379617E-04   1.207418270E-06   3.992422564E+01   5.174082017E+01   1.171748679E+02
  1.4920000E+04   7.771201472E-01   2.071393778E-04   1.207418270E-06   9.009028469E+01   2.167353418E+02   1.157463932E+02
  1.4930000E+04   7.767559178E-01   1.587495633E-04   1.207418270E-06   1.341382575E+02   3.138968048E+01   1.144144730E+02
  1.4940000E+04   7.763817105E-01   2.482475321E-04   1.207418270E-06   1.561362908E+02   2.314095438E+02   1.130155345E+02
  1.4950000E+04   7.760854320E-01   1.745909204E-04   1.207418270E-06   2.072399825E+02   4.595494304E+01   1.117590922E+02
  1.4960000E+04   7.758480280E-01   1.553931828E-04   1.207418270E-06   2.869784767E+02   1.959270249E+02   1.102281878E+02
  1.4970000E+04   7.753965801E-01   2.047286876E-04   1.207418270E-06   2.990465762E+02   5.649613138E+01   1.088267833E+02
  1.4980000E+04   7.753029627E-01   4.636814877E-04   1.207418270E-06   3.596378259E+02   2.317051930E+02   1.074288057E+02
  1.4990000E+04   7.747932610E-01   2.902931801E-04   1.207418270E-06   3.501064600E+02   1.220617899E+02   1.059156241E+02
  1.5000000E+04   7.744364557E-01   2.601376234E-04   1.207418270E-06   1.768330064E+01   3.376924550E+02   1.044704973E+02
  1.5010000E+04   7.741163746E-01   2.187387515E-04   1.207418270E-06   7.825107061E+01   1.632625602E+02   1.031963074E+02
  1.5020000E+04   7.735140309E-01   3.480567132E-04   1.207418270E-06   1.861561550E+02   3.073852884E+02   1.015225261E+02
  1.5030000E+04   7.734171016E-01   2.664278548E-04   1.207418270E-06   3.060778811E+02   8.005285678E+01   1.001889120E+02
  1.5040000E+04   7.731152428E-01   3.257533882E-04   1.207418270E-06   1.394963708E+00   2.835600472E+02   9.867026447E+01
  1.5050000E+04   7.728518490E-01   4.468328265E-04   1.207418270E-06   1.223974117E+01   1.733186152E+02   9.714733084E+01
  1.5060000E+04   7.721573927E-01   3.002902381E-04   1.207418270E-06   1.479734524E+02   3.024609140E+02   9.574735467E+01
  1.5070000E+04   7.718643618E-01   2.590955605E-04   1.207418270E-06   2.275310831E+02   1.313271935E+02   9.418640194E+01
  1.5080000E+04   7.718201820E-01   4.462117996E-04   1.207418270E-06   3.531444232E+02   2.773810199E+02   9.287323735E+01
  1.5090000E+04   7.714878184E-01   4.375207614E-04   1.207418270E-06   1.416246611E+01   1.716818453E+02   9.119488420E+01
  1.5100000E+04   7.709052254E-01   2.072317597E-04   1.207418270E-06   1.457432341E+02   3.201723699E+02   8.967670654E+01
  1.5110000E+04   7.706078769E-01   2.017383804E-04   8.537736463E-07   3.197097755E+02   7.532620099E+01   8.823231102E+01
  1.5120000E+04   7.702765563E-01   2.722773287E-04   1.207418270E-06   3.557542456E+02   3.198314351E+02   8.661480995E+01
  1.5130000E+04   7.697610898E-01   2.756515277E-04   8.537736463E-07   1.608009755E+02   8.867093423E+01   8.523798175E+01
  1.5140000E+04   7.695822628E-01   2.503238072E-04   1.207418270E-06   3.116555168E+02   2.253632247E+02   8.369953715E+01
  1.5150000E+04   7.693017476E-01   3.330363376E-04   8.537736463E-07   1.845614682E+00   1.065673667E+02   8.214707173E+01
  1.5160000E+04   7.687612842E-01   2.760175198E-04   8.537736463E-07   1.820673832E+02   2.391908281E+02   8.066959176E+01
  1.5170000E+04   7.686076366E-01   3.233350831E-04   8.537736463E-07   3.484327750E+02   9.263039418E+00   7.903442851E+01
  1.5180000E+04   7.681346664E-01   1.697509721E-04   8.537736463E-07   8.815258327E+01   2.107426332E+02   7.752112350E+01
  1.5190000E+04   7.677481430E-01   2.273086595E-04   1.207418270E-06   2.505712249E+02   5.539465363E+00   7.586022281E+01
  1.5200000E+04   7.675226039E-01   2.680049346E-04   1.207418270E-06   8.435192432E+00   2.014157859E+02   7.426775729E+01
  1.5210000E+04   7.670596967E-01   2.413953003E-04   1.207418270E-06   1.913626466E+02   3.397250517E+02   7.283618857E+01
  1.5220000E+04   7.669556016E-01   3.831292074E-04   1.207418270E-06   1.559578447E+00   1.333436831E+02   7.134955476E+01
  1.5230000E+04   7.665069957E-01   1.251822628E-04   1.207418270E-06   1.692967467E+02   2.891069654E+02   6.989876381E+01
  1.5240000E+04   7.662549704E-01   3.636090490E-04   8.537736463E-07   3.513411664E+02   8.016420160E+01   6.825159968E+01
  1.5250000E+04   7.656761381E-01   2.613971890E-04   1.207418270E-06   1.711465775E+02   2.254466473E+02   6.683373184E+01
  1.5260000E+04   7.654768494E-01   2.594615561E-04   1.207418270E-06   3.569408202E+02   1.744207713E+01   6.519628976E+01
  1.5270000E+04   7.649739847E-01   2.893102104E-04   8.537736463E-07   1.780140839E+02   1.768255463E+02   6.363230518E+01
  1.5280000E+04   7.649653470E-01   4.468602367E-04   1.207418270E-06   3.571427863E+02   3.444699338E+02   6.208278379E+01
  1.5290000E+04   7.643560237E-01   2.593558263E-04   1.207418270E-06   2.321233527E+02   9.761443815E+01   6.062421739E+01
  1.5300000E+04   7.641626104E-01   3.374013504E-04   1.207418270E-06   1.666201375E+01   3.042492310E+02   5.911903928E+01
  1.5310000E+04   7.637951012E-01   2.140390436E-04   1.207418270E-06   3.204144588E+02   3.549569004E+02   5.760306932E+01
  1.5320000E+04   7.634536571E-01   1.414209323E-04   8.537736463E-07   7.860596315E+01   2.252668347E+02   5.602820256E+01
  1.5330000E+04   7.630643110E-01   2.400124571E-04   1.207418270E-06   7.901554267E+00   3.074025124E+02   5.455408212E+01
  1.5340000E+04   7.626672851E-01   2.136306015E-04   8.537736463E-07   2.003388170E+02   1.104175418E+02   5.300059250E+01
  1.5350000E+04   7.624388959E-01   2.841952405E-04   1.207418270E-06   1.779161786E+01   3.114266000E+02   5.149250224E+01
  1.5360000E+04   7.621818039E-01   3.877477743E-04   1.207418270E-06   3.537044478E+02   3.469077937E+02   4.999891935E+01
  1.5370000E+04   7.616687707E-01   1.948217919E-04   1.207418270E-06   1.925220492E+02   1.621626141E+02   4.841542362E+01
  1.5380000E+04   7.613824698E-01   2.840198267E-04   1.207418270E-06   3.261480224E+01   3.387903056E+02   4.679840942E+01
  1.5390000E+04   7.611553563E-01   3.984199455E-04   1.207418270E-06   3.433817927E+02   4.845927410E+01   4.545625581E+01
  1.5400000E+04   7.605178822E-01   3.349633095E-04   8.537736463E-07   1.972661990E+02   2.299397269E+02   4.385089718E+01
  1.5410000E+04   7.604067522E-01   1.959837590E-04   8.537736463E-07   5.242325699E+01   4.137814751E+01   4.219300463E+01
  1.5420000E+04   7.600775410E-01   3.320261545E-04   8.537736463E-07   3.549373705E+02   1.296760093E+02   4.070011723E+01
  1.5430000E+04   7.597020907E-01   2.863098894E-04   8.537736463E-07   3.118984318E+02   2.124766212E+02   3.930717852E+01
  1.5440000E+04   7.592769853E-01   2.275275203E-04   8.537736463E-07   1.876921483E+02   2.351425038E+01   3.771512417E+01
  1.5450000E+04   7.588711595E-01   2.412461586E-04   8.537736463E-07   1.122463076E+02   1.429076738E+02   3.598483230E+01
  1.5460000E+04   7.587545777E-01   3.715844729E-04   8.537736463E-07   3.579832063E+02   3.010592341E+02   3.463448735E+01
  1.5470000E+04   7.585133903E-01   4.737450794E-04   8.537736463E-07   2.496239169E+00   3.511916039E+02   3.312667732E+01
  1.5480000E+04   7.579749579E-01   2.228015194E-04   8.537736463E-07   2.916632782E+02   1.217295707E+02   3.145216648E+01
  1.5490000E+04   7.575461384E-01   2.740225637E-04   8.537736463E-07   2.044192962E+02   2.643338744E+02   2.987816250E+01
  1.5500000E+04   7.572573341E-01   2.413779162E-04   8.537736463E-07   1.346430256E+02   3.857681704E+01   2.842346891E+01
  1.5510000E+04   7.570110197E-01   3.134476445E-04   8.537736463E-07   5.631854589E+01   1.864482436E+02   2.677289276E+01
  1.5520000E+04   7.566239406E-01   2.562894482E-04   8.537736463E-07   1.128205975E+01   2.986879603E+02   2.514188606E+01
  1.5530000E+04   7.562891317E-01   2.672555902E-04   8.537736463E-07   3.512774653E+02   3.627761726E+01   2.362906442E+01
  1.5540000E+04   7.561175201E-01   4.558935273E-04   8.537736463E-07   3.523920891E+02   1.113941894E+02   2.196383649E+01
  1.5550000E+04   7.557523072E-01   3.918314653E-04   8.537736463E-07   3.513108850E+02   1.949864772E+02   2.049800359E+01
  1.5560000E+04   7.554422922E-01   3.821544066E-04   8.537736463E-07   3.375322067E+02   2.942093674E+02   1.866074114E+01
  1.5570000E+04   7.549385578E-01   2.002562607E-04   8.537736463E-07   2.979481476E+02   6.283268909E+01   1.723526909E+01
  1.5580000E+04   7.544871706E-01   2.328103712E-04   8.537736463E-07   2.398267008E+02   2.138851204E+02   1.548886599E+01
  1.5590000E+04   7.542054869E-01   2.005757672E-04   8.537736463E-07   2.410114317E+02   3.092546457E+02   1.386274498E+01
  1.5600000E+04   7.537706924E-01   2.877422794E-04   8.537736463E-07   2.185339193E+02   7.202049413E+01   1.240287902E+01
  1.5610000E+04   7.534190687E-01   3.046981150E-04   8.537736463E-07   2.168750290E+02   1.770265631E+02   1.049632766E+01
  1.5620000E+04   7.531442401E-01   2.667333327E-04   8.537736463E-07   2.310527936E+02   2.718467813E+02   8.977813997E+00
  1.5630000E+04   7.528676988E-01   2.016671408E-04   8.537736463E-07   2.509394819E+02   1.709085933E+00   7.273759118E+00
  1.5640000E+04   7.525330196E-01   1.862078414E-04   8.537736463E-07   2.724671011E+02   9.535925631E+01   5.667850317E+00
  1.5650000E+04   7.522761989E-01   2.408437456E-04   8.537736463E-07   3.190074796E+02   1.697183385E+02   4.061118313E+00
  1.5660000E+04   7.520278583E-01   3.630595791E-04   8.537736463E-07   3.470574814E+02   2.608919196E+02   2.180018943E+00
  1.5670000E+04   7.517216826E-01   4.214183477E-04   8.537736463E-07   2.501373518E+00   1.167291333E+01   6.560812265E-01
  1.5680000E+04   7.513363703E-01   3.605706034E-04   8.537736463E-07   3.527216227E+02   1.553696100E+02   3.587723514E+02
  1.5690000E+04   7.509818678E-01   3.581716043E-04   0.000000000E+00   6.389952193E+00   2.636054779E+02   3.572517236E+02
  1.5700000E+04   7.505066233E-01   2.270815729E-04   8.537736463E-07   7.525420726E+01   3.376192580E+02   3.554075667E+02
  1.5710000E+04   7.501297150E-01   2.972470958E-04   8.537736463E-07   1.351327530E+02   5.981387126E+01   3.538395019E+02
  1.5720000E+04   7.499137859E-01   1.513528023E-04   8.537736463E-07   1.984187283E+02   1.457309789E+02   3.519026635E+02
  1.5730000E+04   7.496860479E-01   3.619351173E-04   8.537736463E-07   3.109202506E+02   1.836959185E+02   3.502324070E+02
  1.5740000E+04   7.492339898E-01   2.809417356E-04   8.537736463E-07   3.530395743E+02   2.915584917E+02   3.483850137E+02
  1.5750000E+04   7.489595191E-01   3.663433436E-04   8.537736463E-07   1.225257463E+01   6.347115744E+01   3.468365751E+02
  1.5760000E+04   7.486345897E-01   2.129803315E-04   0.000000000E+00   6.772379790E+01   2.022536155E+02   3.450053262E+02
  1.5770000E+04   7.480795142E-01   3.417965118E-04   0.000000000E+00   2.027117404E+02   2.473033759E+02   3.431552566E+02
  1.5780000E+04   7.479817902E-01   3.285805893E-04   0.000000000E+00   3.387532580E+02   2.912603919E+02   3.415493861E+02
  1.5790000E+04   7.477460981E-01   4.981658363E-04   8.537736463E-07   3.521999741E+02   2.297938343E+01   3.396072495E+02
  1.5800000E+04   7.470890888E-01   2.960042790E-04   0.000000000E+00   1.266974800E+02   1.432753292E+02   3.379944908E+02
  1.5810000E+04   7.469435558E-01   2.057536334E-04   8.537736463E-07   2.613045643E+02   1.076589006E+02   3.360620333E+02
  1.5820000E+04   7.465377395E-01   2.577187752E-04   0.000000000E+00   2.641847418E+00   2.673567909E+02   3.344647447E+02
  1.5830000E+04   7.463168795E-01   3.113109797E-04   8.537736463E-07   4.689793502E+01   3.277560916E+02   3.325333297E+02
  1.5840000E+04   7.458073997E-01   2.642728214E-04   8.537736463E-07   2.134178670E+02   3.487080268E+02   3.308051980E+02
  1.5850000E+04   7.457105020E-01   4.346773133E-04   0.000000000E+00   2.547586993E+00   8.745019778E+01   3.291696048E+02
  1.5860000E+04   7.451125161E-01   2.563248117E-04   8.537736463E-07   1.111572263E+02   1.190395248E+02   3.270886320E+02
  1.5870000E+04   7.449810245E-01   2.950172296E-04   8.537736463E-07   2.878235616E+02   1.473232140E+02   3.254966411E+02
  1.5880000E+04   7.446482208E-01   3.944306751E-04   0.000000000E+00   7.126820050E+00   2.628675696E+02   3.237381393E+02
  1.5890000E+04   7.441036136E-01   3.114251547E-04   0.000000000E+00   1.702587059E+02   2.797352582E+02   3.219093435E+02
  1.5900000E+04   7.440398512E-01   4.228538642E-04   8.537736463E-07   3.558125910E+02   3.525249584E+02   3.202849162E+02
  1.5910000E+04   7.434564544E-01   2.890510129E-04   8.537736463E-07   1.175156653E+02   7.588984880E+01   3.184463773E+02
  1.5920000E+04   7.432379314E-01   2.960536133E-04   0.000000000E+00   3.013197163E+02   1.487092709E+02   3.165752874E+02
  1.5930000E+04   7.429707913E-01   2.868188104E-04   8.537736463E-07   4.285000999E+01   2.443540075E+02   3.150014470E+02
  1.5940000E+04   7.425577163E-01   1.980353088E-04   8.537736463E-07   2.782419915E+02   2.397832332E+02   3.133124956E+02
  1.5950000E+04   7.421895081E-01   2.473536393E-04   8.537736463E-07   5.389942289E+01   3.190556870E+02   3.113540679E+02
  1.5960000E+04   7.418469336E-01   2.480274015E-04   0.000000000E+00   2.665219787E+02   3.506390268E+00   3.097451635E+02
  1.5970000E+04   7.417290489E-01   3.964137917E-04   0.000000000E+00   2.721180954E+01   6.276740900E+01   3.081395201E+02
  1.5980000E+04   7.414004422E-01   3.696815793E-04   8.537736463E-07   3.209139378E+02   4.791571927E+01   3.063191024E+02
  1.5990000E+04   7.409441957E-01   2.640398460E-04   0.000000000E+00   8.458620638E+01   1.853836709E+02   3.044523893E+02
  1.6000000E+04   7.406577946E-01   3.665315803E-04   0.000000000E+00   3.549978054E+02   9.500585859E+01   3.029225482E+02
  1.6010000E+04   7.401246632E-01   3.381847747E-04   0.000000000E+00   1.633597698E+02   2.866291373E+02   3.012467079E+02
  1.6020000E+04   7.399226720E-01   3.005233257E-04   8.537736463E-07   3.539556660E+02   3.200961967E+02   2.992415046E+02
  1.6030000E+04   7.394784874E-01   2.911317635E-04   8.537736463E-07   2.346358144E+02   3.176810329E+02   2.976406277E+02
  1.6040000E+04   7.392238587E-01   2.315287302E-04   8.537736463E-07   9.746223319E+01   1.769892015E+01   2.959905074E+02
  1.6050000E+04   7.389129660E-01   2.708138265E-04   0.000000000E+00   3.580278303E+02   9.197323804E+01   2.943850947E+02
  1.6060000E+04   7.385033914E-01   3.062375176E-04   8.537736463E-07   2.173556458E+02   7.942695906E+01   2.926446016E+02
  1.6070000E+04   7.382007249E-01   2.669555176E-04   8.537736463E-07   8.631846155E+01   1.060346860E+02   2.908389193E+02
  1.6080000E+04   7.379500116E-01   3.053765267E-04   0.000000000E+00   3.558482283E+02   9.415430615E+01   2.890158666E+02
  1.6090000E+04   7.375841234E-01   2.096010684E-04   8.537736463E-07   2.520542646E+02   1.361503146E+02   2.874619010E+02
  1.6100000E+04   7.372208381E-01   3.115286761E-04   0.000000000E+00   1.265247878E+02   1.434465315E+02   2.858436853E+02
  1.6110000E+04   7.371455337E-01   5.196925644E-04   0.000000000E+00   8.199143791E+00   2.617923577E+02   2.840953520E+02
  1.6120000E+04   7.368362592E-01   5.311551624E-04   0.000000000E+00   3.409971798E+02   2.890226515E+02   2.825204293E+02
  1.6130000E+04   7.362967398E-01   2.499803548E-04   0.000000000E+00   2.491292316E+02   2.008975315E+02   2.806818602E+02
  1.6140000E+04   7.357861982E-01   3.970032936E-04   0.000000000E+00   1.537142531E+02   2.962656093E+02   2.790028492E+02
  1.6150000E+04   7.356860504E-01   3.550792400E-04   0.000000000E+00   3.992361827E+01   5.005025997E+01   2.770859451E+02
  1.6160000E+04   7.353992897E-01   3.738483717E-04   0.000000000E+00   1.417471169E-01   2.698581468E+02   2.754659370E+02
  1.6170000E+04   7.350445303E-01   3.803492542E-04   0.000000000E+00   3.235996706E+02   3.064262035E+02   2.739052792E+02
  1.6180000E+04   7.345260738E-01   3.084307537E-04   0.000000000E+00   2.265254195E+02   4.350022182E+01   2.720970390E+02
  1.6190000E+04   7.342812741E-01   2.961115710E-04   0.000000000E+00   1.679374018E+02   1.020555097E+02   2.704625349E+02
  1.6200000E+04   7.339459879E-01   2.728011024E-04   0.000000000E+00   1.230932181E+02   3.268805971E+02   2.688218170E+02
  1.6210000E+04   7.336576407E-01   3.141787087E-04   0.000000000E+00   6.753048577E+01   2.243624019E+01   2.670246205E+02
  1.6220000E+04   7.335506725E-01   5.231703376E-04   0.000000000E+00   1.035924542E+01   7.962996730E+01   2.652224915E+02
  1.6230000E+04   7.330295232E-01   3.324708727E-04   0.000000000E+00   3.508408314E+02   9.916523554E+01   2.634098308E+02
  1.6240000E+04   7.327926736E-01   4.071428569E-04   0.000000000E+00   1.589074574E+00   8.840963097E+01   2.618577982E+02
  1.6250000E+04   7.324157783E-01   3.757533794E-04   0.000000000E+00   3.512138691E+02   9.879271099E+01   2.601640657E+02
  1.6260000E+04   7.322622635E-01   5.384271359E-04   0.000000000E+00   3.498003681E+02   1.002105648E+02   2.583290279E+02
  1.6270000E+04   7.317237169E-01   3.207913099E-04   0.000000000E+00   3.201450018E+02   1.298785630E+02   2.566688086E+02
  1.6280000E+04   7.315733333E-01   4.579355348E-04   0.000000000E+00   3.368570807E+02   1.131635544E+02   2.549808274E+02
  1.6290000E+04   7.310289702E-01   2.811965450E-04   0.000000000E+00   3.126652517E+02   1.373584481E+02   2.530764981E+02
  1.6300000E+04   7.309502989E-01   5.389203241E-04   0.000000000E+00   3.377127445E+02   1.123106910E+02   2.515652265E+02
  1.6310000E+04   7.304677481E-01   3.646832332E-04   0.000000000E+00   3.460923874E+02   1.039176615E+02   2.496453317E+02
  1.6320000E+04   7.301734337E-01   4.270545442E-04   0.000000000E+00   3.475016422E+02   1.025089538E+02   2.480172799E+02
  1.6330000E+04   7.299048820E-01   4.795298256E-04   0.000000000E+00   3.571239545E+02   9.287880429E+01   2.462175441E+02
  1.6340000E+04   7.294908574E-01   4.043305419E-04   0.000000000E+00   6.184967875E+00   8.381003778E+01   2.442916050E+02
  1.6350000E+04   7.291755679E-01   3.861514989E-04   0.000000000E+00   2.185929988E+01   6.812421731E+01   2.426056156E+02
  1.6360000E+04   7.288992921E-01   3.445710300E-04   0.000000000E+00   4.892680037E+01   4.104342467E+01   2.409690387E+02
  1.6370000E+04   7.284650126E-01   3.128773182E-04   0.000000000E+00   1.211218452E+02   1.488474682E+02   2.391756557E+02
  1.6380000E+04   7.280000520E-01   3.892120431E-04   0.000000000E+00   1.866662605E+02   8.333891443E+01   2.372350523E+02
  1.6390000E+04   7.277072732E-01   3.207104543E-04   0.000000000E+00   2.451245594E+02   2.490877617E+01   2.352967597E+02
  1.6400000E+04   7.275373141E-01   4.003366653E-04   0.000000000E+00   3.362654070E+02   2.937530663E+02   2.334900619E+02
  1.6410000E+04   7.272792362E-01   4.857537989E-04   0.000000000E+00   3.540012057E+02   2.760046151E+02   2.316795372E+02
  1.6420000E+04   7.269624917E-01   3.527120939E-04   0.000000000E+00   4.533260290E+01   4.463864305E+01   2.297362900E+02
  1.6430000E+04   7.265180620E-01   2.560588252E-04   0.000000000E+00   1.759890104E+02   2.740089379E+02   2.281689730E+02
  1.6440000E+04   7.262442981E-01   3.010615433E-04   0.000000000E+00   2.809364625E+02   1.690974124E+02   2.265257140E+02
  1.6450000E+04   7.259753385E-01   4.541163188E-04   0.000000000E+00   1.803197428E+00   2.681951642E+02   2.247866285E+02
  1.6460000E+04   7.256816032E-01   4.820098672E-04   0.000000000E+00   4.213004842E+01   2.278328830E+02   2.231252952E+02
  1.6470000E+04   7.252319736E-01   2.627460795E-04   0.000000000E+00   1.709786037E+02   9.901667677E+01   2.209076806E+02
  1.6480000E+04   7.250840555E-01   4.710474109E-04   0.000000000E+00   3.298523603E+02   1.201747629E+02   2.190360519E+02
  1.6490000E+04   7.246947252E-01   4.788670658E-04   0.000000000E+00   1.040772039E+01   7.958236067E+01   2.174128325E+02
  1.6500000E+04   7.243101571E-01   2.282576248E-04   0.000000000E+00   1.348951994E+02   1.350862751E+02   2.159452731E+02
  1.6510000E+04   7.240661674E-01   4.679763954E-04   0.000000000E+00   3.144539465E+02   3.155843483E+02   2.142473790E+02
  1.6520000E+04   7.236612725E-01   4.212014308E-04   0.000000000E+00   1.511371991E+01   7.487368899E+01   2.124727444E+02
  1.6530000E+04   7.231470766E-01   4.340694012E-04   0.000000000E+00   1.828658464E+02   2.671366391E+02   2.103618998E+02
  1.6540000E+04   7.230047914E-01   3.942002146E-04   0.000000000E+00   3.424714165E+02   2.875421949E+02   2.094047655E+02
  1.6550000E+04   7.227177697E-01   3.570973535E-04   0.000000000E+00   7.218262686E+01   1.977784102E+02   2.077328549E+02
  1.6560000E+04   7.224481319E-01   3.600252984E-04   0.000000000E+00   2.967267976E+02   1.533100580E+02   2.061509986E+02
  1.6570000E+04   7.220519750E-01   4.005984283E-04   0.000000000E+00   1.800647853E+01   7.197932428E+01   2.043445451E+02
  1.6580000E+04   7.215787669E-01   3.882276976E-04   0.000000000E+00   2.130315101E+02   5.699273027E+01   2.029398002E+02
  1.6590000E+04   7.215360162E-01   5.996875596E-04   0.000000000E+00   7.245021178E+00   8.274630601E+01   2.016993216E+02
  1.6600000E+04   7.209525246E-01   3.898840613E-04   0.000000000E+00   2.000428434E+02   2.499724615E+02   2.000829911E+02
  1.6610000E+04   7.206976684E-01   3.675572883E-04   0.000000000E+00   1.147218549E+00   2.688519378E+02   1.989831183E+02
  1.6620000E+04   7.203857410E-01   3.128531437E-04   0.000000000E+00   2.037094636E+02   2.463049466E+02   1.978314969E+02
  1.6630000E+04   7.201357800E-01   4.653446565E-04   0.000000000E+00   5.568216558E+00   2.644266063E+02   1.962148577E+02
  1.6640000E+04   7.197858039E-01   2.951170315E-04   0.000000000E+00   2.542965098E+02   1.573604258E+01   1.949659897E+02
  1.6650000E+04   7.195418279E-01   4.294617249E-04   0.000000000E+00   3.473878773E+01   5.523315673E+01   1.937262907E+02
  1.6660000E+04   7.191647564E-01   3.970918537E-04   0.000000000E+00   3.074067659E+02   3.226293903E+02   1.929760109E+02
  1.6670000E+04   7.187956420E-01   2.669849181E-04   0.000000000E+00   1.226705356E+02   3.273037152E+02   1.916487981E+02
  1.6680000E+04   7.184649935E-01   3.775720731E-04   0.000000000E+00   3.577928021E+02   2.722088650E+02   1.914206262E+02
  1.6690000E+04   7.180707749E-01   4.048929162E-04   0.000000000E+00   2.253146271E+02   4.471834869E+01   1.902515765E+02
  1.6700000E+04   7.179098091E-01   4.414414847E-04   0.000000000E+00   5.967959115E+01   3.027673052E+01   1.896066904E+02
  1.6710000E+04   7.176090791E-01   5.016247946E-04   0.000000000E+00   3.432197653E+02   2.867968398E+02   1.893019658E+02
  1.6720000E+04   7.172193955E-01   3.339613816E-04   0.000000000E+00   2.198715394E+02   2.301529859E+02   1.887955822E+02
  1.6730000E+04   7.168684359E-01   3.980108580E-04   0.000000000E+00   7.498119109E+01   1.949747525E+02   1.891368842E+02
  1.6740000E+04   7.166411566E-01   4.947098330E-04   0.000000000E+00   3.506621084E+02   9.934709544E+01   1.877485864E+02
  1.6750000E+04   7.162607858E-01   3.923602829E-04   0.000000000E+00   2.575767778E+02   1.246712598E+01   1.885643551E+02
  1.6760000E+04   7.158989790E-01   3.785739223E-04   0.000000000E+00   1.338819111E+02   3.160868312E+02   1.875077398E+02
  1.6770000E+04   7.155835461E-01   3.873449403E-04   0.000000000E+00   3.743895578E+01   2.325340506E+02   1.889448149E+02
  1.6780000E+04   7.153991615E-01   5.399965282E-04   0.000000000E+00   3.464626365E+02   1.035518576E+02   1.892148133E+02
  1.6790000E+04   7.149824931E-01   4.065318195E-04   0.000000000E+00   2.670055824E+02   3.040937832E+00   1.897331248E+02
  1.6800000E+04   7.146772763E-01   2.963569022E-04   0.000000000E+00   1.814552735E+02   2.685455887E+02   1.915570346E+02
  1.6810000E+04   7.143851533E-01   4.132601692E-04   0.000000000E+00   8.797153739E+01   1.819811353E+02   1.920287267E+02
  1.6820000E+04   7.140661155E-01   4.845522193E-04   0.000000000E+00   3.043869871E+01   2.395331564E+02   1.948002848E+02
  1.6830000E+04   7.136551621E-01   3.806164987E-04   0.000000000E+00   3.555548822E+02   9.444849983E+01   1.962472711E+02
  1.6840000E+04   7.134140334E-01   4.638428255E-04   0.000000000E+00   3.285653353E+02   3.014623988E+02   1.981314681E+02
  1.6850000E+04   7.130784357E-01   3.951825721E-04   0.000000000E+00   2.871643950E+02   1.628788790E+02   2.015317623E+02
  1.6860000E+04   7.126907829E-01   3.879089518E-04   0.000000000E+00   2.334093482E+02   3.662633189E+01   2.037140459E+02
  1.6870000E+04   7.122997472E-01   4.789837627E-04   0.000000000E+00   1.935651721E+02   7.644769433E+01   2.071404108E+02
  1.6880000E+04   7.119772775E-01   5.243357752E-04   0.000000000E+00   1.731745124E+02   2.768183515E+02   2.091038246E+02
  1.6890000E+04   7.116594867E-01   4.873704840E-04   0.000000000E+00   1.535246880E+02   1.164504277E+02   2.132994166E+02
  1.6900000E+04   7.114141152E-01   4.424851531E-04   0.000000000E+00   1.371895797E+02   3.127759764E+02   2.162309111E+02
  1.6910000E+04   7.111627414E-01   4.054603902E-04   0.000000000E+00   1.135981578E+02   3.363592739E+02   2.194335170E+02
  1.6920000E+04   7.108806459E-01   3.796022014E-04   0.000000000E+00   1.148321387E+02   1.551283918E+02   2.227342093E+02
  1.6930000E+04   7.105109561E-01   3.708897185E-04   0.000000000E+00   1.305594320E+02   3.194082885E+02   2.242529344E+02
  1.6940000E+04   7.101494531E-01   4.213699219E-04   0.000000000E+00   1.449030776E+02   3.050691721E+02   2.273788258E+02
  1.6950000E+04   7.098212371E-01   4.609934865E-04   0.000000000E+00   1.567718564E+02   1.132073204E+02   2.301936915E+02
  1.6960000E+04   7.094217171E-01   5.636555381E-04   0.000000000E+00   1.812470304E+02   8.875437429E+01   2.312505159E+02
  1.6970000E+04   7.092772811E-01   3.414533458E-04   0.000000000E+00   2.093137470E+02   2.407054024E+02   2.329201797E+02
  1.6980000E+04   7.090125688E-01   4.513146395E-04   0.000000000E+00   2.624446182E+02   1.876066459E+02   2.349668012E+02
  1.6990000E+04   7.085940148E-01   4.052892936E-04   0.000000000E+00   2.863065614E+02   3.437380194E+02   2.345921211E+02
  1.7000000E+04   7.085296148E-01   7.074328319E-04   0.000000000E+00   3.489695576E+02   2.810459663E+02   2.367455653E+02
  1.7010000E+04   7.080869310E-01   5.673099850E-04   0.000000000E+00   3.514793648E-01   8.964812156E+01   2.377085042E+02
  1.7020000E+04   7.076793080E-01   4.548852433E-04   0.000000000E+00   5.779591594E+01   3.215996400E+01   2.375460805E+02
  1.7030000E+04   7.074458362E-01   3.909780165E-04   0.000000000E+00   1.100995428E+02   1.598583901E+02   2.375585488E+02
  1.7040000E+04   7.068832169E-01   6.159198743E-04   0.000000000E+00   1.999734103E+02   7.005068100E+01   2.375304899E+02
  1.7050000E+04   7.068806471E-01   5.118562886E-04   0.000000000E+00   3.072985932E+02   3.227480838E+02   2.376883831E+02
  1.7060000E+04   7.064766569E-01   5.582253744E-04   0.000000000E+00   3.511382366E+02   9.887162448E+01   2.368008442E+02
  1.7070000E+04   7.062699996E-01   5.825703280E-04   0.000000000E+00   5.063742109E+01   3.931094154E+01   2.365215813E+02
  1.7080000E+04   7.056638225E-01   6.281575123E-04   0.000000000E+00   1.761950269E+02   2.738002001E+02   2.361101256E+02
  1.7090000E+04   7.056269340E-01   5.124048209E-04   0.000000000E+00   3.030427513E+02   1.470064864E+02   2.353267733E+02
  1.7100000E+04   7.051998138E-01   5.611032352E-04   0.000000000E+00   9.177733792E+00   2.608120038E+02   2.340417973E+02
  1.7110000E+04   7.048172089E-01   4.787791824E-04   0.000000000E+00   1.231526789E+02   1.468014031E+02   2.329959873E+02
  1.7120000E+04   7.046435529E-01   4.232246607E-04   0.000000000E+00   2.654428209E+02   4.605521723E+00   2.312627625E+02
  1.7130000E+04   7.042547059E-01   5.232604235E-04   0.000000000E+00   2.661720446E+00   2.673354932E+02   2.307514275E+02
  1.7140000E+04   7.039413279E-01   4.533356195E-04   0.000000000E+00   1.313122109E+02   1.386487840E+02   2.297147998E+02
  1.7150000E+04   7.037724568E-01   5.351276374E-04   0.000000000E+00   2.955514421E+02   3.345038976E+02   2.286164697E+02
  1.7160000E+04   7.033646769E-01   6.232767949E-04   0.000000000E+00   3.357580645E+01   2.363846685E+02   2.268320098E+02
  1.7170000E+04   7.028340396E-01   6.442997201E-04   0.000000000E+00   1.951922189E+02   2.548271142E+02   2.251552757E+02
  1.7180000E+04   7.027961571E-01   6.938532368E-04   0.000000000E+00   3.501439423E+02   9.986967934E+01   2.234410871E+02
  1.7190000E+04   7.023633912E-01   4.349461520E-04   0.000000000E+00   1.436032096E+02   3.063672290E+02   2.218427406E+02
  1.7200000E+04   7.022528443E-01   7.327521885E-04   0.000000000E+00   3.334276951E+02   1.166098965E+02   2.203547222E+02
  1.7210000E+04   7.018403934E-01   4.889879229E-04   0.000000000E+00   1.020570390E+02   3.478881702E+02   2.190396736E+02
  1.7220000E+04   7.015781073E-01   6.206379975E-04   0.000000000E+00   3.192375363E+02   1.308089269E+02   2.174529879E+02
  1.7230000E+04   7.011422394E-01   5.015606493E-04   0.000000000E+00   1.040863930E+02   1.658578692E+02   2.160293934E+02
  1.7240000E+04   7.009237545E-01   6.530442883E-04   0.000000000E+00   3.266515697E+02   3.033895964E+02   2.142780872E+02
  1.7250000E+04   7.004036413E-01   6.170441810E-04   0.000000000E+00   1.413752784E+02   1.285806110E+02   2.126390306E+02
  1.7260000E+04   7.003340593E-01   7.585499977E-04   0.000000000E+00   3.468527637E+02   2.831670256E+02   2.109166871E+02
  1.7270000E+04   6.998666432E-01   5.269620097E-04   0.000000000E+00   1.784766484E+02   9.152174733E+01   2.094991516E+02
  1.7280000E+04   6.997426849E-01   8.412255972E-04   0.000000000E+00   2.446860019E+01   2.454914343E+02   2.072873573E+02
  1.7290000E+04   6.993260290E-01   5.148734646E-04   0.000000000E+00   2.701544466E+02   3.599045535E+02   2.057440805E+02
  1.7300000E+04   6.990132450E-01   5.236606695E-04   0.000000000E+00   1.067974031E+02   3.431451610E+02   2.039969005E+02
  1.7310000E+04   6.987570923E-01   7.287842026E-04   0.000000000E+00   3.484754875E+02   1.015412121E+02   2.024275876E+02
  1.7320000E+04   6.982882975E-01   6.942347510E-04   0.000000000E+00   2.318343129E+02   2.182282006E+02   2.005447297E+02
  1.7330000E+04   6.979938500E-01   5.687620953E-04   0.000000000E+00   1.077831536E+02   3.421547986E+02   1.986974348E+02
  1.7340000E+04   6.978741094E-01   8.431300814E-04   0.000000000E+00   3.566705142E+02   2.733351029E+02   1.967731113E+02
  1.7350000E+04   6.975191864E-01   6.297346359E-04   0.000000000E+00   2.732760726E+02   3.567959750E+02   1.946389912E+02
  1.7360000E+04   6.969864792E-01   7.881340274E-04   0.000000000E+00   1.653503335E+02   2.846268473E+02   1.928966671E+02
  1.7370000E+04   6.968628066E-01   6.939022325E-04   0.000000000E+00   5.368379713E+01   3.625209961E+01   1.907730803E+02
  1.7380000E+04   6.966955046E-01   8.946584310E-04   0.000000000E+00   3.481755776E+02   1.018454532E+02   1.894316319E+02
  1.7390000E+04   6.961949353E-01   6.697662679E-04   0.000000000E+00   2.669632905E+02   3.113347902E+00   1.877956703E+02
  1.7400000E+04   6.957935316E-01   7.733224601E-04   0.000000000E+00   1.871287033E+02   8.288228330E+01   1.861141503E+02
  1.7410000E+04   6.956548438E-01   5.727177034E-04   0.000000000E+00   1.112733181E+02   3.386655411E+02   1.846743776E+02
  1.7420000E+04   6.953004684E-01   7.356430029E-04   0.000000000E+00   4.837906987E+01   4.155787384E+01   1.826477114E+02
  1.7430000E+04   6.951513472E-01   9.299294326E-04   0.000000000E+00   3.578958648E+02   2.721080523E+02   1.805713897E+02
  1.7440000E+04   6.947213813E-01   8.076029753E-04   0.000000000E+00   3.268374285E+02   3.032132377E+02   1.783935500E+02
  1.7450000E+04   6.945262307E-01   7.581527300E-04   0.000000000E+00   2.992390381E+02   1.508368057E+02   1.767318192E+02
  1.7460000E+04   6.939864298E-01   7.314550832E-04   0.000000000E+00   2.347107640E+02   2.153576165E+02   1.752413203E+02
  1.7470000E+04   6.937631849E-01   7.329535004E-04   0.000000000E+00   2.136113185E+02   5.643513938E+01   1.736671633E+02
  1.7480000E+04   6.934625892E-01   7.405358500E-04   0.000000000E+00   1.844685390E+02   2.655380664E+02   1.710110350E+02
  1.7490000E+04   6.929991623E-01   9.054962443E-04   0.000000000E+00   1.684107018E+02   2.815684760E+02   1.687818616E+02
  1.7500000E+04   6.928503755E-01   7.188185213E-04   0.000000000E+00   1.526826957E+02   1.172795332E+02   1.672211952E+02
  1.7510000E+04   6.925878645E-01   7.547534971E-04   0.000000000E+00   1.398307109E+02   3.101135402E+02   1.657821523E+02
  1.7520000E+04   6.921710653E-01   8.770702499E-04   0.000000000E+00   1.533488293E+02   2.966061327E+02   1.631260803E+02
  1.7530000E+04   6.919027012E-01   7.736856712E-04   0.000000000E+00   1.592839364E+02   1.106847304E+02   1.611038534E+02
  1.7540000E+04   6.916972588E-01   7.363184750E-04   0.000000000E+00   1.710099505E+02   2.789768767E+02   1.597715096E+02
  1.7550000E+04   6.913819701E-01   8.115474559E-04   0.000000000E+00   1.919541050E+02   7.806513814E+01   1.574044553E+02
  1.7560000E+04   6.910687759E-01   8.177321690E-04   0.000000000E+00   2.269512783E+02   2.231171513E+02   1.548648379E+02
  1.7570000E+04   6.907663554E-01   8.475961859E-04   0.000000000E+00   2.603821617E+02   1.897135835E+02   1.534570097E+02
  1.7580000E+04   6.904493199E-01   9.069023374E-04   0.000000000E+00   2.965410541E+02   3.335519643E+02   1.508272905E+02
  1.7590000E+04   6.901598433E-01   1.023973325E-03   0.000000000E+00   3.403555536E+02   1.096839412E+02   1.485160629E+02
  1.7600000E+04   6.899264478E-01   1.066133360E-03   0.000000000E+00   2.863425455E+01   2.413071311E+02   1.472482549E+02
  1.7610000E+04   6.895987931E-01   9.005099947E-04   0.000000000E+00   8.506549172E+01   4.831689998E+00   1.443259306E+02
  1.7620000E+04   6.891650876E-01   1.026686685E-03   0.000000000E+00   1.615534256E+02   1.084093929E+02   1.425153780E+02
  1.7630000E+04   6.889888960E-01   1.018834375E-03   0.000000000E+00   2.396908421E+02   2.104098849E+02   1.402298079E+02
  1.7640000E+04   6.887215423E-01   1.114219426E-03   0.000000000E+00   3.238532387E+02   3.062221590E+02   1.380650837E+02
  1.7650000E+04   6.884075568E-01   1.100652354E-03   0.000000000E+00   3.192977725E+01   5.800343962E+01   1.364093805E+02
  1.7660000E+04   6.879220307E-01   1.164724180E-03   0.000000000E+00   1.332862961E+02   1.366166449E+02   1.334960782E+02
  1.7670000E+04   6.877717198E-01   1.118980755E-03   0.000000000E+00   2.316149675E+02   2.184854557E+02   1.322962358E+02
  1.7680000E+04   6.875852312E-01   1.258383399E-03   0.000000000E+00   3.448063157E+02   2.852315341E+02   1.292772511E+02
  1.7690000E+04   6.873345939E-01   1.146526916E-03   0.000000000E+00   7.440584175E+01   1.546756346E+01   1.280343619E+02
  1.7700000E+04   6.869406326E-01   1.145066324E-03   0.000000000E+00   2.065628044E+02   6.349579707E+01   1.251831946E+02
  1.7710000E+04   6.866257770E-01   1.327862212E-03   0.000000000E+00   3.332951600E+02   2.967733222E+02   1.236957371E+02
  1.7720000E+04   6.863324071E-01   1.353952968E-03   0.000000000E+00   1.014653188E+02   3.483826770E+02   1.210788769E+02
  1.7730000E+04   6.861036119E-01   1.282791786E-03   0.000000000E+00   2.468128450E+02   2.332219284E+01   1.190158363E+02
  1.7740000E+04   6.857997417E-01   1.461470071E-03   0.000000000E+00   1.890778113E+01   7.103785627E+01   1.174793224E+02
  1.7750000E+04   6.854203604E-01   1.591705759E-03   0.000000000E+00   1.797248897E+02   9.027423624E+01   1.142912655E+02
  1.7760000E+04   6.853006686E-01   1.707821312E-03   0.000000000E+00   3.406419781E+02   2.894230221E+02   1.133721608E+02
  1.7770000E+04   6.847891092E-01   1.681937399E-03   0.000000000E+00   1.487384041E+02   3.011617559E+02   1.107005666E+02
  1.7780000E+04   6.848028171E-01   1.771553570E-03   0.000000000E+00   3.244159338E+02   3.057024072E+02   1.079230498E+02
  1.7790000E+04   6.842679902E-01   1.887232307E-03   0.000000000E+00   1.429655041E+02   1.269044878E+02   1.072459125E+02
  1.7800000E+04   6.843232824E-01   2.067583425E-03   0.000000000E+00   3.325064696E+02   1.176031589E+02   1.046204086E+02
  1.7810000E+04   6.837114794E-01   2.056932296E-03   0.000000000E+00   1.633996800E+02   1.065331456E+02   1.011251078E+02
  1.7820000E+04   6.837609698E-01   2.305400099E-03   0.000000000E+00   1.640407928E+00   2.683520077E+02   1.000203269E+02
  1.7830000E+04   6.834593952E-01   2.069564055E-03   0.000000000E+00   2.172998731E+02   2.328435441E+02   9.892340807E+01
  1.7840000E+04   6.830310833E-01   2.324985529E-03   0.000000000E+00   7.224603617E+01   1.750000440E+01   9.594540601E+01
  1.7850000E+04   6.830569142E-01   2.569688979E-03   0.000000000E+00   3.022969739E+02   3.279523612E+02   9.242292607E+01
  1.7860000E+04   6.825583108E-01   2.702135197E-03   0.000000000E+00   1.678391362E+02   1.020958502E+02   8.957559610E+01
  1.7870000E+04   6.823541768E-01   2.939159215E-03   0.000000000E+00   4.815538905E+01   4.159309179E+01   8.838649139E+01
  1.7880000E+04   6.822283112E-01   3.091570045E-03   0.000000000E+00   3.001944437E+02   1.501123532E+02   8.782994418E+01
  1.7890000E+04   6.819398263E-01   3.189257228E-03   0.000000000E+00   1.925161448E+02   7.756274905E+01   8.713585313E+01
  1.7900000E+04   6.816995474E-01   3.453148077E-03   0.000000000E+00   9.342209032E+01   1.761830185E+02   8.625760527E+01
  1.7910000E+04   6.815931866E-01   3.929971526E-03   0.000000000E+00   5.528050105E+00   8.442835400E+01   8.512445086E+01
  1.7920000E+04   6.813460619E-01   3.799840082E-03   0.000000000E+00   2.870998091E+02   1.633169502E+02   8.416648960E+01
  1.7930000E+04   6.810889448E-01   3.631502941E-03   0.000000000E+00   2.101137461E+02   6.009422149E+01   8.315911000E+01
  1.7940000E+04   6.806988191E-01   3.824326219E-03   0.000000000E+00   1.434618626E+02   1.262782299E+02   8.261230536E+01
  1.7950000E+04   6.803818030E-01   3.689049026E-03   0.000000000E+00   8.961393315E+01   1.799633333E+02   8.174957940E+01
  1.7960000E+04   6.801150706E-01   3.420298830E-03   0.000000000E+00   4.011570851E+01   4.963092571E+01   7.996784745E+01
  1.7970000E+04   6.799403693E-01   3.267201460E-03   0.000000000E+00   3.594195174E+02   9.058429117E+01   7.702026144E+01
  1.7980000E+04   6.797160164E-01   2.976740871E-03   0.000000000E+00   3.275805101E+02   1.226029392E+02   7.340334050E+01
  1.7990000E+04   6.794190596E-01   2.590355471E-03   0.000000000E+00   3.078380926E+02   3.223967963E+02   7.052569920E+01
  1.8000000E+04   6.792476591E-01   2.207883677E-03   0.000000000E+00   3.001028041E+02   3.301163800E+02   6.972087701E+01
  1.8010000E+04   6.788901195E-01   2.042068748E-03   0.000000000E+00   2.984673042E+02   3.317386562E+02   6.858226523E+01
  1.8020000E+04   6.784847669E-01   1.727168471E-03   0.000000000E+00   3.009331794E+02   3.292367774E+02   6.553831453E+01
  1.8030000E+04   6.782423415E-01   1.769381655E-03   0.000000000E+00   3.189528245E+02   1.311805439E+02   6.194714546E+01
  1.8040000E+04   6.779674459E-01   1.641814309E-03   0.000000000E+00   3.375313316E+02   1.125407073E+02   6.063313531E+01
  1.8050000E+04   6.777426362E-01   1.610577457E-03   0.000000000E+00   5.586508125E+00   8.439548930E+01   5.879369607E+01
  1.8060000E+04   6.772240359E-01   1.310006460E-03   0.000000000E+00   4.825300703E+01   4.163487064E+01   5.530653606E+01
  1.8070000E+04   6.769539550E-01   1.256053759E-03   0.000000000E+00   9.061752446E+01   3.592385533E+02   5.401276498E+01
  1.8080000E+04   6.769419108E-01   9.137993174E-04   0.000000000E+00   1.425608185E+02   3.073755818E+02   5.204801178E+01
  1.8090000E+04   6.765525815E-01   1.329652042E-03   0.000000000E+00   2.174111215E+02   2.326813239E+02   4.844509333E+01
  1.8100000E+04   6.762920632E-01   1.415869516E-03   0.000000000E+00   2.750200743E+02   1.751415749E+02   4.741082645E+01
  1.8110000E+04   6.758882250E-01   1.172901632E-03   0.000000000E+00   3.336540418E+02   1.164056841E+02   4.432774693E+01
  1.8120000E+04   6.756200121E-01   1.058112620E-03   0.000000000E+00   7.012662701E+01   1.975929194E+01   4.209777643E+01
  1.8130000E+04   6.755480420E-01   1.021606414E-03   0.000000000E+00   1.487521889E+02   3.011871497E+02   3.965860303E+01
  1.8140000E+04   6.751409858E-01   1.101659017E-03   0.000000000E+00   2.478517155E+02   2.022651494E+02   3.699068344E+01
  1.8150000E+04   6.748062143E-01   8.925445849E-04   0.000000000E+00   3.456758518E+02   1.043494800E+02   3.533588815E+01
  1.8160000E+04   6.747474864E-01   1.005245374E-03   0.000000000E+00   9.273545702E+01   3.571494886E+02   3.209154780E+01
  1.8170000E+04   6.743770026E-01   1.059789168E-03   0.000000000E+00   2.283007372E+02   2.217898578E+02   2.968034505E+01
  1.8180000E+04   6.739521182E-01   1.005045522E-03   0.000000000E+00   3.340861251E+02   1.159642633E+02   2.744859962E+01
  1.8190000E+04   6.737482779E-01   7.823571082E-04   0.000000000E+00   9.562347494E+01   1.742873136E+02   2.507573848E+01
  1.8200000E+04   6.735030173E-01   9.153465319E-04   0.000000000E+00   2.718177165E+02   3.582871254E+02   2.315599965E+01
  1.8210000E+04   6.730993205E-01   8.873954534E-04   0.000000000E+00   4.147559367E+01   2.284570022E+02   1.961957747E+01
  1.8220000E+04   6.730584789E-01   6.594291642E-04   0.000000000E+00   1.895321796E+02   8.048032387E+01   1.797366842E+01
  1.8230000E+04   6.725181210E-01   7.809041326E-04   0.000000000E+00   3.468299462E+02   2.831904617E+02   1.508715026E+01
  1.8240000E+04   6.724212223E-01   5.279777066E-04   0.000000000E+00   1.375080814E+02   3.124510704E+02   1.282020588E+01
  1.8250000E+04   6.719270677E-01   6.419697377E-04   0.000000000E+00   3.356070439E+02   1.144233598E+02   1.101852686E+01
  1.8260000E+04   6.718835141E-01   6.885005785E-04   0.000000000E+00   1.506813477E+02   2.992800484E+02   7.820412945E+00
  1.8270000E+04   6.715135573E-01   7.045266190E-04   0.000000000E+00   3.477583212E+02   2.822588117E+02   4.991498785E+00
  1.8280000E+04   6.713291658E-01   6.425082093E-04   0.000000000E+00   1.806317298E+02   8.936908129E+01   3.206489993E+00
  1.8290000E+04   6.708014206E-01   5.452311543E-04   0.000000000E+00   2.633425522E+01   6.363801176E+01   7.338462776E-01
  1.8300000E+04   6.706081318E-01   6.357755096E-04   0.000000000E+00   2.527572554E+02   1.973123085E+02   3.577864245E+02
  1.8310000E+04   6.702613056E-01   6.314861396E-04   0.000000000E+00   1.026361705E+02   3.472932315E+02   3.554632861E+02
  1.8320000E+04   6.699174032E-01   4.783249375E-04   0.000000000E+00   3.231273968E+02   3.069055082E+02   3.536135273E+02
  1.8330000E+04   6.698523494E-01   6.368147081E-04   0.000000000E+00   2.051893715E+02   6.484166458E+01   3.512900765E+02
  1.8340000E+04   6.696338940E-01   7.338820014E-04   0.000000000E+00   7.259136047E+01   1.732837288E+01   3.484926532E+02
  1.8350000E+04   6.693857554E-01   7.242678559E-04   0.000000000E+00   3.406694478E+02   1.093580485E+02   3.454159171E+02
  1.8360000E+04   6.692259693E-01   6.293292661E-04   0.000000000E+00   2.630309802E+02   7.040595996E+00   3.423676339E+02
  1.8370000E+04   6.687344533E-01   5.787776880E-04   0.000000000E+00   1.262195755E+02   3.237269406E+02   3.398467952E+02
  1.8380000E+04   6.683099641E-01   6.122595830E-04   0.000000000E+00   4.860019909E+01   4.134714648E+01   3.373897521E+02
  1.8390000E+04   6.681114657E-01   7.303182768E-04   0.000000000E+00   3.266352194E+02   3.034108415E+02   3.349775251E+02
  1.8400000E+04   6.676581760E-01   6.051724916E-04   0.000000000E+00   2.495840199E+02   2.048095447E+01   3.326888927E+02
  1.8410000E+04   6.674655657E-01   3.683695448E-04   0.000000000E+00   1.404038683E+02   3.095692365E+02   3.305320820E+02
  1.8420000E+04   6.671097551E-01   5.332295222E-04   0.000000000E+00   7.811280852E+01   1.918273900E+02   3.278598547E+02
  1.8430000E+04   6.666735456E-01   4.551855787E-04   0.000000000E+00   4.093448301E+01   4.903132701E+01   3.252868694E+02
  1.8440000E+04   6.665612409E-01   5.738752212E-04   0.000000000E+00   3.501626162E+02   9.984862723E+01   3.227361100E+02
  1.8450000E+04   6.662385216E-01   5.415585204E-04   0.000000000E+00   2.947400871E+02   3.353162910E+02   3.201588799E+02
  1.8460000E+04   6.662780179E-01   6.144529186E-04   0.000000000E+00   2.954414691E+02   1.546221348E+02   3.174934841E+02
  1.8470000E+04   6.659538829E-01   5.152336903E-04   0.000000000E+00   2.637424635E+02   6.316222033E+00   3.150671400E+02
  1.8480000E+04   6.658509816E-01   4.562460313E-04   0.000000000E+00   2.680220214E+02   1.820302283E+02   3.125839159E+02
  1.8490000E+04   6.655125810E-01   3.866580788E-04   0.000000000E+00   2.430227153E+02   2.070167625E+02   3.099748512E+02
  1.8500000E+04   6.652358286E-01   4.245242734E-04   0.000000000E+00   2.461014967E+02   2.394296986E+01   3.073546856E+02
  1.8510000E+04   6.650791565E-01   4.442742772E-04   0.000000000E+00   2.776555032E+02   1.723949568E+02   3.048503171E+02
  1.8520000E+04   6.646771381E-01   4.125206500E-04   0.000000000E+00   2.810662567E+02   3.489801403E+02   3.021335644E+02
  1.8530000E+04   6.642521201E-01   4.423000912E-04   0.000000000E+00   2.893946738E+02   1.606531427E+02   2.998986988E+02
  1.8540000E+04   6.638776039E-01   4.908729073E-04   0.000000000E+00   3.102393001E+02   3.198036555E+02   2.972082511E+02
  1.8550000E+04   6.635433866E-01   5.451527667E-04   0.000000000E+00   3.352091565E+02   1.148170538E+02   2.949039024E+02
  1.8560000E+04   6.631476332E-01   4.768772216E-04   0.000000000E+00   1.526264402E+01   2.547229624E+02   2.922662494E+02
  1.8570000E+04   6.628484325E-01   5.765370280E-04   0.000000000E+00   4.668888865E+01   4.326301513E+01   2.890175635E+02
  1.8580000E+04   6.624676658E-01   4.946207039E-04   0.000000000E+00   8.332817915E+01   1.866155213E+02   2.862037519E+02
  1.8590000E+04   6.621161085E-01   4.429122106E-04   0.000000000E+00   1.281850910E+02   3.217750292E+02   2.837667834E+02
  1.8600000E+04   6.617694520E-01   4.052341180E-04   0.000000000E+00   2.174910331E+02   2.325372185E+02   2.812908142E+02
  1.8610000E+04   6.614039516E-01   4.505845578E-04   0.000000000E+00   2.754440098E+02   3.546073932E+02   2.791009924E+02
  1.8620000E+04   6.609497118E-01   3.589725746E-04   0.000000000E+00   3.176945868E+02   1.323331098E+02   2.766081939E+02
  1.8630000E+04   6.606795942E-01   3.645925480E-04   0.000000000E+00   4.366627530E+01   2.263048684E+02   2.734099190E+02
  1.8640000E+04   6.604849487E-01   4.536971962E-04   0.000000000E+00   1.057505918E+02   3.441993781E+02   2.708866572E+02
  1.8650000E+04   6.602262058E-01   4.026554912E-04   0.000000000E+00   2.185333068E+02   2.314954262E+02   2.683349955E+02
  1.8660000E+04   6.599307900E-01   4.257467039E-04   0.000000000E+00   3.090203510E+02   3.210175654E+02   2.658519254E+02
  1.8670000E+04   6.597270009E-01   5.043960833E-04   0.000000000E+00   3.425024218E+01   5.571721080E+01   2.636684749E+02
  1.8680000E+04   6.596165465E-01   2.490083167E-04   0.000000000E+00   9.283740964E+01   3.571340915E+02   2.607196989E+02
  1.8690000E+04   6.591975134E-01   4.987932594E-04   0.000000000E+00   2.974054781E+02   3.326452792E+02   2.576369321E+02
  1.8700000E+04   6.587094391E-01   3.403075222E-04   0.000000000E+00   3.812516656E+01   2.318507497E+02   2.558879470E+02
  1.8710000E+04   6.586015753E-01   2.299081067E-04   0.000000000E+00   1.307077678E+02   3.192722648E+02   2.535275753E+02
  1.8720000E+04   6.582383626E-01   5.489305170E-04   0.000000000E+00   3.224858213E+02   3.075525047E+02   2.501479029E+02
  1.8730000E+04   6.578127423E-01   4.023522150E-04   0.000000000E+00   6.369348806E+01   2.062651715E+02   2.474689723E+02
  1.8740000E+04   6.574661274E-01   4.032811198E-04   0.000000000E+00   2.538646090E+02   1.961797770E+02   2.454174035E+02
  1.8750000E+04   6.570674233E-01   4.417943882E-04   0.000000000E+00   1.985587381E+01   7.012692190E+01   2.426572889E+02
  1.8760000E+04   6.567630701E-01   3.138938409E-04   0.000000000E+00   1.807625289E+02   2.692379496E+02   2.393980190E+02
  1.8770000E+04   6.563250648E-01   4.046867959E-04   0.000000000E+00   3.453629104E+02   2.846488137E+02   2.370373270E+02
  1.8780000E+04   6.561271508E-01   3.031364777E-04   0.000000000E+00   1.141157090E+02   1.558525908E+02   2.347639852E+02
  1.8790000E+04   6.556354705E-01   4.176810316E-04   0.000000000E+00   3.231338961E+02   3.068948310E+02   2.310438966E+02
  1.8800000E+04   6.554420214E-01   3.334813122E-04   0.000000000E+00   9.872991571E+01   3.512323153E+02   2.287634461E+02
  1.8810000E+04   6.549567687E-01   4.034936473E-04   0.000000000E+00   3.227715033E+02   1.272564811E+02   2.261264976E+02
  1.8820000E+04   6.547774071E-01   2.912211235E-04   0.000000000E+00   1.113585432E+02   3.386103814E+02   2.238870997E+02
  1.8830000E+04   6.543244954E-01   3.979539279E-04   0.000000000E+00   3.477644933E+02   1.022451759E+02   2.204135503E+02
  1.8840000E+04   6.540665574E-01   3.179593733E-04   0.000000000E+00   1.839237369E+02   8.607875532E+01   2.182341842E+02
  1.8850000E+04   6.537641203E-01   4.472075006E-04   0.000000000E+00   2.138398025E+01   2.485973248E+02   2.155335515E+02
  1.8860000E+04   6.535102127E-01   3.582689695E-04   0.000000000E+00   2.743091274E+02   3.557318125E+02   2.126689466E+02
  1.8870000E+04   6.530708535E-01   3.979642430E-04   0.000000000E+00   1.050147766E+02   1.649411827E+02   2.104178512E+02
  1.8880000E+04   6.527641150E-01   3.711946452E-04   0.000000000E+00   3.288990307E+02   3.011229498E+02   2.080726692E+02
  1.8890000E+04   6.526441525E-01   2.673782973E-04   0.000000000E+00   2.498118990E+02   2.021685466E+01   2.047516937E+02
  1.8900000E+04   6.521996059E-01   4.217949808E-04   0.000000000E+00   7.682417882E+01   1.931287538E+02   2.030522323E+02
  1.8910000E+04   6.517051796E-01   2.534185957E-04   0.000000000E+00   3.281217539E+02   3.018935865E+02   2.010020084E+02
  1.8920000E+04   6.515218097E-01   4.264916590E-04   0.000000000E+00   2.512977240E+02   1.874855987E+01   1.972971716E+02
  1.8930000E+04   6.512868323E-01   3.256544669E-04   0.000000000E+00   9.518000201E+01   1.747828345E+02   1.959381708E+02
  1.8940000E+04   6.508508833E-01   4.376000233E-04   0.000000000E+00   2.673196767E+01   2.432454651E+02   1.921688421E+02
  1.8950000E+04   6.505863001E-01   5.377891877E-04   0.000000000E+00   3.246650920E+02   3.053705693E+02   1.898929474E+02
  1.8960000E+04   6.502719628E-01   3.278189169E-04   0.000000000E+00   2.619142245E+02   8.122965217E+00   1.881498545E+02
  1.8970000E+04   6.499317299E-01   3.578639806E-04   0.000000000E+00   9.712607626E+01   3.528332346E+02   1.850814091E+02
  1.8980000E+04   6.495540248E-01   5.306106542E-04   0.000000000E+00   4.466223082E+01   4.529500865E+01   1.825412483E+02
  1.8990000E+04   6.490761776E-01   3.980985653E-04   0.000000000E+00   1.832320816E+00   8.816621982E+01   1.817245694E+02
  1.9000000E+04   6.488809002E-01   5.102435152E-04   0.000000000E+00   3.202097263E+02   1.298277114E+02   1.775152391E+02
  1.9010000E+04   6.485548167E-01   3.880500240E-04   0.000000000E+00   2.744463084E+02   3.555980267E+02   1.762459250E+02
  1.9020000E+04   6.482784547E-01   1.089281248E-04   0.000000000E+00   2.090653868E+02   6.094067642E+01   1.738527820E+02
  1.9030000E+04   6.478813975E-01   3.116006056E-04   0.000000000E+00   9.528192556E+01   1.746825205E+02   1.716457562E+02
  1.9040000E+04   6.474012357E-01   3.513079378E-04   0.000000000E+00   8.824618165E+01   1.713579751E+00   1.711789636E+02
  1.9050000E+04   6.470502325E-01   3.558618961E-04   0.000000000E+00   6.129002302E+01   2.867420381E+01   1.674607968E+02
  1.9060000E+04   6.468063148E-01   4.540594358E-04   0.000000000E+00   3.308697742E+01   2.368846045E+02   1.664995567E+02
  1.9070000E+04   6.464777057E-01   3.964117388E-04   0.000000000E+00   1.100486503E+01   2.589864594E+02   1.665189848E+02
  1.9080000E+04   6.460667123E-01   2.902275024E-04   0.000000000E+00   3.526807520E+02   9.732348644E+01   1.642893882E+02
  1.9090000E+04   6.456744781E-01   1.948902479E-04   0.000000000E+00   3.390698769E+02   1.109381029E+02   1.661637136E+02
  1.9100000E+04   6.454988027E-01   3.731247982E-04   0.000000000E+00   3.524464962E+02   2.775591269E+02   1.645175796E+02
  1.9110000E+04   6.451021536E-01   3.070454672E-04   0.000000000E+00   3.414631532E+02   2.885480366E+02   1.656647464E+02
  1.9120000E+04   6.446929776E-01   1.910037445E-04   0.000000000E+00   3.127189413E+00   8.687161629E+01   1.688305916E+02
  1.9130000E+04   6.445208046E-01   3.979574473E-04   0.000000000E+00   1.390535937E+01   7.608367618E+01   1.677804586E+02
  1.9140000E+04   6.441110173E-01   3.356919831E-04   0.000000000E+00   3.881928427E+01   2.311565939E+02   1.754370445E+02
  1.9150000E+04   6.439539654E-01   5.196985022E-04   0.000000000E+00   4.286837250E+01   4.709109328E+01   1.791341134E+02
  1.9160000E+04   6.435150793E-01   3.535053213E-04   0.000000000E+00   7.889505380E+01   1.106519258E+01   1.934619940E+02
  1.9170000E+04   6.432959880E-01   3.783070822E-04   0.000000000E+00   9.131316626E+01   1.786434948E+02   1.954034987E+02
  1.9180000E+04   6.428737184E-01   2.776412515E-04   0.000000000E+00   1.751007640E+02   2.748965198E+02   2.126018991E+02
  1.9190000E+04   6.426163555E-01   3.377955452E-04   0.000000000E+00   2.663577755E+02   3.680853747E+00   2.233903536E+02
  1.9200000E+04   6.421446701E-01   3.929510035E-04   0.000000000E+00   2.932111984E+02   3.368301937E+02   2.337391978E+02
  1.9210000E+04   6.417630504E-01   3.924794299E-04   0.000000000E+00   3.323710417E+02   1.176498242E+02   2.383725448E+02
  1.9220000E+04   6.415136484E-01   4.944193272E-04   0.000000000E+00   3.872662212E+01   2.312379163E+02   2.424974366E+02
  1.9230000E+04   6.410932878E-01   3.928970967E-04   0.000000000E+00   1.104742711E+02   3.394835575E+02   2.452219053E+02
  1.9240000E+04   6.409728803E-01   2.142181757E-04   0.000000000E+00   2.435804475E+02   2.644153371E+01   2.458177087E+02
  1.9250000E+04   6.405979012E-01   4.424233334E-04   0.000000000E+00   3.120235984E+02   1.380140775E+02   2.489390345E+02
  1.9260000E+04   6.399993064E-01   2.210110470E-04   0.000000000E+00   1.838779005E+01   2.516042188E+02   2.458020887E+02
  1.9270000E+04   6.397849492E-01   3.542709719E-04   0.000000000E+00   9.641578468E+01   3.535438751E+02   2.464586432E+02
  1.9280000E+04   6.396242332E-01   3.010651550E-04   0.000000000E+00   2.459336815E+02   2.409781427E+01   2.442478089E+02
  1.9290000E+04   6.392557866E-01   5.140343011E-04   0.000000000E+00   3.221439976E+02   1.278921689E+02   2.445585025E+02
  1.9300000E+04   6.389525434E-01   4.840251589E-04   0.000000000E+00   4.343848057E+01   4.652336617E+01   2.427368993E+02
  1.9310000E+04   6.386675893E-01   1.446505430E-04   0.000000000E+00   1.939784371E+02   7.602556615E+01   2.410536803E+02
  1.9320000E+04   6.381803935E-01   3.770663667E-04   0.000000000E+00   3.175941072E+02   1.324350419E+02   2.398450699E+02
  1.9330000E+04   6.378650247E-01   3.975683830E-04   0.000000000E+00   7.347798340E+01   1.964783335E+02   2.369647839E+02
  1.9340000E+04   6.375853100E-01   3.539405481E-04   0.000000000E+00   2.461764222E+02   2.386067389E+01   2.354770763E+02
  1.9350000E+04   6.370555496E-01   2.077829538E-04   0.000000000E+00   1.790731240E+01   7.208536468E+01   2.327320375E+02
  1.9360000E+04   6.369693304E-01   2.980521916E-04   0.000000000E+00   1.205333590E+02   1.494372284E+02   2.317937499E+02
  1.9370000E+04   6.365211242E-01   3.859225211E-04   0.000000000E+00   3.182798485E+02   3.117495925E+02   2.290068231E+02
  1.9380000E+04   6.362852724E-01   4.146771191E-04   0.000000000E+00   8.312773466E+01   6.825085320E+00   2.265638063E+02
  1.9390000E+04   6.359765220E-01   4.377509008E-04   0.000000000E+00   3.131487611E+02   1.368878502E+02   2.246492564E+02
  1.9400000E+04   6.356253628E-01   3.936328369E-04   0.000000000E+00   6.375313920E+01   2.062063957E+02   2.231378741E+02
  1.9410000E+04   6.352896078E-01   4.796821549E-04   0.000000000E+00   2.989359764E+02   1.511121430E+02   2.199038232E+02
  1.9420000E+04   6.348625603E-01   3.457582208E-04   0.000000000E+00   8.119659244E+01   8.764250760E+00   2.180155764E+02
  1.9430000E+04   6.345338609E-01   3.955727741E-04   0.000000000E+00   2.994830268E+02   1.505564420E+02   2.151419943E+02
  1.9440000E+04   6.342980651E-01   4.033483536E-04   0.000000000E+00   8.538967003E+01   1.845642573E+02   2.133223198E+02
  1.9450000E+04   6.339003734E-01   4.849557089E-04   0.000000000E+00   3.256810660E+02   3.043502810E+02   2.106020894E+02
  1.9460000E+04   6.335944228E-01   2.566193603E-04   0.000000000E+00   1.606340455E+02   1.093562063E+02   2.087296080E+02
  1.9470000E+04   6.331325742E-01   3.446896083E-04   0.000000000E+00   3.413705171E+01   5.584077482E+01   2.060435817E+02
  1.9480000E+04   6.330148449E-01   4.139398883E-04   0.000000000E+00   2.840497626E+02   1.659962582E+02   2.035103487E+02
  1.9490000E+04   6.325106654E-01   3.668130370E-04   0.000000000E+00   1.036976808E+02   3.462614855E+02   2.008224333E+02
  1.9500000E+04   6.322020781E-01   3.605670913E-04   0.000000000E+00   3.468710137E+02   2.831383755E+02   1.990304670E+02
  1.9510000E+04   6.319654303E-01   3.779725804E-04   0.000000000E+00   2.486060731E+02   2.143424800E+01   1.959455917E+02
  1.9520000E+04   6.316248720E-01   4.148204452E-04   0.000000000E+00   7.884962178E+01   1.911037359E+02   1.935647040E+02
  1.9530000E+04   6.311614423E-01   2.913274353E-04   0.000000000E+00   3.440378374E+02   2.859713464E+02   1.912354378E+02
  1.9540000E+04   6.309801554E-01   3.559680273E-04   0.000000000E+00   2.739260369E+02   3.561146595E+02   1.889986749E+02
  1.9550000E+04   6.307111153E-01   2.527012774E-04   0.000000000E+00   1.136491145E+02   1.563243633E+02   1.863718594E+02
  1.9560000E+04   6.303671753E-01   5.067817151E-04   0.000000000E+00   4.043385858E+01   2.295284589E+02   1.842563731E+02
  1.9570000E+04   6.298310781E-01   2.879329278E-04   0.000000000E+00   3.218366961E+02   3.081836973E+02   1.810061602E+02
  1.9580000E+04   6.297402307E-01   4.452228765E-04   0.000000000E+00   2.901754446E+02   3.398724529E+02   1.790781420E+02
  1.9590000E+04   6.294195199E-01   1.428010880E-04   0.000000000E+00   1.618928921E+02   1.081020230E+02   1.762789595E+02
  1.9600000E+04   6.289167808E-01   3.627110468E-04   0.000000000E+00   1.034657599E+02   1.664938234E+02   1.741515362E+02
  1.9610000E+04   6.286604358E-01   4.288733301E-04   0.000000000E+00   3.257553175E+01   2.373979959E+02   1.714077529E+02
  1.9620000E+04   6.282645050E-01   3.702970314E-04   0.000000000E+00   3.572759988E+02   2.727260187E+02   1.693174577E+02
  1.9630000E+04   6.279497198E-01   3.955388841E-04   0.000000000E+00   3.098956042E+02   1.401391811E+02   1.662536058E+02
  1.9640000E+04   6.276063772E-01   3.832857753E-04   0.000000000E+00   2.659101709E+02   1.841336371E+02   1.642100733E+02
  1.9650000E+04   6.273784886E-01   3.716329250E-04   0.000000000E+00   2.522168849E+02   1.978236606E+02   1.611275268E+02
  1.9660000E+04   6.271514265E-01   1.036000325E-04   0.000000000E+00   2.207759704E+02   2.292317822E+02   1.591397667E+02
  1.9670000E+04   6.268083068E-01   2.462176212E-04   0.000000000E+00   1.029737728E+02   1.669987349E+02   1.564624408E+02
  1.9680000E+04   6.264441518E-01   3.646191600E-04   0.000000000E+00   9.009314211E+01   1.798650757E+02   1.543425093E+02
  1.9690000E+04   6.260805101E-01   4.023663025E-04   0.000000000E+00   8.427113770E+01   1.856829825E+02   1.513954085E+02
  1.9700000E+04   6.257285750E-01   4.126440302E-04   0.000000000E+00   8.144210703E+01   8.511130342E+00   1.488492082E+02
  1.9710000E+04   6.253945195E-01   4.139540087E-04   0.000000000E+00   8.052284516E+01   9.430362658E+00   1.463520070E+02
  1.9720000E+04   6.250793993E-01   4.118724970E-04   0.000000000E+00   8.134094105E+01   1.886123962E+02   1.438132550E+02
  1.9730000E+04   6.247818796E-01   4.011168574E-04   0.000000000E+00   8.402846162E+01   1.859258208E+02   1.416057940E+02
  1.9740000E+04   6.244960584E-01   3.627263200E-04   0.000000000E+00   8.952337344E+01   4.350624666E-01   1.390081029E+02
  1.9750000E+04   6.242114690E-01   2.381018338E-04   0.000000000E+00   1.012059474E+02   3.487672898E+02   1.367025277E+02
  1.9760000E+04   6.238951422E-01   1.100696192E-04   0.000000000E+00   2.270299986E+02   4.297922964E+01   1.337717671E+02
  1.9770000E+04   6.234541264E-01   3.752278783E-04   0.000000000E+00   2.503571286E+02   1.996833607E+02   1.316660723E+02
  1.9780000E+04   6.230511619E-01   3.733495790E-04   0.000000000E+00   2.697973093E+02   1.802454731E+02   1.287341970E+02
  1.9790000E+04   6.227244470E-01   3.874093555E-04   0.000000000E+00   3.116913342E+02   3.183418271E+02   1.268524675E+02
  1.9800000E+04   6.223914402E-01   3.722987299E-04   0.000000000E+00   9.272978809E-01   8.907201136E+01   1.236615814E+02
  1.9810000E+04   6.221296126E-01   4.256115209E-04   0.000000000E+00   3.559858571E+01   2.343730120E+02   1.217005087E+02
  1.9820000E+04   6.217166706E-01   3.812195610E-04   0.000000000E+00   1.105795201E+02   1.593795900E+02   1.188476933E+02
  1.9830000E+04   6.215679993E-01   1.376937593E-04   0.000000000E+00   2.032468027E+02   2.467594240E+02   1.164469600E+02
  1.9840000E+04   6.212112028E-01   4.670775613E-04   0.000000000E+00   2.957307941E+02   3.343174342E+02   1.141731133E+02
  1.9850000E+04   6.206285209E-01   2.228573764E-04   0.000000000E+00   3.330448015E+02   1.169667774E+02   1.111145601E+02
  1.9860000E+04   6.205522927E-01   4.751742351E-04   0.000000000E+00   4.668869518E+01   2.232716681E+02   1.091127035E+02
  1.9870000E+04   6.201920180E-01   2.413925999E-04   0.000000000E+00   1.500054774E+02   2.999806977E+02   1.063463428E+02
  1.9880000E+04   6.198749712E-01   3.792709816E-04   0.000000000E+00   2.978395332E+02   3.321989063E+02   1.041425022E+02
  1.9890000E+04   6.193683192E-01   2.733584372E-04   0.000000000E+00   1.324999963E+01   7.674281838E+01   1.011297329E+02
  1.9900000E+04   6.192506525E-01   3.948689962E-04   0.000000000E+00   8.530045516E+01   1.846544465E+02   9.890195171E+01
  1.9910000E+04   6.188104818E-01   3.983579875E-04   0.000000000E+00   2.547886725E+02   1.952553709E+02   9.621958127E+01
  1.9920000E+04   6.184867768E-01   3.803027450E-04   0.000000000E+00   7.918250785E+00   2.620757429E+02   9.381418484E+01
  1.9930000E+04   6.181854074E-01   3.844810633E-04   0.000000000E+00   1.155273373E+02   3.344329136E+02   9.138042811E+01
  1.9940000E+04   6.179405758E-01   4.687291214E-04   0.000000000E+00   2.992209422E+02   3.308259484E+02   8.855967782E+01
  1.9950000E+04   6.176153690E-01   5.032142295E-04   0.000000000E+00   3.906768322E+01   2.308959569E+02   8.646426528E+01
  1.9960000E+04   6.172445770E-01   3.214517780E-04   0.000000000E+00   2.232718932E+02   2.267533489E+02   8.324542907E+01
  1.9970000E+04   6.167890209E-01   2.703821336E-04   0.000000000E+00   3.531203488E+02   2.768833638E+02   8.123897011E+01
  1.9980000E+04   6.167435483E-01   2.145830487E-04   0.000000000E+00   1.035877430E+02   3.463883573E+02   7.862013852E+01
  1.9990000E+04   6.162133720E-01   3.531331326E-04   0.000000000E+00   3.320839693E+02   1.179349833E+02   7.591850410E+01
  2.0000000E+04   6.159510247E-01   3.709555874E-04   0.000000000E+00   1.158749424E+02   1.540868185E+02   7.373151178E+01
