  0.0000000E+00   1.000000000E+00   2.000000000E-01   2.000000000E+00   1.673047831E-06   3.599999974E+02   0.000000000E+00
  1.0000000E+01   9.591705578E-01   1.193981751E-01   1.953250205E+00   1.297889113E+02   3.592079949E+02   1.795807182E-01
  2.0000000E+01   9.451114050E-01   7.057708740E-02   1.913210964E+00   4.658341884E+01   1.172105483E+00   7.228196435E-02
  3.0000000E+01   9.397236785E-01   4.248886245E-02   1.876558659E+00   2.472730824E+01   3.593156029E+02   8.388794628E-02
  4.0000000E+01   9.369497487E-01   2.972718953E-02   1.841390622E+00   2.551908248E+01   3.599456473E+02   8.868060897E-02
  5.0000000E+01   9.352733882E-01   1.959490986E-02   1.807174585E+00   3.009953364E+01   1.094552118E+01   8.768825309E-02
  6.0000000E+01   9.342615912E-01   9.228138773E-03   1.773747744E+00   3.747501497E+01   2.703330894E+01   8.132129569E-02
  7.0000000E+01   9.337068604E-01   5.504640577E-03   1.741203040E+00   6.610254864E+01   2.675360281E+01   7.973650329E-02
  8.0000000E+01   9.330252679E-01   7.390935245E-03   1.709101146E+00   1.179261787E+02   7.215270835E+00   8.473016340E-02
  9.0000000E+01   9.328167214E-01   8.260447286E-03   1.677406779E+00   1.374239796E+02   2.427388123E+01   9.081815264E-02
  1.0000000E+02   9.319745091E-01   6.786731855E-03   1.645986396E+00   1.389392181E+02   6.298352908E+01   8.467271350E-02
  1.1000000E+02   9.313996804E-01   4.979473700E-03   1.615664526E+00   1.480992715E+02   9.696886250E+01   6.343905874E-02
  1.2000000E+02   9.310868876E-01   2.809131224E-03   1.586054201E+00   2.378031096E+02   5.287714432E+01   6.332866170E-02
  1.3000000E+02   9.307166965E-01   5.956725567E-03   1.556703214E+00   3.113224540E+02   2.746721798E+01   6.403046798E-02
  1.4000000E+02   9.302694531E-01   6.804554550E-03   1.527436265E+00   3.248777672E+02   6.486134867E+01   6.674819198E-02
  1.5000000E+02   9.297754214E-01   4.733711440E-03   1.499290285E+00   3.574619604E+02   8.596789566E+01   5.558963766E-02
  1.6000000E+02   9.294234864E-01   3.905544029E-03   1.471735183E+00   1.341431989E+02   5.507903433E+00   8.346254034E-02
  1.7000000E+02   9.291683290E-01   6.839840013E-03   1.444522570E+00   1.946730035E+02   4.274925659E+00   9.503407779E-02
  1.8000000E+02   9.283868750E-01   3.066398082E-03   1.418037495E+00   2.470710862E+02   1.455620844E+01   8.689041887E-02
  1.9000000E+02   9.279078809E-01   3.147243981E-03   1.392456202E+00   6.060916580E+01   2.668029818E+02   9.162992798E-02
  2.0000000E+02   9.275155384E-01   5.071445244E-03   1.366241164E+00   9.752164985E+01   2.992149363E+02   8.298817060E-02
  2.1000000E+02   9.268241418E-01   2.524834250E-03   1.341184857E+00   1.638065368E+02   3.056537602E+02   8.097722252E-02
  2.2000000E+02   9.263461849E-01   5.618540603E-03   1.316056119E+00   3.353334133E+02   2.101835593E+02   1.004960709E-01
  2.3000000E+02   9.257728057E-01   5.480709953E-03   1.291673410E+00   4.494968539E+01   2.201255805E+02   1.107919691E-01
  2.4000000E+02   9.253634255E-01   1.439073561E-03   1.268154979E+00   1.934038335E+02   1.541429972E+02   1.478624617E-01
  2.5000000E+02   9.248681071E-01   5.300043844E-03   1.244904816E+00   2.759180150E+02   1.571763332E+02   1.471467321E-01
  2.6000000E+02   9.243748248E-01   4.854366761E-03   1.222475955E+00   3.405626582E+02   1.813161320E+02   1.699485485E-01
  2.7000000E+02   9.239531564E-01   3.737765820E-03   1.200059814E+00   1.545288498E+02   9.912663261E+01   1.499237445E-01
  2.8000000E+02   9.235411807E-01   6.228585088E-03   1.177891486E+00   2.432373564E+02   1.053141760E+02   1.529809063E-01
  2.9000000E+02   9.230276251E-01   1.648949671E-03   1.155905353E+00   3.498775433E+02   9.665519525E+01   1.487702497E-01
  3.0000000E+02   9.225534617E-01   4.527537009E-03   1.134252804E+00   1.488202182E+02   3.862506395E+01   1.835163002E-01
  3.1000000E+02   9.224589826E-01   4.334387665E-03   1.113295858E+00   2.255699412E+02   6.605682726E+01   1.973680142E-01
  3.2000000E+02   9.216730867E-01   3.518381526E-03   1.092774895E+00   5.263380700E+01   3.462319704E+02   2.388499618E-01
  3.3000000E+02   9.210379638E-01   5.507537284E-03   1.073414863E+00   1.574955800E+02   3.519596069E+02   2.615795211E-01
  3.4000000E+02   9.208643503E-01   1.824828023E-03   1.053800609E+00   3.319658534E+02   2.911921926E+02   2.519260424E-01
  3.5000000E+02   9.202318225E-01   4.678385522E-03   1.034314459E+00   8.747962682E+01   2.923291679E+02   2.561887145E-01
  3.6000000E+02   9.196251343E-01   2.283407840E-03   1.015291882E+00   1.936427540E+02   3.060253136E+02   2.559670454E-01
  3.7000000E+02   9.193441581E-01   5.452112584E-03   9.961594419E-01   3.054110486E+01   2.321637385E+02   2.665267353E-01
  3.8000000E+02   9.188292620E-01   3.496638537E-03   9.774201341E-01   1.470307193E+02   2.418098908E+02   3.021078448E-01
  3.9000000E+02   9.182455103E-01   4.542138183E-03   9.595590312E-01   3.494951631E+02   1.684098182E+02   3.481442030E-01
  4.0000000E+02   9.178220785E-01   3.954416957E-03   9.423496920E-01   8.744758727E+01   2.027468955E+02   3.946989635E-01
  4.1000000E+02   9.174394092E-01   3.639985023E-03   9.253157418E-01   2.911442259E+02   1.342597005E+02   4.125260587E-01
  4.2000000E+02   9.169284170E-01   4.869216227E-03   9.085569723E-01   5.340044028E+01   1.504757756E+02   4.092978019E-01
  4.3000000E+02   9.163824921E-01   3.529498715E-03   8.918949062E-01   2.760283148E+02   6.950327841E+01   4.119874593E-01
  4.4000000E+02   9.160485367E-01   4.034763832E-03   8.751180465E-01   4.006833691E+01   9.013467372E+01   4.119459441E-01
  4.5000000E+02   9.154640067E-01   3.018460505E-03   8.585560284E-01   2.518787970E+02   2.591417345E+01   4.451464408E-01
  4.6000000E+02   9.150447790E-01   5.183599451E-03   8.425445042E-01   1.984891666E+01   4.881133684E+01   5.101345638E-01
  4.7000000E+02   9.145828162E-01   4.121855324E-03   8.273243007E-01   2.422364810E+02   3.403188880E+02   5.781690815E-01
  4.8000000E+02   9.141595571E-01   3.914495462E-03   8.126589768E-01   2.760158631E+01   3.520659640E+02   6.090824004E-01
  4.9000000E+02   9.136580027E-01   3.029391577E-03   7.982724111E-01   2.611621863E+02   2.786691202E+02   6.265893568E-01
  5.0000000E+02   9.133000752E-01   3.629161208E-03   7.836765658E-01   2.078261312E+01   3.222618112E+02   6.148784450E-01
  5.1000000E+02   9.126947598E-01   5.028727202E-03   7.690031417E-01   2.565617548E+02   2.527420314E+02   6.225235259E-01
  5.2000000E+02   9.122824391E-01   3.890141127E-03   7.544692981E-01   6.508567880E+01   2.538084514E+02   6.674087945E-01
  5.3000000E+02   9.119447936E-01   5.023754047E-03   7.404657689E-01   2.974730558E+02   1.938809585E+02   7.330555758E-01
  5.4000000E+02   9.114804936E-01   1.344257393E-03   7.270457369E-01   1.076589128E+02   1.991947096E+02   7.935739759E-01
  5.5000000E+02   9.108508776E-01   4.941468137E-03   7.142046079E-01   3.192347843E+02   1.663288164E+02   8.490071729E-01
  5.6000000E+02   9.105162977E-01   3.109928894E-03   7.016400449E-01   1.811874548E+02   1.261801890E+02   8.685282047E-01
  5.7000000E+02   9.100908694E-01   4.614918729E-03   6.888564838E-01   1.049481994E+01   1.218180916E+02   8.650738195E-01
  5.8000000E+02   9.095426352E-01   3.186544039E-03   6.759439352E-01   2.669062925E+02   5.341443113E+01   8.852260688E-01
  5.9000000E+02   9.092936932E-01   2.925684834E-03   6.631238141E-01   5.511897468E+01   9.614442834E+01   9.242137859E-01
  6.0000000E+02   9.085959421E-01   5.292378868E-03   6.506890883E-01   3.075519599E+02   3.769444764E+01   1.005870458E+00
  6.1000000E+02   9.081518791E-01   2.912709037E-03   6.389945183E-01   1.738387040E+02   8.709994368E+00   1.108371350E+00
  6.2000000E+02   9.079122973E-01   4.567203074E-03   6.277567524E-01   3.535585597E+01   3.474856079E+02   1.166815043E+00
  6.3000000E+02   9.073191606E-01   3.759738208E-03   6.167442188E-01   2.918116655E+02   2.943430015E+02   1.182637084E+00
  6.4000000E+02   9.069530277E-01   3.393744826E-03   6.056599900E-01   1.061639522E+02   3.265344775E+02   1.187322175E+00
  6.5000000E+02   9.064966494E-01   5.466056624E-03   5.943418841E-01   1.474789410E+01   2.675286033E+02   1.188287609E+00
  6.6000000E+02   9.059113289E-01   3.716274676E-03   5.831274377E-01   2.834484776E+02   2.114882560E+02   1.240181876E+00
  6.7000000E+02   9.055421836E-01   3.423545621E-03   5.721883947E-01   1.219625090E+02   2.287712520E+02   1.357464817E+00
  6.8000000E+02   9.051912589E-01   4.398834638E-03   5.620401082E-01   2.433737395E+01   1.850399325E+02   1.453599334E+00
  6.9000000E+02   9.046709270E-01   3.252344780E-03   5.523345295E-01   2.789934298E+02   1.522859190E+02   1.525109048E+00
  7.0000000E+02   9.042639073E-01   4.568196179E-03   5.428374836E-01   1.486059970E+02   1.478375798E+02   1.554953476E+00
  7.1000000E+02   9.038388643E-01   4.446440781E-03   5.330363520E-01   7.011719870E+01   9.442255297E+01   1.566163041E+00
  7.2000000E+02   9.032798113E-01   2.198465809E-03   5.229813421E-01   3.299105717E+02   6.579353651E+01   1.565211904E+00
  7.3000000E+02   9.029706040E-01   4.313217527E-03   5.131481274E-01   1.883892682E+02   8.166712910E+01   1.631786732E+00
  7.4000000E+02   9.024504792E-01   5.387703120E-03   5.037401363E-01   1.223523654E+02   2.492692030E+01   1.767923085E+00
  7.5000000E+02   9.020205130E-01   3.774813394E-03   4.946672617E-01   5.282502334E+01   3.349083773E+02   1.874765066E+00
  7.6000000E+02   9.020560378E-01   2.550029913E-03   4.863706068E-01   2.798773920E+02   3.514262465E+02   1.947451676E+00
  7.7000000E+02   9.010691127E-01   4.746099177E-03   4.780265118E-01   1.940748009E+02   3.238456534E+02   1.982835836E+00
  7.8000000E+02   9.007424562E-01   4.766618764E-03   4.693700305E-01   1.326543647E+02   2.751154087E+02   1.981955449E+00
  7.9000000E+02   9.004856175E-01   2.932822376E-03   4.606248658E-01   6.210252350E+01   2.386350606E+02   1.996353339E+00
  8.0000000E+02   8.997447307E-01   3.363894025E-03   4.518530829E-01   3.088891099E+02   2.479030234E+02   2.099537673E+00
  8.1000000E+02   8.993165871E-01   4.611216379E-03   4.436322642E-01   2.411600813E+02   2.145722541E+02   2.229931007E+00
  8.2000000E+02   8.988712337E-01   4.702628603E-03   4.359024896E-01   1.906799431E+02   1.671322008E+02   2.364054705E+00
  8.3000000E+02   8.984124449E-01   2.908825685E-03   4.286935578E-01   1.151170111E+02   1.481770736E+02   2.436833470E+00
  8.4000000E+02   8.981099552E-01   3.148058742E-03   4.214369574E-01   3.281830800E+01   1.388780884E+02   2.482757639E+00
  8.5000000E+02   8.976052470E-01   4.561702053E-03   4.137826748E-01   3.309780407E+02   1.122178434E+02   2.461506067E+00
  8.6000000E+02   8.971337936E-01   4.220880614E-03   4.060822974E-01   2.965849463E+02   6.133739592E+01   2.540791452E+00
  8.7000000E+02   8.967331262E-01   3.247317652E-03   3.983629638E-01   2.465001516E+02   2.912325891E+01   2.637684699E+00
  8.8000000E+02   8.962662775E-01   2.057148705E-03   3.911410408E-01   1.729051434E+02   2.346988586E+01   2.774184250E+00
  8.9000000E+02   8.959236971E-01   4.128892389E-03   3.846827276E-01   1.115097076E+02   8.801279173E+00   2.929405264E+00
  9.0000000E+02   8.954595015E-01   4.979677260E-03   3.782447715E-01   8.021447296E+01   3.270834311E+02   2.996052313E+00
  9.1000000E+02   8.949602223E-01   4.802775461E-03   3.718606195E-01   5.605166675E+01   2.814645391E+02   3.026475142E+00
  9.2000000E+02   8.948144770E-01   2.568870821E-03   3.651431881E-01   1.823039129E+01   2.527639644E+02   3.029742617E+00
  9.3000000E+02   8.940726406E-01   2.560784702E-03   3.582407214E-01   2.997959722E+02   2.675961712E+02   3.121512233E+00
  9.4000000E+02   8.935966064E-01   3.952333468E-03   3.516229033E-01   2.670441140E+02   2.398534177E+02   3.237949093E+00
  9.5000000E+02   8.933877040E-01   4.653710308E-03   3.453804742E-01   2.536788705E+02   1.957308177E+02   3.409551669E+00
  9.6000000E+02   8.927294553E-01   4.232665646E-03   3.398028538E-01   2.478757948E+02   1.472678568E+02   3.563183575E+00
  9.7000000E+02   8.923447145E-01   3.715719117E-03   3.343417457E-01   2.164496915E+02   1.275728499E+02   3.632385010E+00
  9.8000000E+02   8.918079467E-01   4.080070841E-03   3.287089629E-01   1.989317633E+02   9.722662446E+01   3.630636230E+00
  9.9000000E+02   8.913741914E-01   3.064601037E-03   3.225817869E-01   1.759502848E+02   7.559562420E+01   3.675541739E+00
  1.0000000E+03   8.910919213E-01   2.386086176E-03   3.165104775E-01   1.531373619E+02   5.660574273E+01   3.781147439E+00
  1.0100000E+03   8.905428606E-01   2.918849022E-03   3.108326632E-01   1.188109792E+02   5.208603996E+01   3.948225679E+00
  1.0200000E+03   8.901652094E-01   4.913327350E-03   3.056935522E-01   1.256033668E+02   9.735616854E+00   4.152691367E+00
  1.0300000E+03   8.896928057E-01   4.862253623E-03   3.008854000E-01   1.340345349E+02   3.289580320E+02   4.244458615E+00
  1.0400000E+03   8.892497849E-01   4.174953259E-03   2.959918376E-01   1.315224687E+02   3.024075775E+02   4.273019932E+00
  1.0500000E+03   8.893022976E-01   3.943705900E-03   2.907745998E-01   1.302499058E+02   2.777936859E+02   4.314787229E+00
  1.0600000E+03   8.883804139E-01   4.429111467E-03   2.854511682E-01   1.471713187E+02   2.381590682E+02   4.374478219E+00
  1.0700000E+03   8.879610224E-01   4.271954004E-03   2.801451887E-01   1.656258049E+02   2.000674127E+02   4.515188358E+00
  1.0800000E+03   8.875843415E-01   3.364430172E-03   2.752323841E-01   1.747757847E+02   1.741754211E+02   4.715131189E+00
  1.0900000E+03   8.870735819E-01   2.725021180E-03   2.709623643E-01   1.647850916E+02   1.706398007E+02   4.912932162E+00
  1.1000000E+03   8.867097518E-01   3.454206484E-03   2.668036661E-01   1.930011919E+02   1.320361903E+02   4.994389876E+00
  1.1100000E+03   8.862194484E-01   3.086948220E-03   2.624333594E-01   2.298068771E+02   8.798965902E+01   5.003154594E+00
  1.1200000E+03   8.858170747E-01   2.301940957E-03   2.577479854E-01   2.166309037E+02   9.700532466E+01   5.053609051E+00
  1.1300000E+03   8.854579809E-01   3.008178925E-03   2.529584380E-01   2.432055781E+02   6.916698543E+01   5.156794939E+00
  1.1400000E+03   8.849637571E-01   3.123547954E-03   2.484187998E-01   2.950837568E+02   1.914396457E+01   5.350128924E+00
  1.1500000E+03   8.849535528E-01   2.708330414E-03   2.444283639E-01   3.272154184E+02   3.519783322E+02   5.561553074E+00
  1.1600000E+03   8.841875654E-01   2.380321714E-03   2.407803810E-01   3.414227129E+02   3.457880486E+02   5.697915066E+00
  1.1700000E+03   8.838193419E-01   3.050751090E-03   2.370364554E-01   3.262997875E+01   3.058932552E+02   5.740310133E+00
  1.1800000E+03   8.834387877E-01   3.227704791E-03   2.329816956E-01   9.683678021E+01   2.561946442E+02   5.749598897E+00
  1.1900000E+03   8.828968337E-01   2.153549334E-03   2.287080863E-01   1.284933076E+02   2.422624012E+02   5.847555486E+00
  1.2000000E+03   8.825494329E-01   2.530332667E-03   2.245198385E-01   1.731939316E+02   2.182932543E+02   6.016286806E+00
  1.2100000E+03   8.819029567E-01   3.908325000E-03   2.208119012E-01   2.395310056E+02   1.759088056E+02   6.250936674E+00
  1.2200000E+03   8.816411094E-01   3.233324030E-03   2.176861322E-01   3.032957369E+02   1.394526135E+02   6.461829428E+00
  1.2300000E+03   8.812780165E-01   3.015351462E-03   2.145159861E-01   3.584635834E+02   1.146310907E+02   6.536807471E+00
  1.2400000E+03   8.807611424E-01   4.361249046E-03   2.110259463E-01   4.807210155E+01   9.855286754E+01   6.552974089E+00
  1.2500000E+03   8.807397732E-01   4.467529273E-03   2.072624647E-01   1.175614797E+02   6.578788820E+01   6.603449595E+00
  1.2600000E+03   8.798460044E-01   4.192249140E-03   2.034884766E-01   1.938047585E+02   2.933647200E+01   6.741660398E+00
  1.2700000E+03   8.793962981E-01   4.201577716E-03   1.999969463E-01   2.385785269E+02   2.744791216E+01   6.967902779E+00
  1.2800000E+03   8.789946330E-01   4.487148838E-03   1.969254687E-01   3.069825824E+02   5.193038472E+00   7.185203599E+00
  1.2900000E+03   8.785713481E-01   4.471167001E-03   1.942161695E-01   3.764047956E+01   3.240915967E+02   7.338827469E+00
  1.3000000E+03   8.782729458E-01   2.776163627E-03   1.912770730E-01   1.068463806E+02   3.075032310E+02   7.356889777E+00
  1.3100000E+03   8.776810770E-01   2.769104063E-03   1.881083324E-01   1.949246927E+02   2.752493360E+02   7.362383624E+00
  1.3200000E+03   8.774406211E-01   3.523347628E-03   1.847623923E-01   2.951805197E+02   2.341467023E+02   7.505136932E+00
  1.3300000E+03   8.769479321E-01   3.303447281E-03   1.814684850E-01   4.520742824E+01   1.861853029E+02   7.690078752E+00
  1.3400000E+03   8.764973261E-01   3.936990267E-03   1.787282863E-01   1.211055474E+02   1.754186383E+02   7.936182836E+00
  1.3500000E+03   8.762358595E-01   4.828912866E-03   1.762104227E-01   2.070591072E+02   1.578746967E+02   8.137123141E+00
  1.3600000E+03   8.755235390E-01   4.605230307E-03   1.737579999E-01   3.150773313E+02   1.218179583E+02   8.178229693E+00
  1.3700000E+03   8.752857871E-01   2.810980055E-03   1.710408458E-01   4.417944937E+01   1.076857939E+02   8.190194419E+00
  1.3800000E+03   8.747863045E-01   2.808814282E-03   1.679940534E-01   1.602527118E+02   6.975954008E+01   8.216392719E+00
  1.3900000E+03   8.743333777E-01   3.572517024E-03   1.650948772E-01   2.844025034E+02   2.700428521E+01   8.456474914E+00
  1.4000000E+03   8.740047559E-01   4.060442147E-03   1.624374317E-01   4.536560869E+01   3.503984185E+02   8.688847901E+00
  1.4100000E+03   8.734958312E-01   4.075314825E-03   1.602186849E-01   1.297600384E+02   3.536218956E+02   8.917528206E+00
  1.4200000E+03   8.734658112E-01   4.189508341E-03   1.580488710E-01   2.549858137E+02   3.194416286E+02   9.028694366E+00
  1.4300000E+03   8.726377768E-01   3.045188790E-03   1.557430725E-01   2.680508025E+01   2.819630634E+02   9.021686895E+00
  1.4400000E+03   8.723654642E-01   2.919892435E-03   1.531462948E-01   1.653731574E+02   2.409391938E+02   9.015149430E+00
  1.4500000E+03   8.717881086E-01   4.977326368E-03   1.504480214E-01   2.756700798E+02   2.311465871E+02   9.178223175E+00
  1.4600000E+03   8.713123707E-01   4.913625203E-03   1.480014439E-01   5.510249637E+01   1.955962449E+02   9.445574230E+00
  1.4700000E+03   8.710151718E-01   2.661137186E-03   1.458972595E-01   1.859900888E+02   1.716221896E+02   9.685079459E+00
  1.4800000E+03   8.704709053E-01   3.468260653E-03   1.440149219E-01   3.341426722E+02   1.337077034E+02   9.822769580E+00
  1.4900000E+03   8.704415660E-01   4.389600553E-03   1.420595414E-01   1.156927373E+02   1.058622194E+02   9.863480609E+00
  1.5000000E+03   8.697126112E-01   4.137581957E-03   1.398907235E-01   2.562967837E+02   8.221702301E+01   9.835774943E+00
  1.5100000E+03   8.693515883E-01   2.626285671E-03   1.374298175E-01   3.758303246E+01   6.090191272E+01   9.927595354E+00
  1.5200000E+03   8.687666118E-01   4.735387240E-03   1.350927975E-01   2.031977726E+02   1.841256795E+01   1.013455649E+01
  1.5300000E+03   8.683230475E-01   4.504867529E-03   1.331733827E-01   3.071148849E+00   3.449955581E+02   1.041643662E+01
  1.5400000E+03   8.681174453E-01   2.854197422E-03   1.314344819E-01   1.316288767E+02   3.460715043E+02   1.059394275E+01
  1.5500000E+03   8.675953163E-01   3.993657062E-03   1.298666349E-01   3.198537037E+02   2.908326957E+02   1.065462602E+01
  1.5600000E+03   8.673490790E-01   4.457819173E-03   1.279255910E-01   1.295707919E+02   2.575595862E+02   1.065850417E+01
  1.5700000E+03   8.666791755E-01   3.341715017E-03   1.258036763E-01   2.735409213E+02   2.530288100E+02   1.066823667E+01
  1.5800000E+03   8.664528967E-01   3.300773102E-03   1.236317384E-01   9.783201718E+01   2.112932259E+02   1.083434489E+01
  1.5900000E+03   8.659494323E-01   4.946740496E-03   1.218438920E-01   2.716120149E+02   1.832134227E+02   1.114797920E+01
  1.6000000E+03   8.654063237E-01   3.471836638E-03   1.203106605E-01   8.482246725E+01   1.591686294E+02   1.137172040E+01
  1.6100000E+03   8.650397660E-01   3.175223571E-03   1.188682281E-01   2.746711376E+02   1.217183498E+02   1.144390913E+01
  1.6200000E+03   8.646258811E-01   4.747384922E-03   1.172164815E-01   8.835254180E+01   1.038754317E+02   1.138195568E+01
  1.6300000E+03   8.645458991E-01   3.259998742E-03   1.154000337E-01   2.879564472E+02   6.339323960E+01   1.142562798E+01
  1.6400000E+03   8.638134302E-01   3.349670664E-03   1.134232112E-01   1.247066587E+02   2.869599365E+01   1.157190216E+01
  1.6500000E+03   8.633578972E-01   4.189920027E-03   1.116435125E-01   2.982594784E+02   2.044189478E+01   1.181338967E+01
  1.6600000E+03   8.629833576E-01   3.556680421E-03   1.102040292E-01   1.705976647E+02   3.166371891E+02   1.204521402E+01
  1.6700000E+03   8.625477910E-01   4.039126050E-03   1.090914656E-01   3.556318086E+02   3.036606307E+02   1.215738568E+01
  1.6800000E+03   8.621440953E-01   3.546782568E-03   1.076205336E-01   1.876518578E+02   2.869401410E+02   1.213052640E+01
  1.6900000E+03   8.616844822E-01   4.629147061E-03   1.059213978E-01   5.280677533E+01   2.403981310E+02   1.210701291E+01
  1.7000000E+03   8.616125251E-01   3.461420869E-03   1.041799911E-01   2.467252550E+02   2.282866973E+02   1.225429653E+01
  1.7100000E+03   8.608446665E-01   3.664356650E-03   1.025793811E-01   1.158372171E+02   1.840254373E+02   1.250321804E+01
  1.7200000E+03   8.605105085E-01   3.852526975E-03   1.012789114E-01   3.240345654E+02   1.640618219E+02   1.273539233E+01
  1.7300000E+03   8.600579445E-01   3.334610520E-03   1.001352436E-01   2.012737456E+02   1.183337731E+02   1.284173661E+01
  1.7400000E+03   8.596441928E-01   4.855708827E-03   9.899474038E-02   4.824322238E+01   1.064461953E+02   1.281531107E+01
  1.7500000E+03   8.592154182E-01   3.325532066E-03   9.746022668E-02   2.943296898E+02   5.859731842E+01   1.277318240E+01
  1.7600000E+03   8.588173431E-01   3.527883518E-03   9.581684969E-02   1.391496403E+02   5.520404244E+01   1.284027403E+01
  1.7700000E+03   8.589047416E-01   3.851616441E-03   9.441489622E-02   2.342403486E+01   1.548022432E+01   1.312168584E+01
  1.7800000E+03   8.578921029E-01   4.815701899E-03   9.326198896E-02   2.689677510E+02   3.379087844E+02   1.336726968E+01
  1.7900000E+03   8.576674569E-01   2.629274363E-03   9.223574224E-02   1.565322907E+02   3.016564499E+02   1.347907399E+01
  1.8000000E+03   8.571388759E-01   4.144802362E-03   9.119097300E-02   1.201119678E+01   3.009274043E+02   1.344462580E+01
  1.8100000E+03   8.566387521E-01   3.311299801E-03   8.982421207E-02   2.859855210E+02   2.452212892E+02   1.340366665E+01
  1.8200000E+03   8.563770575E-01   3.593192953E-03   8.833517174E-02   1.593705645E+02   2.331363135E+02   1.342724413E+01
  1.8300000E+03   8.558724165E-01   4.238770160E-03   8.703794669E-02   6.782236022E+01   1.891317661E+02   1.364902684E+01
  1.8400000E+03   8.557598292E-01   3.564234181E-03   8.594945229E-02   3.232645549E+02   1.614564210E+02   1.389725920E+01
  1.8500000E+03   8.549693183E-01   3.319328912E-03   8.504594919E-02   2.362620466E+02   1.197094657E+02   1.406756718E+01
  1.8600000E+03   8.546966989E-01   3.350318817E-03   8.408359672E-02   1.141155846E+02   1.165299514E+02   1.400459696E+01
  1.8700000E+03   8.541790478E-01   4.615520803E-03   8.291167688E-02   3.053652049E+01   7.817725314E+01   1.389886774E+01
  1.8800000E+03   8.539212885E-01   2.721628948E-03   8.163722230E-02   3.028249662E+02   4.716515131E+01   1.401331637E+01
  1.8900000E+03   8.533227634E-01   4.659079083E-03   8.031975392E-02   2.074340689E+02   2.687137951E+01   1.418257359E+01
  1.9000000E+03   8.530083797E-01   4.376443003E-03   7.932774477E-02   1.503462318E+02   3.316361683E+02   1.437971418E+01
  1.9100000E+03   8.526015967E-01   2.561658377E-03   7.859348638E-02   6.357777353E+01   3.093651882E+02   1.454264373E+01
  1.9200000E+03   8.520617138E-01   4.579774120E-03   7.768121797E-02   3.438452942E+02   2.837161664E+02   1.452102046E+01
  1.9300000E+03   8.518594191E-01   3.669090578E-03   7.666636583E-02   2.881015478E+02   2.374564059E+02   1.439130483E+01
  1.9400000E+03   8.512684612E-01   2.635667735E-03   7.543100801E-02   1.895231237E+02   2.370941951E+02   1.444314768E+01
  1.9500000E+03   8.513809312E-01   4.077908922E-03   7.428634067E-02   1.334694557E+02   1.974900271E+02   1.460799037E+01
  1.9600000E+03   8.505074981E-01   3.122933305E-03   7.343967546E-02   8.527990601E+01   1.532643595E+02   1.487991084E+01
  1.9700000E+03   8.501501822E-01   3.093906480E-03   7.262630837E-02   3.576202164E+02   1.519330091E+02   1.498124335E+01
  1.9800000E+03   8.496860826E-01   5.002466889E-03   7.192434629E-02   3.129530954E+02   1.111325714E+02   1.487871152E+01
  1.9900000E+03   8.491939624E-01   2.970912448E-03   7.089781785E-02   2.777472579E+02   6.435201015E+01   1.484473391E+01
  2.0000000E+03   8.488302217E-01   3.415973279E-03   6.983990689E-02   2.012587134E+02   6.195684920E+01   1.483486225E+01
  2.0100000E+03   8.483442285E-01   4.857650481E-03   6.872293357E-02   1.671645995E+02   2.036300865E+01   1.504426111E+01
  2.0200000E+03   8.483195661E-01   3.894161049E-03   6.794180472E-02   1.415895164E+02   3.336418876E+02   1.520563455E+01
  2.0300000E+03   8.475928385E-01   3.157967845E-03   6.728014446E-02   7.786368446E+01   3.285485496E+02   1.534012507E+01
  2.0400000E+03   8.472689047E-01   4.301379332E-03   6.660513670E-02   5.009344051E+01   2.909365864E+02   1.528953133E+01
  2.0500000E+03   8.467518504E-01   4.161779642E-03   6.566562177E-02   2.632478116E+01   2.528307215E+02   1.510464946E+01
  2.0600000E+03   8.464808426E-01   3.128573357E-03   6.465068253E-02   3.549047968E+02   2.255413346E+02   1.521523603E+01
  2.0700000E+03   8.460616876E-01   3.568258902E-03   6.378985343E-02   3.351248463E+02   1.898335449E+02   1.535809405E+01
  2.0800000E+03   8.455637083E-01   2.980303740E-03   6.295136868E-02   3.006324098E+02   1.721090716E+02   1.555133532E+01
  2.0900000E+03   8.452059728E-01   4.540875478E-03   6.243742181E-02   2.831678078E+02   1.407503131E+02   1.565678377E+01
  2.1000000E+03   8.446763189E-01   3.559562352E-03   6.178385913E-02   2.971442942E+02   8.176118708E+01   1.553716118E+01
  2.1100000E+03   8.444311332E-01   2.776001614E-03   6.086406447E-02   2.729567210E+02   6.417064156E+01   1.538956583E+01
  2.1200000E+03   8.438680914E-01   3.344757355E-03   5.993320611E-02   2.587672120E+02   3.976008146E+01   1.548053497E+01
  2.1300000E+03   8.440891371E-01   3.684073798E-03   5.916682699E-02   2.683496466E+02   3.549336057E+02   1.564668744E+01
  2.1400000E+03   8.430354616E-01   4.234402554E-03   5.848694175E-02   2.574163332E+02   3.339232242E+02   1.577233174E+01
  2.1500000E+03   8.427656838E-01   4.835249426E-03   5.788375242E-02   2.680451052E+02   2.948186048E+02   1.582736260E+01
  2.1600000E+03   8.422197093E-01   3.906833456E-03   5.724169524E-02   2.809755545E+02   2.567795069E+02   1.579251834E+01
  2.1700000E+03   8.419529763E-01   3.308087445E-03   5.654373916E-02   2.642258617E+02   2.520107349E+02   1.570711053E+01
  2.1800000E+03   8.415262127E-01   3.352975090E-03   5.571191152E-02   2.853181316E+02   2.125694493E+02   1.567164553E+01
  2.1900000E+03   8.411841177E-01   2.672466190E-03   5.494687684E-02   2.984997346E+02   1.842890873E+02   1.577843762E+01
  2.2000000E+03   8.407839575E-01   3.465430135E-03   5.425327885E-02   3.128867138E+02   1.580783390E+02   1.589082528E+01
  2.2100000E+03   8.403005754E-01   4.544055857E-03   5.374143554E-02   4.069503878E-02   1.027567108E+02   1.592623321E+01
  2.2200000E+03   8.399381329E-01   4.106472534E-03   5.304236542E-02   1.318565029E+01   8.468259580E+01   1.586493412E+01
  2.2300000E+03   8.394509772E-01   5.218843119E-03   5.228304809E-02   4.474596371E+01   5.159650218E+01   1.585487821E+01
  2.2400000E+03   8.394013145E-01   3.344013298E-03   5.153128329E-02   8.701092772E+01   1.118950620E+01   1.602296280E+01
  2.2500000E+03   8.386768441E-01   3.548378594E-03   5.095433563E-02   1.172265163E+02   3.459531295E+02   1.630863975E+01
  2.2600000E+03   8.383143502E-01   4.091194868E-03   5.048599677E-02   1.643375835E+02   3.074487293E+02   1.646992946E+01
  2.2700000E+03   8.377567169E-01   3.612535373E-03   5.009443260E-02   2.043718647E+02   2.795498140E+02   1.645483814E+01
  2.2800000E+03   8.373387498E-01   3.333021824E-03   4.954757521E-02   2.352482086E+02   2.645139461E+02   1.636790611E+01
  2.2900000E+03   8.370564855E-01   2.867857188E-03   4.885442328E-02   3.091496619E+02   2.096209158E+02   1.638035319E+01
  2.3000000E+03   8.366406778E-01   3.428822929E-03   4.816161356E-02   3.565532878E+02   1.844709433E+02   1.658401316E+01
  2.3100000E+03   8.366180803E-01   4.379491327E-03   4.754587347E-02   4.896026867E+01   1.576576459E+02   1.683502437E+01
  2.3200000E+03   8.357564290E-01   2.585634063E-03   4.709492325E-02   1.007298160E+02   1.351618054E+02   1.694939046E+01
  2.3300000E+03   8.354899051E-01   3.366196917E-03   4.653791321E-02   1.708756118E+02   9.781732693E+01   1.682593839E+01
  2.3400000E+03   8.349046167E-01   4.150160126E-03   4.592192995E-02   2.542181037E+02   5.090852704E+01   1.657103887E+01
  2.3500000E+03   8.346803987E-01   3.075154439E-03   4.528685565E-02   2.966972087E+02   4.822253711E+01   1.649609271E+01
  2.3600000E+03   8.342390671E-01   3.558547977E-03   4.471350000E-02   2.948795044E+01   3.583387387E+02   1.658899317E+01
  2.3700000E+03   8.337966075E-01   3.746495752E-03   4.426566211E-02   1.114694527E+02   3.226458842E+02   1.682133067E+01
  2.3800000E+03   8.334649645E-01   4.454766539E-03   4.377381972E-02   1.747976085E+02   3.090936666E+02   1.687156189E+01
  2.3900000E+03   8.329127356E-01   3.640931250E-03   4.333057677E-02   2.859140999E+02   2.517043730E+02   1.669568063E+01
  2.4000000E+03   8.326525796E-01   4.254505695E-03   4.281375995E-02   3.560974274E+02   2.384720141E+02   1.647473800E+01
  2.4100000E+03   8.321314765E-01   4.709175667E-03   4.217388031E-02   7.634600993E+01   2.183504127E+02   1.654214397E+01
  2.4200000E+03   8.319036104E-01   3.784061592E-03   4.159187189E-02   1.837031172E+02   1.746876264E+02   1.672425891E+01
  2.4300000E+03   8.313634599E-01   4.586214570E-03   4.121412968E-02   2.687304858E+02   1.566910550E+02   1.674513895E+01
  2.4400000E+03   8.309812733E-01   2.733632949E-03   4.082361149E-02   2.687737018E+01   1.091034739E+02   1.678903471E+01
  2.4500000E+03   8.305810299E-01   3.708277295E-03   4.034821544E-02   1.333990119E+02   7.678617066E+01   1.653457048E+01
  2.4600000E+03   8.300741454E-01   3.421421320E-03   3.984774023E-02   2.470953953E+02   4.084310485E+01   1.646593938E+01
  2.4700000E+03   8.297797546E-01   3.897142516E-03   3.921157241E-02   3.535329810E+02   1.526277632E+01   1.649703394E+01
  2.4800000E+03   8.292708204E-01   4.518329255E-03   3.877616419E-02   9.281627742E+01   2.210604043E-01   1.663064575E+01
  2.4900000E+03   8.290508916E-01   3.865550471E-03   3.837863180E-02   2.239571224E+02   3.170200585E+02   1.675087024E+01
  2.5000000E+03   8.285158008E-01   3.361684743E-03   3.804424217E-02   3.321342462E+02   3.002109174E+02   1.662960660E+01
  2.5100000E+03   8.281449680E-01   4.160297717E-03   3.756284788E-02   1.314579191E+02   2.359924680E+02   1.642547559E+01
  2.5200000E+03   8.278328570E-01   4.156132382E-03   3.703990010E-02   2.292554683E+02   2.363999085E+02   1.636560416E+01
  2.5300000E+03   8.272981828E-01   4.625429037E-03   3.654268435E-02   1.648983702E+01   1.910364885E+02   1.641001913E+01
  2.5400000E+03   8.269991294E-01   2.750802476E-03   3.610890864E-02   1.528832905E+02   1.597884402E+02   1.655773883E+01
  2.5500000E+03   8.265331324E-01   5.222135557E-03   3.578051048E-02   2.971612969E+02   1.241694658E+02   1.660617765E+01
  2.5600000E+03   8.261116880E-01   4.095724732E-03   3.544723972E-02   8.006272670E+01   9.359877628E+01   1.649267227E+01
  2.5700000E+03   8.257379189E-01   3.501564097E-03   3.499205895E-02   2.168819500E+02   7.255676137E+01   1.627931866E+01
  2.5800000E+03   8.253160034E-01   4.312160763E-03   3.447059958E-02   2.528172859E+01   2.339225408E+01   1.624365303E+01
  2.5900000E+03   8.251246554E-01   4.273713342E-03   3.402999146E-02   1.758626418E+02   3.556892594E+02   1.643182115E+01
  2.6000000E+03   8.244719818E-01   2.825154288E-03   3.368702958E-02   3.224842645E+02   3.355357927E+02   1.653274123E+01
  2.6100000E+03   8.240175315E-01   5.122163409E-03   3.338474219E-02   1.318081051E+02   2.965037938E+02   1.651317968E+01
  2.6200000E+03   8.240038352E-01   3.393203579E-03   3.306640182E-02   2.929963415E+02   2.692328366E+02   1.636953338E+01
  2.6300000E+03   8.233126916E-01   3.807671852E-03   3.268451011E-02   7.467761614E+01   2.649393797E+02   1.620268744E+01
  2.6400000E+03   8.229369620E-01   4.957216556E-03   3.225104220E-02   2.549679443E+02   2.252893461E+02   1.602832542E+01
  2.6500000E+03   8.226116132E-01   3.779151969E-03   3.178298535E-02   5.416419650E+01   2.096641319E+02   1.595394708E+01
  2.6600000E+03   8.221391406E-01   3.107689036E-03   3.133520777E-02   2.276802403E+02   1.828510575E+02   1.605054871E+01
  2.6700000E+03   8.218917168E-01   5.287966582E-03   3.093491458E-02   2.789326620E+01   1.722932757E+02   1.613895810E+01
  2.6800000E+03   8.213642568E-01   4.029010185E-03   3.061894049E-02   2.320094112E+02   1.211028182E+02   1.621898659E+01
  2.6900000E+03   8.211080468E-01   4.560534560E-03   3.033668256E-02   4.565653684E+01   1.039602711E+02   1.619509884E+01
  2.7000000E+03   8.207561404E-01   3.003513823E-03   2.999777991E-02   2.178165661E+02   9.161909708E+01   1.604933974E+01
  2.7100000E+03   8.203110053E-01   5.263136377E-03   2.960679351E-02   4.522974248E+01   6.748033851E+01   1.590291753E+01
  2.7200000E+03   8.199934961E-01   4.346272427E-03   2.920137155E-02   2.433806477E+02   3.624898264E+01   1.586305998E+01
  2.7300000E+03   8.196111903E-01   4.806847610E-03   2.878142021E-02   8.905522367E+01   5.741181906E-01   1.591613293E+01
  2.7400000E+03   8.192249033E-01   2.953244582E-03   2.841127268E-02   2.836398868E+02   3.394176898E+02   1.599854427E+01
  2.7500000E+03   8.194068694E-01   4.027471885E-03   2.809544048E-02   1.082457702E+02   3.315209534E+02   1.610198294E+01
  2.7600000E+03   8.184253763E-01   3.978191951E-03   2.784778608E-02   3.065913982E+02   3.132121237E+02   1.611365907E+01
  2.7700000E+03   8.180181084E-01   5.688013236E-03   2.756996594E-02   1.631119383E+02   2.801075889E+02   1.604252862E+01
  2.7800000E+03   8.180942531E-01   4.373646032E-03   2.723816750E-02   2.646102015E+01   2.435575869E+02   1.585511475E+01
  2.7900000E+03   8.172110451E-01   5.283099363E-03   2.688416801E-02   2.360311987E+02   2.242133107E+02   1.577531062E+01
  2.8000000E+03   8.169890041E-01   3.262545293E-03   2.651265048E-02   1.014523668E+02   1.922307237E+02   1.574441817E+01
  2.8100000E+03   8.166207495E-01   3.783394384E-03   2.613125364E-02   2.973068051E+02   1.931399193E+02   1.579735077E+01
  2.8200000E+03   8.161261543E-01   2.944953543E-03   2.583871813E-02   1.764796456E+02   1.542435499E+02   1.594267046E+01
  2.8300000E+03   8.159146867E-01   4.293684913E-03   2.558728707E-02   2.443458956E+01   1.497985201E+02   1.603430279E+01
  2.8400000E+03   8.154043858E-01   4.820118719E-03   2.532883101E-02   2.507801251E+02   1.304513103E+02   1.600184225E+01
  2.8500000E+03   8.150637217E-01   4.316551863E-03   2.508188288E-02   1.215593401E+02   1.101382295E+02   1.594947391E+01
  2.8600000E+03   8.147478312E-01   4.799663862E-03   2.479311117E-02   3.551888077E+02   9.024400343E+01   1.582299237E+01
  2.8700000E+03   8.142180837E-01   5.776451289E-03   2.448359301E-02   2.487420316E+02   5.362460663E+01   1.568340387E+01
  2.8800000E+03   8.138832141E-01   4.554195254E-03   2.415307797E-02   1.147625380E+02   4.799071903E+01   1.570601033E+01
  2.8900000E+03   8.136810927E-01   5.550849748E-03   2.382528255E-02   1.456193452E+01   1.173270274E+01   1.572501764E+01
  2.9000000E+03   8.131254638E-01   5.398877593E-03   2.353251546E-02   2.654803607E+02   3.477890827E+02   1.583417297E+01
  2.9100000E+03   8.127523988E-01   4.646727130E-03   2.329905872E-02   1.520588101E+02   3.317107679E+02   1.594506170E+01
  2.9200000E+03   8.124930267E-01   5.140173154E-03   2.306475925E-02   4.381390350E+01   3.139062378E+02   1.596317386E+01
  2.9300000E+03   8.119672509E-01   5.416227204E-03   2.284075471E-02   3.156846659E+02   2.794493820E+02   1.589175124E+01
  2.9400000E+03   8.115788419E-01   4.400077183E-03   2.260280372E-02   2.009024244E+02   2.752804706E+02   1.576312982E+01
  2.9500000E+03   8.113985491E-01   4.258183527E-03   2.231006656E-02   1.135876756E+02   2.467359639E+02   1.565847555E+01
  2.9600000E+03   8.109381208E-01   5.085350231E-03   2.200694031E-02   1.612744240E+01   2.316246322E+02   1.560869362E+01
  2.9700000E+03   8.106056144E-01   3.120752305E-03   2.173209015E-02   3.158011573E+02   1.827957176E+02   1.570571880E+01
  2.9800000E+03   8.102411251E-01   3.406902219E-03   2.146318615E-02   2.216475527E+02   1.709513011E+02   1.581034662E+01
  2.9900000E+03   8.098655665E-01   2.557415202E-03   2.123509766E-02   1.534274115E+02   1.366277050E+02   1.587941002E+01
  3.0000000E+03   8.094605513E-01   5.308874641E-03   2.106408362E-02   7.948580598E+01   1.117398651E+02   1.592718097E+01
  3.0100000E+03   8.090909843E-01   4.806528885E-03   2.085268825E-02   8.290627130E+00   8.740427784E+01   1.582805923E+01
  3.0200000E+03   8.085566648E-01   5.895018351E-03   2.061577128E-02   2.946213598E+02   6.911021040E+01   1.571184205E+01
  3.0300000E+03   8.082455509E-01   4.294683848E-03   2.035572672E-02   2.039676023E+02   7.141125786E+01   1.566259485E+01
  3.0400000E+03   8.080201804E-01   4.296735027E-03   2.007722178E-02   1.457155480E+02   4.439788671E+01   1.564863143E+01
  3.0500000E+03   8.075537877E-01   3.164085204E-03   1.981933573E-02   7.942111106E+01   2.875160524E+01   1.570925764E+01
  3.0600000E+03   8.072099179E-01   5.047132676E-03   1.962378594E-02   6.132485738E+01   3.285485466E+02   1.588383497E+01
  3.0700000E+03   8.069775290E-01   5.471150987E-03   1.942394621E-02   3.562431306E+02   3.183081993E+02   1.595620749E+01
  3.0800000E+03   8.064252048E-01   5.859219991E-03   1.922897586E-02   3.051926986E+02   2.976829028E+02   1.594082758E+01
  3.0900000E+03   8.060503950E-01   3.548353523E-03   1.906299136E-02   2.401298368E+02   2.948700917E+02   1.588947790E+01
  3.1000000E+03   8.058142536E-01   2.933086714E-03   1.883603412E-02   2.316407644E+02   2.389649036E+02   1.581266406E+01
  3.1100000E+03   8.052877133E-01   4.374040109E-03   1.858570430E-02   1.931842204E+02   2.164827594E+02   1.574137859E+01
  3.1200000E+03   8.049692731E-01   5.013850245E-03   1.836898424E-02   1.321998396E+02   2.198193048E+02   1.578322865E+01
  3.1300000E+03   8.047324125E-01   4.387385716E-03   1.813193491E-02   8.850323287E+01   2.090452413E+02   1.588508077E+01
  3.1400000E+03   8.042160241E-01   2.432872090E-03   1.793077794E-02   8.545024252E+01   1.613259891E+02   1.599282257E+01
  3.1500000E+03   8.037858580E-01   6.116870760E-03   1.778125006E-02   6.073679200E+01   1.389364649E+02   1.613501050E+01
  3.1600000E+03   8.035390799E-01   4.993298439E-03   1.761861109E-02   1.674512218E+01   1.390618300E+02   1.611777310E+01
  3.1700000E+03   8.031703877E-01   3.162620797E-03   1.745295453E-02   8.269788837E+00   1.070186881E+02   1.603598583E+01
  3.1800000E+03   8.026431177E-01   5.368518157E-03   1.726355898E-02   1.038442762E+01   6.802532429E+01   1.597429619E+01
  3.1900000E+03   8.024017563E-01   5.213709595E-03   1.704293723E-02   3.436014479E+02   6.130336612E+01   1.596706076E+01
  3.2000000E+03   8.019757185E-01   2.917157435E-03   1.682332301E-02   3.297034044E+02   4.550754114E+01   1.599621380E+01
  3.2100000E+03   8.014891425E-01   5.787702894E-03   1.664418963E-02   3.540042684E+02   3.552052301E+02   1.617380960E+01
  3.2200000E+03   8.012415485E-01   5.188307951E-03   1.648119542E-02   3.209242207E+02   5.456122931E+00   1.632805421E+01
  3.2300000E+03   8.009605697E-01   2.547511134E-03   1.632723310E-02   1.329361620E+00   3.058473498E+02   1.638703075E+01
  3.2400000E+03   8.004067283E-01   6.362278949E-03   1.620242848E-02   3.454293047E+02   3.058628338E+02   1.644449813E+01
  3.2500000E+03   8.001860565E-01   2.741621512E-03   1.605611986E-02   3.399267305E+02   2.992095857E+02   1.634609406E+01
  3.2600000E+03   7.999649487E-01   5.209521278E-03   1.586442216E-02   3.695550563E+01   2.336343561E+02   1.626856358E+01
  3.2700000E+03   7.993798305E-01   4.049948489E-03   1.568070969E-02   5.728527565E+00   2.596063948E+02   1.629436057E+01
  3.2800000E+03   7.989794727E-01   4.204267173E-03   1.549904594E-02   8.502190444E+01   1.791443320E+02   1.642178731E+01
  3.2900000E+03   7.991433732E-01   5.777511855E-03   1.532949012E-02   6.649232558E+01   1.997527024E+02   1.652444986E+01
  3.3000000E+03   7.982640182E-01   3.216646475E-03   1.520216789E-02   1.393701062E+02   1.329385922E+02   1.670699353E+01
  3.3100000E+03   7.977892262E-01   6.546189455E-03   1.507413849E-02   1.360370067E+02   1.456495777E+02   1.680417305E+01
  3.3200000E+03   7.981613193E-01   2.314980709E-03   1.496333783E-02   1.825463517E+02   1.126657853E+02   1.681636132E+01
  3.3300000E+03   7.969734281E-01   6.731988893E-03   1.483501828E-02   2.140561393E+02   9.810111402E+01   1.678555922E+01
  3.3400000E+03   7.967153286E-01   2.420014384E-03   1.468098967E-02   2.357252849E+02   9.681434335E+01   1.668826765E+01
  3.3500000E+03   7.966623718E-01   6.573559041E-03   1.451751816E-02   3.059691581E+02   5.066576515E+01   1.673476362E+01
  3.3600000E+03   7.960275654E-01   2.344947697E-03   1.435064705E-02   3.417308511E+02   4.236336039E+01   1.682987933E+01
  3.3700000E+03   7.954994855E-01   6.668019550E-03   1.419908100E-02   5.665530976E+01   3.585256486E+02   1.696071975E+01
  3.3800000E+03   7.953967258E-01   2.900949157E-03   1.410037976E-02   1.179774501E+02   3.318854564E+02   1.715165675E+01
  3.3900000E+03   7.947027304E-01   6.173325189E-03   1.399255113E-02   1.619689884E+02   3.262431658E+02   1.723302666E+01
  3.4000000E+03   7.942548968E-01   2.754036537E-03   1.388599087E-02   2.475183774E+02   2.835358548E+02   1.725202632E+01
  3.4100000E+03   7.939613132E-01   5.064890975E-03   1.378151889E-02   2.772214465E+02   3.001686751E+02   1.715245846E+01
  3.4200000E+03   7.937123997E-01   4.951946484E-03   1.363923616E-02   4.024070984E+01   2.271678865E+02   1.708494068E+01
  3.4300000E+03   7.932702250E-01   5.110657749E-03   1.348287685E-02   5.120232269E+01   2.686716559E+02   1.708582781E+01
  3.4400000E+03   7.928068204E-01   6.458039306E-03   1.334357754E-02   1.753542498E+02   2.017107887E+02   1.724348542E+01
  3.4500000E+03   7.925297491E-01   2.302880394E-03   1.322326310E-02   2.291698927E+02   2.083249292E+02   1.742146871E+01
  3.4600000E+03   7.920083338E-01   6.768117169E-03   1.312257788E-02   3.347113750E+02   1.672142680E+02   1.756170405E+01
  3.4700000E+03   7.917164298E-01   5.001431078E-03   1.306007408E-02   9.387709920E+01   1.165902255E+02   1.770227008E+01
  3.4800000E+03   7.913979245E-01   4.011046130E-03   1.297455161E-02   1.236304870E+02   1.580073709E+02   1.767663565E+01
  3.4900000E+03   7.906909028E-01   7.150732881E-03   1.287441982E-02   2.718964962E+02   8.597681064E+01   1.759509808E+01
  3.5000000E+03   7.904676278E-01   2.638432031E-03   1.275664436E-02   2.399639535E+01   5.387881363E+01   1.755180236E+01
  3.5100000E+03   7.901999496E-01   5.728422416E-03   1.261085097E-02   7.816065016E+01   8.273772393E+01   1.750851340E+01
  3.5200000E+03   7.896369707E-01   6.149050184E-03   1.248116996E-02   2.350457668E+02   1.340249487E+01   1.759775805E+01
  3.5300000E+03   7.894670170E-01   2.080037306E-03   1.239048048E-02   1.969390677E-01   3.385280452E+02   1.786006526E+01
  3.5400000E+03   7.890116411E-01   6.486287675E-03   1.230525240E-02   5.703049029E+01   1.550528860E+01   1.805364665E+01
  3.5500000E+03   7.883757889E-01   6.159245325E-03   1.223684495E-02   2.249628387E+02   3.069822907E+02   1.817526045E+01
  3.5600000E+03   7.881232986E-01   2.606828781E-03   1.217003542E-02   1.516003051E+00   2.732811782E+02   1.820226137E+01
  3.5700000E+03   7.878684818E-01   6.219940420E-03   1.209816976E-02   5.924439889E+01   3.216535190E+02   1.806817454E+01
  3.5800000E+03   7.871969803E-01   6.849242373E-03   1.199896088E-02   2.459986704E+02   2.458932709E+02   1.796033413E+01
  3.5900000E+03   7.870575615E-01   4.103047169E-03   1.188020260E-02   4.019943428E+01   2.058993504E+02   1.803153182E+01
  3.6000000E+03   7.866754629E-01   3.938879852E-03   1.175306121E-02   9.061939840E+01   2.724310256E+02   1.804929033E+01
  3.6100000E+03   7.859401209E-01   7.975687048E-03   1.165107360E-02   2.814283482E+02   2.037932638E+02   1.819468471E+01
  3.6200000E+03   7.856465320E-01   6.050356603E-03   1.156696086E-02   9.340973865E+01   1.588837596E+02   1.851517753E+01
  3.6300000E+03   7.854890594E-01   1.105629543E-03   1.149886441E-02   1.939357754E+02   1.879542686E+02   1.864583166E+01
  3.6400000E+03   7.848809867E-01   7.202651261E-03   1.146705706E-02   3.490047635E+02   1.665282115E+02   1.864079481E+01
  3.6500000E+03   7.844004528E-01   7.193528327E-03   1.140855081E-02   1.793809059E+02   1.152068897E+02   1.863817621E+01
  3.6600000E+03   7.842353287E-01   4.708999812E-03   1.132795592E-02   3.122761931E+01   4.588376296E+01   1.844231135E+01
  3.6700000E+03   7.838108387E-01   2.804466212E-03   1.124372041E-02   8.598686358E+01   1.363709650E+02   1.829364721E+01
  3.6800000E+03   7.833479260E-01   5.989648861E-03   1.112241252E-02   2.835781889E+02   8.894770145E+01   1.835221007E+01
  3.6900000E+03   7.827685014E-01   8.291380806E-03   1.102195316E-02   1.394846950E+02   2.874688493E+01   1.837196043E+01
  3.7000000E+03   7.824304807E-01   3.370724809E-03   1.092626905E-02   3.493041703E+02   3.380297666E+02   1.856863339E+01
  3.7100000E+03   7.826493800E-01   2.036960910E-03   1.084562059E-02   7.213038927E+01   5.695437183E+01   1.875818755E+01
  3.7200000E+03   7.816730940E-01   7.030661025E-03   1.082405099E-02   2.845999619E+02   1.062162748E+01   1.891730717E+01
  3.7300000E+03   7.811097077E-01   7.588259835E-03   1.077841715E-02   1.607677505E+02   3.063495098E+02   1.888607085E+01
  3.7400000E+03   7.810245382E-01   4.937994208E-03   1.073503472E-02   4.351428018E+01   2.394201394E+02   1.866540778E+01
  3.7500000E+03   7.804947326E-01   8.106415181E-04   1.068683470E-02   2.044500231E+02   2.572432290E+02   1.860129536E+01
  3.7600000E+03   7.800449520E-01   5.668900933E-03   1.060155573E-02   3.410322141E+02   3.038884960E+02   1.832858070E+01
  3.7700000E+03   7.792307540E-01   9.094802561E-03   1.051571596E-02   2.308172308E+02   2.431080945E+02   1.827020209E+01
  3.7800000E+03   7.789947123E-01   7.118140334E-03   1.041795018E-02   1.017570315E+02   2.061181233E+02   1.821095023E+01
  3.7900000E+03   7.789388676E-01   1.452162136E-03   1.033415971E-02   3.363306568E+02   1.673374820E+02   1.831170600E+01
  3.8000000E+03   7.782901428E-01   4.941432477E-03   1.025062810E-02   9.943308792E+01   2.431604818E+02   1.849818777E+01
  3.8100000E+03   7.781533635E-01   7.281439405E-03   1.023410465E-02   3.528568907E+02   1.944749241E+02   1.862572709E+01
  3.8200000E+03   7.772926867E-01   7.564063925E-03   1.022042156E-02   2.700453773E+02   1.277521717E+02   1.865830912E+01
  3.8300000E+03   7.770235891E-01   5.327009381E-03   1.020703292E-02   1.833046208E+02   6.909924743E+01   1.843497055E+01
  3.8400000E+03   7.765828298E-01   1.589870765E-03   1.018423519E-02   2.911977771E+02   1.786137619E+02   1.834170139E+01
  3.8500000E+03   7.760294063E-01   5.413416178E-03   1.014859169E-02   1.936908522E+02   1.386183875E+02   1.803566473E+01
  3.8600000E+03   7.755923905E-01   9.401212309E-03   1.009917162E-02   1.136467434E+02   8.679994575E+01   1.786547021E+01
  3.8700000E+03   7.752141732E-01   6.764469709E-03   1.003367166E-02   3.284137132E+01   4.019214671E+01   1.757349313E+01
  3.8800000E+03   7.755406487E-01   9.660267053E-04   9.961358360E-03   2.925745957E+02   1.473162750E+01   1.748042647E+01
  3.8900000E+03   7.745380910E-01   3.183771437E-03   9.874695107E-03   8.995070638E+01   9.480035040E+01   1.756488192E+01
  3.9000000E+03   7.740363066E-01   7.089921561E-03   9.843499024E-03   2.466706670E+01   4.318845156E+01   1.777349683E+01
  3.9100000E+03   7.733677492E-01   7.776601963E-03   9.828922563E-03   3.479036704E+02   3.298435258E+02   1.782886622E+01
  3.9200000E+03   7.733847788E-01   6.709682953E-03   9.847825331E-03   2.940696427E+02   2.785525365E+02   1.789638215E+01
  3.9300000E+03   7.727110241E-01   1.621291434E-03   9.843492063E-03   2.124470799E+02   2.582492017E+02   1.784270575E+01
  3.9400000E+03   7.722706691E-01   5.948116036E-03   9.872406708E-03   2.726938844E+01   3.456652011E+02   1.776213245E+01
  3.9500000E+03   7.715167406E-01   9.597490587E-03   9.858334132E-03   3.441690201E+02   2.967724057E+02   1.772695400E+01
  3.9600000E+03   7.717963945E-01   7.864022056E-03   9.882519696E-03   2.894282576E+02   2.639435369E+02   1.767351978E+01
  3.9700000E+03   7.711936317E-01   2.104399075E-03   9.862162579E-03   2.133800988E+02   2.537039495E+02   1.752479355E+01
  3.9800000E+03   7.709373312E-01   4.435545350E-03   9.802810999E-03   5.466211023E+01   3.291814175E+02   1.712520379E+01
  3.9900000E+03   7.700616873E-01   7.402311959E-03   9.705908809E-03   4.105311690E+01   2.651677969E+02   1.721399213E+01
  4.0000000E+03   7.701365960E-01   7.892176546E-03   9.656801577E-03   3.142234907E+01   2.041607746E+02   1.732897457E+01
  4.0100000E+03   7.690977602E-01   6.684868607E-03   9.643308075E-03   2.758606007E+01   1.426256936E+02   1.771739644E+01
  4.0200000E+03   7.687696775E-01   2.445406215E-03   9.635891023E-03   1.543490788E+01   9.322724427E+01   1.784333683E+01
  4.0300000E+03   7.682067519E-01   5.585059705E-03   9.634067561E-03   2.127265252E+02   1.984904492E+02   1.811547857E+01
  4.0400000E+03   7.675803459E-01   1.002947253E-02   9.606414929E-03   2.024170716E+02   1.574753713E+02   1.827029056E+01
  4.0500000E+03   7.675074685E-01   7.254184715E-03   9.586213968E-03   1.848344714E+02   1.284043810E+02   1.860622903E+01
  4.0600000E+03   7.673341849E-01   1.740883348E-03   9.552377307E-03   1.288334060E+02   1.389369708E+02   1.876903888E+01
  4.0700000E+03   7.669768788E-01   6.741210855E-03   9.561718647E-03   4.169793122E+01   1.833186616E+02   1.874910732E+01
  4.0800000E+03   7.662749747E-01   9.341982310E-03   9.528174799E-03   5.275706645E+01   1.354567720E+02   1.836160824E+01
  4.0900000E+03   7.660144907E-01   7.254750700E-03   9.484297112E-03   8.646864671E+01   7.085251267E+01   1.796222229E+01
  4.1000000E+03   7.653819064E-01   5.926963282E-03   9.399562255E-03   1.180068083E+02   1.288060128E+01   1.789840609E+01
  4.1100000E+03   7.650540866E-01   1.507414391E-03   9.343942426E-03   1.481449706E+02   3.199829838E+02   1.792929851E+01
  4.1200000E+03   7.645482487E-01   4.798699360E-03   9.264890377E-03   1.510968373E+01   7.532371278E+01   1.810894875E+01
  4.1300000E+03   7.637679506E-01   8.941455468E-03   9.211219815E-03   5.753926037E+01   2.211562696E+01   1.809058029E+01
  4.1400000E+03   7.635682854E-01   7.287722365E-03   9.142541050E-03   9.739996994E+01   3.367265923E+02   1.820330597E+01
  4.1500000E+03   7.633475981E-01   2.631747280E-03   9.081320271E-03   8.409124759E+01   3.468049852E+02   1.811227646E+01
  4.1600000E+03   7.630163565E-01   6.686514352E-03   9.023249404E-03   2.454125399E+01   4.491973108E+01   1.828232661E+01
  4.1700000E+03   7.625885020E-01   9.291518384E-03   9.009042503E-03   7.220509082E+01   1.188711786E+00   1.820219795E+01
  4.1800000E+03   7.620793908E-01   7.851666553E-03   9.034313552E-03   1.452921872E+02   2.971097431E+02   1.811460872E+01
  4.1900000E+03   7.616988555E-01   4.772186182E-03   9.018061816E-03   2.277856464E+02   2.278042818E+02   1.757685065E+01
  4.2000000E+03   7.618806210E-01   1.268008525E-03   8.983525877E-03   3.073658105E+02   1.654239109E+02   1.728091606E+01
  4.2100000E+03   7.605865832E-01   3.039905869E-03   8.922885233E-03   1.858396455E+02   3.096469847E+02   1.699084444E+01
  4.2200000E+03   7.599606421E-01   7.795841966E-03   8.851473077E-03   2.729256413E+02   2.520844622E+02   1.680886413E+01
  4.2300000E+03   7.596869490E-01   8.548145341E-03   8.800390966E-03   3.575528150E+02   2.035351791E+02   1.634568148E+01
  4.2400000E+03   7.594519798E-01   2.466132050E-03   8.780325742E-03   4.755698960E+01   1.921077444E+02   1.592363416E+01
  4.2500000E+03   7.591362338E-01   7.180502131E-03   8.713245296E-03   1.221010570E+01   2.679214694E+02   1.547562221E+01
  4.2600000E+03   7.589991962E-01   9.843948715E-03   8.656651962E-03   9.727395757E+01   2.275326673E+02   1.532176847E+01
  4.2700000E+03   7.583042034E-01   8.227791251E-03   8.619907530E-03   1.957030149E+02   1.784297159E+02   1.552486463E+01
  4.2800000E+03   7.580218177E-01   6.060697173E-03   8.668572591E-03   3.177402217E+02   1.092213125E+02   1.554734472E+01
  4.2900000E+03   7.576323138E-01   2.703585269E-03   8.664447309E-03   8.846041597E+01   3.584825861E+01   1.510938485E+01
  4.3000000E+03   7.570500771E-01   1.798365616E-03   8.664926662E-03   3.520224566E+02   1.951256044E+02   1.466637364E+01
  4.3100000E+03   7.563260439E-01   6.654286003E-03   8.611398104E-03   1.358603640E+02   1.210319743E+02   1.412666201E+01
  4.3200000E+03   7.555962560E-01   9.003662710E-03   8.608417589E-03   2.695486762E+02   6.422433122E+01   1.366623794E+01
  4.3300000E+03   7.557188918E-01   4.816403130E-03   8.627920340E-03   2.468925041E+01   3.017875305E+01   1.326209804E+01
  4.3400000E+03   7.554008115E-01   2.966667965E-03   8.663280364E-03   2.754614192E+01   1.101702051E+02   1.281473217E+01
  4.3500000E+03   7.548302135E-01   8.708790825E-03   8.618800608E-03   1.266969051E+02   9.706770659E+01   1.230881466E+01
  4.3600000E+03   7.545212536E-01   9.870886313E-03   8.565464020E-03   2.644437551E+02   4.999689009E+01   1.201312109E+01
  4.3700000E+03   7.542759757E-01   6.585938346E-03   8.502967630E-03   5.959610662E+01   3.488748334E+02   1.215585830E+01
  4.3800000E+03   7.538397895E-01   3.892655447E-03   8.546040034E-03   2.408291674E+02   2.655281208E+02   1.216030050E+01
  4.3900000E+03   7.533268309E-01   1.563723652E-03   8.571229373E-03   7.921016043E+01   1.703081766E+02   1.189475515E+01
  4.4000000E+03   7.525900446E-01   4.303648020E-03   8.590022700E-03   8.381754580E+00   3.508019659E+02   1.136932609E+01
  4.4100000E+03   7.519163309E-01   9.063030164E-03   8.587565209E-03   1.850951745E+02   2.911040872E+02   1.090935855E+01
  4.4200000E+03   7.522228436E-01   8.381774139E-03   8.640908574E-03   3.458347060E+02   2.536418825E+02   1.060670590E+01
  4.4300000E+03   7.515393336E-01   2.625786091E-03   8.680137633E-03   1.089169241E+02   2.560061279E+02   1.055182000E+01
  4.4400000E+03   7.510839272E-01   6.368071016E-03   8.730305584E-03   1.690883066E+02   3.234548108E+02   1.015165150E+01
  4.4500000E+03   7.507353107E-01   9.670039333E-03   8.705469531E-03   3.441782949E+02   2.805437629E+02   9.680113325E+00
  4.4600000E+03   7.504420042E-01   8.397351733E-03   8.635189405E-03   1.771977938E+02   2.241279213E+02   9.219969509E+00
  4.4700000E+03   7.500933714E-01   5.586706706E-03   8.577689158E-03   2.508678664E+01   1.557700634E+02   9.421316038E+00
  4.4800000E+03   7.495574277E-01   2.873387781E-03   8.614417654E-03   2.518157480E+02   7.327936512E+01   9.394884525E+00
  4.4900000E+03   7.490698277E-01   1.357961325E-03   8.651016465E-03   2.021518636E+02   2.730379674E+02   9.187942433E+00
  4.5000000E+03   7.484242044E-01   5.763750884E-03   8.679431906E-03   1.064378846E+02   1.657831282E+02   8.614270253E+00
  4.5100000E+03   7.476148418E-01   9.241534383E-03   8.710098867E-03   3.293117944E+02   1.070171749E+02   8.355746425E+00
  4.5200000E+03   7.474598145E-01   6.137186925E-03   8.759692072E-03   1.771698655E+02   6.838284669E+01   8.185779871E+00
  4.5300000E+03   7.473531353E-01   3.405769456E-03   8.812112853E-03   2.540712925E+02   1.621951953E+02   8.306719718E+00
  4.5400000E+03   7.474247167E-01   9.180902796E-03   8.820002908E-03   8.935238881E+01   1.411218510E+02   8.005856198E+00
  4.5500000E+03   7.468280014E-01   1.009912892E-02   8.840990644E-03   3.093620534E+02   1.001023358E+02   7.663064533E+00
  4.5600000E+03   7.462282835E-01   7.810200669E-03   8.786662955E-03   1.822811173E+02   4.976412223E+01   7.002662026E+00
  4.5700000E+03   7.459108438E-01   4.310322119E-03   8.717254168E-03   7.559830593E+01   3.416260244E+02   7.049020643E+00
  4.5800000E+03   7.453823649E-01   2.514495183E-03   8.746988599E-03   3.485742612E+00   2.439291174E+02   7.045796660E+00
  4.5900000E+03   7.449860734E-01   1.843679351E-03   8.764020131E-03   3.318062262E+02   1.116621587E+02   6.844427439E+00
  4.6000000E+03   7.443543073E-01   4.632446643E-03   8.811357017E-03   2.919459647E+02   3.539921499E+02   6.244418223E+00
  4.6100000E+03   7.438188646E-01   8.765193977E-03   8.797454098E-03   2.033110290E+02   2.916194975E+02   5.679701986E+00
  4.6200000E+03   7.435772465E-01   8.990602564E-03   8.828840425E-03   1.030533656E+02   2.459938879E+02   5.084435465E+00
  4.6300000E+03   7.435992003E-01   4.125288940E-03   8.821431684E-03   3.519202098E+02   2.127578713E+02   4.568176381E+00
  4.6400000E+03   7.432592981E-01   2.624808552E-03   8.773944074E-03   1.064348248E+02   3.153419360E+02   3.879257098E+00
  4.6500000E+03   7.426937115E-01   6.274702697E-03   8.674932077E-03   5.503647098E+00   2.778618028E+02   3.735562716E+00
  4.6600000E+03   7.419510436E-01   7.002386267E-03   8.686401002E-03   2.985789399E+02   2.140850767E+02   3.603332120E+00
  4.6700000E+03   7.413262546E-01   7.189284685E-03   8.682676256E-03   2.546729604E+02   1.347144505E+02   3.252770093E+00
  4.6800000E+03   7.410118990E-01   6.573876697E-03   8.693800305E-03   2.090460159E+02   6.260200590E+01   2.568426756E+00
  4.6900000E+03   7.407915126E-01   3.083267048E-03   8.650329092E-03   1.540104280E+02   3.029307538E+00   2.043588327E+00
  4.7000000E+03   7.403925482E-01   2.327350526E-03   8.586467148E-03   2.706938045E+02   1.353025295E+02   1.431909747E+00
  4.7100000E+03   7.397484469E-01   7.245519532E-03   8.484052777E-03   2.230307205E+02   7.726864249E+01   1.334716896E+00
  4.7200000E+03   7.392240043E-01   9.175170229E-03   8.416353769E-03   1.804479703E+02   2.135738763E+01   1.087212563E+00
  4.7300000E+03   7.389387611E-01   6.776266925E-03   8.368077287E-03   1.417251972E+02   3.260364533E+02   1.223386163E+00
  4.7400000E+03   7.387026465E-01   1.143132327E-03   8.339807649E-03   7.624714178E+01   3.000542562E+02   1.149046407E+00
  4.7500000E+03   7.382330038E-01   4.965434361E-03   8.362152693E-03   2.684983834E+02   2.029706801E+01   1.015229434E+00
  4.7600000E+03   7.375934619E-01   8.511631622E-03   8.359407867E-03   2.447646166E+02   3.235770257E+02   4.208608584E-01
  4.7700000E+03   7.371982323E-01   8.663079071E-03   8.381817280E-03   2.276403533E+02   2.662940746E+02   3.598616909E+02
  4.7800000E+03   7.370121868E-01   4.692280031E-03   8.363726357E-03   2.034353629E+02   2.193743545E+02   3.592352362E+02
  4.7900000E+03   7.367298376E-01   1.992888762E-03   8.352841668E-03   3.656922344E+01   3.177019627E+02   3.585632164E+02
  4.8000000E+03   7.362137150E-01   7.357685180E-03   8.254814738E-03   5.220008103E+00   2.856542430E+02   3.579672258E+02
  4.8100000E+03   7.356367976E-01   9.653759512E-03   8.187674496E-03   1.263378217E+00   2.331508455E+02   3.576920018E+02
  4.8200000E+03   7.353139175E-01   7.667071881E-03   8.102936652E-03   5.780652086E+00   1.774308184E+02   3.576538068E+02
  4.8300000E+03   7.350902332E-01   2.714074099E-03   8.088882499E-03   1.179598372E+01   1.229239518E+02   3.576239727E+02
  4.8400000E+03   7.346323372E-01   2.427260570E-03   8.088220848E-03   2.163736943E+02   2.335586637E+02   3.574973667E+02
  4.8500000E+03   7.339748654E-01   6.320989980E-03   8.111131432E-03   2.433307334E+02   1.688160833E+02   3.568506278E+02
  4.8600000E+03   7.333889221E-01   8.421482037E-03   8.109068164E-03   2.764906872E+02   1.048764716E+02   3.563204932E+02
  4.8700000E+03   7.330316607E-01   6.557962226E-03   8.118850951E-03   3.001865423E+02   5.517680825E+01   3.555713490E+02
  4.8800000E+03   7.328171033E-01   1.147338576E-03   8.138711114E-03   2.481159134E+02   8.329725351E+01   3.550578389E+02
  4.8900000E+03   7.323501917E-01   6.806778023E-03   8.116320221E-03   1.879280950E+02   1.240171184E+02   3.541815602E+02
  4.9000000E+03   7.318424333E-01   9.799389789E-03   8.076367292E-03   2.188354175E+02   7.995466249E+01   3.536457526E+02
  4.9100000E+03   7.317898326E-01   7.787143421E-03   7.994998512E-03   2.611392776E+02   2.928925234E+01   3.531060340E+02
  4.9200000E+03   7.319487897E-01   2.237480546E-03   7.944122100E-03   3.259161603E+02   3.178322492E+02   3.530223033E+02
  4.9300000E+03   7.309912436E-01   2.547426949E-03   7.933095248E-03   1.877372347E+02   9.359568036E+01   3.528625566E+02
  4.9400000E+03   7.302108447E-01   4.899949970E-03   7.960796178E-03   2.760343057E+02   1.058505134E+01   3.522437094E+02
  4.9500000E+03   7.296318618E-01   7.353326120E-03   7.912933803E-03   1.206473091E+01   2.874529523E+02   3.516136997E+02
  4.9600000E+03   7.293284347E-01   7.899760657E-03   7.862806001E-03   9.773789934E+01   2.203398266E+02   3.509758207E+02
  4.9700000E+03   7.291943474E-01   4.528953838E-03   7.788388591E-03   1.753215732E+02   1.634797139E+02   3.508531351E+02
  4.9800000E+03   7.289127461E-01   5.627419102E-04   7.746083298E-03   5.732352304E+01   3.044917493E+02   3.508364229E+02
  4.9900000E+03   7.283163148E-01   4.580349688E-03   7.767389116E-03   1.577729611E+02   2.320667430E+02   3.509775756E+02
  5.0000000E+03   7.275974061E-01   7.268215285E-03   7.798781580E-03   2.607862079E+02   1.654297771E+02   3.504030947E+02
  5.0100000E+03   7.270514115E-01   7.811529131E-03   7.810665652E-03   1.223441691E+01   9.772475508E+01   3.498475172E+02
  5.0200000E+03   7.268377972E-01   4.874406180E-03   7.776533793E-03   1.183774401E+02   3.993081790E+01   3.490834799E+02
  5.0300000E+03   7.270844114E-01   1.290376263E-03   7.719923386E-03   8.077835737E+01   1.284902433E+02   3.485720958E+02
  5.0400000E+03   7.259960922E-01   6.762530897E-03   7.642330027E-03   1.942963823E+02   7.052102560E+01   3.485402912E+02
  5.0500000E+03   7.254331503E-01   8.247752299E-03   7.645368342E-03   3.269263346E+02   4.885147956E-01   3.484981152E+02
  5.0600000E+03   7.251469975E-01   6.668684430E-03   7.694094752E-03   1.058011142E+02   2.896225427E+02   3.483626019E+02
  5.0700000E+03   7.248865867E-01   2.980104683E-03   7.703123748E-03   2.458517586E+02   2.212867302E+02   3.476806557E+02
  5.0800000E+03   7.244827428E-01   1.652418527E-03   7.673839695E-03   1.932183636E+02   3.492737892E+02   3.470394829E+02
  5.0900000E+03   7.239072652E-01   5.705707005E-03   7.580615104E-03   3.457482921E+02   2.778835226E+02   3.467855499E+02
  5.1000000E+03   7.232888038E-01   8.070512793E-03   7.541589370E-03   1.415880662E+02   2.106252062E+02   3.467725817E+02
  5.1100000E+03   7.234927698E-01   6.935552339E-03   7.523959403E-03   3.020221565E+02   1.441252500E+02   3.470471751E+02
  5.1200000E+03   7.227853762E-01   9.361098243E-04   7.536311292E-03   3.024183547E+01   1.528654969E+02   3.468894713E+02
  5.1300000E+03   7.222092409E-01   5.416436580E-03   7.579911538E-03   1.082667411E+02   1.763596769E+02   3.463464192E+02
  5.1400000E+03   7.217243714E-01   7.766246780E-03   7.534022350E-03   2.828031516E+02   1.101974885E+02   3.456424016E+02
  5.1500000E+03   7.213530478E-01   7.456868511E-03   7.472824926E-03   1.105169885E+02   3.690217519E+01   3.451089954E+02
  5.1600000E+03   7.209856982E-01   5.126486999E-03   7.439403201E-03   2.991371465E+02   3.258324607E+02   3.453817601E+02
  5.1700000E+03   7.207135414E-01   8.658609004E-04   7.460202750E-03   1.165814748E+02   2.696298780E+02   3.453184509E+02
  5.1800000E+03   7.203091454E-01   5.187465690E-03   7.515623641E-03   1.500868409E+02   2.977459626E+00   3.448150784E+02
  5.1900000E+03   7.194622449E-01   8.151866268E-03   7.514794295E-03   3.528469626E+02   2.950562330E+02   3.441053065E+02
  5.2000000E+03   7.192720766E-01   6.899634085E-03   7.500271890E-03   1.967422187E+02   2.325394008E+02   3.432212863E+02
  5.2100000E+03   7.190384212E-01   2.174668256E-03   7.455642691E-03   2.594462376E+01   1.873742921E+02   3.426981188E+02
  5.2200000E+03   7.184738426E-01   3.730464598E-03   7.376631187E-03   8.880586955E+01   2.718021199E+02   3.424150883E+02
  5.2300000E+03   7.181014622E-01   6.971580032E-03   7.388089937E-03   3.075627892E+02   2.065770865E+02   3.424244370E+02
  5.2400000E+03   7.175119376E-01   7.436404203E-03   7.414024496E-03   1.930163318E+02   1.213385999E+02   3.420482841E+02
  5.2500000E+03   7.173470134E-01   4.910507270E-03   7.440249132E-03   6.962215013E+01   4.983758889E+01   3.411815989E+02
  5.2600000E+03   7.169450163E-01   3.815903682E-04   7.406376945E-03   2.967882269E+02   3.507067365E+02   3.405953265E+02
  5.2700000E+03   7.164354074E-01   4.125604425E-03   7.322850513E-03   4.946199319E+00   9.547696421E+01   3.403461246E+02
  5.2800000E+03   7.158741618E-01   7.423809491E-03   7.319561960E-03   2.555572262E+02   2.499742373E+01   3.404958295E+02
  5.2900000E+03   7.153978139E-01   6.974958512E-03   7.319607769E-03   1.575598565E+02   3.095086111E+02   3.405066531E+02
  5.3000000E+03   7.151857613E-01   1.735734456E-03   7.352393494E-03   3.631657348E+01   2.609996965E+02   3.401960065E+02
  5.3100000E+03   7.148421391E-01   4.178891031E-03   7.384900024E-03   1.398641553E+02   3.514607077E+02   3.395108089E+02
  5.3200000E+03   7.142467427E-01   7.252167732E-03   7.327066983E-03   4.560483560E+01   2.863472848E+02   3.387510045E+02
  5.3300000E+03   7.142749949E-01   7.537628759E-03   7.268705022E-03   3.311598982E+02   2.075886670E+02   3.384097382E+02
  5.3400000E+03   7.134388431E-01   4.504542452E-03   7.257675825E-03   2.651086366E+02   1.240705780E+02   3.384710549E+02
  5.3500000E+03   7.132756104E-01   3.020573547E-04   7.303322352E-03   2.117835913E+02   3.148097220E+01   3.383274115E+02
  5.3600000E+03   7.127158837E-01   4.291211214E-03   7.355270175E-03   2.903928254E+02   1.728829166E+02   3.375504561E+02
  5.3700000E+03   7.120450525E-01   7.503638657E-03   7.328052111E-03   2.270645917E+02   1.039772860E+02   3.367278385E+02
  5.3800000E+03   7.116717292E-01   6.730738982E-03   7.267750112E-03   1.767217625E+02   2.832545287E+01   3.358218925E+02
  5.3900000E+03   7.115804865E-01   1.605829988E-03   7.213905347E-03   8.689741215E+01   3.549589539E+02   3.353979884E+02
  5.4000000E+03   7.111631696E-01   4.266631399E-03   7.176600871E-03   2.608963146E+02   6.092231415E+01   3.354592305E+02
  5.4100000E+03   7.104699710E-01   6.993317688E-03   7.213740945E-03   2.113444841E+02   3.576348927E+02   3.350963356E+02
  5.4200000E+03   7.101124902E-01   6.982250132E-03   7.236802497E-03   1.924846884E+02   2.702521530E+02   3.343337349E+02
  5.4300000E+03   7.098822152E-01   4.166583523E-03   7.207043651E-03   1.641117369E+02   1.966566454E+02   3.334959408E+02
  5.4400000E+03   7.095873042E-01   4.928268236E-04   7.157452687E-03   2.808312105E+02   3.409311433E+02   3.330107014E+02
  5.4500000E+03   7.090353747E-01   4.678315156E-03   7.130218935E-03   2.866595580E+02   2.412258777E+02   3.332251392E+02
  5.4600000E+03   7.082671389E-01   8.633498531E-03   7.141540260E-03   2.774108303E+02   1.645652206E+02   3.329964129E+02
  5.4700000E+03   7.080840406E-01   6.703056722E-03   7.201151281E-03   2.614953143E+02   1.009441420E+02   3.326956203E+02
  5.4800000E+03   7.077716765E-01   1.474489939E-03   7.236444208E-03   2.240602133E+02   6.195027753E+01   3.320923633E+02
  5.4900000E+03   7.080351267E-01   5.366709492E-03   7.199732891E-03   7.700026397E+01   1.370874389E+02   3.310391129E+02
  5.5000000E+03   7.067694724E-01   8.099990252E-03   7.142370849E-03   8.947642571E+01   5.916090871E+01   3.306549814E+02
  5.5100000E+03   7.065314359E-01   7.084802638E-03   7.099730777E-03   1.054262881E+02   3.435239275E+02   3.306363159E+02
  5.5200000E+03   7.061807695E-01   4.239267894E-03   7.172418257E-03   1.208396858E+02   2.722906882E+02   3.304630872E+02
  5.5300000E+03   7.057804466E-01   2.276838945E-03   7.208070414E-03   3.166626477E+02   2.464363283E+01   3.297181087E+02
  5.5400000E+03   7.053200011E-01   6.342968357E-03   7.180239212E-03   3.509091286E+02   3.055747304E+02   3.286463758E+02
  5.5500000E+03   7.046655557E-01   8.452387418E-03   7.130885399E-03   2.106701026E+01   2.379619944E+02   3.280024556E+02
  5.5600000E+03   7.045742477E-01   5.132386340E-03   7.053973508E-03   6.202049698E+01   1.643580029E+02   3.276110367E+02
  5.5700000E+03   7.041885162E-01   1.312568284E-03   7.009272197E-03   3.084291279E+02   2.479756549E+02   3.274034436E+02
  5.5800000E+03   7.036983757E-01   5.967841563E-03   7.061412155E-03   3.331616304E+02   1.982916011E+02   3.272278397E+02
  5.5900000E+03   7.036578991E-01   7.984966921E-03   7.069155262E-03   3.496445607E+01   1.193474485E+02   3.263955592E+02
  5.6000000E+03   7.028649778E-01   6.381016246E-03   7.039970653E-03   1.047116254E+02   3.816507084E+01   3.253620391E+02
  5.6100000E+03   7.026069966E-01   2.334637527E-03   6.989705886E-03   1.714013133E+02   3.226191269E+02   3.250050835E+02
  5.6200000E+03   7.025983680E-01   2.757271104E-03   6.962263660E-03   5.018962375E+01   7.907134090E+01   3.249981491E+02
  5.6300000E+03   7.015131937E-01   7.707826585E-03   6.999933619E-03   1.301571707E+02   1.743845900E+00   3.247007714E+02
  5.6400000E+03   7.010200364E-01   8.303745603E-03   7.062110297E-03   2.102968704E+02   2.919996174E+02   3.243102679E+02
  5.6500000E+03   7.014191794E-01   3.645544248E-03   7.084496787E-03   2.874751503E+02   2.297257753E+02   3.233806638E+02
  5.6600000E+03   7.004548198E-01   3.643330253E-03   7.062130992E-03   2.151768086E+02   3.200173000E+02   3.223430886E+02
  5.6700000E+03   7.000201108E-01   7.202791159E-03   6.988198946E-03   3.071261092E+02   2.516927991E+02   3.220522845E+02
  5.6800000E+03   6.997451293E-01   7.399862997E-03   6.957750377E-03   6.312634605E+01   1.660892853E+02   3.218463646E+02
  5.6900000E+03   6.992852561E-01   4.752810621E-03   7.030625002E-03   1.758591424E+02   8.848575101E+01   3.215361067E+02
  5.7000000E+03   6.988869432E-01   4.150838138E-04   7.055057833E-03   2.815384090E+02   2.159474579E+01   3.207922935E+02
  5.7100000E+03   6.983497123E-01   5.745859150E-03   7.018437319E-03   2.249387818E+02   1.228201450E+02   3.196018091E+02
  5.7200000E+03   6.979087526E-01   8.124067324E-03   6.958805072E-03   3.470088213E+02   5.283635759E+01   3.191453988E+02
  5.7300000E+03   6.974373660E-01   6.893606495E-03   6.890798958E-03   1.059508121E+02   3.521075401E+02   3.189425124E+02
  5.7400000E+03   6.971924987E-01   9.247233483E-04   6.874008510E-03   1.687021636E+02   3.502748292E+02   3.187373491E+02
  5.7500000E+03   6.969239431E-01   4.944863506E-03   6.933056532E-03   2.151774602E+02   9.313863608E+00   3.183871298E+02
  5.7600000E+03   6.967298357E-01   7.521042076E-03   6.921076559E-03   3.577483984E+02   3.000853580E+02   3.173901250E+02
  5.7700000E+03   6.959413171E-01   6.859518909E-03   6.869590890E-03   1.611357526E+02   2.160443929E+02   3.164181839E+02
  5.7800000E+03   6.956739460E-01   3.735709790E-03   6.829159392E-03   3.152607655E+02   1.440306899E+02   3.162962861E+02
  5.7900000E+03   6.952158585E-01   3.030190166E-03   6.816020298E-03   2.933934973E+02   2.518247212E+02   3.161493758E+02
  5.8000000E+03   6.947195671E-01   6.894603005E-03   6.890634781E-03   1.050111229E+02   1.737240606E+02   3.156315708E+02
  5.8100000E+03   6.943832773E-01   8.250111386E-03   6.933037502E-03   2.771766656E+02   1.032382289E+02   3.148979615E+02
  5.8200000E+03   6.939834253E-01   3.947799919E-03   6.917731254E-03   9.189059915E+01   3.491588941E+01   3.137862634E+02
  5.8300000E+03   6.935893600E-01   2.187234334E-03   6.876215301E-03   1.239576958E+02   1.120686484E+02   3.128503281E+02
  5.8400000E+03   6.931074297E-01   7.367160583E-03   6.818181285E-03   2.991334897E+02   5.129039599E+01   3.126247883E+02
  5.8500000E+03   6.927374774E-01   7.397717655E-03   6.814626414E-03   1.328017869E+02   3.394776918E+02   3.124088413E+02
  5.8600000E+03   6.928746324E-01   4.984107819E-03   6.878795301E-03   3.428527272E+02   2.563395628E+02   3.117079743E+02
  5.8700000E+03   6.921468863E-01   5.093218753E-04   6.893140701E-03   2.061335755E+02   1.635937388E+02   3.107397431E+02
  5.8800000E+03   6.915885937E-01   4.059045532E-03   6.823771224E-03   2.131849415E+02   2.924634148E+02   3.098973448E+02
  5.8900000E+03   6.909848519E-01   8.511351421E-03   6.763038108E-03   7.630192296E+01   2.126195025E+02   3.095490024E+02
  5.9000000E+03   6.905784700E-01   7.037379060E-03   6.740081379E-03   2.920417879E+02   1.464885398E+02   3.096295469E+02
  5.9100000E+03   6.904379916E-01   9.278136517E-04   6.753173338E-03   5.982586469E+01   1.714605072E+02   3.093075957E+02
  5.9200000E+03   6.900883480E-01   5.224055089E-03   6.806981585E-03   2.227903261E+02   1.663287665E+02   3.084614682E+02
  5.9300000E+03   6.896766800E-01   7.680904926E-03   6.759210679E-03   1.038830292E+02   9.041371981E+01   3.074732855E+02
  5.9400000E+03   6.891706182E-01   6.667797463E-03   6.685512634E-03   3.515418670E+02   1.385035764E+01   3.068023943E+02
  5.9500000E+03   6.891165129E-01   3.012998879E-03   6.678436471E-03   2.382324169E+02   3.010057448E+02   3.068134458E+02
  5.9600000E+03   6.885336315E-01   3.089831652E-03   6.719344293E-03   3.154456992E+02   4.198431568E+01   3.065522892E+02
  5.9700000E+03   6.878442112E-01   6.812432351E-03   6.765226578E-03   2.156616003E+02   3.283110598E+02   3.055460795E+02
  5.9800000E+03   6.874707999E-01   7.778877250E-03   6.763880852E-03   1.257189595E+02   2.524422190E+02   3.044781988E+02
  5.9900000E+03   6.871736756E-01   4.036060413E-03   6.723969631E-03   1.620454904E+01   2.001975263E+02   3.035626539E+02
  6.0000000E+03   6.868095598E-01   3.841492019E-03   6.646338143E-03   1.413224488E+02   2.761390051E+02   3.028234273E+02
  6.0100000E+03   6.862874532E-01   7.177419750E-03   6.652402697E-03   5.524388506E+01   2.095157061E+02   3.027484842E+02
  6.0200000E+03   6.859019835E-01   7.659235002E-03   6.690921065E-03   1.680245678E+00   1.177991047E+02   3.022290454E+02
  6.0300000E+03   6.856037093E-01   4.549643967E-03   6.708080798E-03   2.912732133E+02   4.782238676E+01   3.011179999E+02
  6.0400000E+03   6.853275799E-01   1.608683489E-03   6.667688276E-03   4.937887097E+01   1.525781330E+02   3.000962191E+02
  6.0500000E+03   6.848003953E-01   5.439534074E-03   6.591446020E-03   3.525036343E+02   7.802802605E+01   2.998490330E+02
  6.0600000E+03   6.841421655E-01   8.570088070E-03   6.567719246E-03   3.120176972E+02   3.552344812E+02   2.996443932E+02
  6.0700000E+03   6.839300440E-01   5.941625118E-03   6.606779841E-03   2.583183285E+02   2.913093471E+02   2.995434688E+02
  6.0800000E+03   6.836603801E-01   2.157586531E-03   6.639352196E-03   7.133076484E+01   3.811885080E+00   2.988528143E+02
  6.0900000E+03   6.832005185E-01   5.999166657E-03   6.622872910E-03   1.544924586E+01   3.114605208E+02   2.976352417E+02
  6.1000000E+03   6.827193197E-01   8.037205499E-03   6.556857764E-03   3.591057055E+02   2.265584223E+02   2.969048973E+02
  6.1100000E+03   6.824836481E-01   6.276928997E-03   6.519625876E-03   3.391056591E+02   1.499244149E+02   2.968995419E+02
  6.1200000E+03   6.821469821E-01   5.011398107E-04   6.555766090E-03   3.587404608E+02   3.716460806E+01   2.965071171E+02
  6.1300000E+03   6.816298754E-01   3.792499510E-03   6.606095315E-03   1.326314350E+02   1.759835952E+02   2.956795993E+02
  6.1400000E+03   6.811394792E-01   8.068279924E-03   6.584841873E-03   1.309062793E+02   9.883844951E+01   2.944927683E+02
  6.1500000E+03   6.807276759E-01   7.300639419E-03   6.531881813E-03   1.245817817E+02   3.329531052E+01   2.933983459E+02
  6.1600000E+03   6.806185192E-01   8.088158748E-04   6.469607703E-03   7.618279685E+01   1.222233130E+01   2.927442429E+02
  6.1700000E+03   6.802355120E-01   4.739125504E-03   6.441761713E-03   3.362504394E+02   4.666906247E+01   2.926859468E+02
  6.1800000E+03   6.796189680E-01   7.693957653E-03   6.469042921E-03   3.547201402E+02   3.308026886E+02   2.919840666E+02
  6.1900000E+03   6.795563500E-01   6.273364564E-03   6.489791098E-03   3.089644822E+01   2.437906352E+02   2.908302341E+02
  6.2000000E+03   6.790642374E-01   2.196766805E-03   6.451509081E-03   6.141591591E+01   1.657043407E+02   2.899893993E+02
  6.2100000E+03   6.785784373E-01   4.023685094E-03   6.380925231E-03   2.745260836E+02   2.689675290E+02   2.894951245E+02
  6.2200000E+03   6.779795784E-01   7.189409514E-03   6.401969699E-03   3.084558297E+02   1.989704176E+02   2.894129443E+02
  6.2300000E+03   6.775289477E-01   7.815303777E-03   6.433871036E-03   2.443882125E+00   1.168265712E+02   2.890789076E+02
  6.2400000E+03   6.773324410E-01   3.095793688E-03   6.469116162E-03   2.947656843E+01   6.598307247E+01   2.882804452E+02
  6.2500000E+03   6.770524377E-01   4.373603938E-03   6.456944406E-03   2.967860071E+02   1.387480832E+02   2.869861957E+02
  6.2600000E+03   6.768498256E-01   7.351314469E-03   6.380136099E-03   3.537222491E+02   6.858121627E+01   2.864365803E+02
  6.2700000E+03   6.761505594E-01   7.193729552E-03   6.339158249E-03   7.403541952E+01   3.414599583E+02   2.861950462E+02
  6.2800000E+03   6.758571133E-01   2.361328277E-03   6.383271886E-03   1.604241339E+02   2.522541410E+02   2.856956756E+02
  6.2900000E+03   6.755068550E-01   1.628025343E-03   6.440187169E-03   4.231270526E+01   1.203346434E+01   2.848398866E+02
  6.3000000E+03   6.748982631E-01   7.288421308E-03   6.388126869E-03   1.360388884E+02   2.874609567E+02   2.835859878E+02
  6.3100000E+03   6.744673856E-01   8.024934268E-03   6.329206877E-03   2.243523380E+02   2.164141845E+02   2.827282080E+02
  6.3200000E+03   6.743085813E-01   3.942875706E-03   6.275361987E-03   3.111422980E+02   1.506471352E+02   2.823766845E+02
  6.3300000E+03   6.739277701E-01   4.073746944E-03   6.252943822E-03   2.606511492E+02   2.251409142E+02   2.821180286E+02
  6.3400000E+03   6.733507423E-01   7.253954783E-03   6.295791361E-03   5.115557300E-01   1.569903591E+02   2.812485668E+02
  6.3500000E+03   6.729357376E-01   7.290197213E-03   6.281892730E-03   1.263538110E+02   7.044939612E+01   2.800302949E+02
  6.3600000E+03   6.729254581E-01   4.527482789E-03   6.214775838E-03   2.444548150E+02   3.553823261E+02   2.793378183E+02
  6.3700000E+03   6.724159784E-01   1.424630669E-03   6.174869249E-03   1.932089001E+02   9.283774423E+01   2.788988559E+02
  6.3800000E+03   6.717506093E-01   6.680830408E-03   6.209451007E-03   3.274832815E+02   1.147601545E+01   2.786276460E+02
  6.3900000E+03   6.712757603E-01   8.453471429E-03   6.247249455E-03   9.803984295E+01   3.028979915E+02   2.780567702E+02
  6.4000000E+03   6.711663473E-01   4.288833713E-03   6.267214706E-03   2.395625868E+02   2.288291942E+02   2.768831543E+02
  6.4100000E+03   6.709081301E-01   3.440887177E-03   6.241698970E-03   2.366157971E+02   3.022908352E+02   2.755523598E+02
  6.4200000E+03   6.702808422E-01   6.914567129E-03   6.173093615E-03   1.031650674E+01   2.448334728E+02   2.752445202E+02
  6.4300000E+03   6.698282875E-01   7.550567927E-03   6.162460173E-03   1.840959175E+02   1.547954529E+02   2.749527841E+02
  6.4400000E+03   6.699664987E-01   4.165019646E-03   6.211077119E-03   3.544435365E+02   7.295281216E+01   2.741959647E+02
  6.4500000E+03   6.693609401E-01   6.956851006E-04   6.234740848E-03   3.130644511E+02   2.067503683E+02   2.731104190E+02
  6.4600000E+03   6.687141915E-01   6.357128493E-03   6.152578667E-03   1.607076181E+02   9.792070017E+01   2.720544418E+02
  6.4700000E+03   6.686851530E-01   8.543008300E-03   6.096117818E-03   3.429546758E+02   2.272424576E+01   2.716187452E+02
  6.4800000E+03   6.679832416E-01   5.300560627E-03   6.065355688E-03   1.680961910E+02   3.099885934E+02   2.714088658E+02
  6.4900000E+03   6.676865360E-01   2.681407381E-03   6.078573553E-03   2.077471435E+02   2.579475971E+01   2.710009637E+02
  6.5000000E+03   6.677376377E-01   7.260531965E-03   6.097926087E-03   3.142313518E+01   3.246535185E+02   2.699131978E+02
  6.5100000E+03   6.667415519E-01   7.720927560E-03   6.052157492E-03   2.470064968E+02   2.394933076E+02   2.687068863E+02
  6.5200000E+03   6.665592869E-01   4.566303298E-03   5.993914892E-03   1.089306069E+02   1.517676104E+02   2.682367420E+02
  6.5300000E+03   6.664537413E-01   1.718764774E-03   5.965688051E-03   1.440163628E+02   2.542742744E+02   2.680062659E+02
  6.5400000E+03   6.656402301E-01   6.038470918E-03   6.042951670E-03   3.707678318E+00   1.793785123E+02   2.673606228E+02
  6.5500000E+03   6.651300132E-01   8.641016463E-03   6.052563426E-03   2.387370704E+02   9.820188147E+01   2.662470438E+02
  6.5600000E+03   6.649454138E-01   3.573569898E-03   6.045449774E-03   1.034643353E+02   3.219346732E+01   2.650578426E+02
  6.5700000E+03   6.645819548E-01   2.286735043E-03   5.992384701E-03   1.954778107E+02   1.018372938E+02   2.639230844E+02
  6.5800000E+03   6.641520062E-01   7.216335807E-03   5.945292314E-03   6.871796593E+01   3.624003893E+01   2.637025607E+02
  6.5900000E+03   6.636381551E-01   7.645551832E-03   5.985757778E-03   3.381884748E+02   3.026205768E+02   2.633740390E+02
  6.6000000E+03   6.636245440E-01   4.766124589E-03   6.032740059E-03   2.290288148E+02   2.328546348E+02   2.623124306E+02
  6.6100000E+03   6.631584289E-01   1.968001423E-03   6.029428015E-03   3.442352631E+02   3.019372984E+02   2.609366407E+02
  6.6200000E+03   6.625855906E-01   8.276442568E-03   5.945461508E-03   2.322366926E+02   2.448268661E+02   2.601250912E+02
  6.6300000E+03   6.621097981E-01   8.186283463E-03   5.864148503E-03   1.461115625E+02   1.698429933E+02   2.596447732E+02
  6.6400000E+03   6.619314902E-01   3.732972396E-03   5.836946405E-03   3.314800290E+01   1.253159822E+02   2.594236608E+02
  6.6500000E+03   6.616455857E-01   5.480485036E-03   5.856165695E-03   1.778938296E+02   1.861232767E+02   2.591418802E+02
  6.6600000E+03   6.611337763E-01   9.266167875E-03   5.874406001E-03   9.817700544E+01   1.192983017E+02   2.582087209E+02
  6.6700000E+03   6.611643649E-01   6.756445354E-03   5.870564791E-03   3.278486685E+01   4.394227542E+01   2.568776532E+02
  6.6800000E+03   6.607720762E-01   2.953696503E-03   5.837202282E-03   3.155646254E+02   3.422033372E+02   2.560728972E+02
  6.6900000E+03   6.603740124E-01   2.970124657E-03   5.792677206E-03   7.798332701E+01   8.455610132E+01   2.556291880E+02
  6.7000000E+03   6.597007357E-01   7.056257740E-03   5.825513439E-03   3.440207190E+01   1.461109122E+00   2.549622692E+02
  6.7100000E+03   6.598266165E-01   8.736138904E-03   5.851655204E-03   3.560463193E+02   2.823300011E+02   2.541550000E+02
  6.7200000E+03   6.590378071E-01   5.788249257E-03   5.841300976E-03   3.044365030E+02   2.214445782E+02   2.530193311E+02
  6.7300000E+03   6.589489041E-01   2.216246674E-03   5.796820648E-03   1.157388506E+02   2.994324351E+02   2.519444766E+02
  6.7400000E+03   6.582987263E-01   7.199709270E-03   5.742178923E-03   7.040783067E+01   2.393453144E+02   2.515663637E+02
  6.7500000E+03   6.582152129E-01   8.190711696E-03   5.714515322E-03   5.580774170E+01   1.569172500E+02   2.510038951E+02
  6.7600000E+03   6.576767318E-01   6.755355047E-03   5.756158071E-03   3.446959731E+01   8.675149412E+01   2.502206725E+02
  6.7700000E+03   6.574852784E-01   1.429592697E-03   5.719731766E-03   3.562195931E+01   3.570596276E+02   2.491803072E+02
  6.7800000E+03   6.570163409E-01   3.605327056E-03   5.657090782E-03   1.825995919E+02   1.267307167E+02   2.482429058E+02
  6.7900000E+03   6.563456396E-01   8.151758678E-03   5.614663992E-03   1.956020169E+02   3.833398605E+01   2.478942404E+02
  6.8000000E+03   6.560284735E-01   8.837654827E-03   5.562811644E-03   1.872856826E+02   3.396826175E+02   2.475153465E+02
  6.8100000E+03   6.558987742E-01   3.766635883E-03   5.556743129E-03   1.754799365E+02   2.872236109E+02   2.469855468E+02
  6.8200000E+03   6.556636597E-01   4.247046349E-03   5.554136773E-03   3.405701202E+01   7.487798791E+00   2.461374220E+02
  6.8300000E+03   6.549335731E-01   7.740054461E-03   5.496504558E-03   5.583276767E+01   2.928448681E+02   2.449433724E+02
  6.8400000E+03   6.547288869E-01   7.937823300E-03   5.443274577E-03   9.384856816E+01   2.097175640E+02   2.438385508E+02
  6.8500000E+03   6.544345791E-01   5.622151227E-03   5.402838974E-03   1.116152930E+02   1.501495097E+02   2.433968677E+02
  6.8600000E+03   6.542581770E-01   3.712669919E-04   5.385547925E-03   3.156433107E+02   2.670184775E+02   2.427573761E+02
  6.8700000E+03   6.537154393E-01   5.100130518E-03   5.422342442E-03   2.814699681E+00   1.875586944E+02   2.417566111E+02
  6.8800000E+03   6.530638053E-01   8.775814830E-03   5.388922612E-03   6.028619965E+01   1.070286782E+02   2.406310877E+02
  6.8900000E+03   6.528633111E-01   7.580794679E-03   5.378818898E-03   1.132155210E+02   3.809505356E+01   2.393062949E+02
  6.9000000E+03   6.527859452E-01   2.640302391E-03   5.345766157E-03   1.319796874E+02   5.014645764E+00   2.384540078E+02
  6.9100000E+03   6.522292451E-01   3.875758048E-03   5.295413609E-03   4.644719709E+01   7.971504930E+01   2.379220490E+02
  6.9200000E+03   6.517762905E-01   7.369732490E-03   5.302440880E-03   1.225687115E+02   1.945342018E+00   2.371576438E+02
  6.9300000E+03   6.513768630E-01   8.164808047E-03   5.325067271E-03   2.129479883E+02   2.775896901E+02   2.364625958E+02
  6.9400000E+03   6.511793501E-01   4.074394018E-03   5.319816662E-03   2.943648445E+02   2.058605649E+02   2.352858735E+02
  6.9500000E+03   6.510697123E-01   1.808446077E-03   5.286172955E-03   1.875126454E+02   3.249378433E+02   2.341716327E+02
  6.9600000E+03   6.504753319E-01   4.824498863E-03   5.240448663E-03   2.761743289E+02   2.545538398E+02   2.339984486E+02
  6.9700000E+03   6.498451149E-01   8.914742947E-03   5.222734239E-03   1.669469527E+01   1.816776019E+02   2.334706754E+02
  6.9800000E+03   6.496601973E-01   7.864282916E-03   5.218617857E-03   1.173603870E+02   1.148885132E+02   2.332134137E+02
  6.9900000E+03   6.495801160E-01   1.067818119E-03   5.199972720E-03   1.862583806E+02   8.233679477E+01   2.323846266E+02
  7.0000000E+03   6.489753799E-01   4.705327338E-03   5.159920801E-03   1.583184625E+02   1.518324116E+02   2.311333452E+02
  7.0100000E+03   6.484205847E-01   7.725345325E-03   5.095927869E-03   2.994917020E+02   6.062305475E+01   2.305917309E+02
  7.0200000E+03   6.482491648E-01   8.049425128E-03   5.028163241E-03   7.608560608E+01   3.415249956E+02   2.299879408E+02
  7.0300000E+03   6.480430539E-01   5.021559560E-03   5.036059537E-03   1.906015635E+02   2.873819288E+02   2.296173932E+02
  7.0400000E+03   6.476984155E-01   5.463336169E-04   5.040646493E-03   1.496732887E+02   3.159415408E+01   2.287115969E+02
  7.0500000E+03   6.471931293E-01   5.356067297E-03   5.001742389E-03   2.834508279E+02   3.285742982E+02   2.273061610E+02
  7.0600000E+03   6.466581390E-01   8.947071029E-03   4.946682799E-03   8.304264067E+01   2.488827258E+02   2.263826883E+02
  7.0700000E+03   6.464343391E-01   7.479149817E-03   4.879755955E-03   2.348958813E+02   1.836977883E+02   2.252963878E+02
  7.0800000E+03   6.462326823E-01   8.273348080E-04   4.839346209E-03   3.480093970E+02   1.588630906E+02   2.245176986E+02
  7.0900000E+03   6.456661138E-01   5.002664033E-03   4.842961906E-03   2.148949386E+01   2.182816640E+02   2.239362397E+02
  7.1000000E+03   6.451354958E-01   7.908735985E-03   4.824221604E-03   2.124933701E+02   1.302135516E+02   2.226709153E+02
  7.1100000E+03   6.451668092E-01   7.986113365E-03   4.829218768E-03   3.766496845E+01   5.524714678E+01   2.214230233E+02
  7.1200000E+03   6.448724284E-01   4.504361651E-03   4.804233848E-03   2.024215567E+02   3.172940385E+00   2.204025857E+02
  7.1300000E+03   6.445004668E-01   9.704708404E-04   4.768995029E-03   2.199183757E+02   1.007709970E+02   2.196389711E+02
  7.1400000E+03   6.439041394E-01   5.617403755E-03   4.767840279E-03   4.206407882E+01   4.072959148E+01   2.192960261E+02
  7.1500000E+03   6.433536569E-01   9.183390123E-03   4.769581470E-03   2.527642851E+02   3.221630502E+02   2.185441282E+02
  7.1600000E+03   6.432388445E-01   7.528967857E-03   4.796717356E-03   9.518977725E+01   2.578780764E+02   2.177561929E+02
  7.1700000E+03   6.430821046E-01   9.705691178E-04   4.772493574E-03   2.534280751E+02   2.398356499E+02   2.167416065E+02
  7.1800000E+03   6.426009330E-01   4.970763598E-03   4.699900082E-03   3.472925429E+02   2.915296084E+02   2.159084792E+02
  7.1900000E+03   6.419347302E-01   7.882421655E-03   4.678770880E-03   2.300284347E+02   2.034930233E+02   2.155612046E+02
  7.2000000E+03   6.416978551E-01   8.218269968E-03   4.661130679E-03   1.098254726E+02   1.252637262E+02   2.153161423E+02
  7.2100000E+03   6.416048946E-01   3.112978334E-03   4.673801884E-03   3.374509830E+02   6.204520916E+01   2.144884663E+02
  7.2200000E+03   6.412545895E-01   3.043262653E-03   4.659961088E-03   2.395430866E+01   1.832846066E+02   2.133088516E+02
  7.2300000E+03   6.406077822E-01   6.599782143E-03   4.580799556E-03   2.785543279E+02   1.040028121E+02   2.124415489E+02
  7.2400000E+03   6.400959455E-01   9.145243027E-03   4.531114853E-03   1.856229849E+02   2.190547728E+01   2.117570163E+02
  7.2500000E+03   6.400524527E-01   6.249631235E-03   4.480747583E-03   7.847233719E+01   3.196867826E+02   2.112653197E+02
  7.2600000E+03   6.400639035E-01   1.110016162E-03   4.456159969E-03   2.069227111E+02   2.372310610E+01   2.106539505E+02
  7.2700000E+03   6.398263048E-01   5.453630321E-03   4.444020755E-03   7.252166517E+01   3.572936740E+02   2.094258085E+02
  7.2800000E+03   6.391973953E-01   7.888797175E-03   4.399216330E-03   9.001262138E+00   2.697034121E+02   2.082873075E+02
  7.2900000E+03   6.388486022E-01   7.658843344E-03   4.360697856E-03   2.967707402E+02   1.973655371E+02   2.069318313E+02
  7.3000000E+03   6.385551953E-01   2.828585316E-03   4.323787753E-03   2.069300534E+02   1.438549696E+02   2.062073565E+02
  7.3100000E+03   6.380651131E-01   2.504699440E-03   4.309002106E-03   3.269205819E+02   2.441458043E+02   2.057055801E+02
  7.3200000E+03   6.374817503E-01   6.474389466E-03   4.334340572E-03   2.693564434E+02   1.712826119E+02   2.045915018E+02
  7.3300000E+03   6.369921508E-01   8.942665784E-03   4.324749849E-03   2.209117096E+02   9.829271725E+01   2.036680469E+02
  7.3400000E+03   6.369351735E-01   5.666685178E-03   4.314256953E-03   1.641253030E+02   3.820680286E+01   2.023792599E+02
  7.3500000E+03   6.366363060E-01   9.805221079E-04   4.274644202E-03   3.341706511E+02   1.131738658E+02   2.013844979E+02
  7.3600000E+03   6.360414805E-01   4.921493449E-03   4.246920200E-03   2.773631829E+02   6.194439585E+01   2.010970413E+02
  7.3700000E+03   6.355773101E-01   7.882750500E-03   4.245214299E-03   2.704126454E+02   3.309272496E+02   2.003742840E+02
  7.3800000E+03   6.355182222E-01   7.223079481E-03   4.276850895E-03   2.489696844E+02   2.598054768E+02   1.996059665E+02
  7.3900000E+03   6.354528184E-01   1.854185814E-03   4.259338703E-03   2.138092695E+02   2.044061775E+02   1.984366238E+02
  7.4000000E+03   6.350695614E-01   3.172396492E-03   4.210114457E-03   2.500668969E+01   3.070497227E+02   1.974679223E+02
  7.4100000E+03   6.346776177E-01   7.234606888E-03   4.175438305E-03   2.960356661E+01   2.248613370E+02   1.972316470E+02
  7.4200000E+03   6.341381814E-01   9.160051376E-03   4.140829999E-03   4.028811416E+01   1.460184374E+02   1.967841975E+02
  7.4300000E+03   6.338409052E-01   3.779988295E-03   4.130221149E-03   3.055552856E+01   9.154293900E+01   1.961269763E+02
  7.4400000E+03   6.334155587E-01   3.595545140E-03   4.121238794E-03   2.477402184E+02   1.732399163E+02   1.950327217E+02
  7.4500000E+03   6.327687895E-01   7.305160604E-03   4.048437179E-03   2.692837342E+02   9.904095806E+01   1.939943394E+02
  7.4600000E+03   6.323756187E-01   8.968454073E-03   3.995254555E-03   3.091723489E+02   1.557752860E+01   1.930282303E+02
  7.4700000E+03   6.322994126E-01   5.412816769E-03   3.956469985E-03   3.345452469E+02   3.099702242E+02   1.925033779E+02
  7.4800000E+03   6.320907297E-01   9.285496017E-04   3.943762073E-03   1.909029677E+02   5.542123874E+01   1.919153005E+02
  7.4900000E+03   6.315819717E-01   5.560725495E-03   3.956908077E-03   2.218927890E+02   3.535547661E+02   1.906113065E+02
  7.5000000E+03   6.310505293E-01   8.881210116E-03   3.920427532E-03   2.803416718E+02   2.740457305E+02   1.893872440E+02
  7.5100000E+03   6.308399119E-01   7.987574000E-03   3.888132711E-03   3.332776316E+02   2.072969785E+02   1.879432698E+02
  7.5200000E+03   6.307097716E-01   1.611462491E-03   3.847875989E-03   4.643886699E+00   1.634500768E+02   1.870682051E+02
  7.5300000E+03   6.301792436E-01   4.074653191E-03   3.826097317E-03   2.772491697E+02   2.430599920E+02   1.865749463E+02
  7.5400000E+03   6.295676715E-01   7.237853722E-03   3.828970350E-03   9.763070066E+00   1.533734449E+02   1.853867983E+02
  7.5500000E+03   6.292194166E-01   8.708552672E-03   3.841387231E-03   9.989325369E+01   7.371749344E+01   1.842737957E+02
  7.5600000E+03   6.292030920E-01   4.610224325E-03   3.810769870E-03   1.747489232E+02   1.194287899E+01   1.830244379E+02
  7.5700000E+03   6.294010780E-01   1.823498027E-03   3.767564576E-03   7.685353017E+01   1.251409364E+02   1.821791623E+02
  7.5800000E+03   6.282950052E-01   6.375888544E-03   3.764210162E-03   1.877766123E+02   3.716110627E+01   1.817751197E+02
  7.5900000E+03   6.276894312E-01   9.096864915E-03   3.754727311E-03   3.031574811E+02   3.155231103E+02   1.810653029E+02
  7.6000000E+03   6.276064099E-01   6.193654114E-03   3.763499215E-03   4.598589084E+01   2.523991950E+02   1.802409246E+02
  7.6100000E+03   6.275143935E-01   1.526873211E-03   3.747311741E-03   1.360161291E+01   3.264811766E+02   1.791507481E+02
  7.6200000E+03   6.269192741E-01   6.056066297E-03   3.677277926E-03   1.093320491E+02   2.790755106E+02   1.782731528E+02
  7.6300000E+03   6.264028691E-01   8.670170023E-03   3.644735797E-03   2.551756893E+02   1.911829173E+02   1.777845769E+02
  7.6400000E+03   6.262375870E-01   7.423130745E-03   3.624305331E-03   2.814162489E+01   1.213153349E+02   1.775154001E+02
  7.6500000E+03   6.261078576E-01   1.531301670E-03   3.620414035E-03   1.401023235E+02   7.465114585E+01   1.767175991E+02
  7.6600000E+03   6.258550988E-01   5.200597094E-03   3.604857399E-03   1.280222724E+02   1.580181601E+02   1.751510594E+02
  7.6700000E+03   6.249445350E-01   8.805215784E-03   3.549659913E-03   2.898411683E+02   7.701824361E+01   1.741784652E+02
  7.6800000E+03   6.247489446E-01   8.540323556E-03   3.492783709E-03   8.998505195E+01   5.988295712E+00   1.730392405E+02
  7.6900000E+03   6.247116623E-01   2.456952262E-03   3.454917090E-03   2.332205683E+02   3.136726267E+02   1.723067461E+02
  7.7000000E+03   6.243109116E-01   3.301529118E-03   3.448551876E-03   2.405902677E+02   4.133025096E+01   1.716227452E+02
  7.7100000E+03   6.235684217E-01   6.387187544E-03   3.422701667E-03   7.277240398E+01   3.148210581E+02   1.701467535E+02
  7.7200000E+03   6.234215616E-01   8.327011330E-03   3.402810810E-03   2.712902258E+02   2.303471971E+02   1.687982143E+02
  7.7300000E+03   6.232612834E-01   3.651016137E-03   3.354498387E-03   1.022106205E+02   1.559196548E+02   1.676855423E+02
  7.7400000E+03   6.228929332E-01   1.931897208E-03   3.327792390E-03   1.031259032E+02   2.736330406E+02   1.670590869E+02
  7.7500000E+03   6.224585399E-01   5.540308330E-03   3.347669875E-03   3.089243354E+02   1.944176048E+02   1.661756990E+02
  7.7600000E+03   6.218699703E-01   8.788127047E-03   3.331539310E-03   1.690765352E+02   1.117144733E+02   1.650230132E+02
  7.7700000E+03   6.216123636E-01   7.282456152E-03   3.326501210E-03   1.535180013E+01   4.957851037E+01   1.636894534E+02
  7.7800000E+03   6.219115529E-01   1.200048887E-03   3.291185783E-03   1.281641322E+02   8.235272603E+01   1.625827839E+02
  7.7900000E+03   6.209468216E-01   6.536865607E-03   3.246433959E-03   3.004566704E+02   6.153617098E+01   1.621005419E+02
  7.8000000E+03   6.204669842E-01   8.549457912E-03   3.231573515E-03   1.880712637E+02   3.359007340E+02   1.615232926E+02
  7.8100000E+03   6.203716463E-01   6.586656454E-03   3.243176269E-03   6.556675017E+01   2.656819499E+02   1.609171341E+02
  7.8200000E+03   6.201223346E-01   1.085064380E-03   3.241455065E-03   2.672838316E+02   2.334559988E+02   1.598257003E+02
  7.8300000E+03   6.199039658E-01   4.373819058E-03   3.199248094E-03   1.439887471E+01   3.019404433E+02   1.584653774E+02
  7.8400000E+03   6.190482522E-01   8.855520251E-03   3.148939788E-03   2.831510188E+02   2.179614716E+02   1.578616378E+02
  7.8500000E+03   6.189482124E-01   7.940080126E-03   3.100976169E-03   1.853772770E+02   1.482743535E+02   1.574388357E+02
  7.8600000E+03   6.188593329E-01   2.052427144E-03   3.086482776E-03   6.632847418E+01   1.019926863E+02   1.567683125E+02
  7.8700000E+03   6.182622627E-01   3.444457031E-03   3.073237076E-03   1.858958918E+02   1.824690507E+02   1.556130668E+02
  7.8800000E+03   6.178518878E-01   7.331938576E-03   3.013677181E-03   1.376079999E+02   8.085242342E+01   1.544435101E+02
  7.8900000E+03   6.174751226E-01   8.357838504E-03   2.964510618E-03   7.776531342E+01   3.590168433E+02   1.533868797E+02
  7.9000000E+03   6.174325068E-01   3.687537571E-03   2.943882597E-03   7.575107175E-01   2.961819133E+02   1.528447905E+02
  7.9100000E+03   6.170173628E-01   1.534275588E-03   2.942136318E-03   1.072086637E+02   5.310174471E+01   1.520420410E+02
  7.9200000E+03   6.169460775E-01   6.178214722E-03   2.920075622E-03   6.736138038E+01   3.257066272E+02   1.504164274E+02
  7.9300000E+03   6.159514883E-01   9.347821223E-03   2.889475030E-03   3.626542719E+01   2.399719318E+02   1.491038580E+02
  7.9400000E+03   6.160072166E-01   5.971277012E-03   2.849432420E-03   3.455811465E+02   1.789921229E+02   1.479121027E+02
  7.9500000E+03   6.155757528E-01   1.673374475E-03   2.809838985E-03   1.590827823E+02   2.553685398E+02   1.471372483E+02
  7.9600000E+03   6.152152502E-01   7.218115739E-03   2.804997272E-03   1.244024843E+02   1.879366642E+02   1.463630899E+02
  7.9700000E+03   6.146322407E-01   8.908491886E-03   2.809012999E-03   1.201742357E+02   1.002561606E+02   1.454622674E+02
  7.9800000E+03   6.145953352E-01   5.266947459E-03   2.803183586E-03   9.817620004E+01   3.458848027E+01   1.440867799E+02
  7.9900000E+03   6.143319739E-01   8.384358993E-04   2.779319894E-03   3.014574313E+02   1.057470364E+02   1.428354065E+02
  8.0000000E+03   6.137226140E-01   6.866317921E-03   2.735207356E-03   2.667404849E+02   6.132814014E+01   1.424152038E+02
  8.0100000E+03   6.133513943E-01   9.260736832E-03   2.723528832E-03   2.789801785E+02   3.407570942E+02   1.419240545E+02
  8.0200000E+03   6.130754833E-01   6.950578751E-03   2.723950067E-03   2.805898845E+02   2.766108735E+02   1.414489735E+02
  8.0300000E+03   6.133719615E-01   1.050304164E-03   2.707196282E-03   1.570147889E+02   3.399727543E+02   1.402649743E+02
  8.0400000E+03   6.123652055E-01   5.575906473E-03   2.653176988E-03   1.512007141E+02   2.928756908E+02   1.392169804E+02
  8.0500000E+03   6.118983648E-01   8.200777315E-03   2.622395184E-03   2.036036944E+02   1.975626553E+02   1.387077872E+02
  8.0600000E+03   6.118614494E-01   7.402451531E-03   2.603969312E-03   2.419669901E+02   1.219508895E+02   1.384983874E+02
  8.0700000E+03   6.115718261E-01   4.236361636E-04   2.596825914E-03   3.040326719E+02   2.474702442E+01   1.374252285E+02
  8.0800000E+03   6.111766234E-01   4.116320124E-03   2.579379760E-03   1.388386798E+02   1.607141442E+02   1.359138039E+02
  8.0900000E+03   6.105276774E-01   7.298175646E-03   2.526734416E-03   2.073588451E+02   7.288315627E+01   1.351285174E+02
  8.1000000E+03   6.101707971E-01   8.255745749E-03   2.476915508E-03   2.794611147E+02   3.505951091E+02   1.341157095E+02
  8.1100000E+03   6.102629869E-01   2.374133331E-03   2.451845716E-03   3.110153047E+02   3.111619580E+02   1.334542450E+02
  8.1200000E+03   6.096940425E-01   4.218191616E-03   2.445958982E-03   2.403221319E+02   1.855779556E+01   1.327080556E+02
  8.1300000E+03   6.091557750E-01   8.565883887E-03   2.421928913E-03   3.426205462E+02   2.840911557E+02   1.311416159E+02
  8.1400000E+03   6.090029085E-01   7.652600546E-03   2.399977158E-03   7.368140593E+01   2.081729223E+02   1.295799117E+02
  8.1500000E+03   6.088958135E-01   2.256673479E-03   2.372932494E-03   1.382092515E+02   1.600712338E+02   1.285474918E+02
  8.1600000E+03   6.083970877E-01   5.211631155E-03   2.341107120E-03   7.804541990E+01   2.407559770E+02   1.280596803E+02
  8.1700000E+03   6.078605897E-01   8.220567067E-03   2.351392444E-03   1.896496573E+02   1.605680914E+02   1.271616867E+02
  8.1800000E+03   6.079981957E-01   8.745191536E-03   2.359517277E-03   3.050303168E+02   8.508850015E+01   1.262856412E+02
  8.1900000E+03   6.075105642E-01   1.694449456E-03   2.337790801E-03   4.685451230E+01   2.556707554E+01   1.249673181E+02
  8.2000000E+03   6.070306100E-01   3.864189262E-03   2.297685560E-03   6.648903692E+00   1.125821129E+02   1.240000991E+02
  8.2100000E+03   6.064834902E-01   7.610735852E-03   2.281228224E-03   1.702363660E+02   5.822735017E+00   1.235090602E+02
  8.2200000E+03   6.062448381E-01   8.081817601E-03   2.283961955E-03   3.173341014E+02   2.838808196E+02   1.230970516E+02
  8.2300000E+03   6.061376005E-01   3.915010921E-03   2.282607713E-03   8.595580876E+01   2.234950100E+02   1.217896902E+02
  8.2400000E+03   6.057791047E-01   3.559914891E-03   2.248808667E-03   5.255870410E+01   3.283459084E+02   1.203438431E+02
  8.2500000E+03   6.052046118E-01   6.793119703E-03   2.212506427E-03   2.206610197E+02   2.403719268E+02   1.200773899E+02
  8.2600000E+03   6.051201069E-01   9.044531762E-03   2.182874490E-03   3.961563082E+01   1.522138952E+02   1.195788552E+02
  8.2700000E+03   6.047720246E-01   3.910309964E-03   2.168989894E-03   1.917188828E+02   9.526337455E+01   1.189340430E+02
  8.2800000E+03   6.043216162E-01   2.913766920E-03   2.163865684E-03   2.101089221E+02   1.753664509E+02   1.178634867E+02
  8.2900000E+03   6.037508898E-01   8.007870248E-03   2.118805605E-03   4.568532023E+01   8.821128383E+01   1.164837053E+02
  8.3000000E+03   6.035055589E-01   8.457039744E-03   2.079736174E-03   2.444899531E+02   6.487825087E+00   1.153700169E+02
  8.3100000E+03   6.034639950E-01   2.195993573E-03   2.051521963E-03   6.967519468E+01   3.002194274E+02   1.145981598E+02
  8.3200000E+03   6.031095077E-01   3.086922160E-03   2.050172045E-03   9.394894597E+01   3.836851536E+01   1.140578709E+02
  8.3300000E+03   6.026350002E-01   6.900840110E-03   2.045459740E-03   3.056426787E+02   3.198094162E+02   1.123471692E+02
  8.3400000E+03   6.021825905E-01   9.072714198E-03   2.024772579E-03   1.734651149E+02   2.346178034E+02   1.108914928E+02
  8.3500000E+03   6.020135178E-01   4.480114772E-03   1.995063138E-03   1.661785074E+01   1.774400199E+02   1.097196219E+02
  8.3600000E+03   6.016327322E-01   3.528243695E-03   1.963231475E-03   8.119768887E+01   2.614447911E+02   1.089725638E+02
  8.3700000E+03   6.011506000E-01   6.618925526E-03   1.969106712E-03   3.294313290E+02   1.723151409E+02   1.079725385E+02
  8.3800000E+03   6.007655712E-01   8.444677621E-03   1.962441767E-03   2.368739929E+02   7.341163633E+01   1.067378727E+02
  8.3900000E+03   6.008002681E-01   4.437536448E-03   1.944453500E-03   1.103944389E+02   1.168379972E+01   1.053081173E+02
  8.4000000E+03   6.005583997E-01   2.628587493E-03   1.910802834E-03   1.759866434E+02   1.197633742E+02   1.042215813E+02
  8.4100000E+03   5.998945180E-01   5.920837542E-03   1.908291630E-03   8.283849350E+01   3.476093909E+01   1.039759949E+02
  8.4200000E+03   5.999234222E-01   9.272188581E-03   1.902637013E-03   4.661332006E+00   3.065599707E+02   1.031450679E+02
  8.4300000E+03   5.993246240E-01   5.714279567E-03   1.897109249E-03   2.700684885E+02   2.406357059E+02   1.020380129E+02
  8.4400000E+03   5.992595565E-01   2.138331221E-03   1.877900705E-03   3.857312320E+01   3.139177123E+02   1.007762728E+02
  8.4500000E+03   5.985043407E-01   7.043968791E-03   1.835516841E-03   3.187289652E+02   2.437805671E+02   1.001028512E+02
  8.4600000E+03   5.981959962E-01   8.599088420E-03   1.809035753E-03   2.628333625E+02   1.595757379E+02   9.960668649E+01
  8.4700000E+03   5.980889134E-01   4.336509367E-03   1.802322436E-03   2.007946351E+02   8.448626154E+01   9.896304301E+01
  8.4800000E+03   5.978297375E-01   1.582149165E-03   1.800430489E-03   3.354697299E+02   1.759422646E+02   9.782976103E+01
  8.4900000E+03   5.972819332E-01   6.771215723E-03   1.762180326E-03   2.783025950E+02   1.084737187E+02   9.619612087E+01
  8.5000000E+03   5.967986977E-01   9.278424883E-03   1.731982904E-03   2.447909429E+02   2.761116320E+01   9.521236888E+01
  8.5100000E+03   5.967662920E-01   4.923100075E-03   1.698821201E-03   2.061612378E+02   3.161419535E+02   9.448796062E+01
  8.5200000E+03   5.965605812E-01   1.573124338E-03   1.683556121E-03   1.685038907E+01   3.792120464E+01   9.377539896E+01
  8.5300000E+03   5.958964883E-01   6.377393966E-03   1.667556101E-03   3.570489251E+02   3.204236014E+02   9.207824076E+01
  8.5400000E+03   5.959212294E-01   8.730083363E-03   1.643661732E-03   5.836007684E+00   2.243682895E+02   9.064370214E+01
  8.5500000E+03   5.954391823E-01   5.377863599E-03   1.614199467E-03   3.524744109E+02   1.536984200E+02   8.962460523E+01
  8.5600000E+03   5.953220006E-01   1.917665428E-03   1.594430228E-03   1.578375753E+02   2.656525469E+02   8.889984046E+01
  8.5700000E+03   5.946477706E-01   4.932415099E-03   1.599993909E-03   1.630687442E+02   1.865842299E+02   8.766872259E+01
  8.5800000E+03   5.939996655E-01   9.192089650E-03   1.581438175E-03   2.019794209E+02   8.576625912E+01   8.614213518E+01
  8.5900000E+03   5.939048801E-01   6.950460350E-03   1.563752102E-03   2.093045185E+02   2.378854699E+01   8.457079964E+01
  8.6000000E+03   5.936564585E-01   2.503090541E-03   1.532520128E-03   8.574312616E+01   9.373384165E+01   8.334663547E+01
  8.6100000E+03   5.930862366E-01   6.582816788E-03   1.520423688E-03   1.007443768E+02   3.250424470E+01   8.312968712E+01
  8.6200000E+03   5.927949300E-01   8.715221970E-03   1.513316618E-03   1.618895885E+02   2.960796926E+02   8.239561175E+01
  8.6300000E+03   5.927918080E-01   5.262186438E-03   1.513655199E-03   1.920180369E+02   2.347885828E+02   8.115742823E+01
  8.6400000E+03   5.924692857E-01   2.558129307E-03   1.496937917E-03   7.668406318E+01   3.215437028E+02   7.959159179E+01
  8.6500000E+03   5.919968763E-01   7.449673763E-03   1.460584391E-03   1.330495811E+02   2.448454463E+02   7.895537760E+01
  8.6600000E+03   5.914751839E-01   9.509688138E-03   1.437933017E-03   2.046589509E+02   1.636971213E+02   7.844725195E+01
  8.6700000E+03   5.913683302E-01   4.143160851E-03   1.425912669E-03   2.687154677E+02   9.404147457E+01   7.784938623E+01
  8.6800000E+03   5.910532980E-01   2.141425037E-03   1.416601395E-03   1.702274673E+02   1.901830522E+02   7.678177705E+01
  8.6900000E+03   5.905527797E-01   6.278401520E-03   1.380064557E-03   2.751275854E+02   9.309936294E+01   7.553162371E+01
  8.7000000E+03   5.905188716E-01   8.665666081E-03   1.350191397E-03   3.227889292E+01   3.534840025E+02   7.475432712E+01
  8.7100000E+03   5.901636160E-01   4.821797084E-03   1.340735645E-03   1.235710074E+02   2.829571709E+02   7.430492383E+01
  8.7200000E+03   5.898416068E-01   2.281528869E-03   1.333272182E-03   2.989446301E+01   3.989091094E+01   7.321723441E+01
  8.7300000E+03   5.892201976E-01   5.018754650E-03   1.311381035E-03   1.516499014E+02   3.111812317E+02   7.148624509E+01
  8.7400000E+03   5.888540698E-01   9.291990595E-03   1.281923716E-03   2.930787578E+02   2.141323550E+02   7.031594959E+01
  8.7500000E+03   5.887898074E-01   4.692070464E-03   1.252517948E-03   4.956358768E+01   1.475685315E+02   6.942230287E+01
  8.7600000E+03   5.884071338E-01   2.986704642E-03   1.233438191E-03   2.803093648E+01   2.206167793E+02   6.896092462E+01
  8.7700000E+03   5.878197885E-01   8.151023190E-03   1.227833072E-03   1.654260695E+02   1.451098674E+02   6.761674680E+01
  8.7800000E+03   5.880081689E-01   8.260742789E-03   1.221678490E-03   3.226982679E+02   5.935453678E+01   6.617321490E+01
  8.7900000E+03   5.875447908E-01   2.795334757E-03   1.202420383E-03   1.039855409E+02   3.518595017E+02   6.470775089E+01
  8.8000000E+03   5.871003733E-01   4.461398288E-03   1.174220941E-03   8.917562105E+01   8.405681466E+01   6.385530406E+01
  8.8100000E+03   5.866300610E-01   7.709253083E-03   1.177482629E-03   2.614213815E+02   3.596439471E+02   6.343571977E+01
  8.8200000E+03   5.863436678E-01   8.784731958E-03   1.174032209E-03   8.178798160E+01   2.765675272E+02   6.270823311E+01
  8.8300000E+03   5.861893711E-01   1.263257335E-03   1.162111075E-03   2.329897770E+02   2.252920230E+02   6.136847678E+01
  8.8400000E+03   5.857785908E-01   3.740916941E-03   1.137013033E-03   2.654059530E+02   2.978768471E+02   6.015379372E+01
  8.8500000E+03   5.852742820E-01   7.498282270E-03   1.121178400E-03   1.276099689E+02   1.912822471E+02   5.982833555E+01
  8.8600000E+03   5.850404117E-01   7.792214994E-03   1.118123103E-03   3.455738610E+02   9.719799370E+01   5.937326267E+01
  8.8700000E+03   5.849972221E-01   2.452811390E-03   1.112144966E-03   1.693422524E+02   3.986865733E+01   5.807348896E+01
  8.8800000E+03   5.845613723E-01   3.876469814E-03   1.090258918E-03   2.043369717E+02   1.360722329E+02   5.644371599E+01
  8.8900000E+03   5.839201767E-01   8.366108441E-03   1.064683465E-03   8.527415038E+01   3.662401974E+01   5.598967063E+01
  8.9000000E+03   5.841543688E-01   8.612672553E-03   1.044941166E-03   3.155908675E+02   3.174800442E+02   5.565340150E+01
  8.9100000E+03   5.835482488E-01   1.567350688E-03   1.035449343E-03   1.468316664E+02   2.799778755E+02   5.489685730E+01
  8.9200000E+03   5.830867679E-01   5.912035766E-03   1.023601968E-03   2.611922475E+02   3.264175693E+02   5.323791421E+01
  8.9300000E+03   5.826184289E-01   8.529400286E-03   9.995665946E-04   1.753552352E+02   2.241097659E+02   5.188801542E+01
  8.9400000E+03   5.824998559E-01   6.763704359E-03   9.768103351E-04   6.186876261E+01   1.546225529E+02   5.101394690E+01
  8.9500000E+03   5.823704720E-01   9.061901129E-04   9.627523545E-04   1.637154255E+02   2.308407970E+02   5.032714132E+01
  8.9600000E+03   5.817923760E-01   6.577291050E-03   9.628761374E-04   5.050348538E+01   1.705970117E+02   4.898336824E+01
  8.9700000E+03   5.817016716E-01   9.225006477E-03   9.522144787E-04   3.373234259E+02   8.241969938E+01   4.740191562E+01
  8.9800000E+03   5.811750620E-01   6.374331018E-03   9.335443865E-04   2.537712767E+02   1.065472828E+01   4.580029152E+01
  8.9900000E+03   5.810495682E-01   2.111036486E-03   9.114556520E-04   1.702440834E+01   9.344745399E+01   4.486801332E+01
  9.0000000E+03   5.803689491E-01   6.710559424E-03   9.088752303E-04   3.251377394E+02   5.853089102E-01   4.419157451E+01
  9.0100000E+03   5.801855530E-01   8.677423372E-03   9.056860458E-04   2.817209627E+02   2.704908028E+02   4.317360902E+01
  9.0200000E+03   5.800247014E-01   4.926032179E-03   8.931439517E-04   2.256667949E+02   1.967756399E+02   4.143830928E+01
  9.0300000E+03   5.797755672E-01   2.048213713E-03   8.733712141E-04   3.525110050E+02   3.018978537E+02   4.018130326E+01
  9.0400000E+03   5.791418517E-01   6.710035627E-03   8.641889087E-04   3.250615881E+02   2.096549439E+02   3.996572969E+01
  9.0500000E+03   5.789877674E-01   9.179605249E-03   8.599060500E-04   3.063527963E+02   1.213591617E+02   3.926648034E+01
  9.0600000E+03   5.786056788E-01   5.122504643E-03   8.543424969E-04   2.724177126E+02   5.377264945E+01   3.800128877E+01
  9.0700000E+03   5.783839983E-01   3.582740179E-03   8.371066653E-04   9.587124871E+01   1.318561547E+02   3.643492172E+01
  9.0800000E+03   5.777139864E-01   7.842223315E-03   8.150614405E-04   1.021510832E+02   3.684989462E+01   3.595772641E+01
  9.0900000E+03   5.775794935E-01   7.739873467E-03   7.986745580E-04   1.137530369E+02   3.052923436E+02   3.564051426E+01
  9.1000000E+03   5.774825381E-01   2.909030422E-03   7.951181637E-04   8.876267913E+01   2.525632045E+02   3.477383626E+01
  9.1100000E+03   5.771243893E-01   3.971454255E-03   7.872246746E-04   2.869401057E+02   3.418288195E+02   3.307873952E+01
  9.1200000E+03   5.766256586E-01   8.309705633E-03   7.630362843E-04   3.206249934E+02   2.465994910E+02   3.178480821E+01
  9.1300000E+03   5.762486804E-01   8.501699684E-03   7.409560067E-04   3.524832038E+02   1.623592649E+02   3.079966874E+01
  9.1400000E+03   5.763333195E-01   1.147619149E-03   7.281948494E-04   3.332936016E+02   1.311244942E+02   3.009662510E+01
  9.1500000E+03   5.756801745E-01   3.953159874E-03   7.244152415E-04   2.376795038E+02   1.830219748E+02   2.897107274E+01
  9.1600000E+03   5.752352936E-01   8.282987071E-03   7.070879939E-04   3.141086540E+02   7.514275457E+01   2.725209605E+01
  9.1700000E+03   5.751168474E-01   7.514985946E-03   6.871525469E-04   1.207924086E+01   3.521103951E+02   2.586939345E+01
  9.1800000E+03   5.750364171E-01   6.824514122E-04   6.750450839E-04   7.613490913E+01   2.632067810E+02   2.514157072E+01
  9.1900000E+03   5.744858609E-01   4.617538574E-03   6.709476769E-04   2.926405928E+02   2.800556142E+01   2.418500821E+01
  9.2000000E+03   5.743907333E-01   7.491778728E-03   6.591204434E-04   3.285137816E+01   2.828707638E+02   2.226615648E+01
  9.2100000E+03   5.736326964E-01   8.546927767E-03   6.463822110E-04   1.130614489E+02   2.078022885E+02   2.053096214E+01
  9.2200000E+03   5.735728543E-01   1.699051054E-03   6.294593495E-04   1.145603807E+02   2.124419395E+02   1.920408266E+01
  9.2300000E+03   5.730979823E-01   7.222545196E-03   6.147022027E-04   1.264277006E+02   2.121217299E+02   1.901565528E+01
  9.2400000E+03   5.726600822E-01   8.771813359E-03   6.097432375E-04   2.464595255E+02   1.159687000E+02   1.831301889E+01
  9.2500000E+03   5.726415047E-01   4.240656414E-03   6.050039099E-04   3.505608959E+02   4.058416338E+01   1.680381719E+01
  9.2600000E+03   5.722729608E-01   3.870124264E-03   5.924820027E-04   2.903346325E+02   1.324167127E+02   1.505266255E+01
  9.2700000E+03   5.721915716E-01   7.854998322E-03   5.742971752E-04   5.293053383E+01   5.063570036E+01   1.461425995E+01
  9.2800000E+03   5.714382813E-01   9.055643254E-03   5.612975739E-04   1.870704929E+02   3.279628349E+02   1.433141706E+01
  9.2900000E+03   5.713348430E-01   3.250811169E-03   5.549075525E-04   3.047921082E+02   2.644218876E+02   1.357835631E+01
  9.3000000E+03   5.710097027E-01   4.094574664E-03   5.455500029E-04   2.879752886E+02   3.404144762E+02   1.201356192E+01
  9.3100000E+03   5.704719769E-01   7.176905381E-03   5.260555264E-04   1.065976897E+02   2.324792440E+02   1.128776535E+01
  9.3200000E+03   5.702091534E-01   8.014441875E-03   5.120300580E-04   2.844793590E+02   1.338573417E+02   1.101890202E+01
  9.3300000E+03   5.701922509E-01   1.736628253E-03   5.072579562E-04   7.499429661E+01   6.474824036E+01   1.020415574E+01
  9.3400000E+03   5.696913803E-01   4.784382838E-03   5.007482514E-04   6.694105788E+01   1.597588044E+02   8.470737312E+00
  9.3500000E+03   5.690538570E-01   8.578369151E-03   4.828133375E-04   2.673617551E+02   5.821245255E+01   7.194699474E+00
  9.3600000E+03   5.689338058E-01   7.381229768E-03   4.652909714E-04   9.893820957E+01   3.349522081E+02   6.305286538E+00
  9.3700000E+03   5.692258596E-01   1.473555195E-03   4.537162337E-04   1.645042825E+02   1.909103283E+01   5.919893902E+00
  9.3800000E+03   5.683719074E-01   6.216394608E-03   4.516898331E-04   3.225487967E+02   3.391713657E+02   4.860515717E+00
  9.3900000E+03   5.678683969E-01   8.671718582E-03   4.437463373E-04   1.879165601E+02   2.438745333E+02   3.147838443E+00
  9.4000000E+03   5.678432081E-01   4.645371611E-03   4.298375124E-04   3.542439162E+01   1.696172631E+02   1.643434866E+00
  9.4100000E+03   5.675259665E-01   2.800560733E-03   4.161618904E-04   7.957453001E+01   2.608673734E+02   9.777465284E-01
  9.4200000E+03   5.669659378E-01   7.490042752E-03   4.148505387E-04   3.167199321E+02   1.697328594E+02   4.592383134E-01
  9.4300000E+03   5.666519697E-01   9.079050835E-03   4.119022086E-04   2.040737233E+02   7.965809805E+01   3.593576524E+02
  9.4400000E+03   5.666712330E-01   2.282038353E-03   4.017084394E-04   6.239647531E+01   2.162658206E+01   3.577346339E+02
  9.4500000E+03   5.662068978E-01   4.573387077E-03   3.861577712E-04   1.639438437E+02   8.503319974E+01   3.568909592E+02
  9.4600000E+03   5.656923907E-01   8.072667122E-03   3.796375345E-04   8.904928824E+01   3.366037183E+02   3.567276604E+02
  9.4700000E+03   5.655675813E-01   7.110425784E-03   3.779402414E-04   1.688074647E+00   2.483843493E+02   3.559077433E+02
  9.4800000E+03   5.654569256E-01   9.709517280E-05   3.700150968E-04   2.549108499E+02   1.813833224E+02   3.542630506E+02
  9.4900000E+03   5.649467801E-01   5.086170611E-03   3.537034911E-04   3.575090245E+02   2.714714822E+02   3.530927976E+02
  9.5000000E+03   5.644718476E-01   9.069791588E-03   3.447586190E-04   3.051999188E+02   1.681648002E+02   3.530192812E+02
  9.5100000E+03   5.643068518E-01   6.313403025E-03   3.389997472E-04   2.346390946E+02   9.088504161E+01   3.528157020E+02
  9.5200000E+03   5.641032689E-01   2.498294958E-03   3.334726636E-04   1.906888934E+01   1.616283691E+02   3.516652948E+02
  9.5300000E+03   5.635191819E-01   7.192472052E-03   3.194482834E-04   3.276087207E+02   7.874393935E+01   3.500091381E+02
  9.5400000E+03   5.632466867E-01   8.642322573E-03   3.063988908E-04   2.979571205E+02   3.435470911E+02   3.492004191E+02
  9.5500000E+03   5.632344543E-01   2.634286976E-03   2.994263419E-04   2.435008708E+02   2.745144565E+02   3.488148124E+02
  9.5600000E+03   5.628398359E-01   3.742430114E-03   2.962286981E-04   2.845262449E+01   1.066323372E+01   3.478103344E+02
  9.5700000E+03   5.623190280E-01   7.773059072E-03   2.855818608E-04   2.089228552E+01   2.722210821E+02   3.455165469E+02
  9.5800000E+03   5.620692394E-01   9.062373251E-03   2.743856358E-04   1.169230835E+01   1.853157946E+02   3.439451614E+02
  9.5900000E+03   5.619964446E-01   1.835218330E-03   2.645968364E-04   3.371572842E+02   1.250539949E+02   3.436103674E+02
  9.6000000E+03   5.614790719E-01   4.676415879E-03   2.603057699E-04   1.830490271E+02   1.905867209E+02   3.433334503E+02
  9.6100000E+03   5.609388096E-01   8.722290129E-03   2.541135026E-04   2.138056159E+02   8.507604560E+01   3.416634060E+02
  9.6200000E+03   5.608995262E-01   6.841419824E-03   2.451832189E-04   2.237990720E+02   6.121683978E+00   3.398389081E+02
  9.6300000E+03   5.607430302E-01   1.930505051E-04   2.352281973E-04   3.569854092E+02   1.636859526E+02   3.390290269E+02
  9.6400000E+03   5.602268299E-01   4.445987029E-03   2.304319097E-04   6.457123209E+01   3.386918360E+01   3.391948994E+02
  9.6500000E+03   5.596991057E-01   8.483727730E-03   2.261968505E-04   1.249829885E+02   2.860296952E+02   3.375644805E+02
  9.6600000E+03   5.595890876E-01   7.324581515E-03   2.200368657E-04   1.612156405E+02   2.105219747E+02   3.357820298E+02
  9.6700000E+03   5.596414576E-01   1.568612470E-03   2.095035972E-04   6.798752933E+01   2.657549150E+02   3.345835951E+02
  9.6800000E+03   5.589856011E-01   7.078147916E-03   1.999362159E-04   1.123875048E+02   1.916246979E+02   3.350333838E+02
  9.6900000E+03   5.585337920E-01   8.618541243E-03   1.954563683E-04   1.905156965E+02   9.517846007E+01   3.351929500E+02
  9.7000000E+03   5.585133720E-01   2.292177756E-03   1.898278874E-04   2.315073605E+02   3.863635074E+01   3.339893185E+02
  9.7100000E+03   5.581351695E-01   4.338022944E-03   1.821001319E-04   1.317085534E+02   1.275165108E+02   3.317247789E+02
  9.7200000E+03   5.576430620E-01   8.443128102E-03   1.719161803E-04   2.231510289E+02   3.474839241E+01   3.316344353E+02
  9.7300000E+03   5.574087882E-01   9.235238358E-03   1.641489467E-04   3.177588763E+02   3.098661569E+02   3.312025451E+02
  9.7400000E+03   5.572945042E-01   2.242982159E-03   1.593128813E-04   3.977699593E+01   2.412288367E+02   3.302023373E+02
  9.7500000E+03   5.567637245E-01   3.762579372E-03   1.534632896E-04   3.352893196E+02   3.263532801E+02   3.280902109E+02
  9.7600000E+03   5.562689370E-01   8.178099614E-03   1.429325204E-04   1.205822335E+02   2.121794324E+02   3.273638865E+02
  9.7700000E+03   5.563403620E-01   8.339123139E-03   1.348286738E-04   2.378381184E+02   1.315993576E+02   3.274666759E+02
  9.7800000E+03   5.563163067E-01   1.248677739E-03   1.300205043E-04   5.050188678E+01   3.560710497E+02   3.271551226E+02
  9.7900000E+03   5.556560037E-01   3.977524046E-03   1.255802071E-04   2.536433094E+02   1.989690686E+02   3.254562047E+02
  9.8000000E+03   5.551719329E-01   3.726349141E-03   1.175730321E-04   1.008114960E+02   4.859304642E+01   3.250013001E+02
  9.8100000E+03   5.548686121E-01   1.046036749E-02   1.105101073E-04   2.723038174E+02   3.038292597E+02   3.244733045E+02
  9.8200000E+03   5.549341233E-01   7.989576834E-03   1.045445743E-04   4.326416066E+01   2.428627903E+02   3.252913096E+02
  9.8300000E+03   5.547026400E-01   1.861327047E-03   9.743872918E-05   2.662324048E+02   8.858363834E+01   3.262604877E+02
  9.8400000E+03   5.541761345E-01   4.534427338E-03   9.239314185E-05   8.969052917E+01   3.439192756E+02   3.258137989E+02
  9.8500000E+03   5.540715419E-01   2.070779961E-03   8.810844753E-05   2.369965215E+00   1.599275794E+02   3.266885552E+02
  9.8600000E+03   5.533024667E-01   8.317771564E-03   8.100057951E-05   2.298531525E+02   3.102951172E+01   3.279478453E+02
  9.8700000E+03   5.530666003E-01   8.529460632E-03   7.643062557E-05   7.852247507E+01   2.893251746E+02   3.304408871E+02
  9.8800000E+03   5.529879321E-01   4.547569010E-03   7.210723742E-05   2.783939909E+02   2.022606166E+02   3.307599716E+02
  9.8900000E+03   5.526629365E-01   2.440569522E-03   6.908711867E-05   2.707345464E+02   3.248758939E+02   3.331034711E+02
  9.9000000E+03   5.519619443E-01   6.856353370E-03   6.395328828E-05   1.324355690E+02   2.321994027E+02   3.338378721E+02
  9.9100000E+03   5.521149217E-01   8.445561462E-03   5.937257588E-05   2.083554610E+01   1.228425586E+02   3.363024007E+02
  9.9200000E+03   5.516873575E-01   2.328463311E-03   5.399063647E-05   2.419151134E+02   4.356381329E+01   3.378973248E+02
  9.9300000E+03   5.514636993E-01   4.229345075E-03   5.044494694E-05   2.828608657E+02   1.441312798E+02   3.420159442E+02
  9.9400000E+03   5.508264200E-01   4.877961422E-03   4.565095033E-05   1.980340278E+02   2.340823650E+01   3.465477013E+02
  9.9500000E+03   5.503663743E-01   8.215711638E-03   4.222512768E-05   1.368965316E+02   2.519213128E+02   3.506429222E+02
  9.9600000E+03   5.504599980E-01   2.879584766E-03   3.854293965E-05   3.629481597E+01   1.620056569E+02   3.566620096E+02
  9.9700000E+03   5.500493018E-01   5.100599545E-03   3.653313295E-05   1.223835005E+02   2.486228795E+02   1.782599859E+00
  9.9800000E+03   5.496224183E-01   8.840951194E-03   3.523303613E-05   3.839350698E+01   1.559042684E+02   7.787723372E+00
  9.9900000E+03   5.492776138E-01   6.856746359E-03   3.353711562E-05   3.322941025E+02   5.480665512E+01   1.415030688E+01
  1.0000000E+04   5.495700927E-01   9.000119324E-04   3.260029328E-05   1.153289807E+01   2.115834716E+02   2.122000808E+01
  1.0010000E+04   5.486304722E-01   6.231504919E-03   3.234213575E-05   5.922025571E+01   8.222247378E+00   2.830659818E+01
  1.0020000E+04   5.483783811E-01   8.620967942E-03   3.239843194E-05   2.463858498E+01   2.604797345E+02   3.280151485E+01
  1.0030000E+04   5.482650051E-01   4.754723908E-03   3.368891712E-05   3.486117255E+02   1.572720804E+02   3.828998440E+01
  1.0040000E+04   5.482918203E-01   1.956779132E-03   3.556251646E-05   8.127010929E+01   2.877950607E+02   4.441061428E+01
  1.0050000E+04   5.474444732E-01   7.315961690E-03   3.742022785E-05   9.856289976E+01   1.465946079E+02   4.851102176E+01
  1.0060000E+04   5.471096270E-01   8.711991028E-03   3.836285361E-05   8.710565798E+01   4.846795596E+01   5.094519651E+01
  1.0070000E+04   5.469732124E-01   2.226719563E-03   4.091883333E-05   6.743961122E+01   3.228187081E+02   5.332492873E+01
  1.0080000E+04   5.466554751E-01   6.594201900E-03   4.493478103E-05   2.655892710E+02   2.297700433E+01   5.629511419E+01
  1.0090000E+04   5.462370747E-01   8.757763855E-03   4.862014162E-05   2.714534291E+02   2.893047502E+02   5.623047816E+01
  1.0100000E+04   5.460436394E-01   5.727432014E-03   5.201016389E-05   3.064243110E+02   1.715925940E+02   5.800062229E+01
  1.0110000E+04   5.460638395E-01   1.735882063E-03   5.535061366E-05   2.565705324E+01   1.485667250E+01   5.917752155E+01
  1.0120000E+04   5.452642805E-01   6.931933045E-03   5.912652188E-05   1.712519890E+02   1.615267284E+02   5.998752642E+01
  1.0130000E+04   5.448896300E-01   9.754356131E-03   6.324843683E-05   1.979802243E+02   8.152217079E+01   5.867242095E+01
  1.0140000E+04   5.452029281E-01   1.874632743E-03   6.702530964E-05   2.150692978E+02   1.311647174E+01   5.849909546E+01
  1.0150000E+04   5.444726934E-01   6.274746561E-03   7.079117101E-05   1.103177167E+02   6.901175984E+01   5.986073873E+01
  1.0160000E+04   5.441331749E-01   8.408169752E-03   7.582259878E-05   1.750089692E+02   3.278775590E+02   6.019561258E+01
  1.0170000E+04   5.440135941E-01   5.835599096E-03   7.904210411E-05   2.614273541E+02   2.136251454E+02   5.994437332E+01
  1.0180000E+04   5.436606122E-01   2.628712599E-03   8.379604577E-05   2.467608231E+01   6.615395768E+01   6.045499157E+01
  1.0190000E+04   5.432137283E-01   5.373385701E-03   8.814566859E-05   2.373805582E+02   1.980314283E+02   6.070925667E+01
  1.0200000E+04   5.431341545E-01   1.023554842E-02   9.422505276E-05   3.160995928E+02   1.168710693E+02   6.066558026E+01
  1.0210000E+04   5.428031640E-01   2.198947599E-03   9.882775700E-05   3.149243512E+01   4.367005066E+01   5.980646147E+01
  1.0220000E+04   5.424827601E-01   4.798656882E-03   1.012288993E-04   3.242622565E+02   1.158769749E+02   5.966348855E+01
  1.0230000E+04   5.421752214E-01   8.469187118E-03   1.047500589E-04   9.141353355E+01   4.013389882E+00   6.028980958E+01
  1.0240000E+04   5.417787245E-01   6.368723751E-03   1.097688646E-04   2.243573251E+02   2.562425646E+02   5.955950810E+01
  1.0250000E+04   5.415730331E-01   3.673873365E-03   1.135807784E-04   2.139777487E+01   1.274372156E+02   5.983386518E+01
  1.0260000E+04   5.411309904E-01   3.021904550E-03   1.185516281E-04   2.968226988E+02   2.481850310E+02   5.970487354E+01
  1.0270000E+04   5.407110398E-01   1.041528544E-02   1.222477458E-04   8.147452065E+01   1.524870846E+02   6.003349904E+01
  1.0280000E+04   5.407721243E-01   5.765063618E-03   1.273583051E-04   1.951495375E+02   9.518491842E+01   5.995204511E+01
  1.0290000E+04   5.403902636E-01   4.963410249E-03   1.314506461E-04   1.849843727E+02   1.632633092E+02   5.851536126E+01
  1.0300000E+04   5.399634515E-01   7.928414199E-03   1.325440621E-04   3.455115788E+02   7.055917474E+01   5.791877324E+01
  1.0310000E+04   5.396787827E-01   6.944590212E-03   1.360959112E-04   1.802051409E+02   3.122145562E+02   5.810077393E+01
  1.0320000E+04   5.395325866E-01   4.315579472E-03   1.392541197E-04   2.753122106E+01   1.874039938E+02   5.737607333E+01
  1.0330000E+04   5.392798334E-01   2.478736978E-03   1.431338213E-04   2.319324492E+02   7.065145410E+01   5.736994070E+01
  1.0340000E+04   5.386163945E-01   6.759673581E-03   1.481266520E-04   2.046343784E+02   1.966299771E+02   5.678280562E+01
  1.0350000E+04   5.382938407E-01   1.052202129E-02   1.516019301E-04   2.676526485E+01   1.253649690E+02   5.691372848E+01
  1.0360000E+04   5.383642230E-01   1.526652762E-03   1.570781098E-04   1.392391263E+02   1.252330343E+02   5.608836510E+01
  1.0370000E+04   5.380793442E-01   5.811932430E-03   1.581994417E-04   2.369191889E+02   1.444714946E+02   5.439455098E+01
  1.0380000E+04   5.375865144E-01   7.125244694E-03   1.601047552E-04   1.295305140E+02   2.028695707E+01   5.405668886E+01
  1.0390000E+04   5.372777060E-01   7.188615641E-03   1.651627270E-04   2.856563521E+01   2.611649026E+02   5.299234651E+01
  1.0400000E+04   5.373925646E-01   4.314097228E-03   1.672154429E-04   2.877818148E+02   1.460862942E+02   5.224224646E+01
  1.0410000E+04   5.368050810E-01   2.170819878E-03   1.697464338E-04   3.215031865E+02   2.614073516E+02   5.173120183E+01
  1.0420000E+04   5.361675509E-01   9.011698206E-03   1.738724232E-04   2.213061410E+02   1.633283728E+02   5.107949584E+01
  1.0430000E+04   5.361152322E-01   6.660499367E-03   1.780849854E-04   1.243428608E+02   7.285528801E+01   4.965427846E+01
  1.0440000E+04   5.359011175E-01   8.019682426E-04   1.799883637E-04   2.029494856E+02   1.682337677E+02   4.794264528E+01
  1.0450000E+04   5.354098375E-01   7.043690793E-03   1.804858102E-04   1.357769435E+02   5.597453675E+01   4.738140699E+01
  1.0460000E+04   5.350088781E-01   7.451121162E-03   1.843221968E-04   8.354623752E+01   3.021563421E+02   4.644635753E+01
  1.0470000E+04   5.349201969E-01   5.100063710E-03   1.856560192E-04   5.686116183E+01   1.701160622E+02   4.510456165E+01
  1.0480000E+04   5.345808811E-01   1.031498641E-03   1.859894499E-04   1.625143049E+02   2.694071625E+02   4.424988934E+01
  1.0490000E+04   5.341181826E-01   9.546613117E-03   1.877778042E-04   1.088505422E+02   1.783055092E+02   4.368677385E+01
  1.0500000E+04   5.338958581E-01   7.174075751E-03   1.910183785E-04   6.261964834E+01   9.118524385E+01   4.264996134E+01
  1.0510000E+04   5.337508063E-01   2.010943868E-03   1.924895122E-04   2.155122700E+02   1.678084356E+02   4.090746235E+01
  1.0520000E+04   5.332338294E-01   7.279761356E-03   1.911537991E-04   1.968111844E+02   6.414597377E+01   3.993422027E+01
  1.0530000E+04   5.329860950E-01   7.190893087E-03   1.932850010E-04   2.057062960E+02   3.036096498E+02   3.925425121E+01
  1.0540000E+04   5.329198556E-01   3.627810671E-03   1.948325678E-04   2.145369192E+02   1.886221843E+02   3.783413657E+01
  1.0550000E+04   5.325502217E-01   4.338100454E-03   1.943287098E-04   1.804449282E+01   2.848977312E+02   3.612292088E+01
  1.0560000E+04   5.324397124E-01   9.927453683E-03   1.930925706E-04   2.376693516E+01   1.908812780E+02   3.531130379E+01
  1.0570000E+04   5.319834956E-01   4.230716307E-03   1.945349061E-04   3.698630340E+01   9.714608125E+01   3.433057293E+01
  1.0580000E+04   5.316481356E-01   4.574683455E-03   1.965738500E-04   2.502799168E+02   1.671392417E+02   3.259161704E+01
  1.0590000E+04   5.312403215E-01   8.821261070E-03   1.957395953E-04   2.838715239E+02   6.780005572E+01   3.079283076E+01
  1.0600000E+04   5.310343920E-01   5.837419740E-03   1.957153880E-04   3.457134979E+02   3.075769334E+02   2.982684246E+01
  1.0610000E+04   5.307972342E-01   2.558020069E-03   1.975134797E-04   5.632887539E+01   1.831207241E+02   2.840870674E+01
  1.0620000E+04   5.303875940E-01   6.317172970E-03   1.986780989E-04   2.595622184E+02   2.955981476E+02   2.630872675E+01
  1.0630000E+04   5.303019396E-01   9.795918516E-03   1.975798980E-04   3.114621145E+02   2.126937206E+02   2.424190495E+01
  1.0640000E+04   5.299968071E-01   1.482543689E-03   1.971995351E-04   3.532454000E+02   1.427322569E+02   2.294989694E+01
  1.0650000E+04   5.295191909E-01   6.534560947E-03   1.995585178E-04   2.818293477E+02   1.910465352E+02   2.172108417E+01
  1.0660000E+04   5.291778406E-01   9.031926970E-03   2.024397958E-04   8.197691571E+00   9.369040064E+01   1.988804039E+01
  1.0670000E+04   5.290674089E-01   4.659816895E-03   2.016876480E-04   1.240612880E+02   3.323783668E+02   1.827169562E+01
  1.0680000E+04   5.288839759E-01   3.018060871E-03   2.042054515E-04   2.606722070E+02   1.948510631E+02   1.688474321E+01
  1.0690000E+04   5.282820312E-01   3.938973131E-03   2.056106045E-04   1.457007096E+02   3.196798922E+02   1.491284871E+01
  1.0700000E+04   5.277576501E-01   1.075873080E-02   2.083680018E-04   2.554304742E+02   2.339512524E+02   1.300744259E+01
  1.0710000E+04   5.278927780E-01   3.289151513E-03   2.109097414E-04   2.935135866E+02   2.229845522E+02   1.085643268E+01
  1.0720000E+04   5.276048424E-01   8.266514733E-03   2.090699735E-04   2.949598354E+02   2.501679893E+02   9.547011361E+00
  1.0730000E+04   5.273182593E-01   7.677433914E-03   2.111187331E-04   8.484179894E+01   1.412519791E+02   8.589799341E+00
  1.0740000E+04   5.269087932E-01   5.782749364E-03   2.122396112E-04   2.518119463E+02   2.375152078E+01   6.643882918E+00
  1.0750000E+04   5.267978138E-01   3.608454970E-03   2.137846483E-04   9.214445386E+01   2.368255611E+02   5.609781805E+00
  1.0760000E+04   5.265577465E-01   1.335499074E-03   2.168534641E-04   3.450560191E+02   4.520968517E+01   4.331941478E+00
  1.0770000E+04   5.258380141E-01   9.627324635E-03   2.186127392E-04   1.901547241E+02   2.752990067E+02   2.271769902E+00
  1.0780000E+04   5.257331788E-01   6.412129444E-03   2.180953040E-04   3.562074938E+02   1.939501795E+02   1.244568876E-01
  1.0790000E+04   5.257796056E-01   1.800168648E-03   2.166113087E-04   3.482930225E+02   2.855941705E+02   3.589099705E+02
  1.0800000E+04   5.251795051E-01   6.187874885E-03   2.195775690E-04   1.845128004E+02   1.825475516E+02   3.576406514E+02
  1.0810000E+04   5.247171340E-01   7.690176631E-03   2.184976742E-04   6.397402714E+01   5.031374180E+01   3.557871227E+02
  1.0820000E+04   5.248889968E-01   5.626064741E-03   2.189392608E-04   2.946411121E+02   2.929108843E+02   3.551596928E+02
  1.0830000E+04   5.243969762E-01   7.132090670E-04   2.215390441E-04   2.781949690E+02   6.653569981E+01   3.540821140E+02
  1.0840000E+04   5.238013969E-01   9.174020712E-03   2.233299531E-04   1.785781017E+02   2.952842096E+02   3.520220516E+02
  1.0850000E+04   5.237210206E-01   6.959544120E-03   2.220336817E-04   5.591238624E+01   1.991104686E+02   3.501442822E+02
  1.0860000E+04   5.234404565E-01   3.823962959E-04   2.209327998E-04   9.159500836E+01   3.059743335E+02   3.491556335E+02
  1.0870000E+04   5.231172103E-01   7.365134298E-03   2.230931939E-04   1.083255564E+01   1.769109350E+02   3.481739033E+02
  1.0880000E+04   5.226701422E-01   7.388339769E-03   2.232401774E-04   2.990566667E+02   5.233846422E+01   3.463319782E+02
  1.0890000E+04   5.226251068E-01   4.387596651E-03   2.231340324E-04   2.241399851E+02   2.958686219E+02   3.457227113E+02
  1.0900000E+04   5.222432719E-01   3.554300937E-03   2.248684842E-04   3.047594854E+02   2.892229584E+01   3.451278691E+02
  1.0910000E+04   5.217119964E-01   1.014518443E-02   2.280502767E-04   2.277372467E+02   2.933771306E+02   3.436826495E+02
  1.0920000E+04   5.216338130E-01   3.278193881E-03   2.276327703E-04   1.615169146E+02   1.948496592E+02   3.419770170E+02
  1.0930000E+04   5.213978171E-01   3.554039229E-03   2.250904230E-04   2.816119419E+02   2.726699446E+02   3.409761262E+02
  1.0940000E+04   5.209473930E-01   8.811854055E-03   2.263917305E-04   2.421381369E+02   1.609404157E+02   3.403635209E+02
  1.0950000E+04   5.207551950E-01   5.613784624E-03   2.271567434E-04   2.245115618E+02   3.717336571E+01   3.387126945E+02
  1.0960000E+04   5.205479621E-01   1.417664007E-03   2.258614572E-04   2.752561373E+02   2.084218109E+02   3.376473025E+02
  1.0970000E+04   5.202265077E-01   7.082135877E-03   2.259727727E-04   3.351443303E+02   1.959794821E+01   3.374794828E+02
  1.0980000E+04   5.197112078E-01   8.816434376E-03   2.277688238E-04   3.071714587E+02   2.919486660E+02   3.367642689E+02
  1.0990000E+04   5.197230592E-01   4.448484042E-04   2.276599875E-04   1.247714171E+02   2.159669597E+00   3.351779478E+02
  1.1000000E+04   5.192112004E-01   7.488873072E-03   2.241834672E-04   1.244443043E+02   2.578144378E+02   3.337875856E+02
  1.1010000E+04   5.190168242E-01   7.843369532E-03   2.222732092E-04   1.389198905E+02   1.488557505E+02   3.332331141E+02
  1.1020000E+04   5.188577084E-01   3.835182695E-03   2.236218824E-04   1.711687530E+02   2.777805455E+01   3.318108239E+02
  1.1030000E+04   5.185430180E-01   1.756940668E-03   2.223666533E-04   2.688359989E+02   2.068982917E+02   3.307383384E+02
  1.1040000E+04   5.180276009E-01   9.112442396E-03   2.208172932E-04   2.942232403E+01   1.601585489E+01   3.300792728E+02
  1.1050000E+04   5.178601796E-01   6.863354776E-03   2.186544145E-04   4.100967294E+01   3.046804696E+02   3.295420119E+02
  1.1060000E+04   5.177136889E-01   5.162778768E-03   2.196937274E-04   2.750170483E+02   1.113678433E+01   3.284479133E+02
  1.1070000E+04   5.174114109E-01   7.782722482E-03   2.176101378E-04   3.133167839E+02   2.849015738E+02   3.266999794E+02
  1.1080000E+04   5.170532436E-01   7.581809590E-03   2.142597656E-04   2.690817555E+01   1.719335391E+02   3.255513285E+02
  1.1090000E+04   5.169394928E-01   3.905803122E-03   2.155808043E-04   1.363785569E+02   2.790886807E+01   3.242138098E+02
  1.1100000E+04   5.165839779E-01   2.644307199E-03   2.145997042E-04   2.429172337E+02   2.535848496E+02   3.230850238E+02
  1.1110000E+04   5.160693125E-01   6.937382098E-03   2.151441828E-04   9.104274381E+01   2.793782520E+01   3.226514470E+02
  1.1120000E+04   5.157622963E-01   1.043295347E-02   2.143448008E-04   1.658422623E+02   3.095133717E+02   3.220643142E+02
  1.1130000E+04   5.162131487E-01   1.983822803E-03   2.148458233E-04   1.730933668E+02   2.977998869E+02   3.212190268E+02
  1.1140000E+04   5.153562685E-01   5.211160055E-03   2.137164445E-04   1.266731512E+02   3.451986567E+02   3.194643755E+02
  1.1150000E+04   5.149427105E-01   5.325770536E-03   2.146455546E-04   2.952904917E+02   1.929353078E+02   3.189436718E+02
  1.1160000E+04   5.147040191E-01   8.287960442E-03   2.171423514E-04   9.101381006E+01   6.629266288E+01   3.173192046E+02
  1.1170000E+04   5.146980954E-01   3.267721258E-03   2.157109426E-04   2.311294705E+02   3.169584708E+02   3.157516096E+02
  1.1180000E+04   5.142733404E-01   3.302329048E-03   2.152593473E-04   1.334564643E+02   8.890034497E+01   3.149673480E+02
  1.1190000E+04   5.136733684E-01   7.632368893E-03   2.172749093E-04   3.136629173E+02   3.187371023E+02   3.131700187E+02
  1.1200000E+04   5.134618354E-01   7.231163273E-03   2.164867624E-04   1.296624654E+02   2.064436309E+02   3.110698375E+02
  1.1210000E+04   5.138472860E-01   1.138372082E-03   2.135065815E-04   1.330202009E+02   2.678964527E+02   3.095804042E+02
  1.1220000E+04   5.129946314E-01   6.577509259E-03   2.142478579E-04   2.750459475E+02   1.972176426E+02   3.087915158E+02
  1.1230000E+04   5.125103271E-01   7.187740889E-03   2.138698724E-04   1.330205462E+02   6.592724492E+01   3.068872629E+02
  1.1240000E+04   5.124476838E-01   4.295798295E-03   2.114309715E-04   3.414385404E+02   3.097623073E+02   3.056143710E+02
  1.1250000E+04   5.121746745E-01   4.617858201E-03   2.107264874E-04   3.505066279E+02   3.691364153E+01   3.049414823E+02
  1.1260000E+04   5.116312803E-01   9.455969296E-03   2.124112650E-04   2.042785327E+02   2.939211543E+02   3.034850566E+02
  1.1270000E+04   5.116588490E-01   3.420020384E-03   2.114671682E-04   6.300085053E+01   1.937478627E+02   3.015514511E+02
  1.1280000E+04   5.112599833E-01   5.127798846E-03   2.082210222E-04   1.194358497E+02   2.595562898E+02   3.003745836E+02
  1.1290000E+04   5.108871075E-01   8.230295223E-03   2.090682302E-04   1.768726991E+01   1.363930647E+02   2.995469728E+02
  1.1300000E+04   5.107712481E-01   4.358777189E-03   2.097869699E-04   2.792837951E+02   1.764125603E+01   2.976459562E+02
  1.1310000E+04   5.105609781E-01   2.831449782E-03   2.070801535E-04   3.249994406E+02   1.174783790E+02   2.961433344E+02
  1.1320000E+04   5.100131782E-01   8.846362788E-03   2.067278503E-04   2.425552441E+02   3.570860956E+02   2.955577410E+02
  1.1330000E+04   5.098617491E-01   5.579945907E-03   2.074845627E-04   1.582343490E+02   2.506358720E+02   2.942833263E+02
  1.1340000E+04   5.096228781E-01   2.971307689E-03   2.058373718E-04   2.594207363E+02   3.224170382E+02   2.924147675E+02
  1.1350000E+04   5.091276176E-01   8.630227752E-03   2.024937994E-04   1.999180531E+02   2.047305432E+02   2.914616207E+02
  1.1360000E+04   5.090296065E-01   5.870065395E-03   2.033182663E-04   1.513288916E+02   8.550427711E+01   2.905024533E+02
  1.1370000E+04   5.088869554E-01   1.269622874E-03   2.023587633E-04   1.674664808E+02   2.654914680E+02   2.886978181E+02
  1.1380000E+04   5.083558794E-01   7.191006196E-03   1.985000776E-04   2.178883193E+02   6.053104467E+01   2.874777116E+02
  1.1390000E+04   5.080487964E-01   8.279164281E-03   1.966053669E-04   1.782803960E+02   3.191505063E+02   2.868206340E+02
  1.1400000E+04   5.080052369E-01   4.079858345E-04   1.969165570E-04   3.323785076E+02   2.827784199E+01   2.854144924E+02
  1.1410000E+04   5.075637937E-01   7.654374242E-03   1.947652125E-04   3.104365205E+02   2.814180352E+02   2.833214788E+02
  1.1420000E+04   5.072616259E-01   7.553553373E-03   1.917496541E-04   3.094271229E+02   1.644715264E+02   2.822887765E+02
  1.1430000E+04   5.071031117E-01   3.382507560E-03   1.925917301E-04   3.413809547E+02   2.006522340E+01   2.807509098E+02
  1.1440000E+04   5.067122899E-01   3.892524663E-03   1.917876649E-04   1.291537184E+02   1.277421272E+02   2.785397547E+02
  1.1450000E+04   5.062715182E-01   1.011279344E-02   1.882798356E-04   1.369404539E+02   2.922075983E+01   2.767508080E+02
  1.1460000E+04   5.062652071E-01   2.895076989E-03   1.862694617E-04   1.382923467E+02   3.024063700E+02   2.757619692E+02
  1.1470000E+04   5.059178773E-01   5.339412219E-03   1.869881237E-04   3.550635579E+02   4.354226554E+00   2.743715113E+02
  1.1480000E+04   5.055105504E-01   8.697629516E-03   1.854360196E-04   4.131762848E+01   2.501317225E+02   2.722732983E+02
  1.1490000E+04   5.053480219E-01   5.256908184E-03   1.839520655E-04   1.126451279E+02   1.172278197E+02   2.713422104E+02
  1.1500000E+04   5.051576984E-01   1.355886937E-03   1.850228153E-04   1.990488153E+02   3.353402301E+02   2.696274602E+02
  1.1510000E+04   5.050263133E-01   9.212668889E-03   1.850819009E-04   3.640294493E+01   9.527455286E+01   2.672440478E+02
  1.1520000E+04   5.045156765E-01   6.423182815E-03   1.831080758E-04   8.689750782E+01   1.341925308E+01   2.650302127E+02
  1.1530000E+04   5.042861715E-01   4.074327984E-03   1.806654434E-04   3.446016016E+02   8.356519921E+01   2.638165568E+02
  1.1540000E+04   5.038425445E-01   8.246123259E-03   1.816592788E-04   7.557180861E+01   3.314418007E+02   2.625003135E+02
  1.1550000E+04   5.036181033E-01   6.918041046E-03   1.803383372E-04   1.892187199E+02   2.085443904E+02   2.604516863E+02
  1.1560000E+04   5.034664751E-01   3.764325583E-03   1.805504180E-04   3.289335956E+02   6.348696410E+01   2.595033084E+02
  1.1570000E+04   5.030773642E-01   2.318862070E-03   1.823981045E-04   2.165903943E+02   1.791818599E+02   2.577260104E+02
  1.1580000E+04   5.025747792E-01   1.092166330E-02   1.831618096E-04   3.356940452E+02   7.849502722E+01   2.556385055E+02
  1.1590000E+04   5.026798855E-01   4.179360444E-03   1.819739967E-04   5.824931617E+01   1.969707351E+01   2.534473045E+02
  1.1600000E+04   5.027100941E-01   5.530250167E-03   1.791236643E-04   2.310504149E+01   7.878147583E+01   2.522672407E+02
  1.1610000E+04   5.018498897E-01   7.465067199E-03   1.796437949E-04   1.959362968E+02   3.043469411E+02   2.505887952E+02
  1.1620000E+04   5.016819140E-01   6.852728074E-03   1.772027719E-04   2.388465177E+01   1.660977188E+02   2.489932523E+02
  1.1630000E+04   5.015624435E-01   3.065338321E-03   1.780153882E-04   2.049926898E+02   3.860505610E+01   2.478156764E+02
  1.1640000E+04   5.011057769E-01   5.352703362E-03   1.792660374E-04   1.610614052E+02   1.450905586E+02   2.458158325E+02
  1.1650000E+04   5.006569457E-01   1.000972253E-02   1.774103837E-04   3.323507442E+02   5.173410696E+01   2.436564779E+02
  1.1660000E+04   5.008014698E-01   2.125401060E-03   1.743329689E-04   1.366301924E+02   3.284270980E+02   2.423355492E+02
  1.1670000E+04   5.003976476E-01   5.823080088E-03   1.741300602E-04   1.712471048E+02   1.861629210E+01   2.410955476E+02
  1.1680000E+04   4.998738760E-01   7.429505087E-03   1.718377218E-04   4.622458698E+01   2.442885691E+02   2.392396694E+02
  1.1690000E+04   4.997150000E-01   5.978965868E-03   1.706437026E-04   2.905167359E+02   1.094085380E+02   2.384905501E+02
  1.1700000E+04   4.995689005E-01   1.188582803E-03   1.715277789E-04   3.224813610E+02   1.905790710E+02   2.371996651E+02
  1.1710000E+04   4.989421196E-01   8.977498773E-03   1.702117196E-04   1.819573396E+02   9.703644441E+01   2.350124849E+02
  1.1720000E+04   4.989063230E-01   4.860017076E-03   1.670584372E-04   7.526474715E+01   3.407442036E+02   2.335096187E+02
  1.1730000E+04   4.985871021E-01   4.083513082E-03   1.656210848E-04   1.494147733E+02   4.592189316E+01   2.326968725E+02
  1.1740000E+04   4.982686218E-01   8.434434040E-03   1.656078807E-04   5.594782722E+01   2.914319776E+02   2.309384407E+02
  1.1750000E+04   4.980449074E-01   5.665738577E-03   1.630730014E-04   3.488224566E+02   1.598739120E+02   2.295212954E+02
  1.1760000E+04   4.982239925E-01   1.187554812E-03   1.625828043E-04   5.657551934E+01   2.564142045E+02   2.286724867E+02
  1.1770000E+04   4.973055329E-01   9.393821723E-03   1.631690772E-04   5.649352529E+00   1.241864431E+02   2.270322510E+02
  1.1780000E+04   4.972257135E-01   5.625139880E-03   1.613722535E-04   3.002127150E+02   1.880656190E+01   2.251551322E+02
  1.1790000E+04   4.969156164E-01   2.995778593E-03   1.585285472E-04   6.851375610E+01   8.175399063E+01   2.241334445E+02
  1.1800000E+04   4.969214056E-01   8.834338751E-03   1.583330075E-04   3.159223929E+01   3.213688654E+02   2.232274015E+02
  1.1810000E+04   4.964338480E-01   4.780388383E-03   1.569690189E-04   1.844078637E+01   1.870747516E+02   2.213036906E+02
  1.1820000E+04   4.961888533E-01   1.421121149E-03   1.548063731E-04   1.123719008E+02   3.088257766E+02   2.203270479E+02
  1.1830000E+04   4.956532055E-01   8.852518569E-03   1.547545693E-04   1.248823214E+02   1.640659741E+02   2.196869216E+02
  1.1840000E+04   4.955412755E-01   4.893927737E-03   1.545448220E-04   1.153488391E+02   5.382127937E+01   2.180214997E+02
  1.1850000E+04   4.953630659E-01   3.918814611E-03   1.516692297E-04   2.912567300E+02   1.208717884E+02   2.163425104E+02
  1.1860000E+04   4.949375464E-01   8.893727430E-03   1.494640442E-04   3.021257236E+02   3.568277059E+00   2.156786719E+02
  1.1870000E+04   4.951628470E-01   5.031778397E-03   1.491247106E-04   3.399642666E+02   2.287960086E+02   2.141821440E+02
  1.1880000E+04   4.945213720E-01   1.371578750E-03   1.468068688E-04   8.483334318E+01   3.165412533E+01   2.126485704E+02
  1.1890000E+04   4.940054568E-01   8.915837594E-03   1.442043655E-04   1.965707043E+02   1.989684982E+02   2.120154686E+02
  1.1900000E+04   4.939723643E-01   7.051936241E-03   1.435584272E-04   2.157728831E+02   1.113869877E+02   2.113663328E+02
  1.1910000E+04   4.936534392E-01   3.946842715E-03   1.423499543E-04   8.924950351E+01   1.717920955E+02   2.093837794E+02
  1.1920000E+04   4.933303093E-01   8.505702784E-03   1.389947692E-04   1.506416333E+02   5.541960092E+01   2.078021634E+02
  1.1930000E+04   4.931407754E-01   6.321361295E-03   1.380634087E-04   2.256851987E+02   2.944600661E+02   2.070842543E+02
  1.1940000E+04   4.928733899E-01   3.052165492E-03   1.363661209E-04   3.591520395E+02   1.207082437E+02   2.050544866E+02
  1.1950000E+04   4.924338131E-01   5.164960489E-03   1.335303075E-04   2.072421913E+02   2.421453535E+02   2.039765522E+02
  1.1960000E+04   4.922970927E-01   1.034915711E-02   1.307445000E-04   2.760986894E+02   1.580031044E+02   2.029782333E+02
  1.1970000E+04   4.921725128E-01   2.606025941E-03   1.292276033E-04   2.181130410E+02   2.006043776E+02   2.020018399E+02
  1.1980000E+04   4.917829345E-01   7.066951226E-03   1.279379168E-04   2.736625536E+02   1.382299477E+02   1.998760561E+02
  1.1990000E+04   4.915808242E-01   7.206516656E-03   1.248408600E-04   6.524334018E+01   3.525362541E+02   1.988130170E+02
  1.2000000E+04   4.912755372E-01   5.250482103E-03   1.254640635E-04   2.195629529E+02   2.122229739E+02   1.972103118E+02
  1.2010000E+04   4.909368169E-01   1.132434567E-03   1.236675728E-04   9.678784422E+00   8.120844895E+01   1.956981091E+02
  1.2020000E+04   4.904101089E-01   9.711359984E-03   1.210192145E-04   2.871004670E+02   1.951680412E+02   1.948301954E+02
  1.2030000E+04   4.904630013E-01   7.395336137E-03   1.206814410E-04   5.632275383E+01   1.092847784E+02   1.942600116E+02
  1.2040000E+04   4.905266474E-01   2.491636372E-03   1.197202554E-04   1.900003646E+01   1.899153797E+02   1.925452418E+02
  1.2050000E+04   4.897717812E-01   5.675429534E-03   1.174986110E-04   1.972539632E+02   6.581987410E+01   1.915189397E+02
  1.2060000E+04   4.893864470E-01   7.662919103E-03   1.181451219E-04   6.192199107E+01   2.713445251E+02   1.899316733E+02
  1.2070000E+04   4.893188073E-01   3.984852057E-03   1.159750232E-04   2.653288095E+02   1.445774314E+02   1.880152038E+02
  1.2080000E+04   4.890503948E-01   4.188491042E-03   1.141537191E-04   2.541543154E+02   2.356751369E+02   1.872058360E+02
  1.2090000E+04   4.885780295E-01   8.925962635E-03   1.145393908E-04   1.080110171E+02   1.182948626E+02   1.858572738E+02
  1.2100000E+04   4.885405850E-01   2.920571722E-03   1.137186756E-04   3.164627830E+02   1.550859427E+01   1.837309244E+02
  1.2110000E+04   4.884090498E-01   5.845015441E-03   1.109347363E-04   6.712764472E+00   7.417859015E+01   1.823294763E+02
  1.2120000E+04   4.877730188E-01   7.612766414E-03   1.110365369E-04   2.634030482E+02   3.001472128E+02   1.813119002E+02
  1.2130000E+04   4.876857529E-01   4.110386376E-03   1.100507275E-04   1.614341990E+02   1.727432312E+02   1.791099831E+02
  1.2140000E+04   4.873821437E-01   4.852691841E-03   1.076093540E-04   2.225616756E+02   2.463605224E+02   1.778819615E+02
  1.2150000E+04   4.868842099E-01   8.997652553E-03   1.073040979E-04   1.208468933E+02   1.380288287E+02   1.770587228E+02
  1.2160000E+04   4.868541787E-01   1.220518622E-03   1.069127800E-04   2.808145345E+01   2.869810257E+01   1.751386785E+02
  1.2170000E+04   4.863750449E-01   6.706288642E-03   1.044015417E-04   1.424166727E+02   7.856291416E+01   1.733933819E+02
  1.2180000E+04   4.861971176E-01   7.272399371E-03   1.035110324E-04   9.230290593E+01   3.049012001E+02   1.726367090E+02
  1.2190000E+04   4.860979903E-01   2.235760835E-03   1.033877231E-04   4.732169420E+01   1.714840275E+02   1.705449718E+02
  1.2200000E+04   4.856257972E-01   6.748839182E-03   1.007018687E-04   1.496425014E+02   2.585427201E+02   1.686665323E+02
  1.2210000E+04   4.853046796E-01   8.437271624E-03   9.917748661E-05   1.029092901E+02   1.491167544E+02   1.679680604E+02
  1.2220000E+04   4.852557437E-01   8.710027942E-04   9.899725404E-05   2.500066560E+02   2.109142274E+02   1.663618540E+02
  1.2230000E+04   4.847767112E-01   7.471017419E-03   9.724777911E-05   2.311335808E+02   8.844545039E+01   1.641552318E+02
  1.2240000E+04   4.846245382E-01   6.395994752E-03   9.556927263E-05   2.332341142E+02   3.152931052E+02   1.631972525E+02
  1.2250000E+04   4.846235871E-01   1.576112236E-03   9.575595759E-05   2.639210368E+02   1.580782327E+02   1.612911194E+02
  1.2260000E+04   4.840572312E-01   7.583198786E-03   9.405083063E-05   3.562817150E+01   2.707010361E+02   1.587687662E+02
  1.2270000E+04   4.838895537E-01   7.167187038E-03   9.184318956E-05   4.469434442E+01   1.595280510E+02   1.575228340E+02
  1.2280000E+04   4.836996229E-01   1.791825383E-03   9.157692502E-05   2.453042430E+02   2.196691001E+02   1.563487905E+02
  1.2290000E+04   4.832020115E-01   8.977926858E-03   9.096997264E-05   2.793598035E+02   9.754373080E+01   1.540824052E+02
  1.2300000E+04   4.830453055E-01   6.353472866E-03   8.923057919E-05   3.248242620E+02   3.340446210E+02   1.528081961E+02
  1.2310000E+04   4.828511995E-01   1.661827083E-03   8.962996903E-05   7.482847542E+01   1.506864757E+02   1.511858577E+02
  1.2320000E+04   4.823477774E-01   7.966902297E-03   8.962996903E-05   2.361803129E+02   2.887198112E+02   1.486787439E+02
  1.2330000E+04   4.822290864E-01   7.019957526E-03   8.784745853E-05   2.867288210E+02   1.905181774E+02   1.465763344E+02
  1.2340000E+04   4.821050521E-01   4.098142227E-03   8.640847322E-05   1.841545681E+02   2.454509264E+02   1.455620977E+02
  1.2350000E+04   4.816498522E-01   8.681892901E-03   8.663594193E-05   2.641595460E+02   1.303711560E+02   1.440242926E+02
  1.2360000E+04   4.814618966E-01   5.749587788E-03   8.491936729E-05   2.097792481E+01   3.491296292E+02   1.421688897E+02
  1.2370000E+04   4.812252218E-01   2.716846625E-03   8.539443839E-05   1.410313223E+02   2.089847214E+02   1.410396578E+02
  1.2380000E+04   4.807902539E-01   8.311728070E-03   8.590931597E-05   3.575885129E+01   3.068825558E+02   1.389974799E+02
  1.2390000E+04   4.806045855E-01   7.098130349E-03   8.568417188E-05   1.284510509E+02   2.206033292E+02   1.367647602E+02
  1.2400000E+04   4.804449492E-01   3.424885524E-03   8.394813766E-05   6.678121754E+01   2.875790804E+02   1.351056481E+02
  1.2410000E+04   4.800300198E-01   7.812007496E-03   8.342115652E-05   2.046013377E+02   1.662433796E+02   1.340781559E+02
  1.2420000E+04   4.800837148E-01   6.477675575E-03   8.231281271E-05   1.905015939E+01   2.175518904E+01   1.319513543E+02
  1.2430000E+04   4.796983038E-01   3.601225254E-03   8.198450071E-05   1.973523720E+02   2.377134139E+02   1.310225087E+02
  1.2440000E+04   4.792013493E-01   6.282913668E-03   8.261335448E-05   1.455073162E+02   3.337935931E+02   1.291814880E+02
  1.2450000E+04   4.792086877E-01   1.024099152E-02   8.273238442E-05   2.977340539E+02   2.421411280E+02   1.269575990E+02
  1.2460000E+04   4.790068297E-01   6.866515630E-04   8.079784685E-05   3.253498805E+02   2.752171334E+02   1.250154214E+02
  1.2470000E+04   4.784562929E-01   6.032350850E-03   8.015475080E-05   1.020756646E+02   2.060805514E+02   1.237584009E+02
  1.2480000E+04   4.784310652E-01   7.281035791E-03   7.878808985E-05   3.451130986E+02   4.807019527E+01   1.216415844E+02
  1.2490000E+04   4.780270336E-01   5.563303849E-03   7.795098334E-05   2.112904887E+02   2.741724104E+02   1.206272477E+02
  1.2500000E+04   4.777816861E-01   3.516688025E-03   7.811912227E-05   2.329267852E+02   3.496334255E+02   1.186577383E+02
  1.2510000E+04   4.773278290E-01   9.352149811E-03   7.639723829E-05   9.688496112E+01   2.389739666E+02   1.162417977E+02
  1.2520000E+04   4.771366592E-01   3.343321705E-03   7.457213079E-05   3.216548941E+02   1.353900679E+02   1.150534132E+02
  1.2530000E+04   4.769377966E-01   6.213152896E-03   7.384031557E-05   3.589765288E+01   1.860994264E+02   1.137138313E+02
  1.2540000E+04   4.764778427E-01   7.405719383E-03   7.232929271E-05   3.221269195E+02   4.115401758E+01   1.113773798E+02
  1.2550000E+04   4.765236078E-01   3.783956420E-03   7.143182815E-05   2.375151050E+02   2.727798104E+02   1.105903456E+02
  1.2560000E+04   4.760708840E-01   5.449223658E-03   7.135014507E-05   3.185324014E+02   3.450610489E+02   1.088808311E+02
  1.2570000E+04   4.756660891E-01   8.662931454E-03   6.986873731E-05   2.454503560E+02   2.284049537E+02   1.064564978E+02
  1.2580000E+04   4.755414223E-01   1.054106633E-03   6.782531747E-05   2.086998522E+01   2.677244016E+02   1.050949226E+02
  1.2590000E+04   4.752803089E-01   7.625743039E-03   6.742650007E-05   3.112319366E+02   1.609063741E+02   1.040316243E+02
  1.2600000E+04   4.749704528E-01   6.283327676E-03   6.622664445E-05   2.818013816E+02   2.691931560E+01   1.017430693E+02
  1.2610000E+04   4.748447910E-01   1.062349490E-03   6.472370112E-05   1.058133089E+01   1.368101628E+02   1.005904348E+02
  1.2620000E+04   4.743260766E-01   8.938159850E-03   6.440758835E-05   3.132105614E+01   3.268545758E+02   9.938399305E+01
  1.2630000E+04   4.743880128E-01   5.000438160E-03   6.347851557E-05   1.234374766E+01   2.109851589E+02   9.722970424E+01
  1.2640000E+04   4.739122624E-01   3.669413161E-03   6.166113812E-05   1.828912603E+02   2.683053499E+02   9.576267096E+01
  1.2650000E+04   4.735646762E-01   8.769210284E-03   6.081601741E-05   1.918654280E+02   1.395276341E+02   9.487365033E+01
  1.2660000E+04   4.735098808E-01   3.797402285E-03   5.981292241E-05   2.302292034E+02   3.501194370E+02   9.261450103E+01
  1.2670000E+04   4.731825782E-01   4.179035965E-03   5.804405109E-05   3.588861125E+01   7.801848617E+01   9.129061860E+01
  1.2680000E+04   4.728754468E-01   9.617815079E-03   5.749517376E-05   7.019044935E+01   3.125776296E+02   9.053694094E+01
  1.2690000E+04   4.727042574E-01   2.132036392E-03   5.683208904E-05   8.667931328E+01   2.138579412E+02   8.844336695E+01
  1.2700000E+04   4.723702935E-01   6.955878981E-03   5.491430678E-05   3.283457477E+02   2.554967962E+02   8.648451002E+01
  1.2710000E+04   4.721217357E-01   7.396506952E-03   5.399738657E-05   3.425622683E+01   1.253429385E+02   8.550661985E+01
  1.2720000E+04   4.719802466E-01   2.908280392E-03   5.300277406E-05   1.441584575E+02   3.178319283E+02   8.293957722E+01
  1.2730000E+04   4.714846032E-01   6.591931523E-03   5.109819224E-05   3.546912182E+02   5.812734898E+01   8.125819299E+01
  1.2740000E+04   4.713223870E-01   8.666802084E-03   4.998040804E-05   6.515488800E+01   3.138693359E+02   8.035665407E+01
  1.2750000E+04   4.712511865E-01   1.424996686E-03   4.940096924E-05   3.411101889E+02   7.265120956E+00   7.850491922E+01
  1.2760000E+04   4.707105154E-01   7.907130436E-03   4.791792705E-05   6.879807398E+01   2.593077733E+02   7.601512687E+01
  1.2770000E+04   4.705595121E-01   6.346196158E-03   4.694978832E-05   1.991638985E+02   1.197053531E+02   7.484258800E+01
  1.2780000E+04   4.703686560E-01   2.841331666E-03   4.623008885E-05   1.324903889E+00   3.150549593E+02   7.200935137E+01
  1.2790000E+04   4.699439065E-01   7.721929541E-03   4.451101229E-05   2.684480681E+02   5.616908310E+01   6.981960288E+01
  1.2800000E+04   4.697392720E-01   8.123528134E-03   4.307116695E-05   2.115124039E+01   3.257925448E+02   6.831298268E+01
  1.2810000E+04   4.696286740E-01   4.476387923E-03   4.231135429E-05   3.388374421E+02   2.944217660E+01   6.664424526E+01
  1.2820000E+04   4.692465560E-01   7.339580879E-03   4.106109829E-05   1.385824738E+02   2.641361147E+02   6.411544073E+01
  1.2830000E+04   4.693012294E-01   6.920173080E-03   4.038087611E-05   3.328973228E+02   1.169527898E+02   6.290210013E+01
  1.2840000E+04   4.688283808E-01   3.722097944E-03   3.984480290E-05   1.599999736E+02   3.438658595E+02   5.995409463E+01
  1.2850000E+04   4.683600124E-01   6.433278619E-03   3.822961581E-05   1.382597727E+02   6.813329689E+01   5.769101077E+01
  1.2860000E+04   4.680785078E-01   9.182398766E-03   3.717593599E-05   3.171071940E+02   3.267790245E+02   5.673177163E+01
  1.2870000E+04   4.681349639E-01   1.284470769E-03   3.663275989E-05   3.196598460E+02   4.301628977E+01   5.476258345E+01
  1.2880000E+04   4.676762086E-01   5.797396249E-03   3.539815964E-05   1.820749263E+02   2.696419258E+02   5.263838853E+01
  1.2890000E+04   4.673556167E-01   7.432017214E-03   3.519163419E-05   9.241489833E+01   1.045413884E+02   5.109568572E+01
  1.2900000E+04   4.672603784E-01   3.078153489E-03   3.449076463E-05   3.253438476E+02   3.442508400E+02   4.796105406E+01
  1.2910000E+04   4.668907604E-01   7.061014339E-03   3.313257815E-05   1.140573560E+01   5.583794838E+01   4.626945910E+01
  1.2920000E+04   4.665394765E-01   7.964472260E-03   3.288968360E-05   2.660426678E+02   2.961140456E+02   4.493049459E+01
  1.2930000E+04   4.664936623E-01   1.895441686E-03   3.229702815E-05   3.580036822E+02   3.445182749E+02   4.224775787E+01
  1.2940000E+04   4.659915610E-01   8.169020674E-03   3.111299238E-05   2.702184020E+02   2.225443547E+02   4.015823509E+01
  1.2950000E+04   4.658350116E-01   5.540644657E-03   3.097210264E-05   2.227914599E+02   7.244552657E+01   3.829292739E+01
  1.2960000E+04   4.656897386E-01   2.182545826E-03   3.037802939E-05   3.157391209E+02   1.468847312E+02   3.502304627E+01
  1.2970000E+04   4.651902295E-01   9.383044153E-03   2.917858092E-05   2.623681315E+02   2.011788822E+01   3.335261957E+01
  1.2980000E+04   4.651360193E-01   2.740195364E-03   2.866188197E-05   2.120895437E+02   2.611111094E+02   3.186206766E+01
  1.2990000E+04   4.647886560E-01   6.949952025E-03   2.809680734E-05   5.016071745E+00   3.055692852E+02   2.896282514E+01
  1.3000000E+04   4.645069996E-01   7.232329598E-03   2.705263678E-05   3.497772089E+02   1.711907273E+02   2.724430856E+01
  1.3010000E+04   4.643729454E-01   1.113340754E-03   2.701218926E-05   3.352381903E+01   3.420436935E+02   2.534364483E+01
  1.3020000E+04   4.639251113E-01   7.699325880E-03   2.654947773E-05   1.375892991E+02   1.042109808E+02   2.193305217E+01
  1.3030000E+04   4.637163632E-01   6.633664054E-03   2.564165272E-05   1.381558175E+02   3.434622322E+02   2.023302630E+01
  1.3040000E+04   4.635428437E-01   3.327298102E-03   2.539886914E-05   3.318797689E+02   3.278028234E+01   1.865121873E+01
  1.3050000E+04   4.631468591E-01   8.922560424E-03   2.509571747E-05   3.583227304E+02   2.639463481E+02   1.565767161E+01
  1.3060000E+04   4.630648688E-01   4.176331101E-03   2.441852332E-05   4.668027178E+01   1.193097050E+02   1.418848326E+01
  1.3070000E+04   4.627736663E-01   2.629437813E-03   2.447815350E-05   2.373530773E+02   1.985842777E+02   1.204910314E+01
  1.3080000E+04   4.624998709E-01   9.668067072E-03   2.416345341E-05   2.905910666E+02   7.298331271E+01   8.823300375E+00
  1.3090000E+04   4.624682055E-01   5.796706582E-04   2.316229840E-05   3.061786134E+02   3.509772460E+02   6.598467061E+00
  1.3100000E+04   4.619048523E-01   8.108987888E-03   2.281349643E-05   2.411842467E+02   3.556075123E+02   5.240688073E+00
  1.3110000E+04   4.616872169E-01   6.792811583E-03   2.231274987E-05   3.291624466E+02   2.223319569E+02   2.472159989E+00
  1.3120000E+04   4.615658055E-01   2.503845364E-03   2.183391520E-05   1.016754887E+02   4.762163692E+01   1.458267002E+00
  1.3130000E+04   4.611410174E-01   8.002404249E-03   2.185060142E-05   3.245718614E+02   1.544610700E+02   3.597407557E+02
  1.3140000E+04   4.609742318E-01   7.519015667E-03   2.158207385E-05   4.883988356E+01   5.613023715E+01   3.571390861E+02
  1.3150000E+04   4.607757374E-01   3.594868959E-03   2.066767165E-05   3.365671442E+02   1.146680853E+02   3.549981310E+02
  1.3160000E+04   4.602993342E-01   8.419571637E-03   2.014978158E-05   1.084052659E+02   3.412773090E+02   3.538736260E+02
  1.3170000E+04   4.603421775E-01   5.340462733E-03   1.956241180E-05   2.677036152E+02   1.928434469E+02   3.509630557E+02
  1.3180000E+04   4.599722475E-01   1.170896950E-03   1.909095910E-05   1.610703651E+02   3.138133827E+02   3.498924478E+02
  1.3190000E+04   4.594419839E-01   1.073268519E-02   1.899526447E-05   1.008801891E+01   1.347054165E+02   3.484082570E+02
  1.3200000E+04   4.596140846E-01   3.722179411E-03   1.878302022E-05   1.232888267E+02   6.164686288E+01   3.462023724E+02
  1.3210000E+04   4.592440710E-01   5.869226754E-03   1.799012704E-05   1.179113664E+02   1.085085338E+02   3.435591817E+02
  1.3220000E+04   4.588291605E-01   7.364539119E-03   1.776587873E-05   3.283390608E+02   3.151259471E+02   3.418745366E+02
  1.3230000E+04   4.586751747E-01   6.134676934E-03   1.707547293E-05   1.886553686E+02   1.639092254E+02   3.390340264E+02
  1.3240000E+04   4.584768376E-01   2.366623897E-03   1.673047831E-05   1.960910304E+02   2.285360316E+02   3.374754164E+02
  1.3250000E+04   4.579480659E-01   1.050067129E-02   1.662119904E-05   3.794939500E+01   1.156234057E+02   3.351094605E+02
  1.3260000E+04   4.580196400E-01   2.617742507E-03   1.613157803E-05   2.360273520E+02   1.587453873E+01   3.318321388E+02
  1.3270000E+04   4.576856645E-01   5.176392620E-03   1.550956849E-05   2.828909028E+02   6.954127489E+01   3.295850190E+02
  1.3280000E+04   4.571786666E-01   7.075089314E-03   1.532042034E-05   2.020525258E+02   2.698120761E+02   3.261996857E+02
  1.3290000E+04   4.571829773E-01   3.770916711E-03   1.468887722E-05   1.220083430E+02   1.176635240E+02   3.231763626E+02
  1.3300000E+04   4.568169145E-01   6.245892186E-03   1.448901924E-05   1.802181371E+02   1.910592345E+02   3.211162444E+02
  1.3310000E+04   4.564835118E-01   8.519047968E-03   1.413246851E-05   8.702247822E+01   7.547935058E+01   3.172879542E+02
  1.3320000E+04   4.563324234E-01   6.111255854E-04   1.341810610E-05   2.205562140E+02   9.855865681E+01   3.137664870E+02
  1.3330000E+04   4.559926537E-01   8.471129831E-03   1.286339701E-05   1.388445065E+02   3.460148510E+02   3.112882814E+02
  1.3340000E+04   4.558569230E-01   4.916560987E-03   1.260581682E-05   1.062635531E+02   1.981068136E+02   3.071649316E+02
  1.3350000E+04   4.556275984E-01   2.724364142E-03   1.204395941E-05   2.117751903E+02   2.748239640E+02   3.039851781E+02
  1.3360000E+04   4.551288504E-01   9.127538133E-03   1.179938655E-05   1.779303142E+02   1.458662202E+02   3.017100825E+02
  1.3370000E+04   4.550673932E-01   5.924414176E-04   1.154963581E-05   1.448660836E+02   2.750455209E+01   2.970965068E+02
  1.3380000E+04   4.547506645E-01   7.975544516E-03   1.100010395E-05   3.267417172E+02   6.099286874E+01   2.930458594E+02
  1.3390000E+04   4.545351930E-01   6.473808596E-03   1.090025222E-05   3.310544173E+02   2.847012423E+02   2.897583232E+02
  1.3400000E+04   4.545140009E-01   1.671057423E-03   1.059505232E-05   1.210631514E+02   8.775279289E+00   2.837935373E+02
  1.3410000E+04   4.538943167E-01   9.435356796E-03   1.010198602E-05   1.608063965E+02   2.150893066E+02   2.796413862E+02
  1.3420000E+04   4.537991330E-01   4.211326481E-03   1.002956941E-05   1.767243194E+02   9.723324559E+01   2.761079627E+02
  1.3430000E+04   4.538788961E-01   5.958493648E-03   9.846198017E-06   3.454706165E+01   1.437382329E+02   2.705467434E+02
  1.3440000E+04   4.532336411E-01   7.763187376E-03   9.507220963E-06   9.109089839E+01   5.259722531E+00   2.659309950E+02
  1.3450000E+04   4.531785473E-01   2.502362362E-03   9.659346158E-06   1.823714783E+02   1.970571313E+02   2.613739709E+02
  1.3460000E+04   4.529805916E-01   6.759727221E-03   9.734517301E-06   1.702504614E+01   2.970903652E+02   2.551435374E+02
  1.3470000E+04   4.525067456E-01   7.209577118E-03   9.468807792E-06   8.038273929E+01   1.832487150E+02   2.506314853E+02
  1.3480000E+04   4.523587251E-01   3.121956857E-03   9.659346158E-06   3.370758536E+02   2.374698981E+02   2.470958849E+02
  1.3490000E+04   4.520983468E-01   8.753327427E-03   9.809112394E-06   8.058269123E+01   9.977297194E+01   2.416296559E+02
  1.3500000E+04   4.518582046E-01   4.464439482E-03   9.919953340E-06   2.102266454E+02   3.032985723E+02   2.385371224E+02
  1.3510000E+04   4.515308099E-01   1.549795270E-03   1.035145533E-05   8.985878836E+01   4.426560163E+01   2.342689373E+02
  1.3520000E+04   4.510398036E-01   1.071918723E-02   1.069775313E-05   2.295254942E+02   2.632959393E+02   2.287740546E+02
  1.3530000E+04   4.512324546E-01   1.090531662E-03   1.069775313E-05   2.693157335E+02   2.264056240E+02   2.247438546E+02
  1.3540000E+04   4.508338201E-01   6.531642603E-03   1.083317311E-05   2.915791855E+02   2.122140962E+02   2.220823143E+02
  1.3550000E+04   4.505002201E-01   7.023914047E-03   1.096692106E-05   1.136417898E+02   5.524249933E+01   2.175550344E+02
  1.3560000E+04   4.503160390E-01   3.827907329E-03   1.129436372E-05   2.990050905E+02   2.587436337E+02   2.156041556E+02
  1.3570000E+04   4.498841572E-01   7.646725407E-03   1.176845756E-05   2.619399720E+02   3.368182540E+02   2.114775706E+02
  1.3580000E+04   4.498325036E-01   8.861766102E-03   1.204395941E-05   5.120798649E+01   2.449695600E+02   2.077798399E+02
  1.3590000E+04   4.500188663E-01   3.523562769E-03   1.204395941E-05   4.071179031E+01   3.112144742E+02   2.040526475E+02
  1.3600000E+04   4.492452334E-01   6.311491682E-03   1.234286242E-05   2.532612935E+02   1.673581612E+02   2.010717740E+02
  1.3610000E+04   4.489475881E-01   7.572378887E-03   1.240177857E-05   1.411792430E+02   3.964574898E+00   1.984468981E+02
  1.3620000E+04   4.489106013E-01   8.197037655E-04   1.283503226E-05   1.850455919E+01   2.150621060E+02   1.956900525E+02
  1.3630000E+04   4.484075838E-01   8.697216366E-03   1.303228910E-05   2.748040778E+01   3.076607616E+02   1.918056911E+02
  1.3640000E+04   4.482241963E-01   4.917110748E-03   1.308810216E-05   2.711922672E+02   1.804473142E+02   1.884395223E+02
  1.3650000E+04   4.480833992E-01   4.569224737E-03   1.322660445E-05   3.325643370E+02   2.361765691E+02   1.862392458E+02
  1.3660000E+04   4.476217387E-01   7.441433152E-03   1.339091640E-05   2.693084204E+02   7.461982061E+01   1.823974372E+02
  1.3670000E+04   4.476115368E-01   4.064759444E-03   1.352631839E-05   1.961594076E+02   2.905885360E+02   1.804521744E+02
  1.3680000E+04   4.471992898E-01   6.908891247E-03   1.387217978E-05   2.830609466E+02   3.525636966E+02   1.774828393E+02
  1.3690000E+04   4.468600062E-01   8.048843901E-03   1.381953375E-05   2.126089377E+02   2.305025144E+02   1.744815948E+02
  1.3700000E+04   4.467553008E-01   3.604241441E-03   1.381953375E-05   3.520510014E+02   2.627387129E+02   1.721787232E+02
  1.3710000E+04   4.464100481E-01   8.646351437E-03   1.410665576E-05   3.062973291E+02   1.330899802E+02   1.699588270E+02
  1.3720000E+04   4.462859603E-01   2.758136735E-03   1.420962542E-05   3.047768156E+02   3.282096082E+02   1.670983714E+02
  1.3730000E+04   4.460058935E-01   5.088832865E-03   1.433729758E-05   6.312483418E+01   4.832597336E+01   1.654428800E+02
  1.3740000E+04   4.456721263E-01   8.052267169E-03   1.456428738E-05   6.008638731E+01   2.690111065E+02   1.624303885E+02
  1.3750000E+04   4.455338174E-01   1.409393531E-03   1.453924129E-05   2.424125710E+02   3.091585978E+02   1.598668570E+02
  1.3760000E+04   4.451555192E-01   8.850233483E-03   1.453924129E-05   2.511064889E+02   1.740975424E+02   1.581814193E+02
  1.3770000E+04   4.453647912E-01   3.847740037E-03   1.463916852E-05   2.845861374E+02   2.455717051E+01   1.556543486E+02
  1.3780000E+04   4.448019715E-01   4.278550454E-03   1.461425077E-05   1.063095719E+02   9.138933527E+01   1.536846342E+02
  1.3790000E+04   4.443679793E-01   8.813947646E-03   1.481241915E-05   1.515003381E+02   3.124156951E+02   1.519896955E+02
  1.3800000E+04   4.443441990E-01   4.845845696E-04   1.483700410E-05   9.995937078E+00   7.455653700E+00   1.492310804E+02
  1.3810000E+04   4.439228298E-01   8.903263534E-03   1.463916852E-05   7.738894900E+01   2.234820407E+02   1.465734739E+02
  1.3820000E+04   4.438296262E-01   5.300622006E-03   1.476312644E-05   1.543975858E+02   8.139232621E+01   1.444137319E+02
  1.3830000E+04   4.436154614E-01   1.918989566E-03   1.468887722E-05   2.241942262E+01   1.535290255E+02   1.416779846E+02
  1.3840000E+04   4.431495966E-01   1.005493086E-02   1.446384282E-05   1.271663805E+02   4.736116959E+00   1.398460047E+02
  1.3850000E+04   4.431142549E-01   1.334134412E-03   1.456428738E-05   1.956949634E+02   2.610423619E+02   1.376485227E+02
  1.3860000E+04   4.427193562E-01   8.083553597E-03   1.456428738E-05   1.429017865E+02   2.864586100E+02   1.343643870E+02
  1.3870000E+04   4.426889187E-01   6.392147744E-03   1.451415199E-05   2.722172376E+02   1.431661240E+02   1.324310293E+02
  1.3880000E+04   4.424058550E-01   1.806089885E-03   1.463916852E-05   9.166670507E+01   3.159717352E+02   1.293238756E+02
  1.3890000E+04   4.418707748E-01   1.017526163E-02   1.453924129E-05   3.545690198E+02   5.934005962E+01   1.260546990E+02
  1.3900000E+04   4.419236152E-01   4.773538705E-03   1.443862250E-05   1.031501022E+02   3.286111354E+02   1.238379210E+02
  1.3910000E+04   4.416552771E-01   6.161234893E-03   1.458929046E-05   8.771242912E+01   4.578084467E+00   1.209067918E+02
  1.3920000E+04   4.412571475E-01   7.733449579E-03   1.438804923E-05   2.866040491E+02   2.027421366E+02   1.180912386E+02
  1.3930000E+04   4.411689648E-01   4.488775394E-03   1.466404393E-05   1.247567281E+02   4.959754970E+01   1.157026619E+02
  1.3940000E+04   4.408032903E-01   5.890390207E-03   1.471366859E-05   1.132809364E+02   1.149584818E+02   1.125840788E+02
  1.3950000E+04   4.405158378E-01   8.656674670E-03   1.458929046E-05   2.914529883E+02   8.183895451E+00   1.097429663E+02
  1.3960000E+04   4.405619310E-01   2.763517897E-03   1.463916852E-05   3.010200256E+02   6.894413016E+01   1.077524464E+02
  1.3970000E+04   4.400438321E-01   6.836640565E-03   1.471366859E-05   1.728854998E+02   2.819018256E+02   1.047711230E+02
  1.3980000E+04   4.398704956E-01   6.762745841E-03   1.488605218E-05   8.668594747E+01   1.074951533E+02   1.027742627E+02
  1.3990000E+04   4.399465688E-01   1.263583301E-03   1.508064936E-05   1.321943299E+02   1.662378622E+02   9.979925024E+01
  1.4000000E+04   4.391987639E-01   9.997347381E-03   1.493493918E-05   5.019414414E+00   5.253791879E+01   9.721309522E+01
  1.4010000E+04   4.392260706E-01   2.213023065E-03   1.493493918E-05   2.561301256E+02   2.906315981E+02   9.526741238E+01
  1.4020000E+04   4.388360085E-01   6.941175499E-03   1.505646225E-05   3.586432135E+02   3.229437256E+02   9.253696440E+01
  1.4030000E+04   4.387839629E-01   6.853475469E-03   1.503223623E-05   3.131051957E+02   1.602688409E+02   9.104674175E+01
  1.4040000E+04   4.384820473E-01   1.217721647E-03   1.539162330E-05   2.570463814E+02   1.420271207E+01   8.884410134E+01
  1.4050000E+04   4.380640068E-01   9.363012803E-03   1.543890950E-05   2.556730861E+00   7.837644656E+01   8.582343994E+01
  1.4060000E+04   4.378476383E-01   3.225650326E-03   1.539162330E-05   3.201076935E+02   3.046762650E+02   8.383792248E+01
  1.4070000E+04   4.377404032E-01   7.262874115E-03   1.560328275E-05   1.161994479E+02   3.377431331E+02   8.155409045E+01
  1.4080000E+04   4.373246602E-01   6.953271887E-03   1.555649619E-05   1.031032515E+02   1.956090834E+02   7.939171525E+01
  1.4090000E+04   4.372800762E-01   8.746857063E-04   1.585814165E-05   2.055068276E+02   3.011803013E+02   7.789086364E+01
  1.4100000E+04   4.368180795E-01   9.476327831E-03   1.610896894E-05   2.694867129E+02   1.002122771E+02   7.501352761E+01
  1.4110000E+04   4.366373995E-01   2.156917801E-03   1.608632807E-05   2.772746571E+02   3.277881485E+02   7.282925722E+01
  1.4120000E+04   4.364564930E-01   7.822161245E-03   1.619921597E-05   1.282928476E+02   3.575316732E+02   7.121944176E+01
  1.4130000E+04   4.361527488E-01   6.539186718E-03   1.633365160E-05   1.631921564E+02   2.190994992E+02   6.888974658E+01
  1.4140000E+04   4.360441965E-01   1.285828037E-03   1.644484180E-05   3.167682047E+02   3.244462194E+02   6.764046794E+01
  1.4150000E+04   4.355857758E-01   9.762159246E-03   1.688228097E-05   7.093003231E+01   1.249897618E+02   6.579866246E+01
  1.4160000E+04   4.355710693E-01   1.836900310E-03   1.690385578E-05   1.192873916E+02   3.694544220E+00   6.340301283E+01
  1.4170000E+04   4.351521926E-01   8.062121143E-03   1.688228097E-05   2.804515155E+01   2.692742467E+01   6.214396877E+01
  1.4180000E+04   4.350200694E-01   5.595527476E-03   1.705411523E-05   1.258080533E+02   2.365591541E+02   5.999750216E+01
  1.4190000E+04   4.349378359E-01   1.510723087E-03   1.709680394E-05   2.642053537E+02   4.941564640E+01   5.886102737E+01
  1.4200000E+04   4.343293317E-01   9.672418164E-03   1.732971231E-05   1.233848521E+02   1.561947064E+02   5.784195834E+01
  1.4210000E+04   4.343080222E-01   3.153952440E-03   1.749715304E-05   2.126650965E+02   4.584031998E+01   5.574707314E+01
  1.4220000E+04   4.340148884E-01   6.755903197E-03   1.737172380E-05   1.684275130E+02   7.274357456E+01   5.412756249E+01
  1.4230000E+04   4.337792936E-01   7.102212312E-03   1.755953168E-05   3.221311824E+02   2.777495339E+02   5.251762710E+01
  1.4240000E+04   4.336540104E-01   2.955273134E-03   1.751797060E-05   1.504695300E+02   9.413750628E+01   5.091333527E+01
  1.4250000E+04   4.331548098E-01   9.153419459E-03   1.762168951E-05   8.135252692E+01   1.799432548E+02   4.982976304E+01
  1.4260000E+04   4.330797009E-01   5.407995004E-03   1.788854448E-05   2.092627874E+02   8.399979792E+01   4.841885600E+01
  1.4270000E+04   4.329335526E-01   6.084082429E-03   1.774535200E-05   1.995145487E+02   1.258636396E+02   4.612769564E+01
  1.4280000E+04   4.327268950E-01   7.306969052E-03   1.788854448E-05   5.651738170E+01   3.177353785E+02   4.500306664E+01
  1.4290000E+04   4.325775179E-01   5.510523254E-03   1.788854448E-05   2.764769610E+02   1.590248796E+02   4.310656579E+01
  1.4300000E+04   4.321466604E-01   3.597779640E-03   1.807098195E-05   2.889653259E+02   2.122927068E+02   4.196332608E+01
  1.4310000E+04   4.317379063E-01   9.751648078E-03   1.831140470E-05   1.260614135E+02   1.010223207E+02   3.976854033E+01
  1.4320000E+04   4.317142540E-01   1.007894020E-03   1.821161428E-05   1.668754823E+02   1.494119466E+02   3.713880335E+01
  1.4330000E+04   4.312473419E-01   6.125974081E-03   1.827155393E-05   5.429560360E+01   1.702571654E+00   3.558707162E+01
  1.4340000E+04   4.310836870E-01   7.406949880E-03   1.819159051E-05   3.501554539E+02   1.836797602E+02   3.342047820E+01
  1.4350000E+04   4.309872589E-01   1.926570763E-03   1.815147670E-05   6.201039670E+01   2.313142220E+02   3.211813712E+01
  1.4360000E+04   4.304646479E-01   9.205935093E-03   1.835116892E-05   3.228326735E+02   1.076395623E+02   2.972641609E+01
  1.4370000E+04   4.303803492E-01   1.351022969E-03   1.817154468E-05   2.337594915E+02   3.453514054E+02   2.724275551E+01
  1.4380000E+04   4.300362017E-01   8.155200248E-03   1.809113922E-05   1.801340314E+01   3.570377942E+02   2.584951884E+01
  1.4390000E+04   4.299409362E-01   5.337680905E-03   1.809113922E-05   3.501293661E+02   1.952579602E+02   2.351584390E+01
  1.4400000E+04   4.296648145E-01   3.364506979E-03   1.796985647E-05   1.079130716E+02   2.509573922E+02   2.212133239E+01
  1.4410000E+04   4.292858165E-01   8.763877210E-03   1.817154468E-05   8.506701467E+01   1.063199268E+02   2.025139973E+01
  1.4420000E+04   4.292139943E-01   1.307279169E-03   1.801037480E-05   2.739339870E+02   1.178200850E+02   1.765023304E+01
  1.4430000E+04   4.288475225E-01   8.582108468E-03   1.778638177E-05   2.489954363E+02   3.540897954E+02   1.643004312E+01
  1.4440000E+04   4.290371239E-01   2.934362975E-03   1.786815867E-05   2.766651211E+02   1.877279109E+02   1.421173945E+01
  1.4450000E+04   4.286834276E-01   6.249732199E-03   1.762168951E-05   9.077262216E+01   2.411977038E+02   1.247635585E+01
  1.4460000E+04   4.281709018E-01   6.793529731E-03   1.770422714E-05   1.184669742E+02   9.990783709E+01   1.094916298E+01
  1.4470000E+04   4.279932117E-01   4.498448114E-03   1.753876345E-05   3.342124454E+02   1.359576404E+02   8.345702308E+00
  1.4480000E+04   4.276845321E-01   8.508178799E-03   1.722423530E-05   2.967771746E+01   3.458573644E+02   7.116838145E+00
  1.4490000E+04   4.276666934E-01   2.274776495E-03   1.728759873E-05   1.254177208E+02   1.630886160E+02   4.920820873E+00
  1.4500000E+04   4.272821202E-01   7.380781117E-03   1.698988104E-05   3.256974503E+02   2.451169626E+02   2.834420511E+00
  1.4510000E+04   4.270861114E-01   6.587566207E-03   1.692540308E-05   3.508698109E+01   1.157278346E+02   1.445005180E+00
  1.4520000E+04   4.268647760E-01   4.736821401E-03   1.683904842E-05   3.026948264E+02   1.525373308E+02   3.587002375E+02
  1.4530000E+04   4.265013076E-01   8.256469239E-03   1.651119651E-05   4.933553169E+01   4.913900975E+00   3.569210230E+02
  1.4540000E+04   4.264483550E-01   3.228128546E-03   1.655528523E-05   1.925724365E+02   1.882624962E+02   3.547246927E+02
  1.4550000E+04   4.261389269E-01   8.499292191E-03   1.631132261E-05   1.076842330E+02   2.511287683E+02   3.518987853E+02
  1.4560000E+04   4.258472845E-01   4.981651544E-03   1.608632807E-05   2.151418073E+02   1.375573499E+02   3.501713662E+02
  1.4570000E+04   4.256275040E-01   6.051385198E-03   1.610896894E-05   1.749175961E+02   1.740812102E+02   3.477301467E+02
  1.4580000E+04   4.253746102E-01   7.732201281E-03   1.576594237E-05   3.467230178E+02   1.537209593E+01   3.454268026E+02
  1.4590000E+04   4.252787870E-01   3.436095937E-03   1.585814165E-05   1.863080618E+02   1.965163256E+02   3.434069454E+02
  1.4600000E+04   4.247978308E-01   7.915631275E-03   1.576594237E-05   1.418014151E+02   2.734364008E+02   3.403891162E+02
  1.4610000E+04   4.251214416E-01   5.961128722E-03   1.550956849E-05   3.022288637E+02   1.610016505E+02   3.381482532E+02
  1.4620000E+04   4.244856166E-01   5.874041307E-03   1.555649619E-05   3.127685381E+02   1.989296994E+02   3.359582279E+02
  1.4630000E+04   4.241093449E-01   7.690129827E-03   1.522496508E-05   1.891498052E+02   2.963633729E+01   3.334513894E+02
  1.4640000E+04   4.240902654E-01   4.139508742E-03   1.536792563E-05   7.296438208E+01   2.218559499E+02   3.316106882E+02
  1.4650000E+04   4.236759158E-01   7.011732705E-03   1.529661237E-05   9.191858360E+01   2.882556419E+02   3.285780278E+02
  1.4660000E+04   4.238922599E-01   7.020582061E-03   1.503223623E-05   3.166638768E+02   1.660872741E+02   3.265662777E+02
  1.4670000E+04   4.232981173E-01   4.931406886E-03   1.505646225E-05   1.787672138E+01   2.081946669E+02   3.245476265E+02
  1.4680000E+04   4.229452969E-01   7.394454392E-03   1.483700410E-05   3.103972736E+02   3.719941690E+01   3.220942785E+02
  1.4690000E+04   4.228502281E-01   4.465063487E-03   1.491051572E-05   2.461844392E+02   2.333837258E+02   3.204019300E+02
  1.4700000E+04   4.226064950E-01   6.856654197E-03   1.491051572E-05   3.300940759E+02   2.891642076E+02   3.174014266E+02
  1.4710000E+04   4.222239981E-01   5.986505715E-03   1.466404393E-05   2.626382082E+02   1.538956376E+02   3.157670726E+02
  1.4720000E+04   4.221624445E-01   5.145465633E-03   1.468887722E-05   2.926758461E+01   1.886830631E+02   3.137660788E+02
  1.4730000E+04   4.217532505E-01   7.794557439E-03   1.448901924E-05   6.077098449E+00   3.046268087E+01   3.112486963E+02
  1.4740000E+04   4.218252291E-01   1.034952518E-03   1.456428738E-05   3.416846405E+01   1.868016208E+02   3.098464022E+02
  1.4750000E+04   4.212548157E-01   9.466634148E-03   1.463916852E-05   1.395883188E+02   2.785999633E+02   3.069721744E+02
  1.4760000E+04   4.211775653E-01   3.478973621E-03   1.443862250E-05   1.285129247E+02   1.415304514E+02   3.051543029E+02
  1.4770000E+04   4.209463831E-01   7.132612209E-03   1.448901924E-05   3.200540507E+02   1.677333573E+02   3.033727903E+02
  1.4780000E+04   4.206900789E-01   5.626548317E-03   1.431185426E-05   1.491022944E+00   3.599982184E+02   3.009866284E+02
  1.4790000E+04   4.204980927E-01   2.152969628E-03   1.438804923E-05   1.762531215E+02   6.192466525E+01   2.998581530E+02
  1.4800000E+04   4.200548758E-01   9.686652608E-03   1.458929046E-05   2.234638979E+02   2.704588828E+02   2.972557622E+02
  1.4810000E+04   4.199670400E-01   1.330840415E-03   1.433729758E-05   1.008565800E+02   2.967079897E+02   2.950803950E+02
  1.4820000E+04   4.196727017E-01   8.870762717E-03   1.433729758E-05   1.604362257E+02   1.508666141E+02   2.939491084E+02
  1.4830000E+04   4.196807508E-01   4.234483128E-03   1.423525146E-05   2.530026649E+02   3.445317478E+02   2.918542082E+02
  1.4840000E+04   4.192376623E-01   4.921260812E-03   1.426083144E-05   1.364878765E+02   3.258857678E+01   2.907350922E+02
  1.4850000E+04   4.189213949E-01   9.116625316E-03   1.448901924E-05   2.188005522E+02   2.627335958E+02   2.885496194E+02
  1.4860000E+04   4.189818817E-01   4.005194777E-03   1.415823420E-05   1.436527469E+02   2.934303652E+02   2.863975869E+02
  1.4870000E+04   4.185100473E-01   8.639831945E-03   1.413246851E-05   2.636895063E+02   1.424954717E+02   2.854829501E+02
  1.4880000E+04   4.184196099E-01   4.401963050E-03   1.405488805E-05   5.905028192E+01   3.270652747E+02   2.834333051E+02
  1.4890000E+04   4.180309380E-01   6.159673243E-03   1.405488805E-05   3.552825402E+02   1.856488294E+01   2.823075371E+02
  1.4900000E+04   4.178931824E-01   8.614887083E-03   1.428636563E-05   1.132218544E+02   2.680886419E+02   2.806732559E+02
  1.4910000E+04   4.180829431E-01   5.168862786E-03   1.397687696E-05   7.483612899E+01   3.140251272E+02   2.782598533E+02
  1.4920000E+04   4.173575665E-01   7.481399231E-03   1.402893255E-05   2.695422423E+02   1.424461148E+02   2.771170331E+02
  1.4930000E+04   4.172240909E-01   5.783732150E-03   1.387217978E-05   1.186108373E+02   3.302283364E+02   2.751261856E+02
  1.4940000E+04   4.169294274E-01   5.490454751E-03   1.395077633E-05   1.132619189E+02   1.775136713E+01   2.738270352E+02
  1.4950000E+04   4.166221277E-01   9.435423247E-03   1.408079570E-05   2.933461575E+02   2.609508409E+02   2.713748948E+02
  1.4960000E+04   4.166018399E-01   3.836965579E-03   1.376668639E-05   3.090628041E+02   3.086378027E+02   2.689715761E+02
  1.4970000E+04   4.161785692E-01   6.001115848E-03   1.381953375E-05   2.062428292E+02   1.306500009E+02   2.669596877E+02
  1.4980000E+04   4.160827406E-01   5.968175607E-03   1.363367181E-05   1.193205933E+02   3.127193360E+02   2.651846509E+02
  1.4990000E+04   4.158425089E-01   4.258501635E-03   1.374018649E-05   1.598429882E+02   9.613003044E+00   2.634111858E+02
  1.5000000E+04   4.155189865E-01   8.046887204E-03   1.347232090E-05   6.704621779E+01   2.220382168E+02   2.602907596E+02
  1.5010000E+04   4.154145128E-01   2.357395572E-03   1.322660445E-05   1.728286700E+02   2.415162147E+02   2.589445432E+02
  1.5020000E+04   4.150624527E-01   7.836209223E-03   1.322660445E-05   9.973201480E+01   9.378802066E+01   2.565417716E+02
  1.5030000E+04   4.149660830E-01   2.916287994E-03   1.297623599E-05   6.154383531E+01   2.811133111E+02   2.546742616E+02
  1.5040000E+04   4.145448774E-01   7.341776992E-03   1.303228910E-05   1.700737133E+02   3.296797810E+02   2.524339717E+02
  1.5050000E+04   4.143610226E-01   5.968179338E-03   1.283503226E-05   1.279513466E+02   1.892599218E+02   2.500226899E+02
  1.5060000E+04   4.140860517E-01   7.563411986E-03   1.263469616E-05   2.940598330E+02   2.041858978E+02   2.484723894E+02
  1.5070000E+04   4.138996043E-01   6.653526616E-03   1.263469616E-05   2.826792670E+02   5.415232210E+01   2.458494611E+02
  1.5080000E+04   4.137258850E-01   3.026207529E-03   1.234286242E-05   7.458280838E+01   1.029575953E+02   2.441700011E+02
  1.5090000E+04   4.133264127E-01   9.078361099E-03   1.246041615E-05   9.666416358E+01   2.993749062E+02   2.426226570E+02
  1.5100000E+04   4.133246919E-01   8.389225592E-04   1.225395709E-05   3.179675318E+02   3.077034659E+02   2.398364341E+02
  1.5110000E+04   4.131416977E-01   8.596753269E-03   1.210433052E-05   3.366130583E+02   1.686512993E+02   2.387064046E+02
  1.5120000E+04   4.129013948E-01   3.123624837E-03   1.201366010E-05   4.049087555E+01   3.559941681E+02   2.363323063E+02
  1.5130000E+04   4.124927413E-01   6.195520483E-03   1.183023467E-05   2.456655469E+02   4.723110580E+01   2.349505029E+02
  1.5140000E+04   4.122066956E-01   7.715433555E-03   1.192230014E-05   3.039342440E+02   2.667678873E+02   2.330695127E+02
  1.5150000E+04   4.120910336E-01   4.702055627E-03   1.158114920E-05   2.026023042E+02   2.908936518E+02   2.305047664E+02
  1.5160000E+04   4.119675681E-01   8.124189129E-03   1.145457546E-05   2.932110528E+02   1.373256559E+02   2.295581142E+02
  1.5170000E+04   4.117459072E-01   2.301132217E-03   1.132658736E-05   8.018828869E+01   2.955398790E+02   2.269080529E+02
  1.5180000E+04   4.112340687E-01   9.502220801E-03   1.103318704E-05   3.197584116E+02   1.278426745E+01   2.254227012E+02
  1.5190000E+04   4.112173205E-01   4.211731815E-03   1.100010395E-05   5.185838827E+01   2.540956121E+02   2.236702857E+02
  1.5200000E+04   4.109835258E-01   7.270211385E-03   1.069775313E-05   1.340626169E+01   2.704210836E+02   2.211932831E+02
  1.5210000E+04   4.106841436E-01   5.932328710E-03   1.066362942E-05   1.867201053E+02   9.176919379E+01   2.195690228E+02
  1.5220000E+04   4.104874280E-01   5.070720163E-04   1.045654895E-05   1.604945139E+01   2.645416980E+02   2.167641912E+02
  1.5230000E+04   4.101812188E-01   1.100738443E-02   1.010198602E-05   3.032748430E+02   3.549334223E+02   2.152317790E+02
  1.5240000E+04   4.101351820E-01   1.784682749E-03   1.006584284E-05   3.004973774E+02   2.349376452E+01   2.132963424E+02
  1.5250000E+04   4.096747937E-01   7.573287288E-03   9.809112394E-06   1.160346430E+02   2.448388735E+02   2.108578290E+02
  1.5260000E+04   4.096168735E-01   5.412934215E-03   9.809112394E-06   3.560758149E+02   5.702684109E+01   2.086246415E+02
  1.5270000E+04   4.093450301E-01   4.711394038E-03   9.545479552E-06   9.421816357E+00   1.022677095E+02   2.055229684E+02
  1.5280000E+04   4.090656327E-01   9.424556396E-03   9.313570918E-06   2.082784836E+02   3.400240030E+02   2.043864938E+02
  1.5290000E+04   4.090183877E-01   3.284937491E-03   9.274355708E-06   2.522732505E+02   1.680482057E+01   2.018103162E+02
  1.5300000E+04   4.085458342E-01   7.990611914E-03   8.995063520E-06   1.651871453E+02   2.005600169E+02   1.993554552E+02
  1.5310000E+04   4.085229365E-01   3.342499350E-03   8.995063520E-06   1.036584453E+02   1.067992209E+01   1.969534968E+02
  1.5320000E+04   4.080931612E-01   7.578618090E-03   8.748576518E-06   1.529838287E+02   7.866990636E+01   1.939673460E+02
  1.5330000E+04   4.080520092E-01   5.695281566E-03   8.622691157E-06   5.881877561E+01   3.070886932E+02   1.924652259E+02
  1.5340000E+04   4.077321273E-01   6.092473736E-03   8.580318953E-06   1.746800733E+02   3.302075476E+02   1.892214303E+02
  1.5350000E+04   4.074643813E-01   6.676076743E-03   8.321556147E-06   1.537532386E+02   1.472347096E+02   1.876636195E+02
  1.5360000E+04   4.073861286E-01   1.266168600E-03   8.451927888E-06   1.133578160E+02   3.519524251E+02   1.847599539E+02
  1.5370000E+04   4.068913442E-01   1.037884892E-02   8.233494873E-06   2.389242436E+02   4.533670325E+01   1.815332958E+02
  1.5380000E+04   4.069594455E-01   1.850313256E-04   8.099607985E-06   1.425575394E+02   3.311383004E+02   1.798253071E+02
  1.5390000E+04   4.065070384E-01   8.584131568E-03   8.009106731E-06   3.977620348E+01   2.739038941E+02   1.767825601E+02
  1.5400000E+04   4.064711840E-01   4.049493519E-03   7.963470424E-06   8.062237165E+01   8.694700823E+01   1.749563349E+02
  1.5410000E+04   4.061569792E-01   4.708376483E-03   8.009106731E-06   2.485477806E+02   1.403488359E+02   1.716544894E+02
  1.5420000E+04   4.058316065E-01   7.929246566E-03   7.778248096E-06   2.608077876E+02   8.430244745E+00   1.691134434E+02
  1.5430000E+04   4.057288153E-01   4.681798221E-03   7.778248096E-06   1.225673586E+02   3.014781977E+01   1.674209911E+02
  1.5440000E+04   4.054070960E-01   7.864146375E-03   7.636383642E-06   1.914923652E+02   2.233892296E+02   1.639731767E+02
  1.5450000E+04   4.053096360E-01   1.837053533E-03   7.540324678E-06   3.247979304E+02   3.568889835E+02   1.624911506E+02
  1.5460000E+04   4.048817750E-01   1.023944414E-02   7.683962816E-06   1.465245089E+02   9.783890198E+01   1.593764231E+02
  1.5470000E+04   4.050264418E-01   2.368206433E-03   7.540324678E-06   1.936725332E+02   3.467694977E+02   1.569871702E+02
  1.5480000E+04   4.044759816E-01   7.261163254E-03   7.588506156E-06   1.308316528E+02   3.515916064E+02   1.549141408E+02
  1.5490000E+04   4.043373809E-01   6.088992023E-03   7.344438609E-06   2.694689313E+02   1.719769812E+02   1.525292673E+02
  1.5500000E+04   4.041747832E-01   1.391924535E-03   7.491833341E-06   1.867511292E+02   2.188741829E+02   1.507426354E+02
  1.5510000E+04   4.038567444E-01   1.078221635E-02   7.588506156E-06   3.194955711E+02   7.159736710E+01   1.471601237E+02
  1.5520000E+04   4.038490585E-01   3.297376093E-03   7.344438609E-06   2.661788403E+02   1.126161759E+02   1.446923939E+02
  1.5530000E+04   4.033608476E-01   7.332786298E-03   7.294645231E-06   7.765953990E+01   3.025924026E+02   1.424649605E+02
  1.5540000E+04   4.032126935E-01   5.465330126E-03   7.244509618E-06   2.849044157E+02   1.122414814E+02   1.406427612E+02
  1.5550000E+04   4.029782668E-01   5.963811073E-03   7.294645231E-06   2.615876400E+02   1.588163448E+02   1.378160790E+02
  1.5560000E+04   4.027965394E-01   7.656294660E-03   7.143182815E-06   7.490908076E+01   2.990879995E+01   1.345449509E+02
  1.5570000E+04   4.029434377E-01   4.259498908E-03   6.988438482E-06   8.004989832E+01   6.895977081E+01   1.329882075E+02
  1.5580000E+04   4.024538235E-01   6.934917930E-03   6.936089891E-06   3.347940528E+02   2.388650862E+02   1.300584897E+02
  1.5590000E+04   4.022793200E-01   3.941500715E-03   6.936089891E-06   2.096417867E+02   7.907070681E+01   1.283766495E+02
  1.5600000E+04   4.018231041E-01   7.822557900E-03   6.830189170E-06   2.564883493E+02   1.160865985E+02   1.251542088E+02
  1.5610000E+04   4.016831459E-01   4.360682356E-03   6.613302227E-06   1.473551906E+02   3.277891278E+02   1.234427361E+02
  1.5620000E+04   4.013441766E-01   7.232789720E-03   6.613302227E-06   2.460310036E+02   3.385849547E+02   1.209967770E+02
  1.5630000E+04   4.012164922E-01   5.420929140E-03   6.389056940E-06   1.879720643E+02   1.621464586E+02   1.188498499E+02
  1.5640000E+04   4.010247136E-01   3.799939919E-03   6.445849674E-06   2.888938850E+02   1.909003881E+02   1.168765611E+02
  1.5650000E+04   4.006979145E-01   7.840537105E-03   6.331754824E-06   2.317896437E+02   4.013737721E+01   1.134455176E+02
  1.5660000E+04   4.007270596E-01   4.941244846E-03   6.156649318E-06   1.979474638E+01   4.820866569E+01   1.120928142E+02
  1.5670000E+04   4.005334092E-01   6.823519671E-03   6.156649318E-06   3.588177161E+02   2.434194518E+02   1.089514508E+02
  1.5680000E+04   4.002597559E-01   2.392346113E-03   5.976415524E-06   1.329006611E+02   2.865178639E+02   1.071928931E+02
  1.5690000E+04   3.997013151E-01   9.234901562E-03   5.976415524E-06   1.477555435E+02   1.068694733E+02   1.051977357E+02
  1.5700000E+04   3.996581173E-01   1.856014466E-03   5.790574600E-06   3.335180038E+02   1.277580645E+02   1.021914522E+02
  1.5710000E+04   3.993222328E-01   9.036356402E-03   5.727287731E-06   3.551745831E+02   3.237290390E+02   1.010178445E+02
  1.5720000E+04   3.993133774E-01   2.371986807E-03   5.598568199E-06   6.098798264E+01   1.266301778E+02   9.823656821E+01
  1.5730000E+04   3.989153081E-01   8.029108194E-03   5.533085616E-06   2.337081805E+02   1.910555518E+02   9.683392228E+01
  1.5740000E+04   3.988008154E-01   4.404139296E-03   5.399738657E-06   2.740928776E+02   4.812882319E+01   9.406353990E+01
  1.5750000E+04   3.984923094E-01   7.313256555E-03   5.331814712E-06   1.609036604E+02   6.291335389E+01   9.210494967E+01
  1.5760000E+04   3.982963447E-01   6.101419317E-03   5.193302345E-06   2.536071917E+02   2.498179480E+02   8.946229974E+01
  1.5770000E+04   3.980674445E-01   1.448801326E-03   5.050993008E-06   1.368075811E+02   2.915062995E+02   8.714135030E+01
  1.5780000E+04   3.977742223E-01   1.005676636E-02   4.904556197E-06   2.334117589E+02   1.382874666E+02   8.626808631E+01
  1.5790000E+04   3.978078953E-01   3.831729528E-03   4.829673079E-06   1.631689827E+02   1.592359335E+02   8.248774940E+01
  1.5800000E+04   3.973474126E-01   8.295198880E-03   4.676310851E-06   2.989893455E+02   3.478704089E+02   8.077310045E+01
  1.5810000E+04   3.973149957E-01   3.501970123E-03   4.597711793E-06   1.080145337E+02   1.557948838E+02   7.759595295E+01
  1.5820000E+04   3.969210594E-01   9.153122231E-03   4.436338000E-06   3.639368247E+01   2.139270492E+02   7.551924142E+01
  1.5830000E+04   3.968516895E-01   3.919854756E-03   4.353408482E-06   1.607547072E+02   9.331088649E+01   7.328421120E+01
  1.5840000E+04   3.964776279E-01   6.094945735E-03   4.268868231E-06   1.522882467E+02   1.096782143E+02   7.012445889E+01
  1.5850000E+04   3.965031210E-01   6.473776105E-03   4.268868231E-06   2.245476412E+01   2.675420599E+02   6.775301972E+01
  1.5860000E+04   3.961633251E-01   2.079429760E-03   4.094554566E-06   1.950532476E+01   3.053118516E+02   6.378141659E+01
  1.5870000E+04   3.957547827E-01   1.030272697E-02   3.818191821E-06   2.137885033E+02   1.613615645E+02   6.253072835E+01
  1.5880000E+04   3.958080802E-01   2.084749403E-03   3.818191821E-06   2.368828190E+02   1.972882961E+02   5.926709109E+01
  1.5890000E+04   3.952806138E-01   7.490088888E-03   3.721513045E-06   1.269790870E+02   2.016880629E+01   5.655938919E+01
  1.5900000E+04   3.953494588E-01   3.362281217E-03   3.520198924E-06   5.139998673E+01   1.849196202E+02   5.281999326E+01
  1.5910000E+04   3.949092745E-01   9.075438975E-03   3.520198924E-06   9.633583618E+01   2.338630820E+02   4.971020599E+01
  1.5920000E+04   3.948507553E-01   3.970483561E-03   3.520198924E-06   3.550318465E+02   8.955311585E+01   4.696411056E+01
  1.5930000E+04   3.944411169E-01   7.150358611E-03   3.415094585E-06   1.023790130E+02   1.031252048E+02   4.314267507E+01
  1.5940000E+04   3.943873210E-01   4.674384553E-03   3.415094585E-06   7.646331714E+01   2.670106423E+02   4.052799584E+01
  1.5950000E+04   3.941052057E-01   5.169437268E-03   3.194528470E-06   1.827460709E+02   3.044111198E+02   3.565035058E+01
  1.5960000E+04   3.938364885E-01   7.551235540E-03   3.194528470E-06   1.327759616E+02   1.578626342E+02   3.389134957E+01
  1.5970000E+04   3.936795768E-01   4.634126483E-03   3.194528470E-06   2.875999491E+02   1.734631401E+02   3.001935501E+01
  1.5980000E+04   3.934150906E-01   6.750952340E-03   3.078324659E-06   2.931917027E+02   3.549106116E+02   2.661262756E+01
  1.5990000E+04   3.932966999E-01   1.493059382E-03   3.078324659E-06   6.849587202E+01   5.078594916E+01   2.355373620E+01
  1.6000000E+04   3.928752627E-01   9.844046588E-03   3.078324659E-06   9.692204922E+01   2.350302657E+02   1.871274895E+01
  1.6010000E+04   3.928311942E-01   2.818199444E-03   3.078324659E-06   3.042932261E+02   2.463771846E+02   1.662753473E+01
  1.6020000E+04   3.925387952E-01   8.774679338E-03   3.078324659E-06   3.408422515E+02   8.426603648E+01   1.268314842E+01
  1.6030000E+04   3.924326490E-01   3.197696581E-03   3.078324659E-06   5.892972235E+01   2.485290335E+02   1.041338346E+01
  1.6040000E+04   3.919579006E-01   9.822220456E-03   3.078324659E-06   2.655780032E+02   2.979126205E+02   6.539765734E+00
  1.6050000E+04   3.920563763E-01   2.260214374E-03   3.078324659E-06   2.996944321E+02   1.758867223E+02   3.286674951E+00
  1.6060000E+04   3.916334830E-01   7.354079045E-03   3.078324659E-06   2.144820120E+02   1.780331487E+02   6.256199168E-01
  1.6070000E+04   3.915230949E-01   5.284980678E-03   2.957558667E-06   3.498456454E+02   3.376368534E+02   3.577471217E+02
  1.6080000E+04   3.912843668E-01   3.027891912E-03   3.078324659E-06   2.518676982E+02   1.662459889E+01   3.552867646E+02
  1.6090000E+04   3.912987024E-01   9.096100957E-03   3.078324659E-06   3.487739214E+02   2.436424036E+02   3.507062313E+02
  1.6100000E+04   3.909674877E-01   5.094454357E-03   2.957558667E-06   2.725301889E+02   2.827039063E+02   3.480742954E+02
  1.6110000E+04   3.905025745E-01   7.277433913E-03   3.078324659E-06   8.933723726E+01   8.846467791E+01   3.446860295E+02
  1.6120000E+04   3.904539654E-01   3.169675643E-03   3.078324659E-06   2.758666196E+02   2.558932962E+02   3.421010820E+02
  1.6130000E+04   3.900648022E-01   9.328742483E-03   3.078324659E-06   2.267594375E+02   3.098079210E+02   3.383525462E+02
  1.6140000E+04   3.901442679E-01   2.376672966E-03   2.957558667E-06   2.362552256E+01   1.751634334E+02   3.348472021E+02
  1.6150000E+04   3.897706560E-01   6.119612554E-03   2.957558667E-06   4.106334281E+01   1.841768549E+02   3.315230232E+02
  1.6160000E+04   3.896703246E-01   7.229632384E-03   2.957558667E-06   2.974820549E+02   3.358269943E+02   3.292796894E+02
  1.6170000E+04   3.894121709E-01   3.883590422E-03   2.957558667E-06   3.207406761E+02   4.705261456E+00   3.259097468E+02
  1.6180000E+04   3.889717404E-01   8.154786627E-03   2.957558667E-06   1.799009415E+02   2.183193676E+02   3.220669898E+02
  1.6190000E+04   3.888825283E-01   5.041737074E-03   2.699869328E-06   2.611992348E+02   2.177422096E+02   3.199612535E+02
  1.6200000E+04   3.885585336E-01   7.332966768E-03   2.699869328E-06   1.670457027E+02   5.304142442E+01   3.157404774E+02
  1.6210000E+04   3.885470773E-01   1.986638168E-03   2.699869328E-06   2.402985317E+02   8.032147917E+01   3.137489924E+02
  1.6220000E+04   3.880725606E-01   8.850499671E-03   2.699869328E-06   1.799031651E+02   2.646366015E+02   3.096877686E+02
  1.6230000E+04   3.880525186E-01   3.570891797E-03   2.699869328E-06   3.150084879E+02   2.614484039E+02   3.066582024E+02
  1.6240000E+04   3.877832909E-01   7.987572203E-03   2.699869328E-06   2.592087124E+02   1.051337590E+02   3.038357244E+02
  1.6250000E+04   3.876681464E-01   1.526189381E-03   2.699869328E-06   3.537433013E+02   1.646738255E+02   3.004529445E+02
  1.6260000E+04   3.875398717E-01   9.395007632E-03   2.561320939E-06   1.764344718E+01   3.088242311E+02   2.981322001E+02
  1.6270000E+04   3.872285651E-01   9.807527066E-04   2.699869328E-06   1.996206121E+02   3.118538131E+02   2.944010668E+02
  1.6280000E+04   3.867898469E-01   8.690785711E-03   2.561320939E-06   1.975047352E+02   1.479273143E+02   2.923192107E+02
  1.6290000E+04   3.868349710E-01   1.952202483E-03   2.561320939E-06   2.501970795E+02   3.002183541E+02   2.889065792E+02
  1.6300000E+04   3.863730926E-01   9.309650786E-03   2.561320939E-06   4.309510673E+01   3.052711171E+00   2.865393064E+02
  1.6310000E+04   3.863178241E-01   2.491700679E-03   2.561320939E-06   6.318156164E+01   2.188258439E+02   2.834190049E+02
  1.6320000E+04   3.860210408E-01   8.694602064E-03   2.561320939E-06   3.070865557E+02   2.180135674E+02   2.801679210E+02
  1.6330000E+04   3.860016487E-01   3.568562367E-03   2.258872744E-06   4.744525371E+01   1.601184068E+01   2.766259113E+02
  1.6340000E+04   3.855762071E-01   6.760853764E-03   2.258872744E-06   2.658370289E+02   6.075424388E+01   2.742863785E+02
  1.6350000E+04   3.854334169E-01   4.651600846E-03   2.258872744E-06   3.346559324E+02   2.794993108E+02   2.709845336E+02
  1.6360000E+04   3.851814501E-01   6.287374921E-03   2.258872744E-06   2.500932791E+02   2.944116767E+02   2.671787161E+02
  1.6370000E+04   3.850268613E-01   6.045632896E-03   2.258872744E-06   3.623355489E+01   9.773619561E+01   2.639891430E+02
  1.6380000E+04   3.847938204E-01   3.441261645E-03   2.091309789E-06   3.286396772E+02   1.217189176E+02   2.594479472E+02
  1.6390000E+04   3.844837400E-01   9.574413659E-03   2.091309789E-06   8.197017424E+01   3.438553695E+02   2.576120524E+02
  1.6400000E+04   3.844577952E-01   4.633376148E-03   2.091309789E-06   4.064002980E+01   6.829087269E+00   2.527087829E+02
  1.6410000E+04   3.840133042E-01   7.567469145E-03   2.091309789E-06   2.383954340E+02   1.669114312E+02   2.496760527E+02
  1.6420000E+04   3.840000753E-01   2.267926650E-03   2.091309789E-06   6.076788408E+01   3.541776330E+02   2.454292881E+02
  1.6430000E+04   3.836245789E-01   1.083187801E-02   2.091309789E-06   4.320145358E+01   3.552890569E+01   2.411819187E+02
  1.6440000E+04   3.835396663E-01   1.676945838E-03   2.091309789E-06   5.455684758E+01   5.979640566E+01   2.378985490E+02
  1.6450000E+04   3.832336652E-01   7.578555140E-03   2.091309789E-06   2.735045150E+02   2.487151384E+02   2.337545349E+02
  1.6460000E+04   3.831627360E-01   4.035213809E-03   2.091309789E-06   1.784744379E+02   4.526028478E+01   2.299205379E+02
  1.6470000E+04   3.827396670E-01   9.541262088E-03   2.091309789E-06   2.115361482E+02   8.571650121E+01   2.254992328E+02
  1.6480000E+04   3.826904104E-01   1.452507615E-03   2.091309789E-06   8.442293219E+01   3.012402045E+02   2.219220710E+02
  1.6490000E+04   3.823003470E-01   7.700915313E-03   2.091309789E-06   1.822047783E+02   3.030040247E+02   2.179553015E+02
  1.6500000E+04   3.822861598E-01   4.416523010E-03   2.091309789E-06   1.378875221E+02   1.004338504E+02   2.149039880E+02
  1.6510000E+04   3.819572452E-01   7.777944861E-03   2.091309789E-06   2.290093734E+02   1.319849153E+02   2.103552002E+02
  1.6520000E+04   3.817614057E-01   3.589246220E-03   2.091309789E-06   1.644680535E+02   3.382128566E+02   2.072858418E+02
  1.6530000E+04   3.815775136E-01   7.324323113E-03   2.091309789E-06   3.042703883E+02   3.464615959E+02   2.038960412E+02
  1.6540000E+04   3.813786620E-01   5.083416748E-03   2.091309789E-06   3.009938517E+02   1.548201538E+02   2.012750981E+02
  1.6550000E+04   3.811248274E-01   5.639332460E-03   2.091309789E-06   8.907401418E+01   1.785203684E+02   1.978104693E+02
  1.6560000E+04   3.809578591E-01   5.894050385E-03   2.091309789E-06   7.192519313E+01   2.854435428E+01   1.942128002E+02
  1.6570000E+04   3.806907829E-01   7.134433188E-03   2.258872744E-06   2.685889779E+02   2.967314608E+01   1.917604945E+02
  1.6580000E+04   3.807701700E-01   5.894101115E-03   2.258872744E-06   3.046426691E+02   2.101676828E+02   1.885753418E+02
  1.6590000E+04   3.802667943E-01   1.907375766E-03   2.258872744E-06   1.386712074E+02   2.369493780E+02   1.869955983E+02
  1.6600000E+04   3.799964893E-01   9.494149701E-03   2.258872744E-06   1.789142384E+02   8.123969318E+01   1.831188915E+02
  1.6610000E+04   3.799837883E-01   4.868194601E-03   2.258872744E-06   4.263405625E+01   1.026728028E+02   1.806656340E+02
  1.6620000E+04   3.795901655E-01   7.595313130E-03   2.561320939E-06   1.475660735E+02   2.630805714E+02   1.776359984E+02
  1.6630000E+04   3.795232091E-01   1.495021820E-03   2.561320939E-06   2.855720570E+02   4.286592140E+01   1.757672422E+02
  1.6640000E+04   3.790899117E-01   1.122555404E-02   2.561320939E-06   1.408674280E+02   1.171331566E+02   1.732281018E+02
  1.6650000E+04   3.793945257E-01   1.669186979E-03   2.561320939E-06   5.804395036E+01   1.407726463E+02   1.697560205E+02
  1.6660000E+04   3.786903964E-01   6.158532858E-03   2.561320939E-06   1.788252073E+02   3.337155344E+02   1.671209388E+02
  1.6670000E+04   3.786555372E-01   6.212663491E-03   2.561320939E-06   3.523758203E+02   1.308472043E+02   1.650882132E+02
  1.6680000E+04   3.783475444E-01   7.398302699E-03   2.561320939E-06   2.985530643E+02   1.618543612E+02   1.617231164E+02
  1.6690000E+04   3.782348833E-01   4.707075510E-03   2.561320939E-06   9.735819590E+01   3.039531279E+00   1.587928907E+02
  1.6700000E+04   3.779443824E-01   6.872238377E-03   2.561320939E-06   9.701304638E+01   7.864294152E+00   1.559809078E+02
  1.6710000E+04   3.777597751E-01   5.876261566E-03   2.561320939E-06   3.318977315E+02   1.584955264E+02   1.536255223E+02
  1.6720000E+04   3.775754947E-01   6.131761706E-03   2.561320939E-06   3.361981541E+02   1.834357385E+02   1.509042057E+02
  1.6730000E+04   3.773115362E-01   5.431099122E-03   2.561320939E-06   1.962853908E+02   1.660656282E+01   1.478855626E+02
  1.6740000E+04   3.770370215E-01   8.217423842E-03   2.561320939E-06   2.599119475E+02   1.350161518E+01   1.454943273E+02
  1.6750000E+04   3.769766940E-01   3.596120790E-03   2.561320939E-06   1.665159730E+02   1.835546682E+02   1.426768070E+02
  1.6760000E+04   3.766715326E-01   6.649574578E-03   2.561320939E-06   2.282063737E+02   2.039492973E+02   1.405453248E+02
  1.6770000E+04   3.765275615E-01   4.206996141E-03   2.561320939E-06   1.422537336E+02   3.485227245E+01   1.375464986E+02
  1.6780000E+04   3.761883126E-01   8.477786718E-03   2.561320939E-06   2.590380801E+02   3.008252040E+01   1.352052321E+02
  1.6790000E+04   3.761405421E-01   3.177889927E-03   2.561320939E-06   2.184372245E+02   1.978391229E+02   1.326153892E+02
  1.6800000E+04   3.758565835E-01   7.107170617E-03   2.561320939E-06   3.266225936E+02   2.234551093E+02   1.307264960E+02
  1.6810000E+04   3.756905395E-01   4.190854002E-03   2.561320939E-06   2.892451586E+02   5.740539532E+01   1.279748872E+02
  1.6820000E+04   3.754127106E-01   8.141233716E-03   2.561320939E-06   9.385241249E+01   5.631199017E+01   1.255312435E+02
  1.6830000E+04   3.753334302E-01   4.113204589E-03   2.561320939E-06   1.070461265E+02   2.226641298E+02   1.229039496E+02
  1.6840000E+04   3.749907120E-01   6.171446663E-03   2.561320939E-06   2.655591354E+02   2.500221647E+02   1.208806878E+02
  1.6850000E+04   3.747826916E-01   5.478134167E-03   2.561320939E-06   2.716024944E+02   9.150410368E+01   1.184092595E+02
  1.6860000E+04   3.745125653E-01   7.011460687E-03   2.258872744E-06   1.227179268E+02   9.605986776E+01   1.155421758E+02
  1.6870000E+04   3.744184132E-01   5.567824309E-03   2.258872744E-06   1.931496832E+02   2.564876812E+02   1.128490679E+02
  1.6880000E+04   3.744615154E-01   5.352443421E-03   2.258872744E-06   5.710191616E+01   2.709970116E+02   1.099034753E+02
  1.6890000E+04   3.740052959E-01   5.469959814E-03   2.258872744E-06   1.058350508E+02   1.251562820E+02   1.076774156E+02
  1.6900000E+04   3.737281300E-01   6.964568512E-03   2.258872744E-06   9.053730717E+00   1.257676053E+02   1.042201130E+02
  1.6910000E+04   3.735641967E-01   6.174608391E-03   2.258872744E-06   1.392596912E+02   2.822503965E+02   1.019438227E+02
  1.6920000E+04   3.734009314E-01   4.019641598E-03   2.258872744E-06   5.189480101E+01   3.016637092E+02   9.815795090E+01
  1.6930000E+04   3.731205870E-01   7.891272738E-03   2.258872744E-06   1.511313801E+02   1.556275463E+02   9.621869258E+01
  1.6940000E+04   3.729004071E-01   5.209374316E-03   2.258872744E-06   9.963433865E+01   1.659376430E+02   9.239702330E+01
  1.6950000E+04   3.728132098E-01   6.717724001E-03   2.091309789E-06   2.813588475E+02   3.238733331E+02   9.026441813E+01
  1.6960000E+04   3.725545438E-01   3.585501771E-03   2.258872744E-06   2.609436609E+02   3.290456812E+02   8.606544443E+01
  1.6970000E+04   3.722697488E-01   8.263827191E-03   2.091309789E-06   5.805462384E+01   1.794116558E+02   8.350469428E+01
  1.6980000E+04   3.721634084E-01   5.261757809E-03   2.091309789E-06   6.148331686E+01   1.883395561E+02   8.027807557E+01
  1.6990000E+04   3.718582969E-01   7.127993694E-03   2.091309789E-06   2.921881603E+02   3.479959760E+02   7.765272234E+01
  1.7000000E+04   3.717733390E-01   1.823679273E-03   2.091309789E-06   3.250244102E+02   3.525782998E+02   7.446415762E+01
  1.7010000E+04   3.713712202E-01   8.151637100E-03   2.091309789E-06   1.822096809E+02   1.983812300E+02   7.086205965E+01
  1.7020000E+04   3.712923453E-01   5.401421383E-03   2.258872744E-06   2.416314459E+02   2.035873067E+02   6.838632919E+01
  1.7030000E+04   3.710709172E-01   6.608311078E-03   2.091309789E-06   1.590006662E+02   1.177205239E+01   6.516757457E+01
  1.7040000E+04   3.709250275E-01   1.977794081E-03   2.258872744E-06   2.449500132E+02   1.715022265E+01   6.305164498E+01
  1.7050000E+04   3.705591626E-01   7.806732100E-03   2.091309789E-06   1.589131077E+02   2.182683474E+02   5.904990295E+01
  1.7060000E+04   3.704733008E-01   5.565018036E-03   2.258872744E-06   2.711375918E+02   2.230804951E+02   5.723316140E+01
  1.7070000E+04   3.701970411E-01   6.837226716E-03   2.258872744E-06   2.421525293E+02   3.099468806E+01   5.398163980E+01
  1.7080000E+04   3.701982518E-01   2.132160003E-03   2.258872744E-06   1.676043322E+01   4.025356487E+01   5.252756424E+01
  1.7090000E+04   3.697654897E-01   8.236426929E-03   2.258872744E-06   3.446693598E+02   2.401504209E+02   4.873836458E+01
  1.7100000E+04   3.696573505E-01   5.266804386E-03   2.258872744E-06   1.462508879E+02   2.486603470E+02   4.708745706E+01
  1.7110000E+04   3.693453996E-01   7.042929913E-03   2.258872744E-06   1.735998560E+02   5.367723036E+01   4.397580259E+01
  1.7120000E+04   3.692522776E-01   2.696178922E-03   2.258872744E-06   5.399943850E+00   5.884346700E+01   4.259891101E+01
  1.7130000E+04   3.690098000E-01   9.357392823E-03   2.258872744E-06   2.182271467E+01   2.611493999E+02   3.950809070E+01
  1.7140000E+04   3.688212386E-01   4.366701231E-03   2.258872744E-06   2.272812699E+02   2.790818276E+02   3.742991407E+01
  1.7150000E+04   3.685432631E-01   7.285772873E-03   2.258872744E-06   3.329953636E+02   6.070786697E+01   3.447958313E+01
  1.7160000E+04   3.684720915E-01   1.021350012E-03   2.258872744E-06   2.110095020E+02   7.259997050E+01   3.313857391E+01
  1.7170000E+04   3.682676430E-01   9.814615228E-03   2.258872744E-06   2.796427284E+02   2.781401883E+02   3.058264582E+01
  1.7180000E+04   3.680090369E-01   4.610748065E-03   2.258872744E-06   1.879458200E+02   2.869528689E+02   2.791360050E+01
  1.7190000E+04   3.676960249E-01   7.521172441E-03   2.258872744E-06   3.359044451E+02   8.016153567E+01   2.538763957E+01
  1.7200000E+04   3.676368115E-01   2.092552588E-03   2.258872744E-06   2.872712180E+02   7.422653005E+01   2.347237060E+01
  1.7210000E+04   3.672917272E-01   9.277098276E-03   2.258872744E-06   4.791411287E+01   2.789851294E+02   2.106453713E+01
  1.7220000E+04   3.673842769E-01   4.129044264E-03   2.258872744E-06   2.294395108E+01   2.804087928E+02   1.838185199E+01
  1.7230000E+04   3.668867440E-01   6.812917969E-03   2.258872744E-06   2.194663491E+02   7.815836205E+01   1.594429166E+01
  1.7240000E+04   3.667764374E-01   2.444342981E-03   2.258872744E-06   2.130277055E+02   8.574993173E+01   1.377096746E+01
  1.7250000E+04   3.664718598E-01   7.540142518E-03   2.414836539E-06   4.608753299E+01   2.767021936E+02   1.144279096E+01
  1.7260000E+04   3.662619929E-01   5.828642761E-03   2.091309789E-06   7.869862746E+01   2.725989833E+02   8.673387118E+00
  1.7270000E+04   3.661294779E-01   5.190734351E-03   2.091309789E-06   3.314251638E+02   7.120974422E+01   6.126515913E+00
  1.7280000E+04   3.659177849E-01   5.191830603E-03   2.414836539E-06   4.662363668E+00   9.143844246E+01   3.443596172E+00
  1.7290000E+04   3.656561445E-01   5.145842719E-03   2.414836539E-06   2.584895144E+02   2.752141472E+02   1.232029905E+00
  1.7300000E+04   3.654804728E-01   7.506365139E-03   2.091309789E-06   3.451687644E+02   2.725985734E+02   3.581160212E+02
  1.7310000E+04   3.653120302E-01   4.157279921E-03   2.091309789E-06   3.001182443E+02   5.997643485E+01   3.553848702E+02
  1.7320000E+04   3.650538178E-01   7.016931428E-03   2.091309789E-06   2.005077918E+01   9.060779084E+01   3.521142456E+02
  1.7330000E+04   3.649049358E-01   3.116299579E-03   2.091309789E-06   3.167091311E+02   2.850959209E+02   3.497615640E+02
  1.7340000E+04   3.645924027E-01   7.824302082E-03   2.091309789E-06   1.004372467E+02   2.801943924E+02   3.463961641E+02
  1.7350000E+04   3.645710355E-01   4.254674605E-03   2.091309789E-06   1.169908923E+02   6.074431996E+01   3.435757721E+02
  1.7360000E+04   3.642260286E-01   8.132941165E-03   2.091309789E-06   2.509393478E+02   9.394052292E+01   3.398331959E+02
  1.7370000E+04   3.641703993E-01   2.049604307E-03   2.091309789E-06   2.167896772E+02   3.134406691E+02   3.371367218E+02
  1.7380000E+04   3.639935134E-01   7.931565507E-03   2.091309789E-06   7.700481031E+01   2.856490684E+02   3.337090340E+02
  1.7390000E+04   3.637774556E-01   4.600530637E-03   1.909095910E-06   1.411974398E+02   7.385476704E+01   3.311624790E+02
  1.7400000E+04   3.633569433E-01   9.644755214E-03   1.909095910E-06   3.382923267E+02   9.790126722E+01   3.272125576E+02
  1.7410000E+04   3.633352077E-01   2.132994101E-03   1.909095910E-06   3.549892687E+02   3.202824015E+02   3.245019412E+02
  1.7420000E+04   3.630081899E-01   7.529008878E-03   1.909095910E-06   2.697990385E+02   2.939362698E+02   3.211483029E+02
  1.7430000E+04   3.629890508E-01   4.207238645E-03   1.909095910E-06   3.776424127E+01   7.318839200E+01   3.186743917E+02
  1.7440000E+04   3.625583587E-01   9.255752933E-03   1.909095910E-06   2.795260729E+02   1.082967192E+02   3.150864456E+02
  1.7450000E+04   3.625403541E-01   8.080911107E-04   2.091309789E-06   1.609571004E+01   3.095901388E+02   3.123408328E+02
  1.7460000E+04   3.623963516E-01   7.832199849E-03   2.091309789E-06   3.402918734E+02   2.878179435E+02   3.093765017E+02
  1.7470000E+04   3.621460700E-01   3.171373429E-03   1.909095910E-06   1.569163543E+02   7.289268378E+01   3.071706909E+02
  1.7480000E+04   3.617215942E-01   1.034073376E-02   1.909095910E-06   1.033069961E+02   1.004469042E+02   3.038521074E+02
  1.7490000E+04   3.619523591E-01   1.076026488E-03   1.909095910E-06   9.196163058E+01   1.020303964E+02   3.014672913E+02
  1.7500000E+04   3.613586011E-01   8.501156845E-03   2.091309789E-06   2.881808785E+02   2.692588875E+02   2.986619617E+02
  1.7510000E+04   3.613517434E-01   8.148867364E-04   1.909095910E-06   2.599445369E+02   3.123156970E+02   2.967574520E+02
  1.7520000E+04   3.608992069E-01   9.104614132E-03   1.909095910E-06   1.611744178E+02   8.463157040E+01   2.937014336E+02
  1.7530000E+04   3.608163422E-01   3.725330706E-03   1.909095910E-06   2.042130278E+02   8.562299846E+01   2.916126840E+02
  1.7540000E+04   3.606335876E-01   6.795106612E-03   1.909095910E-06   1.021243953E+02   2.491157270E+02   2.887985288E+02
  1.7550000E+04   3.604256295E-01   3.642533965E-03   1.909095910E-06   1.664504337E+02   2.500629155E+02   2.872193359E+02
  1.7560000E+04   3.602020915E-01   7.093613962E-03   1.909095910E-06   7.371568731E+01   7.667308632E+01   2.843690468E+02
  1.7570000E+04   3.599377091E-01   5.794550717E-03   1.909095910E-06   1.671772929E+02   7.705192456E+01   2.823810188E+02
  1.7580000E+04   3.598646339E-01   5.747700546E-03   1.909095910E-06   1.327524402E+02   2.307405252E+02   2.794361768E+02
  1.7590000E+04   3.596459773E-01   5.418869701E-03   1.909095910E-06   2.508493281E+02   2.384236241E+02   2.778227478E+02
  1.7600000E+04   3.593958635E-01   5.278604914E-03   1.909095910E-06   1.959404962E+02   7.818030575E+01   2.750794564E+02
  1.7610000E+04   3.593862810E-01   6.499551879E-03   1.478779333E-06   3.504212011E+02   7.766584112E+01   2.727883251E+02
  1.7620000E+04   3.590261207E-01   6.023552719E-03   1.909095910E-06   1.799575516E+01   2.186291128E+02   2.695662834E+02
  1.7630000E+04   3.587729117E-01   7.811578497E-03   1.478779333E-06   1.881191016E+02   2.347246110E+02   2.674095676E+02
  1.7640000E+04   3.587266497E-01   2.869231453E-03   1.478779333E-06   1.810965033E+02   8.292038750E+01   2.646674078E+02
  1.7650000E+04   3.583289391E-01   8.034624750E-03   1.478779333E-06   5.671038432E+01   5.597391785E+01   2.617265646E+02
  1.7660000E+04   3.582684262E-01   3.463444925E-03   1.478779333E-06   1.477348211E+02   1.958542075E+02   2.585580399E+02
  1.7670000E+04   3.581155139E-01   9.818517959E-03   1.478779333E-06   3.529263200E+02   2.319345720E+02   2.554975013E+02
  1.7680000E+04   3.578514963E-01   6.616558613E-04   1.478779333E-06   5.390488632E+01   6.805168729E+01   2.526961329E+02
  1.7690000E+04   3.575148808E-01   8.727654653E-03   1.478779333E-06   3.494032102E+02   4.434406456E+01   2.490965398E+02
  1.7700000E+04   3.574942193E-01   1.733151427E-03   1.478779333E-06   1.428340921E+02   1.751724852E+02   2.462747948E+02
  1.7710000E+04   3.571105123E-01   1.068565164E-02   1.478779333E-06   3.595944313E+01   2.232430462E+02   2.420796486E+02
  1.7720000E+04   3.570804171E-01   3.358243767E-03   1.478779333E-06   3.416959007E+02   2.287592592E+02   2.398920296E+02
  1.7730000E+04   3.566958897E-01   7.826796271E-03   1.478779333E-06   1.609003654E+02   2.161997956E+01   2.359690619E+02
  1.7740000E+04   3.566139164E-01   2.269044534E-03   1.478779333E-06   1.254012974E+02   3.577159677E+01   2.338342825E+02
  1.7750000E+04   3.562578919E-01   8.765499490E-03   1.478779333E-06   3.076199164E+02   2.156455911E+02   2.294501142E+02
  1.7760000E+04   3.562126488E-01   5.932000267E-03   1.478779333E-06   3.141153683E+02   2.151773172E+02   2.276853214E+02
  1.7770000E+04   3.559123156E-01   6.186417719E-03   1.478779333E-06   1.977599707E+02   1.645191418E-01   2.240944160E+02
  1.7780000E+04   3.558457611E-01   5.956542615E-03   1.478779333E-06   2.251860030E+02   7.558062910E+00   2.226792819E+02
  1.7790000E+04   3.555901637E-01   5.297110989E-03   1.478779333E-06   8.116928695E+01   2.153318158E+02   2.187962144E+02
  1.7800000E+04   3.553608228E-01   7.440495117E-03   1.478779333E-06   1.674795420E+02   1.939019125E+02   2.168533772E+02
  1.7810000E+04   3.552344987E-01   4.021469922E-03   1.478779333E-06   9.171200857E+01   3.580604740E+02   2.137706014E+02
  1.7820000E+04   3.548445853E-01   7.830045071E-03   1.478779333E-06   1.751158102E+02   9.042703359E+00   2.119162284E+02
  1.7830000E+04   3.547868912E-01   3.207703015E-03   1.478779333E-06   9.001846346E+01   2.155854144E+02   2.086451049E+02
  1.7840000E+04   3.543620500E-01   7.636016062E-03   1.478779333E-06   2.266494249E+02   1.973308909E+02   2.060368804E+02
  1.7850000E+04   3.543371327E-01   4.466570432E-03   1.478779333E-06   2.295408116E+02   3.416664695E+02   2.023565554E+02
  1.7860000E+04   3.540493766E-01   1.080790922E-02   1.478779333E-06   3.371276214E+02   2.792385448E+01   1.998021357E+02
  1.7870000E+04   3.539298927E-01   1.018872436E-03   1.478779333E-06   2.225663003E+01   1.637267777E+02   1.960835249E+02
  1.7880000E+04   3.536312389E-01   8.341403473E-03   1.207418270E-06   1.888958832E+02   1.893693455E+02   1.929996089E+02
  1.7890000E+04   3.536092521E-01   2.349132990E-03   1.207418270E-06   1.733027304E+02   4.968179299E+01   1.899568528E+02
  1.7900000E+04   3.530988593E-01   8.136881559E-03   1.207418270E-06   2.483881972E+01   5.285886380E+01   1.872892791E+02
  1.7910000E+04   3.532005014E-01   1.912143152E-03   1.207418270E-06   1.249053773E+02   1.913428515E+02   1.848941570E+02
  1.7920000E+04   3.528405173E-01   9.015495297E-03   1.207418270E-06   3.489030755E+02   2.146012433E+02   1.820669594E+02
  1.7930000E+04   3.527451845E-01   4.054760857E-03   1.207418270E-06   4.741592843E+01   6.571165887E+01   1.790253308E+02
  1.7940000E+04   3.524319672E-01   5.754860171E-03   1.207418270E-06   2.571483659E+02   1.224376805E+02   1.762359456E+02
  1.7950000E+04   3.523984395E-01   7.196981173E-03   1.207418270E-06   6.391944025E+01   2.617446961E+02   1.740445910E+02
  1.7960000E+04   3.520300281E-01   2.678671184E-03   1.207418270E-06   2.908915550E+02   3.308933794E+02   1.709617832E+02
  1.7970000E+04   3.516873870E-01   1.049202988E-02   1.207418270E-06   1.423877820E+02   8.591705302E+01   1.675126703E+02
  1.7980000E+04   3.518823271E-01   5.477493800E-04   1.207418270E-06   2.215303751E+02   3.447435963E+02   1.640910210E+02
  1.7990000E+04   3.514600342E-01   5.456972074E-03   1.207418270E-06   1.305214306E+02   6.017219416E+01   1.604601599E+02
  1.8000000E+04   3.511351188E-01   1.211109955E-02   1.207418270E-06   4.307976491E+01   1.590428261E+02   1.585762467E+02
  1.8010000E+04   3.512348151E-01   3.810223471E-03   1.207418270E-06   2.663735513E+02   3.061441037E+02   1.557010355E+02
  1.8020000E+04   3.509064215E-01   4.121451842E-03   1.207418270E-06   2.670473141E+02   3.424026691E+02   1.526366830E+02
  1.8030000E+04   3.505508970E-01   1.047875816E-02   1.207418270E-06   1.136348769E+02   2.026790021E+02   1.497639001E+02
  1.8040000E+04   3.506741931E-01   2.927901657E-03   1.207418270E-06   5.914040156E+01   3.068254171E+02   1.472822819E+02
  1.8050000E+04   3.505528408E-01   9.053849874E-03   1.207418270E-06   2.197712295E+02   2.083498399E+02   1.448154673E+02
  1.8060000E+04   3.503551140E-01   1.108564136E-02   1.207418270E-06   6.657236379E+01   8.295273513E+01   1.419739066E+02
  1.8070000E+04   3.503130619E-01   9.711118954E-03   1.207418270E-06   3.092739721E+02   2.808885737E+02   1.392357361E+02
  1.8080000E+04   3.498561551E-01   1.014814342E-02   1.207418270E-06   2.526105929E+02   9.254389376E+01   1.357382890E+02
  1.8090000E+04   3.496036163E-01   1.038060732E-02   1.207418270E-06   1.942630067E+02   2.790157820E+02   1.327791211E+02
  1.8100000E+04   3.493087026E-01   8.594336725E-03   1.207418270E-06   1.699767524E+02   8.823640233E+01   1.296537718E+02
  1.8110000E+04   3.493513207E-01   7.527324525E-03   1.207418270E-06   1.531662245E+02   2.576511826E+02   1.264600802E+02
  1.8120000E+04   3.492626042E-01   1.332307499E-02   1.207418270E-06   1.036713492E+02   1.070123260E+02   1.227878810E+02
  1.8130000E+04   3.487469476E-01   9.149659792E-03   1.207418270E-06   8.777198636E+01   3.063532395E+02   1.192086290E+02
  1.8140000E+04   3.485906370E-01   1.013977308E-02   1.207418270E-06   1.176252752E+02   1.293258731E+02   1.170415718E+02
  1.8150000E+04   3.484403319E-01   9.288472438E-03   1.207418270E-06   1.774838553E+02   2.972457049E+02   1.137473426E+02
  1.8160000E+04   3.482965954E-01   1.242619027E-02   1.207418270E-06   1.998182882E+02   1.435263690E+02   1.102659682E+02
  1.8170000E+04   3.480120395E-01   1.128675597E-02   1.207418270E-06   2.420258768E+02   3.317381905E+02   1.071041652E+02
  1.8180000E+04   3.478314100E-01   1.012597389E-02   1.207418270E-06   3.135646517E+02   1.836333370E+02   1.037585687E+02
  1.8190000E+04   3.477577600E-01   8.721690796E-03   1.207418270E-06   7.615443662E+01   3.205973664E+02   1.005450138E+02
  1.8200000E+04   3.474466729E-01   1.103220012E-02   1.207418270E-06   1.869545394E+02   1.564831505E+02   9.700124681E+01
  1.8210000E+04   3.472923256E-01   1.107203373E-02   1.207418270E-06   2.981477037E+02   3.514704241E+02   9.358048294E+01
  1.8220000E+04   3.470902118E-01   9.403254504E-03   1.207418270E-06   7.999844178E+01   1.600859095E+02   9.003307354E+01
  1.8230000E+04   3.467716166E-01   9.775287323E-03   1.207418270E-06   2.607641365E+02   3.216488982E+02   8.691363378E+01
  1.8240000E+04   3.466734499E-01   8.961678550E-03   1.207418270E-06   8.735140298E+01   1.283130108E+02   8.356741231E+01
  1.8250000E+04   3.465250206E-01   1.181211226E-02   1.207418270E-06   2.582113938E+02   3.207053744E+02   7.957808458E+01
  1.8260000E+04   3.462715033E-01   1.008860243E-02   0.000000000E+00   8.349629725E+01   1.853535082E+02   7.604083261E+01
  1.8270000E+04   3.460637000E-01   9.532414782E-03   0.000000000E+00   3.088142993E+02   3.220431980E+02   7.270799720E+01
  1.8280000E+04   3.457504386E-01   9.815676444E-03   0.000000000E+00   1.998802390E+02   7.049788531E+01   6.931111890E+01
  1.8290000E+04   3.455708426E-01   9.010946295E-03   0.000000000E+00   1.060536609E+02   3.429571588E+02   6.592985293E+01
  1.8300000E+04   3.455445298E-01   9.902838463E-03   0.000000000E+00   1.069565863E+01   7.909114332E+01   6.211192435E+01
  1.8310000E+04   3.453445653E-01   1.086190683E-02   0.000000000E+00   2.683664389E+02   2.877159060E+00   5.813129173E+01
  1.8320000E+04   3.450120109E-01   9.373238125E-03   0.000000000E+00   2.181983185E+02   2.324598088E+02   5.441396861E+01
  1.8330000E+04   3.447953074E-01   9.766470321E-03   0.000000000E+00   1.776141405E+02   2.723398318E+02   5.112002143E+01
  1.8340000E+04   3.446317485E-01   1.066208065E-02   0.000000000E+00   1.565822556E+02   1.129380432E+02   4.750592823E+01
  1.8350000E+04   3.444887231E-01   1.051697612E-02   1.207418270E-06   1.299235345E+02   3.285976751E+02   4.385619766E+01
  1.8360000E+04   3.442759421E-01   1.068212242E-02   0.000000000E+00   1.255296661E+02   1.434818804E+02   4.006883477E+01
  1.8370000E+04   3.440627775E-01   1.021406512E-02   0.000000000E+00   1.366865315E+02   3.125179737E+02   3.641903113E+01
  1.8380000E+04   3.438023035E-01   9.752304631E-03   0.000000000E+00   1.799851368E+02   9.001457683E+01   3.274357224E+01
  1.8390000E+04   3.436720176E-01   9.714029672E-03   1.207418270E-06   2.308511545E+02   3.126681234E+02   2.913925270E+01
  1.8400000E+04   3.435036729E-01   9.638159798E-03   0.000000000E+00   3.081140599E+02   1.427613787E+02   2.510326588E+01
  1.8410000E+04   3.432814587E-01   9.289495600E-03   0.000000000E+00   3.003576363E+01   2.394260117E+02   2.133668590E+01
  1.8420000E+04   3.430973859E-01   9.514328480E-03   0.000000000E+00   1.431693699E+02   1.261832498E+02   1.734007845E+01
  1.8430000E+04   3.429417517E-01   9.189999888E-03   0.000000000E+00   2.602527256E+02   1.907830972E+02   1.392356693E+01
  1.8440000E+04   3.427338148E-01   9.628595431E-03   1.207418270E-06   3.819740617E+01   4.084930719E+01   1.001372908E+01
  1.8450000E+04   3.424616590E-01   1.009345354E-02   0.000000000E+00   1.906576505E+02   2.595536345E+02   6.121650187E+00
  1.8460000E+04   3.422954405E-01   1.018187172E-02   0.000000000E+00   3.421274607E+02   1.082350035E+02   2.619639220E+00
  1.8470000E+04   3.420753297E-01   1.050731119E-02   0.000000000E+00   1.536950727E+02   1.157775745E+02   3.587577372E+02
  1.8480000E+04   3.420640114E-01   1.053223618E-02   1.207418270E-06   3.305410980E+02   3.004083563E+01   3.551651772E+02
  1.8490000E+04   3.416888095E-01   1.062409219E-02   1.207418270E-06   1.646748266E+02   2.065594988E+02   3.513277051E+02
  1.8500000E+04   3.414453937E-01   1.075614999E-02   0.000000000E+00   1.998522837E+01   6.958812430E+01   3.474873999E+02
  1.8510000E+04   3.412777501E-01   1.022126502E-02   1.207418270E-06   2.430460865E+02   2.380698757E+02   3.439041772E+02
  1.8520000E+04   3.411083846E-01   1.020489361E-02   1.207418270E-06   1.330761607E+02   4.461282637E+01   3.399838574E+02
  1.8530000E+04   3.408700685E-01   1.013103465E-02   0.000000000E+00   4.561270343E+01   2.235502806E+02   3.361551193E+02
  1.8540000E+04   3.409100203E-01   9.639428628E-03   0.000000000E+00   3.299784327E+02   3.005800411E+02   3.326047232E+02
  1.8550000E+04   3.405449309E-01   9.577196158E-03   0.000000000E+00   2.804782713E+02   1.706031834E+02   3.288923119E+02
  1.8560000E+04   3.403421893E-01   9.319947260E-03   0.000000000E+00   2.533907372E+02   1.762923873E+01   3.251657141E+02
  1.8570000E+04   3.401354178E-01   9.163183052E-03   1.207418270E-06   2.482136834E+02   1.221002350E+02   3.211830716E+02
  1.8580000E+04   3.399856954E-01   8.716445577E-03   1.207418270E-06   2.484379929E+02   2.891651179E+02   3.172658540E+02
  1.8590000E+04   3.398099007E-01   8.880879373E-03   0.000000000E+00   2.812835663E+02   3.497165581E+02   3.129780926E+02
  1.8600000E+04   3.396354661E-01   8.648842282E-03   0.000000000E+00   3.298585190E+02   1.206438295E+02   3.091232189E+02
  1.8610000E+04   3.394122994E-01   8.708220607E-03   1.207418270E-06   3.669337698E+01   3.290527382E+02   3.055426093E+02
  1.8620000E+04   3.392868869E-01   8.437420666E-03   0.000000000E+00   1.168724931E+02   1.522691810E+02   3.013907625E+02
  1.8630000E+04   3.390397732E-01   8.465288286E-03   0.000000000E+00   2.031454790E+02   2.472321376E+02   2.975686390E+02
  1.8640000E+04   3.388786186E-01   8.789289113E-03   0.000000000E+00   3.146586319E+02   3.160633358E+02   2.936839573E+02
  1.8650000E+04   3.387076126E-01   8.859410665E-03   0.000000000E+00   7.720240355E+01   1.918052175E+02   2.899473838E+02
  1.8660000E+04   3.384776791E-01   9.008294543E-03   0.000000000E+00   2.136636493E+02   2.369032333E+02   2.860532020E+02
  1.8670000E+04   3.382683007E-01   9.160366852E-03   0.000000000E+00   3.433947300E+00   8.650245132E+01   2.819055585E+02
  1.8680000E+04   3.380938998E-01   9.040276385E-03   0.000000000E+00   1.643878184E+02   2.853363888E+02   2.778390059E+02
  1.8690000E+04   3.381059964E-01   9.033504273E-03   1.207418270E-06   3.335672283E+02   2.635446985E+01   2.743703544E+02
  1.8700000E+04   3.376784537E-01   8.964518891E-03   0.000000000E+00   1.624237582E+02   1.072693175E+02   2.707103686E+02
  1.8710000E+04   3.375163554E-01   9.044581554E-03   0.000000000E+00   1.134462387E+01   2.584492159E+02   2.668804840E+02
  1.8720000E+04   3.373731727E-01   8.991061693E-03   0.000000000E+00   2.377970742E+02   3.306950571E+01   2.627459786E+02
  1.8730000E+04   3.372005553E-01   8.782211930E-03   1.207418270E-06   1.197989979E+02   2.413283346E+02   2.585427404E+02
  1.8740000E+04   3.370183987E-01   8.721087485E-03   0.000000000E+00   2.181427540E+01   6.781056952E+01   2.548019810E+02
  1.8750000E+04   3.368352500E-01   8.623758397E-03   0.000000000E+00   3.012343672E+02   1.496153225E+02   2.511820320E+02
  1.8760000E+04   3.366319516E-01   8.557577897E-03   0.000000000E+00   2.382993097E+02   2.125303182E+02   2.469855271E+02
  1.8770000E+04   3.364444100E-01   8.505172625E-03   0.000000000E+00   1.930708181E+02   7.714733684E+01   2.428067858E+02
  1.8780000E+04   3.362595013E-01   8.442148276E-03   1.207418270E-06   1.651367080E+02   1.841857731E+02   2.392809650E+02
  1.8790000E+04   3.360782779E-01   8.391211242E-03   0.000000000E+00   1.537730181E+02   2.958060067E+02   2.353149582E+02
  1.8800000E+04   3.359022076E-01   8.347203989E-03   1.207418270E-06   1.588002548E+02   4.241429433E+01   2.310609561E+02
  1.8810000E+04   3.357275956E-01   8.317575936E-03   0.000000000E+00   1.792510099E+02   9.073665912E+01   2.275320649E+02
  1.8820000E+04   3.355542747E-01   8.299152516E-03   0.000000000E+00   2.153139815E+02   2.352311336E+02   2.236653361E+02
  1.8830000E+04   3.353853522E-01   8.310375915E-03   1.207418270E-06   2.659464414E+02   7.483243398E+01   2.195024782E+02
  1.8840000E+04   3.352169742E-01   8.336462671E-03   0.000000000E+00   3.311682651E+02   1.192966496E+02   2.159335300E+02
  1.8850000E+04   3.350397531E-01   8.400011524E-03   0.000000000E+00   5.004974840E+01   2.192073562E+02   2.121631865E+02
  1.8860000E+04   3.348477259E-01   8.422756493E-03   0.000000000E+00   1.425047455E+02   1.269126340E+02   2.080676730E+02
  1.8870000E+04   3.346611950E-01   8.545167429E-03   0.000000000E+00   2.509727827E+02   1.999496687E+02   2.044716857E+02
  1.8880000E+04   3.344358833E-01   8.487550526E-03   0.000000000E+00   1.073321257E+01   2.590837470E+02   2.008219885E+02
  1.8890000E+04   3.342334712E-01   8.394324037E-03   0.000000000E+00   1.458813257E+02   1.235837815E+02   1.968255541E+02
  1.8900000E+04   3.341946392E-01   8.258070152E-03   1.207418270E-06   2.983693146E+02   2.239211642E+02   1.930161066E+02
  1.8910000E+04   3.339558314E-01   8.282338013E-03   0.000000000E+00   1.136906193E+02   3.354439095E+02   1.893699153E+02
  1.8920000E+04   3.337313456E-01   8.561404112E-03   0.000000000E+00   2.991637535E+02   1.516973998E+02   1.852715765E+02
  1.8930000E+04   3.335353259E-01   8.460570870E-03   0.000000000E+00   1.375056944E+02   1.318444682E+02   1.814912857E+02
  1.8940000E+04   3.334063938E-01   8.302202802E-03   1.207418270E-06   3.529437977E+02   3.491416464E+02   1.780704382E+02
  1.8950000E+04   3.332195670E-01   8.307323238E-03   0.000000000E+00   2.264248312E+02   4.425990895E+01   1.740893838E+02
  1.8960000E+04   3.329839163E-01   8.139183765E-03   0.000000000E+00   1.144930955E+02   1.546617498E+02   1.702996249E+02
  1.8970000E+04   3.330748254E-01   8.130089409E-03   0.000000000E+00   2.773239561E+01   2.418301434E+02   1.666860396E+02
  1.8980000E+04   3.326712078E-01   8.268919105E-03   0.000000000E+00   3.158863217E+02   1.347781666E+02   1.625518421E+02
  1.8990000E+04   3.325041712E-01   8.122783790E-03   0.000000000E+00   2.527486617E+02   1.981375625E+02   1.590900673E+02
  1.9000000E+04   3.323267147E-01   8.111796490E-03   0.000000000E+00   2.079306962E+02   2.425008335E+02   1.554585264E+02
  1.9010000E+04   3.321212114E-01   7.914735305E-03   0.000000000E+00   1.768208480E+02   9.312934572E+01   1.515631389E+02
  1.9020000E+04   3.319538510E-01   7.963472929E-03   0.000000000E+00   1.749187610E+02   9.500121024E+01   1.480354576E+02
  1.9030000E+04   3.317826166E-01   8.124852367E-03   0.000000000E+00   1.758877848E+02   2.740461200E+02   1.440640874E+02
  1.9040000E+04   3.316113017E-01   8.102454775E-03   0.000000000E+00   1.917111515E+02   7.847545629E+01   1.405768597E+02
  1.9050000E+04   3.314289697E-01   7.881767657E-03   0.000000000E+00   2.213819737E+02   4.921070628E+01   1.370944752E+02
  1.9060000E+04   3.312535344E-01   8.210191066E-03   0.000000000E+00   2.801119824E+02   1.708158532E+02   1.330253418E+02
  1.9070000E+04   3.311094792E-01   8.157955125E-03   1.207418270E-06   3.377164894E+02   3.523076485E+02   1.297587077E+02
  1.9080000E+04   3.308644659E-01   8.096197056E-03   0.000000000E+00   5.173663286E+01   3.753034582E+01   1.259901909E+02
  1.9090000E+04   3.307310151E-01   8.035680921E-03   0.000000000E+00   1.516044019E+02   1.179615364E+02   1.222529603E+02
  1.9100000E+04   3.305501890E-01   8.219562887E-03   0.000000000E+00   2.554716901E+02   1.543770190E+01   1.188754463E+02
  1.9110000E+04   3.303481632E-01   8.165265374E-03   0.000000000E+00   1.463511949E+01   7.512611541E+01   1.150458655E+02
  1.9120000E+04   3.301912245E-01   8.034604885E-03   0.000000000E+00   1.604812077E+02   1.092140596E+02   1.116113028E+02
  1.9130000E+04   3.300428999E-01   8.150712176E-03   0.000000000E+00   3.111308526E+02   3.195773742E+02   1.079021502E+02
  1.9140000E+04   3.297983426E-01   8.036095796E-03   0.000000000E+00   1.170063170E+02   3.321769828E+02   1.043152138E+02
  1.9150000E+04   3.296638797E-01   8.227325702E-03   0.000000000E+00   3.128724048E+02   1.378233826E+02   1.008143886E+02
  1.9160000E+04   3.295172187E-01   8.014326814E-03   0.000000000E+00   1.493990006E+02   3.001374982E+02   9.697821877E+01
  1.9170000E+04   3.295823423E-01   8.061468539E-03   0.000000000E+00   1.072376665E+01   2.591026245E+02   9.368755698E+01
  1.9180000E+04   3.291499167E-01   8.033502646E-03   1.207418270E-06   2.470934251E+02   9.735769196E+01   8.986764799E+01
  1.9190000E+04   3.289344980E-01   7.894045586E-03   0.000000000E+00   1.335584689E+02   1.357904423E+02   8.646448577E+01
  1.9200000E+04   3.287801950E-01   8.063394547E-03   0.000000000E+00   4.961034327E+01   2.196812822E+02   8.282031851E+01
  1.9210000E+04   3.286297851E-01   8.007670806E-03   0.000000000E+00   3.277188323E+02   3.027754157E+02   7.921243141E+01
  1.9220000E+04   3.284459558E-01   8.024651787E-03   1.207418270E-06   2.755306645E+02   1.064348003E+02   7.577692567E+01
  1.9230000E+04   3.282911247E-01   7.966260973E-03   1.207418270E-06   2.247825945E+02   2.300374318E+02   7.207419965E+01
  1.9240000E+04   3.280667124E-01   7.931818892E-03   0.000000000E+00   2.019051994E+02   2.484307991E+02   6.873053758E+01
  1.9250000E+04   3.279301881E-01   7.961353251E-03   0.000000000E+00   1.819303232E+02   8.810010418E+01   6.499589726E+01
  1.9260000E+04   3.277244107E-01   7.898827337E-03   0.000000000E+00   1.900943478E+02   8.006276748E+01   6.164536873E+01
  1.9270000E+04   3.275797701E-01   7.993340117E-03   0.000000000E+00   2.011495761E+02   2.491778551E+02   5.803572578E+01
  1.9280000E+04   3.273882883E-01   8.020506900E-03   1.207418270E-06   2.399147608E+02   3.349284447E+02   5.454757846E+01
  1.9290000E+04   3.272580308E-01   8.062448614E-03   0.000000000E+00   2.802835085E+02   1.706271391E+02   5.108460193E+01
  1.9300000E+04   3.270486108E-01   8.112342589E-03   0.000000000E+00   3.480528397E+02   2.821415247E+02   4.742279808E+01
  1.9310000E+04   3.268444097E-01   7.943558108E-03   0.000000000E+00   5.797903929E+01   3.124512877E+01   4.417893826E+01
  1.9320000E+04   3.266939898E-01   8.085830301E-03   0.000000000E+00   1.563138373E+02   1.133173532E+02   4.033681276E+01
  1.9330000E+04   3.265644952E-01   7.764691038E-03   0.000000000E+00   2.578527474E+02   1.930152925E+02   3.723653310E+01
  1.9340000E+04   3.263911617E-01   8.003174732E-03   0.000000000E+00   2.691570537E+01   2.426654128E+02   3.332155451E+01
  1.9350000E+04   3.261761510E-01   7.882565062E-03   1.207418270E-06   1.720729381E+02   3.469664146E+02   3.010104882E+01
  1.9360000E+04   3.260260113E-01   8.051180254E-03   0.000000000E+00   3.216333675E+02   1.289438239E+02   2.643195378E+01
  1.9370000E+04   3.258268483E-01   8.042594591E-03   0.000000000E+00   1.382872715E+02   1.311040710E+02   2.305771227E+01
  1.9380000E+04   3.258446167E-01   7.793029908E-03   0.000000000E+00   3.215267802E+02   3.090330678E+02   1.952739252E+01
  1.9390000E+04   3.255140797E-01   7.912924444E-03   0.000000000E+00   1.672697895E+02   2.825323081E+02   1.597731713E+01
  1.9400000E+04   3.253183670E-01   8.020730701E-03   0.000000000E+00   3.337656877E+01   5.611353287E+01   1.235727209E+01
  1.9410000E+04   3.251926478E-01   7.679699244E-03   0.000000000E+00   2.611005474E+02   1.897675644E+02   8.949204794E+00
  1.9420000E+04   3.250076006E-01   7.838961219E-03   0.000000000E+00   1.574651278E+02   2.921937017E+02   5.498243020E+00
  1.9430000E+04   3.247959674E-01   7.960852766E-03   1.207418270E-06   7.142199264E+01   4.546978978E+00   1.815575684E+00
  1.9440000E+04   3.249028043E-01   7.867024738E-03   1.207418270E-06   3.518077539E+02   1.173335876E+02   3.584353445E+02
  1.9450000E+04   3.244957491E-01   7.937136028E-03   1.207418270E-06   2.918950918E+02   2.203801930E+02   3.548347672E+02
  1.9460000E+04   3.243086530E-01   7.879215315E-03   1.207418270E-06   2.506465403E+02   2.891760428E+02   3.514202513E+02
  1.9470000E+04   3.241084374E-01   7.873993455E-03   1.207418270E-06   2.273784464E+02   3.528304612E+02   3.477247849E+02
  1.9480000E+04   3.239456222E-01   7.696170308E-03   0.000000000E+00   2.038111012E+02   6.654183861E+01   3.445039763E+02
  1.9490000E+04   3.237935443E-01   7.905510555E-03   0.000000000E+00   2.114284487E+02   2.390399640E+02   3.407587719E+02
  1.9500000E+04   3.236163539E-01   7.916727489E-03   0.000000000E+00   2.318630986E+02   2.188460873E+02   3.373678162E+02
  1.9510000E+04   3.234390678E-01   7.985974848E-03   0.000000000E+00   2.707027348E+02   2.123948334E-01   3.336121159E+02
  1.9520000E+04   3.234112670E-01   7.695300410E-03   0.000000000E+00   3.111502861E+02   1.395179229E+02   3.304202840E+02
  1.9530000E+04   3.230817518E-01   7.879971309E-03   0.000000000E+00   1.645715799E+01   2.532845921E+02   3.266492535E+02
  1.9540000E+04   3.229626248E-01   7.896842534E-03   0.000000000E+00   9.901922828E+01   3.500884657E+02   3.233071870E+02
  1.9550000E+04   3.227555772E-01   7.950606615E-03   1.207418270E-06   1.985467666E+02   4.106424444E+00   3.194903266E+02
  1.9560000E+04   3.225859359E-01   8.024288039E-03   1.207418270E-06   3.143909695E+02   9.012652842E+01   3.161130260E+02
  1.9570000E+04   3.225045868E-01   7.710971550E-03   0.000000000E+00   8.123269663E+01   1.878927648E+02   3.122964352E+02
  1.9580000E+04   3.222396612E-01   7.713385729E-03   1.207418270E-06   2.165648284E+02   3.143846705E+02   3.091737608E+02
  1.9590000E+04   3.220579477E-01   7.866811198E-03   0.000000000E+00   1.950776213E+01   7.018839195E+01   3.053304073E+02
  1.9600000E+04   3.219074120E-01   7.897571346E-03   0.000000000E+00   1.980805997E+02   7.219765624E+01   3.019644338E+02
  1.9610000E+04   3.217685326E-01   7.844859157E-03   0.000000000E+00   3.172481094E+01   2.377985136E+02   2.981062229E+02
  1.9620000E+04   3.215738093E-01   7.881955606E-03   1.207418270E-06   2.419606406E+02   2.946512661E+02   2.947199751E+02
  1.9630000E+04   3.213812744E-01   7.928607770E-03   1.207418270E-06   1.090988177E+02   3.875382699E+01   2.909394659E+02
  1.9640000E+04   3.212248480E-01   7.960641146E-03   1.207418270E-06   3.520019038E+02   9.823238441E+01   2.873965744E+02
  1.9650000E+04   3.210503030E-01   7.891925560E-03   0.000000000E+00   2.508435624E+02   2.000079202E+02   2.837571555E+02
  1.9660000E+04   3.208911712E-01   7.709554487E-03   0.000000000E+00   1.630778845E+02   2.866673193E+02   2.800822042E+02
  1.9670000E+04   3.207994999E-01   7.626029394E-03   0.000000000E+00   9.169244152E+01   3.574343408E+02   2.765524579E+02
  1.9680000E+04   3.207525659E-01   7.731273055E-03   0.000000000E+00   3.513419047E+01   5.435190429E+01   2.727291998E+02
  1.9690000E+04   3.206442941E-01   7.824976364E-03   0.000000000E+00   3.540393138E+02   9.605471688E+01   2.694011523E+02
  1.9700000E+04   3.204130968E-01   7.706751148E-03   0.000000000E+00   3.298385698E+02   3.006088686E+02   2.656551243E+02
  1.9710000E+04   3.202209707E-01   7.672371447E-03   0.000000000E+00   3.225251477E+02   3.080138557E+02   2.621266846E+02
  1.9720000E+04   3.200815544E-01   7.725150471E-03   0.000000000E+00   3.320343664E+02   1.183843243E+02   2.582923968E+02
  1.9730000E+04   3.199717422E-01   7.847420843E-03   0.000000000E+00   3.585888245E+02   9.143354064E+01   2.547747762E+02
  1.9740000E+04   3.197184188E-01   7.719161861E-03   0.000000000E+00   4.195061069E+01   2.274538141E+02   2.506589281E+02
  1.9750000E+04   3.194367929E-01   7.646403339E-03   0.000000000E+00   1.002727537E+02   3.488665783E+02   2.473632136E+02
  1.9760000E+04   3.191900907E-01   7.763037319E-03   0.000000000E+00   1.735089491E+02   9.639144655E+01   2.432514907E+02
  1.9770000E+04   3.190284028E-01   7.929283836E-03   0.000000000E+00   2.630360215E+02   1.878647844E+02   2.398579951E+02
  1.9780000E+04   3.188569432E-01   7.959775944E-03   0.000000000E+00   5.964131196E+00   2.639401471E+02   2.359306718E+02
  1.9790000E+04   3.186810727E-01   7.926979280E-03   0.000000000E+00   1.249427808E+02   3.243168339E+02   2.323580466E+02
  1.9800000E+04   3.185413745E-01   7.863687583E-03   0.000000000E+00   2.597891931E+02   1.109606948E+01   2.285343608E+02
  1.9810000E+04   3.183927978E-01   7.822033192E-03   0.000000000E+00   5.130701452E+01   3.798910294E+01   2.247965339E+02
  1.9820000E+04   3.182069471E-01   7.856944642E-03   0.000000000E+00   2.204406272E+02   2.301390427E+02   2.211072854E+02
  1.9830000E+04   3.179971447E-01   7.774048499E-03   0.000000000E+00   4.349260138E+01   2.258899282E+02   2.172136715E+02
  1.9840000E+04   3.178724331E-01   7.613794254E-03   0.000000000E+00   2.431957536E+02   2.757962542E+01   2.136149745E+02
  1.9850000E+04   3.177403582E-01   7.620781300E-03   0.000000000E+00   1.110203701E+02   3.381672702E+02   2.092267733E+02
  1.9860000E+04   3.175221956E-01   7.925725870E-03   0.000000000E+00   3.460521092E+02   1.041689318E+02   2.058663442E+02
  1.9870000E+04   3.173622162E-01   7.821382087E-03   0.000000000E+00   2.335808976E+02   2.171361410E+02   2.016999008E+02
  1.9880000E+04   3.172198981E-01   7.767130889E-03   0.000000000E+00   1.379326190E+02   3.114753245E+02   1.981880352E+02
  1.9890000E+04   3.169909567E-01   7.724935344E-03   0.000000000E+00   5.933857401E+01   2.989622534E+01   1.941435359E+02
  1.9900000E+04   3.171193594E-01   7.812023794E-03   0.000000000E+00   2.347026167E+00   8.761595298E+01   1.901949628E+02
  1.9910000E+04   3.166891018E-01   7.923252250E-03   0.000000000E+00   3.235604955E+02   1.269831175E+02   1.863966838E+02
  1.9920000E+04   3.165471101E-01   7.801823894E-03   0.000000000E+00   2.912203985E+02   1.596159276E+02   1.822652605E+02
  1.9930000E+04   3.163825624E-01   7.878533455E-03   0.000000000E+00   2.775933544E+02   3.533026717E+02   1.786833281E+02
  1.9940000E+04   3.162524475E-01   7.562557888E-03   0.000000000E+00   2.780970405E+02   3.527620372E+02   1.745141486E+02
  1.9950000E+04   3.160218083E-01   7.914299380E-03   0.000000000E+00   3.086171192E+02   1.420958647E+02   1.706516492E+02
  1.9960000E+04   3.158840486E-01   7.801659584E-03   0.000000000E+00   3.402669105E+02   2.900377342E+02   1.664889557E+02
  1.9970000E+04   3.156662966E-01   7.766455129E-03   0.000000000E+00   2.945534705E+01   2.401032891E+02   1.627342097E+02
  1.9980000E+04   3.155812132E-01   7.616161491E-03   0.000000000E+00   1.057535437E+02   3.434086858E+02   1.586022766E+02
  1.9990000E+04   3.153519275E-01   7.865744194E-03   0.000000000E+00   1.885982438E+02   8.153521418E+01   1.544120078E+02
  2.0000000E+04   3.152141963E-01   7.892010819E-03   0.000000000E+00   2.873506161E+02   1.635151051E+02   1.507369310E+02
