  0.0000000E+00   1.300000000E+00   2.000000000E-01   2.000000000E+00   0.000000000E+00   0.000000000E+00   0.000000000E+00
  1.0000000E+01   1.240808489E+00   1.023108367E-01   1.945407955E+00   8.489873194E+00   6.921195740E-01   8.513352903E-02
  2.0000000E+01   1.225686603E+00   5.391379218E-02   1.900854711E+00   1.221453442E+02   3.597571231E+02   2.165441740E-01
  3.0000000E+01   1.220252489E+00   2.940979580E-02   1.856657079E+00   2.612540627E+02   4.121772318E+00   1.723693830E-01
  4.0000000E+01   1.218521941E+00   1.301915913E-02   1.815887768E+00   5.514878987E+01   4.290478593E+00   1.693349373E-01
  5.0000000E+01   1.217394033E+00   7.780017313E-03   1.775697140E+00   2.343324079E+02   3.437906206E+02   2.066570069E-01
  6.0000000E+01   1.216539432E+00   6.250656150E-03   1.736715022E+00   2.826092411E+01   3.515862538E+02   2.135805689E-01
  7.0000000E+01   1.215492675E+00   3.786812337E-03   1.698600309E+00   1.736711330E+02   1.121252140E+01   2.438061116E-01
  8.0000000E+01   1.214654791E+00   2.225270590E-03   1.661520972E+00   2.866314210E+02   6.644191497E+01   2.539045477E-01
  9.0000000E+01   1.213714096E+00   1.803269851E-03   1.624873433E+00   3.476783880E+02   1.759852877E+02   2.723037356E-01
  1.0000000E+02   1.212989800E+00   2.894540341E-03   1.589309459E+00   7.367370981E+01   2.630091624E+02   2.954672339E-01
  1.1000000E+02   1.212354092E+00   3.245009486E-03   1.554361327E+00   1.654286787E+02   3.471037170E+02   3.217878340E-01
  1.2000000E+02   1.211594297E+00   2.805234596E-03   1.520149512E+00   2.694331140E+02   6.190887502E+01   3.446877246E-01
  1.3000000E+02   1.210555280E+00   2.789184177E-03   1.486786021E+00   3.515413161E+02   1.614705795E+02   3.745952958E-01
  1.4000000E+02   1.210119885E+00   2.952462166E-03   1.453923832E+00   7.235408127E+01   2.648181319E+02   4.117921610E-01
  1.5000000E+02   1.209021378E+00   2.720640572E-03   1.422078403E+00   1.789309683E+02   3.450517853E+02   4.556693546E-01
  1.6000000E+02   1.208004839E+00   2.713774651E-03   1.390618223E+00   2.672683337E+02   8.658338206E+01   4.859650711E-01
  1.7000000E+02   1.207318154E+00   2.725302395E-03   1.359964217E+00   3.561037025E+02   1.902901782E+02   5.334269867E-01
  1.8000000E+02   1.206419262E+00   2.560158386E-03   1.329902008E+00   9.939185340E+01   2.821741047E+02   5.659375293E-01
  1.9000000E+02   1.205730758E+00   2.507166343E-03   1.300660361E+00   1.938660959E+02   2.582062201E+01   6.173061645E-01
  2.0000000E+02   1.205529799E+00   1.837243833E-03   1.272349522E+00   3.134298887E+02   1.068879127E+02   6.523583526E-01
  2.1000000E+02   1.204001506E+00   1.366447808E-03   1.244382481E+00   3.545225434E+01   2.283534560E+02   7.117146142E-01
  2.2000000E+02   1.203345598E+00   1.300710979E-03   1.217531655E+00   1.132187915E+02   3.570016029E+02   7.677696197E-01
  2.3000000E+02   1.202554405E+00   1.291136460E-03   1.190855888E+00   2.245540240E+02   9.455823853E+01   8.415478722E-01
  2.4000000E+02   1.201589399E+00   1.782387094E-03   1.164593444E+00   3.174708158E+02   2.134788665E+02   9.022497461E-01
  2.5000000E+02   1.201133617E+00   2.292396959E-03   1.138932235E+00   5.048619717E+01   3.350580040E+02   9.786806005E-01
  2.6000000E+02   1.200106201E+00   2.262475347E-03   1.113799439E+00   1.765316667E+02   6.620113412E+01   1.012223612E+00
  2.7000000E+02   1.199097962E+00   2.401408763E-03   1.090002254E+00   2.844808820E+02   1.783827188E+02   1.086328922E+00
  2.8000000E+02   1.198486713E+00   2.227834693E-03   1.066128686E+00   2.641614070E+01   2.992799738E+02   1.180857105E+00
  2.9000000E+02   1.197809252E+00   1.709456682E-03   1.042686176E+00   1.458462956E+02   4.539116429E+01   1.243859245E+00
  3.0000000E+02   1.196828978E+00   2.270411347E-03   1.019683623E+00   2.254856789E+02   1.940173924E+02   1.343547092E+00
  3.1000000E+02   1.195754369E+00   2.216499715E-03   9.980120011E-01   3.442314179E+02   3.063539623E+02   1.401870379E+00
  3.2000000E+02   1.195106823E+00   1.991848039E-03   9.764087577E-01   1.102163982E+02   5.432358374E+01   1.517353910E+00
  3.3000000E+02   1.194510611E+00   1.397608646E-03   9.544730345E-01   2.082529975E+02   1.929149165E+02   1.598190303E+00
  3.4000000E+02   1.193659508E+00   1.068519706E-03   9.342093600E-01   3.084514153E+02   3.321554962E+02   1.653282553E+00
  3.5000000E+02   1.192655014E+00   1.845364658E-03   9.142086058E-01   4.171948791E+01   1.211115058E+02   1.784209627E+00
  3.6000000E+02   1.192094668E+00   2.068283096E-03   8.937330416E-01   1.612472504E+02   2.466012451E+02   1.873885273E+00
  3.7000000E+02   1.191496252E+00   1.303727766E-03   8.749186520E-01   2.712351739E+02   2.427594177E+01   1.958309200E+00
  3.8000000E+02   1.190177475E+00   2.209859171E-03   8.559594254E-01   2.380884097E+01   1.621646079E+02   2.106273211E+00
  3.9000000E+02   1.189798200E+00   1.704581115E-03   8.371544342E-01   1.483455072E+02   2.910825187E+02   2.196096478E+00
  4.0000000E+02   1.189057756E+00   1.056233419E-03   8.191428923E-01   2.787848019E+02   5.666713205E+01   2.286063781E+00
  4.1000000E+02   1.187809714E+00   1.558785722E-03   8.014870930E-01   3.470165562E+02   2.474686038E+02   2.375920870E+00
  4.2000000E+02   1.187392273E+00   1.984043495E-03   7.846954179E-01   1.097677100E+02   2.641190712E+01   2.522968879E+00
  4.3000000E+02   1.186633002E+00   1.543028458E-03   7.669947710E-01   2.282467851E+02   1.722793012E+02   2.672210811E+00
  4.4000000E+02   1.185498178E+00   1.988208628E-03   7.508382537E-01   1.043444526E+00   3.067863038E+02   2.758506628E+00
  4.5000000E+02   1.185087307E+00   8.803783449E-04   7.348115855E-01   8.847980196E+01   1.295167537E+02   2.872730741E+00
  4.6000000E+02   1.184181490E+00   1.516430293E-03   7.196524047E-01   2.090841975E+02   2.816639548E+02   3.003136718E+00
  4.7000000E+02   1.183124239E+00   1.781133590E-03   7.037931395E-01   3.496441956E+02   5.679806992E+01   3.158534127E+00
  4.8000000E+02   1.183122660E+00   1.575658002E-03   6.886053672E-01   7.184621402E+01   2.529463649E+02   3.322463722E+00
  4.9000000E+02   1.181778209E+00   1.031547482E-03   6.734389747E-01   2.519326975E+02   3.541173976E+02   3.404441310E+00
  5.0000000E+02   1.180848965E+00   1.576240235E-03   6.594729527E-01   3.055195895E+02   2.245929148E+02   3.532613094E+00
  5.1000000E+02   1.180286666E+00   1.580479732E-03   6.458411365E-01   8.871723741E+01   8.350805939E+00   3.642046556E+00
  5.2000000E+02   1.179443197E+00   7.826195739E-04   6.322655239E-01   2.150663749E+02   1.715351954E+02   3.820563485E+00
  5.3000000E+02   1.178620127E+00   9.581028659E-04   6.192882885E-01   3.245854643E+02   3.543672950E+02   4.044977190E+00
  5.4000000E+02   1.177938267E+00   1.977342472E-03   6.057442081E-01   6.537872287E+01   1.888365194E+02   4.208232548E+00
  5.5000000E+02   1.177109858E+00   1.056601610E-03   5.925496146E-01   2.455874471E+02   3.066380430E+02   4.390653314E+00
  5.6000000E+02   1.176048835E+00   1.617526426E-03   5.798197727E-01   3.151841664E+02   1.779914310E+02   4.524566033E+00
  5.7000000E+02   1.175723614E+00   1.187694912E-03   5.671051052E-01   8.455780738E+01   3.524368641E+02   4.650869296E+00
  5.8000000E+02   1.174723093E+00   1.234673532E-03   5.548746909E-01   2.599500813E+02   1.235227611E+02   4.808409467E+00
  5.9000000E+02   1.173687129E+00   1.497253486E-03   5.432522809E-01   3.152909216E+02   1.767723432E+01   4.927681200E+00
  6.0000000E+02   1.173263357E+00   1.021556119E-03   5.317887419E-01   1.032451325E+02   1.820989385E+02   5.028684945E+00
  6.1000000E+02   1.172461640E+00   1.188910837E-03   5.204300334E-01   2.259071391E+02   1.455111497E+01   5.147307173E+00
  6.2000000E+02   1.171258828E+00   1.681865697E-03   5.097155425E-01   3.358388172E+02   2.224783669E+02   5.301241384E+00
  6.3000000E+02   1.170904738E+00   6.537326643E-04   4.992292409E-01   1.102541138E+02   4.899270842E+01   5.430267507E+00
  6.4000000E+02   1.170079154E+00   1.567185538E-03   4.887107744E-01   2.516542611E+02   2.312194818E+02   5.534334301E+00
  6.5000000E+02   1.169224745E+00   9.122349385E-04   4.783829952E-01   5.033759897E+00   8.443715489E+01   5.666850237E+00
  6.6000000E+02   1.168391634E+00   1.105316322E-03   4.680898589E-01   9.027580392E+01   3.285161355E+02   5.846989960E+00
  6.7000000E+02   1.167796564E+00   1.362974011E-03   4.580078881E-01   3.010944593E+02   8.983749518E+01   6.007440794E+00
  6.8000000E+02   1.166663904E+00   1.548316466E-03   4.481584228E-01   1.691820118E+01   3.491508594E+02   6.201844860E+00
  6.9000000E+02   1.166233362E+00   1.449502359E-03   4.386609288E-01   1.524575365E+02   1.913918369E+02   6.470125352E+00
  7.0000000E+02   1.165383370E+00   6.391741273E-04   4.295234179E-01   2.825912243E+02   4.198288551E+01   6.694876518E+00
  7.1000000E+02   1.164346768E+00   1.090282948E-03   4.209044836E-01   8.275514278E+01   2.254791011E+02   6.933770447E+00
  7.2000000E+02   1.163850998E+00   1.434304738E-03   4.125960097E-01   1.672909222E+02   1.275256641E+02   7.165810361E+00
  7.3000000E+02   1.162815128E+00   1.488069921E-03   4.047714325E-01   3.425356258E+02   3.014997947E+02   7.365405972E+00
  7.4000000E+02   1.162129893E+00   1.431775252E-03   3.965641956E-01   7.098955280E+01   2.054941950E+02   7.506249134E+00
  7.5000000E+02   1.161224347E+00   6.964013842E-04   3.882988590E-01   1.923473866E+02   7.936713865E+01   7.671268486E+00
  7.6000000E+02   1.160374518E+00   1.254442835E-03   3.801435935E-01   3.188919938E+02   3.106878911E+02   7.951570504E+00
  7.7000000E+02   1.159799901E+00   5.836259554E-04   3.724395850E-01   1.209966049E+02   1.495095653E+02   8.213253178E+00
  7.8000000E+02   1.158917131E+00   1.200847227E-03   3.653073307E-01   2.654715221E+02   8.900319179E+00   8.427891225E+00
  7.9000000E+02   1.158175705E+00   7.140766416E-04   3.584110139E-01   3.341905491E+02   3.068584531E+02   8.631709445E+00
  8.0000000E+02   1.157538163E+00   9.835906188E-04   3.508996033E-01   1.897143363E+02   1.009455621E+02   8.812959206E+00
  8.1000000E+02   1.156628603E+00   1.513069619E-03   3.436972091E-01   2.911743806E+02   1.200753898E+01   9.065479868E+00
  8.2000000E+02   1.155989007E+00   5.322755654E-04   3.374801565E-01   2.512964146E+01   2.933514599E+02   9.385631496E+00
  8.3000000E+02   1.155302358E+00   1.209299939E-03   3.307676534E-01   2.316827862E+02   1.051150004E+02   9.542570946E+00
  8.4000000E+02   1.154160003E+00   1.513268006E-03   3.238662549E-01   3.296626949E+02   2.842203144E+01   9.745952257E+00
  8.5000000E+02   1.153770725E+00   4.862281138E-04   3.177043314E-01   5.768410508E+01   3.243846831E+02   1.009973659E+01
  8.6000000E+02   1.153093880E+00   1.074726886E-03   3.116062310E-01   2.868421397E+02   1.222899735E+02   1.025360507E+01
  8.7000000E+02   1.151750127E+00   1.354470947E-03   3.053429408E-01   2.719822708E+01   5.202609962E+01   1.043490092E+01
  8.8000000E+02   1.151368623E+00   6.169026695E-04   2.996348541E-01   9.177126273E+01   2.017293164E+01   1.079204821E+01
  8.9000000E+02   1.150745101E+00   6.805833274E-04   2.939554584E-01   3.398895593E+02   1.678158930E+02   1.096813251E+01
  9.0000000E+02   1.149741498E+00   9.935853683E-04   2.879476208E-01   8.459723462E+01   1.019245996E+02   1.119922054E+01
  9.1000000E+02   1.149073980E+00   1.292928789E-03   2.827362066E-01   1.655187677E+02   6.260733944E+01   1.151180141E+01
  9.2000000E+02   1.148029719E+00   7.182438878E-04   2.772936866E-01   3.088278896E+02   3.239122407E+02   1.167652724E+01
  9.3000000E+02   1.147439068E+00   1.096016194E-03   2.720693066E-01   1.478060349E+02   1.722475749E+02   1.202507758E+01
  9.4000000E+02   1.146710403E+00   1.258391753E-03   2.669639707E-01   2.603630287E+02   1.102086263E+02   1.223249233E+01
  9.5000000E+02   1.145785812E+00   1.220941772E-03   2.616393738E-01   2.349291802E+01   4.063231435E+01   1.245074231E+01
  9.6000000E+02   1.145220285E+00   6.340325505E-04   2.571519357E-01   1.355662396E+02   3.448187545E+02   1.273800383E+01
  9.7000000E+02   1.144351517E+00   8.528336944E-04   2.520045146E-01   2.693662207E+02   2.703107884E+02   1.297190977E+01
  9.8000000E+02   1.143844529E+00   7.152148071E-04   2.475738929E-01   8.628287959E+01   1.555085136E+02   1.324789517E+01
  9.9000000E+02   1.143014210E+00   1.149344354E-03   2.427789221E-01   2.722432141E+02   3.467824442E+01   1.347419908E+01
  1.0000000E+03   1.141930725E+00   1.079909295E-03   2.383039915E-01   3.280831759E+01   3.423168953E+02   1.375876339E+01
  1.0100000E+03   1.141360932E+00   1.450188365E-03   2.338921504E-01   1.155623987E+02   3.307268543E+02   1.402854837E+01
  1.0200000E+03   1.140691862E+00   1.318209356E-03   2.297637836E-01   2.959059533E+02   2.245123167E+02   1.426141761E+01
  1.0300000E+03   1.139742794E+00   6.246313105E-04   2.254526466E-01   3.243327668E+01   2.049836798E+02   1.456449060E+01
  1.0400000E+03   1.139096911E+00   9.582223264E-04   2.215154889E-01   1.637257439E+02   1.537109661E+02   1.477983298E+01
  1.0500000E+03   1.138407329E+00   3.804220231E-04   2.174322526E-01   3.569251974E+02   4.328469663E+01   1.504952926E+01
  1.0600000E+03   1.137635637E+00   4.466550718E-04   2.134519012E-01   1.774018973E+02   3.086107690E+02   1.528644880E+01
  1.0700000E+03   1.136722439E+00   4.717013927E-04   2.096015502E-01   2.494823626E+02   3.252808623E+02   1.558456987E+01
  1.0800000E+03   1.136090701E+00   6.353705163E-04   2.059485009E-01   6.335661241E+01   2.431526697E+02   1.586523827E+01
  1.0900000E+03   1.135346083E+00   6.186436555E-04   2.021774740E-01   2.697655036E+02   1.315999248E+02   1.605201992E+01
  1.1000000E+03   1.134327852E+00   1.190617321E-03   1.988037036E-01   1.331933552E+01   1.258482255E+02   1.637844709E+01
  1.1100000E+03   1.133747526E+00   3.920268265E-04   1.950059810E-01   1.294018254E+02   1.108366674E+02   1.661233728E+01
  1.1200000E+03   1.132913664E+00   1.323272632E-03   1.917492555E-01   3.149927710E+02   2.920787811E+01   1.687260973E+01
  1.1300000E+03   1.132002601E+00   6.347560560E-04   1.884204700E-01   9.523711395E+01   3.562164604E+02   1.713258871E+01
  1.1400000E+03   1.131343504E+00   9.587994354E-04   1.851515866E-01   2.184998075E+02   3.431302801E+02   1.744912651E+01
  1.1500000E+03   1.130341596E+00   3.692092217E-04   1.818199790E-01   5.351158239E+01   2.615310077E+02   1.764793436E+01
  1.1600000E+03   1.129731657E+00   8.354219215E-04   1.787748910E-01   1.758103464E+02   2.556215566E+02   1.791553485E+01
  1.1700000E+03   1.129043427E+00   5.328159230E-04   1.757211537E-01   2.353467335E+02   3.155490212E+02   1.821541857E+01
  1.1800000E+03   1.128464575E+00   4.894471886E-04   1.728353170E-01   3.451478895E+02   3.281632958E+02   1.849856925E+01
  1.1900000E+03   1.127640557E+00   6.624685846E-04   1.696191376E-01   1.738648436E+02   2.649207555E+02   1.868632644E+01
  1.2000000E+03   1.126644535E+00   8.946908317E-04   1.668269135E-01   2.947884119E+02   2.722616765E+02   1.898535767E+01
  1.2100000E+03   1.126275532E+00   1.203614934E-03   1.641240274E-01   1.018014867E+02   2.366120336E+02   1.922215356E+01
  1.2200000E+03   1.125476869E+00   1.199909481E-03   1.613934168E-01   2.828532887E+02   1.897097684E+02   1.947463498E+01
  1.2300000E+03   1.124434394E+00   1.020980880E-03   1.585650560E-01   9.536410590E+01   1.545862523E+02   1.975621957E+01
  1.2400000E+03   1.123679739E+00   8.375154162E-04   1.560187550E-01   2.297867584E+02   1.605642762E+02   2.005204239E+01
  1.2500000E+03   1.122719043E+00   3.279001899E-04   1.532396282E-01   2.666770176E+02   2.672875812E+02   2.027899616E+01
  1.2600000E+03   1.122297831E+00   4.395424334E-04   1.508380260E-01   9.145840376E+01   2.290411199E+02   2.054980311E+01
  1.2700000E+03   1.121506129E+00   1.372278520E-03   1.483160753E-01   2.760041527E+02   1.941251638E+02   2.073839142E+01
  1.2800000E+03   1.120927541E+00   1.309852931E-03   1.459648013E-01   5.372789132E+01   2.089016524E+02   2.103694196E+01
  1.2900000E+03   1.120081096E+00   4.505159340E-04   1.434706053E-01   2.905040188E+02   1.277909639E+02   2.125282812E+01
  1.3000000E+03   1.119130860E+00   3.677136381E-04   1.412021917E-01   3.248373927E+02   2.522126228E+02   2.152449994E+01
  1.3100000E+03   1.118773019E+00   1.126285707E-03   1.389601583E-01   1.258350574E+02   2.530636060E+02   2.178604792E+01
  1.3200000E+03   1.117992143E+00   1.276726478E-03   1.367200180E-01   3.357264740E+02   2.078505274E+02   2.202282729E+01
  1.3300000E+03   1.117172835E+00   8.824809566E-04   1.345657659E-01   1.301611152E+02   2.212714451E+02   2.230684761E+01
  1.3400000E+03   1.116281348E+00   9.635464691E-04   1.324042401E-01   1.897213973E+02   3.327868936E+02   2.253922433E+01
  1.3500000E+03   1.115378897E+00   1.296623614E-03   1.303162910E-01   3.472034851E+02   3.492978172E+02   2.280376946E+01
  1.3600000E+03   1.114800675E+00   7.170226345E-04   1.281914115E-01   2.401153009E+02   2.734760956E+02   2.302448063E+01
  1.3700000E+03   1.113926799E+00   4.932579783E-04   1.261958290E-01   2.723140358E+02   6.148902315E+01   2.328190442E+01
  1.3800000E+03   1.113571231E+00   1.047137495E-03   1.242176807E-01   9.618025213E+01   6.098468116E+01   2.350294981E+01
  1.3900000E+03   1.112770107E+00   9.601993316E-04   1.222533827E-01   3.380594115E+02   5.297211180E+00   2.376915792E+01
  1.4000000E+03   1.111696819E+00   3.285171945E-04   1.204740303E-01   9.615214145E+00   1.631670955E+02   2.405413381E+01
  1.4100000E+03   1.111056691E+00   1.139965645E-03   1.184921037E-01   2.097580757E+02   1.556083414E+02   2.426635609E+01
  1.4200000E+03   1.109947070E+00   3.665899397E-04   1.167443701E-01   1.066651975E+02   9.427211722E+01   2.449298608E+01
  1.4300000E+03   1.109574566E+00   1.189268130E-03   1.148711166E-01   1.474051956E+02   2.523356601E+02   2.471232460E+01
  1.4400000E+03   1.108724207E+00   7.431701913E-04   1.131380444E-01   3.268810591E+02   2.746220546E+02   2.492794129E+01
  1.4500000E+03   1.108234441E+00   1.058664798E-03   1.114926410E-01   8.974838741E-01   8.550964171E+01   2.519317961E+01
  1.4600000E+03   1.107514996E+00   1.181486015E-03   1.096719524E-01   2.970498527E+02   3.573437799E+02   2.537954555E+01
  1.4700000E+03   1.106500582E+00   3.610137943E-04   1.081486805E-01   3.411500810E+02   1.643431291E+02   2.566364686E+01
  1.4800000E+03   1.106161405E+00   1.191468854E-03   1.064852218E-01   1.725362014E+02   1.871892425E+02   2.585719110E+01
  1.4900000E+03   1.105002791E+00   1.872431824E-04   1.048009481E-01   2.502351667E+02   3.268686127E+02   2.604749119E+01
  1.5000000E+03   1.104360137E+00   1.408258874E-03   1.032997932E-01   1.386484965E+02   2.988314491E+02   2.634239225E+01
  1.5100000E+03   1.103708536E+00   7.261262646E-04   1.017167166E-01   2.327001358E+02   6.845994818E+01   2.652939179E+01
  1.5200000E+03   1.103005152E+00   8.563241293E-04   1.002886877E-01   7.115639244E+01   9.669131464E+01   2.676146476E+01
  1.5300000E+03   1.102225430E+00   4.858492016E-05   9.873419546E-02   1.479365864E+02   2.496355850E+02   2.699407655E+01
  1.5400000E+03   1.101309718E+00   7.830038098E-04   9.727601258E-02   6.298609691E+01   2.076258566E+02   2.717763288E+01
  1.5500000E+03   1.100762826E+00   1.137072788E-03   9.593909929E-02   1.297515875E+02   1.695692887E+01   2.739004395E+01
  1.5600000E+03   1.099856160E+00   9.193402266E-04   9.447366841E-02   4.474348364E+01   3.410827520E+02   2.761466785E+01
  1.5700000E+03   1.099322831E+00   1.227063890E-03   9.306136398E-02   1.332767391E+02   1.350334562E+02   2.782814512E+01
  1.5800000E+03   1.098443645E+00   6.072643267E-04   9.181242315E-02   2.211647865E+02   2.926674422E+02   2.801563435E+01
  1.5900000E+03   1.097934744E+00   8.790252293E-04   9.049969931E-02   6.209229874E+01   3.404260392E+02   2.825035838E+01
  1.6000000E+03   1.097592709E+00   7.134394805E-04   8.913206138E-02   2.311517980E+02   6.318335368E+01   2.841415500E+01
  1.6100000E+03   1.096179743E+00   1.844831731E-04   8.781513263E-02   3.209520276E+02   2.283813749E+02   2.862246248E+01
  1.6200000E+03   1.095719933E+00   1.070051330E-03   8.666594894E-02   1.796631162E+02   2.678433864E+02   2.882744434E+01
  1.6300000E+03   1.094839094E+00   6.146308434E-04   8.540196704E-02   2.859422587E+02   6.274790205E+01   2.905697308E+01
  1.6400000E+03   1.094051014E+00   1.422718329E-04   8.412857762E-02   6.284578937E+01   1.904389041E+02   2.923264623E+01
  1.6500000E+03   1.093333609E+00   9.658624593E-04   8.298851164E-02   3.041740897E+02   2.167690140E+02   2.941506688E+01
  1.6600000E+03   1.092743230E+00   1.469488736E-03   8.188194810E-02   3.000882166E+01   4.182024262E+01   2.957984639E+01
  1.6700000E+03   1.092160949E+00   4.401906523E-04   8.062397027E-02   2.054021734E+02   1.404138106E+02   2.975972260E+01
  1.6800000E+03   1.090977829E+00   1.858242204E-04   7.954240228E-02   1.076410213E+02   1.553652825E+02   2.995788088E+01
  1.6900000E+03   1.090519441E+00   1.028917691E-03   7.841629320E-02   1.975982765E+02   3.457996155E+02   3.017553481E+01
  1.7000000E+03   1.089509125E+00   9.606437190E-04   7.734170251E-02   3.215233842E+02   1.453919359E+02   3.031115995E+01
  1.7100000E+03   1.088954020E+00   9.301330186E-04   7.617081245E-02   1.134097235E+02   2.803421900E+02   3.050452138E+01
  1.7200000E+03   1.088169594E+00   6.038290350E-04   7.519383464E-02   2.229466103E+02   1.007425577E+02   3.065338579E+01
  1.7300000E+03   1.087705393E+00   1.529458480E-05   7.419415568E-02   1.628559301E+02   9.403031391E+01   3.083298273E+01
  1.7400000E+03   1.086945233E+00   1.508514106E-03   7.318222153E-02   2.943332591E+02   2.587699705E+02   3.105861469E+01
  1.7500000E+03   1.085936172E+00   1.292910926E-03   7.212928912E-02   6.540606649E+01   6.747075901E+01   3.118769140E+01
  1.7600000E+03   1.085368108E+00   1.359264216E-03   7.115807809E-02   1.800317722E+02   2.556095515E+02   3.138819272E+01
  1.7700000E+03   1.084293038E+00   8.414060404E-04   7.014946509E-02   2.905760117E+02   9.103318862E+01   3.155849045E+01
  1.7800000E+03   1.083815811E+00   2.925297245E-04   6.917887208E-02   6.758084090E+01   2.631751810E+02   3.171665172E+01
  1.7900000E+03   1.083280172E+00   4.610299522E-04   6.822781612E-02   2.537296780E+02   2.945390707E+01   3.186659318E+01
  1.8000000E+03   1.082454765E+00   8.448093179E-04   6.728923075E-02   3.598869515E+02   2.389161403E+02   3.201368143E+01
  1.8100000E+03   1.081790037E+00   8.152900602E-04   6.638861018E-02   1.843152718E+01   1.790368435E+02   3.217645721E+01
  1.8200000E+03   1.080818963E+00   8.289423039E-04   6.554331289E-02   1.358998708E+02   2.356779990E+01   3.234176110E+01
  1.8300000E+03   1.080140639E+00   8.228946234E-04   6.467325878E-02   2.754133401E+02   2.092414200E+02   3.247809228E+01
  1.8400000E+03   1.079572292E+00   2.472457276E-04   6.373136963E-02   1.077412382E+02   3.453589437E+02   3.266017021E+01
  1.8500000E+03   1.078815213E+00   9.545108427E-04   6.287321288E-02   2.678735985E+02   1.568068793E+02   3.276778400E+01
  1.8600000E+03   1.077950510E+00   8.303474573E-04   6.206249686E-02   4.014650177E+01   3.593499742E+02   3.292464916E+01
  1.8700000E+03   1.077536530E+00   4.266076821E-04   6.124110759E-02   1.811798222E+02   1.963852338E+02   3.310010441E+01
  1.8800000E+03   1.076708767E+00   1.365093884E-03   6.041658667E-02   2.259077549E+01   3.362376616E+02   3.320191771E+01
  1.8900000E+03   1.076001882E+00   9.854204150E-04   5.966987729E-02   1.767558771E+02   1.667006506E+02   3.334144918E+01
  1.9000000E+03   1.075121317E+00   4.179192510E-05   5.886238924E-02   1.492210937E+02   1.821722241E+02   3.351619400E+01
  1.9100000E+03   1.074456025E+00   8.792312088E-04   5.807291669E-02   3.041872097E+02   1.837878883E+01   3.365395610E+01
  1.9200000E+03   1.073798266E+00   2.538820785E-04   5.733754917E-02   5.321573598E+01   2.637106549E+02   3.374462423E+01
  1.9300000E+03   1.072817465E+00   6.837008577E-04   5.658236033E-02   3.140668162E+02   5.451953700E-01   3.389254050E+01
  1.9400000E+03   1.072324339E+00   1.449719499E-03   5.584181355E-02   1.184170994E+02   1.972078688E+02   3.397801335E+01
  1.9500000E+03   1.071357112E+00   9.726629627E-04   5.511803448E-02   3.186186067E+02   1.175363971E+00   3.412233586E+01
  1.9600000E+03   1.071210871E+00   1.360814787E-03   5.431831749E-02   1.681252087E+02   1.592400436E+02   3.424401020E+01
  1.9700000E+03   1.069990198E+00   7.966568514E-04   5.364762000E-02   3.528888865E+02   3.452887756E+02   3.440294941E+01
  1.9800000E+03   1.069494264E+00   6.928678728E-04   5.293891337E-02   3.256299860E+02   2.665313325E+01   3.456147646E+01
  1.9900000E+03   1.068771161E+00   2.795352577E-04   5.227876183E-02   1.226714085E+02   2.469748218E+02   3.461449050E+01
  2.0000000E+03   1.067845960E+00   1.333248973E-03   5.157046244E-02   3.581685776E+01   3.545161090E+02   3.475211975E+01
  2.0100000E+03   1.067266877E+00   1.606637778E-03   5.093293786E-02   2.196034637E+02   1.948017841E+02   3.482320808E+01
  2.0200000E+03   1.066428409E+00   6.187447735E-04   5.025022359E-02   9.704245330E+01   3.446112754E+02   3.499793324E+01
  2.0300000E+03   1.065852966E+00   7.138349565E-04   4.965335769E-02   3.333922482E+02   1.388220526E+02   3.508722765E+01
  2.0400000E+03   1.064957393E+00   1.529841532E-03   4.899943688E-02   2.950096103E+02   2.111528726E+02   3.519074748E+01
  2.0500000E+03   1.064730389E+00   1.258628876E-03   4.839061770E-02   1.419566981E+02   4.149894511E+01   3.530270352E+01
  2.0600000E+03   1.063676375E+00   1.117189845E-03   4.768696611E-02   7.386547630E+01   1.501510345E+02   3.539946899E+01
  2.0700000E+03   1.062822148E+00   1.057184705E-03   4.709320070E-02   6.095808615E+01   2.069736547E+02   3.554073293E+01
  2.0800000E+03   1.062123358E+00   1.645764518E-03   4.655378633E-02   2.766479140E+02   3.861262192E+01   3.557929008E+01
  2.0900000E+03   1.061632649E+00   5.921903369E-04   4.588431413E-02   2.712982313E+02   9.460331178E+01   3.569827630E+01
  2.1000000E+03   1.060829962E+00   6.474890772E-04   4.530378010E-02   1.747960180E+02   2.449123286E+02   3.585823954E+01
  2.1100000E+03   1.059856827E+00   1.635321844E-03   4.481535974E-02   7.097935175E+01   4.610720210E+01   3.589937371E+01
  2.1200000E+03   1.059414579E+00   7.319777290E-04   4.418095796E-02   5.169108866E+01   1.260856781E+02   3.594862380E+01
  2.1300000E+03   1.058361027E+00   1.124619251E-03   4.361179972E-02   3.220253807E+02   2.796613934E+02   3.612130656E+01
  2.1400000E+03   1.057947374E+00   1.487744282E-03   4.310139870E-02   2.536412231E+02   5.539346321E+01   3.622180841E+01
  2.1500000E+03   1.056976857E+00   1.432857861E-03   4.256823625E-02   2.659887024E+02   1.138470598E+02   3.629558897E+01
  2.1600000E+03   1.056607529E+00   9.994687213E-04   4.205431054E-02   1.654472891E+02   2.886904873E+02   3.629762166E+01
  2.1700000E+03   1.055872370E+00   6.456602312E-04   4.143184859E-02   1.791843367E+02   3.524582693E+02   3.637257932E+01
  2.1800000E+03   1.054883135E+00   1.847521782E-03   4.091300842E-02   1.310337228E+02   1.214960097E+02   3.660139763E+01
  2.1900000E+03   1.054123697E+00   1.559323315E-03   4.046374646E-02   1.610999070E+02   1.758262053E+02   3.670634462E+01
  2.2000000E+03   1.053570296E+00   8.975567517E-04   4.000418219E-02   9.298743053E+01   3.317743234E+02   3.681724703E+01
  2.2100000E+03   1.052954767E+00   9.012409285E-04   3.955629125E-02   1.254261214E+02   3.062794010E+01   3.679460041E+01
  2.2200000E+03   1.051941042E+00   1.521200289E-03   3.903857654E-02   8.848174030E+01   1.623810044E+02   3.680694455E+01
  2.2300000E+03   1.051429908E+00   2.160464397E-03   3.858313263E-02   1.291461412E+02   2.199945966E+02   3.677840698E+01
  2.2400000E+03   1.050538733E+00   1.390759758E-03   3.800795770E-02   1.210276989E+02   3.296295549E+02   3.680919093E+01
  2.2500000E+03   1.049949460E+00   2.118290383E-03   3.751405651E-02   1.550114356E+02   4.074086639E+01   3.679666431E+01
  2.2600000E+03   1.049121612E+00   1.614268037E-03   3.697544683E-02   2.019667222E+02   1.021901432E+02   3.688578593E+01
  2.2700000E+03   1.048615510E+00   1.060123740E-03   3.647082401E-02   2.154717548E+02   2.006946870E+02   3.686887486E+01
  2.2800000E+03   1.047956725E+00   1.925867733E-03   3.595802973E-02   2.720809956E+02   2.593081619E+02   3.697514040E+01
  2.2900000E+03   1.046994817E+00   1.320218182E-03   3.545259547E-02   3.182302754E+02   3.321437078E+02   3.690666374E+01
  2.3000000E+03   1.046308867E+00   1.021490993E-03   3.502857465E-02   3.360544992E+02   7.660848791E+01   3.694886879E+01
  2.3100000E+03   1.045416158E+00   1.495664145E-03   3.454766828E-02   3.351572794E+01   1.449620297E+02   3.695307338E+01
  2.3200000E+03   1.045028671E+00   1.415622830E-03   3.417343003E-02   1.247705048E+02   1.830357281E+02   3.686753858E+01
  2.3300000E+03   1.043967852E+00   1.148016213E-03   3.382115972E-02   1.893260088E+02   2.511428288E+02   3.701242995E+01
  2.3400000E+03   1.043514877E+00   1.105828614E-03   3.340159251E-02   2.447163539E+02   3.319466041E+02   3.714113238E+01
  2.3500000E+03   1.042841502E+00   2.294796577E-03   3.301531237E-02   3.369719804E+02   1.934176719E+01   3.721243876E+01
  2.3600000E+03   1.041880369E+00   2.236838891E-03   3.258108130E-02   6.509542603E+01   7.441444758E+01   3.742119984E+01
  2.3700000E+03   1.041466640E+00   2.110593945E-03   3.209392683E-02   1.504147891E+02   1.360215555E+02   3.739879512E+01
  2.3800000E+03   1.040681697E+00   2.380797066E-03   3.179599727E-02   2.431327451E+02   1.939680964E+02   3.728812308E+01
  2.3900000E+03   1.039794349E+00   2.832433777E-03   3.146163070E-02   3.240820417E+02   2.669414111E+02   3.746169790E+01
  2.4000000E+03   1.038861397E+00   2.824072579E-03   3.101797634E-02   7.605166209E+01   3.126315559E+02   3.768757355E+01
  2.4100000E+03   1.038440390E+00   2.679988329E-03   3.058603361E-02   1.954137884E+02   3.548600326E+02   3.764327298E+01
  2.4200000E+03   1.037441637E+00   2.756826807E-03   3.023079265E-02   3.445449717E+02   1.086240752E+01   3.757458190E+01
  2.4300000E+03   1.036773938E+00   3.116633041E-03   2.992157665E-02   1.198038902E+02   4.450450084E+01   3.770690079E+01
  2.4400000E+03   1.035905082E+00   3.488218319E-03   2.957083456E-02   2.567162887E+02   8.030128875E+01   3.777904683E+01
  2.4500000E+03   1.035337059E+00   3.261576020E-03   2.924068802E-02   3.520044786E+01   1.182425396E+02   3.797958253E+01
  2.4600000E+03   1.034627587E+00   3.245955714E-03   2.880758702E-02   2.074820116E+02   1.261345839E+02   3.806618152E+01
  2.4700000E+03   1.033473517E+00   3.959157241E-03   2.844191575E-02   2.460298009E+00   1.555194970E+02   3.806631357E+01
  2.4800000E+03   1.032912745E+00   3.836935539E-03   2.805434113E-02   1.643135755E+02   1.820168738E+02   3.812891155E+01
  2.4900000E+03   1.032048288E+00   3.555340888E-03   2.767842904E-02   3.593854717E+02   1.792497835E+02   3.804742490E+01
  2.5000000E+03   1.031109260E+00   3.845818284E-03   2.730919089E-02   1.773647585E+02   1.977999592E+02   3.808165215E+01
  2.5100000E+03   1.030331943E+00   2.702268604E-03   2.698964552E-02   1.231315605E+01   2.034344400E+02   3.808482727E+01
  2.5200000E+03   1.029593150E+00   3.845757212E-03   2.663112479E-02   2.393326396E+02   1.812900699E+02   3.800928466E+01
  2.5300000E+03   1.028718761E+00   2.921771209E-03   2.626809505E-02   8.541278815E+01   1.840207554E+02   3.808468906E+01
  2.5400000E+03   1.027807405E+00   3.936280626E-03   2.591878280E-02   3.119366962E+02   1.704962685E+02   3.816392894E+01
  2.5500000E+03   1.027221279E+00   2.446363769E-03   2.558547520E-02   1.686538719E+02   1.708854615E+02   3.829860614E+01
  2.5600000E+03   1.026667849E+00   3.234101619E-03   2.527245091E-02   5.289756161E+01   1.475187720E+02   3.844727329E+01
  2.5700000E+03   1.025412496E+00   2.858470776E-03   2.501288571E-02   3.366108336E+02   8.882880669E+01   3.852177123E+01
  2.5800000E+03   1.024836001E+00   2.731512791E-03   2.473633021E-02   2.042418586E+02   9.006681801E+01   3.854013893E+01
  2.5900000E+03   1.024076403E+00   2.526016361E-03   2.438932905E-02   1.153420083E+02   5.147550104E+01   3.851696637E+01
  2.6000000E+03   1.023499725E+00   2.371164489E-03   2.408289285E-02   6.530187315E+01   3.377279472E+02   3.862769423E+01
  2.6100000E+03   1.022587124E+00   1.933247448E-03   2.382149518E-02   3.158344557E+02   3.270014178E+02   3.874056476E+01
  2.6200000E+03   1.021860806E+00   2.689872918E-03   2.355112259E-02   2.664235240E+02   2.600268412E+02   3.878202362E+01
  2.6300000E+03   1.021161693E+00   2.490849279E-03   2.323560994E-02   2.032317590E+02   2.103882365E+02   3.881351699E+01
  2.6400000E+03   1.020408071E+00   1.532740618E-03   2.297763360E-02   1.743981214E+02   1.298850996E+02   3.896916198E+01
  2.6500000E+03   1.019914965E+00   1.970354109E-03   2.273128997E-02   6.969383153E+01   1.291809286E+02   3.900530162E+01
  2.6600000E+03   1.019168159E+00   1.580136068E-03   2.244056300E-02   2.583958180E+01   7.110241636E+01   3.900492445E+01
  2.6700000E+03   1.018563448E+00   2.503935390E-03   2.218150367E-02   1.033672534E+01   3.482797609E+02   3.911377166E+01
  2.6800000E+03   1.017776705E+00   2.222986719E-03   2.194833911E-02   1.751424810E+01   2.464918849E+02   3.914937341E+01
  2.6900000E+03   1.017202194E+00   2.297406732E-03   2.166286563E-02   3.333374979E+02   1.995269073E+02   3.916207052E+01
  2.7000000E+03   1.016158684E+00   1.402668723E-03   2.140917670E-02   3.482976603E+02   9.715139174E+01   3.927123455E+01
  2.7100000E+03   1.015683818E+00   7.436338747E-04   2.117059999E-02   3.194556063E+02   4.227185737E+01   3.924560608E+01
  2.7200000E+03   1.014943305E+00   1.409637586E-03   2.090908058E-02   3.271970936E+02   3.141209477E+02   3.932132063E+01
  2.7300000E+03   1.014207273E+00   3.886578201E-04   2.068282157E-02   3.189837316E+02   2.458224720E+02   3.934867999E+01
  2.7400000E+03   1.013455483E+00   9.469940620E-04   2.045698339E-02   2.844973705E+02   2.072042601E+02   3.943407216E+01
  2.7500000E+03   1.012530360E+00   7.516259381E-04   2.022824681E-02   3.322147219E+02   9.002976956E+01   3.946386498E+01
  2.7600000E+03   1.012264622E+00   4.188144585E-04   1.996494402E-02   1.616297787E+00   3.548171721E+02   3.952887688E+01
  2.7700000E+03   1.011477027E+00   5.134594420E-04   1.976195807E-02   1.182448293E+01   2.823230602E+02   3.952542351E+01
  2.7800000E+03   1.010593501E+00   6.927028538E-04   1.953432244E-02   1.738699695E+01   2.181169176E+02   3.963113605E+01
  2.7900000E+03   1.010150013E+00   1.455762262E-03   1.931479077E-02   1.381902662E+02   4.211327044E+01   3.962619790E+01
  2.8000000E+03   1.009412038E+00   1.202007794E-03   1.908398317E-02   1.991617289E+02   2.897265061E+02   3.969739792E+01
  2.8100000E+03   1.008685715E+00   8.399355013E-04   1.888892586E-02   2.447219399E+02   1.963434741E+02   3.972870999E+01
  2.8200000E+03   1.008125556E+00   2.089831919E-03   1.867119241E-02   2.595158705E+02   1.371276232E+02   3.979637394E+01
  2.8300000E+03   1.007228177E+00   2.059303603E-03   1.844712724E-02   3.102493893E+02   4.580416498E+01   3.981003229E+01
  2.8400000E+03   1.007132408E+00   1.868855662E-03   1.826863559E-02   1.010302145E+01   3.088842234E+02   3.984532615E+01
  2.8500000E+03   1.006067119E+00   3.496018684E-04   1.803358179E-02   1.539231469E+02   1.315112859E+02   3.992730627E+01
  2.8600000E+03   1.005228262E+00   8.758930345E-04   1.783246798E-02   2.608147041E+02   3.547502266E+02   3.991595820E+01
  2.8700000E+03   1.004811841E+00   1.725411593E-03   1.764309452E-02   3.356998337E+02   2.536582788E+02   3.998801446E+01
  2.8800000E+03   1.004200997E+00   1.586046386E-03   1.742378124E-02   3.413576033E+02   2.252008574E+02   3.998728917E+01
  2.8900000E+03   1.003156774E+00   4.705763165E-04   1.725397664E-02   7.120927656E+01   1.163880818E+02   4.001881437E+01
  2.9000000E+03   1.002857402E+00   6.395164586E-04   1.707240389E-02   3.098402879E+02   2.222536772E+02   4.005685407E+01
  2.9100000E+03   1.002343070E+00   1.841253895E-03   1.686552486E-02   3.447810836E+02   1.754921123E+02   4.007704379E+01
  2.9200000E+03   1.001243550E+00   1.021110187E-03   1.669268844E-02   5.516587294E+01   9.683053639E+01   4.009791309E+01
  2.9300000E+03   1.000808706E+00   3.607101249E-04   1.651756584E-02   3.251193644E+01   1.149862927E+02   4.014641449E+01
  2.9400000E+03   1.000117615E+00   1.900908727E-03   1.632659743E-02   4.657563339E+00   1.416106164E+02   4.020165374E+01
  2.9500000E+03   9.991150155E-01   1.001706161E-03   1.613650817E-02   7.396872392E+01   7.503120938E+01   4.022405738E+01
  2.9600000E+03   9.987039205E-01   1.359191413E-03   1.596690909E-02   1.312353099E+01   1.420805947E+02   4.021678234E+01
  2.9700000E+03   9.980777559E-01   1.277885495E-03   1.579338701E-02   3.946930385E+01   1.254818513E+02   4.025085433E+01
  2.9800000E+03   9.970552290E-01   1.069149196E-03   1.563956711E-02   3.477003794E+02   1.907079147E+02   4.028464579E+01
  2.9900000E+03   9.967793794E-01   1.815052552E-03   1.546496650E-02   5.839910401E+01   1.371063072E+02   4.034908670E+01
  3.0000000E+03   9.960914341E-01   1.014757655E-03   1.527546269E-02   3.183214191E+02   2.577994155E+02   4.033724106E+01
  3.0100000E+03   9.952155704E-01   1.792395108E-03   1.511362016E-02   3.232326970E+01   2.082413809E+02   4.033597738E+01
  3.0200000E+03   9.947934133E-01   4.265913205E-04   1.497085440E-02   4.615796944E+01   2.224654216E+02   4.036290393E+01
  3.0300000E+03   9.941114556E-01   1.730783036E-03   1.480561822E-02   2.121561576E+01   2.788116148E+02   4.038035271E+01
  3.0400000E+03   9.931340789E-01   1.042438915E-03   1.464978200E-02   3.590017969E+02   3.363607912E+02   4.040578001E+01
  3.0500000E+03   9.927060084E-01   1.956600789E-03   1.450021222E-02   7.049218003E+01   3.037390274E+02   4.043791599E+01
  3.0600000E+03   9.921635784E-01   1.724900727E-03   1.433434029E-02   3.418362234E+02   7.456891265E+01   4.042822321E+01
  3.0700000E+03   9.911503742E-01   1.000499438E-03   1.418226338E-02   6.436977036E+01   3.830065079E+01   4.049908370E+01
  3.0800000E+03   9.908640762E-01   1.937787272E-03   1.403653613E-02   3.900609543E+01   1.134041186E+02   4.048544425E+01
  3.0900000E+03   9.901651090E-01   9.980708642E-04   1.387577314E-02   3.251912204E+02   2.405154445E+02   4.050141879E+01
  3.1000000E+03   9.891910627E-01   1.245597577E-03   1.374323497E-02   5.072740348E+01   2.118510834E+02   4.052823252E+01
  3.1100000E+03   9.891169798E-01   1.789630005E-03   1.359815791E-02   2.314173902E+01   2.999231602E+02   4.053049943E+01
  3.1200000E+03   9.882205124E-01   1.294022811E-03   1.344986701E-02   3.126342396E+02   7.478852279E+01   4.054370153E+01
  3.1300000E+03   9.872349034E-01   8.079213500E-04   1.332915753E-02   9.488440126E+00   8.590622819E+01   4.054731354E+01
  3.1400000E+03   9.869273471E-01   2.020066330E-03   1.318200825E-02   2.545419622E+01   1.413428528E+02   4.063839785E+01
  3.1500000E+03   9.862773757E-01   1.864260549E-03   1.303338352E-02   3.241959040E+02   2.776610394E+02   4.051959232E+01
  3.1600000E+03   9.853601709E-01   1.112726631E-03   1.291203670E-02   3.148081540E+02   5.713881393E+00   4.063060609E+01
  3.1700000E+03   9.849240951E-01   1.237627037E-03   1.276381915E-02   2.912166592E+01   1.414527436E+01   4.061426119E+01
  3.1800000E+03   9.843768397E-01   1.067316503E-03   1.263835242E-02   3.322684926E+02   1.573034370E+02   4.058858165E+01
  3.1900000E+03   9.834772177E-01   2.164106510E-03   1.250688127E-02   3.141512075E+02   2.651877900E+02   4.065799265E+01
  3.2000000E+03   9.829252684E-01   1.980391222E-03   1.237653550E-02   3.236397996E+02   3.490166160E+02   4.067798385E+01
  3.2100000E+03   9.822990856E-01   1.481010306E-03   1.225569729E-02   2.554214987E+02   1.541253957E+02   4.065773728E+01
  3.2200000E+03   9.815681466E-01   1.441958236E-03   1.212358544E-02   2.626302047E+02   2.473939668E+02   4.071536075E+01
  3.2300000E+03   9.809573683E-01   8.402544591E-04   1.201688541E-02   3.053344895E+02   3.090405701E+02   4.065364021E+01
  3.2400000E+03   9.803344236E-01   8.149002324E-04   1.188106546E-02   2.573785089E+02   1.051151846E+02   4.073919443E+01
  3.2500000E+03   9.796122816E-01   1.355942068E-03   1.175192014E-02   2.724986681E+02   2.015862824E+02   4.067667977E+01
  3.2600000E+03   9.791669472E-01   1.193322323E-03   1.165808249E-02   2.902285285E+02   2.988444808E+02   4.076429472E+01
  3.2700000E+03   9.783204900E-01   1.321368452E-03   1.151871105E-02   2.398995765E+02   1.081833739E+02   4.076197708E+01
  3.2800000E+03   9.778049121E-01   1.655155913E-03   1.141534393E-02   2.522495831E+02   2.180101072E+02   4.070461153E+01
  3.2900000E+03   9.770277867E-01   1.510917793E-03   1.128840662E-02   2.306401291E+02   5.331799335E+00   4.079936275E+01
  3.3000000E+03   9.763981846E-01   1.332198052E-03   1.118098566E-02   2.099508256E+02   1.552625147E+02   4.078266678E+01
  3.3100000E+03   9.759679991E-01   1.487475452E-03   1.107022774E-02   2.239386341E+02   2.744223575E+02   4.080160690E+01
  3.3200000E+03   9.750375522E-01   1.459843978E-03   1.095930090E-02   1.929253391E+02   8.169833035E+01   4.073918411E+01
  3.3300000E+03   9.746858353E-01   1.087668045E-03   1.083795778E-02   1.622598387E+02   2.520330428E+02   4.083520365E+01
  3.3400000E+03   9.739358483E-01   1.214030532E-03   1.074053696E-02   1.827417420E+02   1.533038766E+01   4.078840666E+01
  3.3500000E+03   9.736248713E-01   1.050041382E-03   1.063087183E-02   1.201058284E+02   2.250955754E+02   4.085197968E+01
  3.3600000E+03   9.727392806E-01   1.799738912E-03   1.053103727E-02   1.199529783E+02   1.598669438E+01   4.083003666E+01
  3.3700000E+03   9.721892620E-01   2.021916275E-03   1.042829187E-02   1.253543918E+02   1.649687525E+02   4.087639512E+01
  3.3800000E+03   9.714823400E-01   1.848390726E-03   1.033168692E-02   1.098179926E+02   3.388559002E+02   4.081630033E+01
  3.3900000E+03   9.708752507E-01   2.300005035E-03   1.021998696E-02   1.154186527E+02   1.353865625E+02   4.090271330E+01
  3.4000000E+03   9.704396415E-01   2.260521679E-03   1.014133187E-02   1.340009752E+02   2.818317920E+02   4.084342942E+01
  3.4100000E+03   9.698053020E-01   1.464102497E-03   1.001429868E-02   6.190085370E+01   1.624469078E+02   4.089187584E+01
  3.4200000E+03   9.690341235E-01   1.493815387E-03   9.944710915E-03   7.234299116E+01   3.243189475E+02   4.089195297E+01
  3.4300000E+03   9.685013049E-01   2.309471706E-03   9.831673539E-03   8.485937017E+01   1.287341064E+02   4.090814339E+01
  3.4400000E+03   9.680491297E-01   2.158625575E-03   9.748832963E-03   6.854284063E+01   3.248103062E+02   4.095145235E+01
  3.4500000E+03   9.670165569E-01   1.920059509E-03   9.649899992E-03   6.928463115E+01   1.475110580E+02   4.091259486E+01
  3.4600000E+03   9.668576119E-01   1.760608703E-03   9.555145500E-03   5.630116512E+01   3.471914405E+02   4.100639250E+01
  3.4700000E+03   9.661195408E-01   2.273263653E-03   9.467410204E-03   2.491917506E+01   2.089380367E+02   4.093768794E+01
  3.4800000E+03   9.652161744E-01   2.443545440E-03   9.364734593E-03   5.800818314E+01   1.096539214E+01   4.096309868E+01
  3.4900000E+03   9.649499125E-01   1.913739494E-03   9.300259562E-03   4.548494556E+01   2.212702276E+02   4.103409210E+01
  3.5000000E+03   9.644179851E-01   2.644285835E-03   9.191112786E-03   1.511280668E+01   9.294102290E+01   4.086958639E+01
  3.5100000E+03   9.634474923E-01   2.849616740E-03   9.118510756E-03   2.996247186E+01   2.829946414E+02   4.105693104E+01
  3.5200000E+03   9.632023332E-01   1.721555222E-03   9.045746699E-03   2.973625805E+01   1.314245342E+02   4.095638388E+01
  3.5300000E+03   9.623677443E-01   2.698362009E-03   8.931077602E-03   1.036635440E+01   3.261407592E+00   4.106032085E+01
  3.5400000E+03   9.615979223E-01   2.247049944E-03   8.877753999E-03   2.589526715E+01   2.043236467E+02   4.109976988E+01
  3.5500000E+03   9.614169625E-01   2.360601797E-03   8.785811219E-03   2.297039832E+01   6.631251745E+01   4.096678645E+01
  3.5600000E+03   9.606019319E-01   3.008410400E-03   8.703827803E-03   1.113292107E+01   3.005392285E+02   4.107800133E+01
  3.5700000E+03   9.599202289E-01   2.424180669E-03   8.631595413E-03   7.399774295E+00   1.706783657E+02   4.115399872E+01
  3.5800000E+03   9.596375259E-01   2.991054901E-03   8.549881343E-03   2.251140595E+01   2.519272313E+01   4.104623423E+01
  3.5900000E+03   9.588130036E-01   1.848154950E-03   8.459045174E-03   9.256263064E+00   2.719570868E+02   4.107132366E+01
  3.6000000E+03   9.581367779E-01   3.208173102E-03   8.411975296E-03   1.934235859E+01   1.398974172E+02   4.121508091E+01
  3.6100000E+03   9.578381577E-01   2.929760368E-03   8.335144498E-03   4.459790761E+01   3.556693428E+02   4.109752354E+01
  3.6200000E+03   9.572273665E-01   2.850964936E-03   8.231774431E-03   1.841995229E+01   2.650185749E+02   4.116232556E+01
  3.6300000E+03   9.562856811E-01   3.004473710E-03   8.192161462E-03   5.196677607E+01   1.189813817E+02   4.122986701E+01
  3.6400000E+03   9.560708814E-01   3.639719624E-03   8.107110694E-03   5.033759136E+01   1.178066478E+01   4.105287634E+01
  3.6500000E+03   9.554949835E-01   2.119632098E-03   8.015257236E-03   4.532979324E+01   2.704316615E+02   4.116925619E+01
  3.6600000E+03   9.546591964E-01   2.979608126E-03   7.978253158E-03   7.265440187E+01   1.410686993E+02   4.124450516E+01
  3.6700000E+03   9.541336067E-01   3.028196741E-03   7.896093667E-03   1.081179882E+02   8.460511116E+00   4.113536692E+01
  3.6800000E+03   9.536567538E-01   3.267421416E-03   7.818336596E-03   9.127986942E+01   2.908304854E+02   4.121972312E+01
  3.6900000E+03   9.531020245E-01   2.486387387E-03   7.768923609E-03   1.191925975E+02   1.708403331E+02   4.134765134E+01
  3.7000000E+03   9.525754482E-01   3.729522019E-03   7.698294277E-03   1.619856273E+02   3.949322085E+01   4.120707855E+01
  3.7100000E+03   9.516797377E-01   3.361590216E-03   7.624781037E-03   1.581034972E+02   3.185573357E+02   4.117890695E+01
  3.7200000E+03   9.514276797E-01   3.108991376E-03   7.544470335E-03   1.885054654E+02   2.065721882E+02   4.125601310E+01
  3.7300000E+03   9.508566758E-01   3.367241648E-03   7.503041453E-03   2.188786510E+02   9.742041475E+01   4.127001082E+01
  3.7400000E+03   9.502249229E-01   2.572547646E-03   7.450207647E-03   2.699805877E+02   3.317707740E+02   4.122488357E+01
  3.7500000E+03   9.495605964E-01   3.322423630E-03   7.360902471E-03   2.822153870E+02   2.495393016E+02   4.115272244E+01
  3.7600000E+03   9.488170474E-01   3.313341502E-03   7.315469952E-03   3.143677252E+02   1.506341211E+02   4.147554658E+01
  3.7700000E+03   9.487568044E-01   3.536503449E-03   7.275867834E-03   7.838800521E+00   3.310714011E+01   4.141162760E+01
  3.7800000E+03   9.482187235E-01   3.351786914E-03   7.201831676E-03   2.517893577E+01   3.141370058E+02   4.117867477E+01
  3.7900000E+03   9.473041716E-01   3.301241533E-03   7.113086876E-03   7.987417461E+01   2.015540101E+02   4.140176093E+01
  3.8000000E+03   9.470417515E-01   4.273074991E-03   7.094539269E-03   1.313973790E+02   9.594181957E+01   4.144759297E+01
  3.8100000E+03   9.462940678E-01   3.829180772E-03   7.029145915E-03   1.502769715E+02   2.581562960E+01   4.123340161E+01
  3.8200000E+03   9.459500037E-01   2.545160943E-03   6.951247344E-03   2.015938540E+02   2.863192873E+02   4.120963757E+01
  3.8300000E+03   9.450931238E-01   3.251824325E-03   6.914001005E-03   2.877570377E+02   1.557165433E+02   4.152279216E+01
  3.8400000E+03   9.446505891E-01   4.109327394E-03   6.882250249E-03   3.431062768E+02   6.110726535E+01   4.134111919E+01
  3.8500000E+03   9.442207854E-01   3.312520164E-03   6.816578253E-03   1.811844523E+01   3.499982431E+02   4.126880226E+01
  3.8600000E+03   9.436730364E-01   3.354659947E-03   6.748643678E-03   9.402523148E+01   2.401179685E+02   4.134014828E+01
  3.8700000E+03   9.432858184E-01   3.862602227E-03   6.721421190E-03   1.672050426E+02   1.353667224E+02   4.147521357E+01
  3.8800000E+03   9.423857530E-01   3.856599263E-03   6.668995920E-03   2.336236739E+02   4.162656257E+01   4.140899521E+01
  3.8900000E+03   9.423516445E-01   3.924603989E-03   6.625764279E-03   2.921303136E+02   3.193707243E+02   4.129910290E+01
  3.9000000E+03   9.417208031E-01   4.359804112E-03   6.550832109E-03   3.577725567E+02   2.328986290E+02   4.118673079E+01
  3.9100000E+03   9.413828536E-01   3.131525023E-03   6.501806183E-03   7.793437063E+01   1.345575083E+02   4.139106366E+01
  3.9200000E+03   9.402335036E-01   2.607120266E-03   6.468113022E-03   1.689648058E+02   2.907288224E+01   4.151711320E+01
  3.9300000E+03   9.397686922E-01   3.358561103E-03   6.449351198E-03   2.569445415E+02   2.916673498E+02   4.127211112E+01
  3.9400000E+03   9.391772647E-01   3.824049687E-03   6.372734014E-03   3.464224516E+02   1.963559339E+02   4.128610199E+01
  3.9500000E+03   9.392118437E-01   3.460263763E-03   6.326333502E-03   8.470849659E+01   9.429379588E+01   4.146902825E+01
  3.9600000E+03   9.382331384E-01   3.328745135E-03   6.299521685E-03   1.785193935E+02   3.590757075E+02   4.158533864E+01
  3.9700000E+03   9.378937258E-01   4.093788320E-03   6.267534953E-03   2.696246398E+02   2.711390872E+02   4.121771819E+01
  3.9800000E+03   9.372150890E-01   4.466281082E-03   6.190209506E-03   1.008269376E+00   1.859165983E+02   4.138348599E+01
  3.9900000E+03   9.370673062E-01   3.884643225E-03   6.155388737E-03   1.011760846E+02   9.468321412E+01   4.152967523E+01
  4.0000000E+03   9.360875513E-01   3.353385417E-03   6.135139841E-03   2.094120886E+02   3.583878277E+02   4.153029327E+01
  4.0100000E+03   9.360397781E-01   3.109267941E-03   6.077825220E-03   3.177467388E+02   2.658654913E+02   4.128733379E+01
  4.0200000E+03   9.351683649E-01   3.293167975E-03   6.034848518E-03   8.047778325E+01   1.630154593E+02   4.149340133E+01
  4.0300000E+03   9.346329868E-01   3.596172062E-03   6.001749401E-03   2.126571959E+02   5.493460370E+01   4.158024983E+01
  4.0400000E+03   9.344048094E-01   3.597308941E-03   5.986139598E-03   3.445655778E+02   3.096084110E+02   4.152477625E+01
  4.0500000E+03   9.338170453E-01   3.294932895E-03   5.920401859E-03   9.630076090E+01   2.268420028E+02   4.139836816E+01
  4.0600000E+03   9.330517675E-01   4.184792549E-03   5.890367973E-03   2.261992034E+02   1.300005753E+02   4.143978336E+01
  4.0700000E+03   9.325525458E-01   4.383567678E-03   5.826862591E-03   3.488977583E+02   4.359250711E+01   4.153937838E+01
  4.0800000E+03   9.322670139E-01   3.545701791E-03   5.811699486E-03   1.226020878E+02   3.084166458E+02   4.170084882E+01
  4.0900000E+03   9.317335982E-01   3.249395506E-03   5.784635777E-03   2.745307324E+02   1.984541083E+02   4.160878808E+01
  4.1000000E+03   9.311530410E-01   3.448224890E-03   5.735510543E-03   3.446757714E+01   1.247786983E+02   4.132750341E+01
  4.1100000E+03   9.302697813E-01   3.609909742E-03   5.671277740E-03   1.788721954E+02   3.066190536E+01   4.170328950E+01
  4.1200000E+03   9.297221820E-01   3.424350649E-03   5.686053069E-03   3.324714971E+02   2.913875919E+02   4.181070202E+01
  4.1300000E+03   9.296610512E-01   3.325320023E-03   5.661546481E-03   1.407347785E+02   1.801934412E+02   4.161647982E+01
  4.1400000E+03   9.290990255E-01   3.884711295E-03   5.596843446E-03   3.075780271E+02   7.292393116E+01   4.135063350E+01
  4.1500000E+03   9.283968591E-01   3.894707142E-03   5.548165716E-03   8.618790670E+01   3.570687830E+02   4.174766033E+01
  4.1600000E+03   9.280083436E-01   4.101704470E-03   5.544150607E-03   2.419497854E+02   2.682697395E+02   4.166801649E+01
  4.1700000E+03   9.274792493E-01   3.576116496E-03   5.513923110E-03   4.318776363E+01   1.762272021E+02   4.148804694E+01
  4.1800000E+03   9.270787727E-01   3.013804752E-03   5.449890717E-03   2.209581435E+02   7.076127310E+01   4.144255037E+01
  4.1900000E+03   9.264322945E-01   3.409363743E-03   5.443657959E-03   4.259768388E+01   3.257662024E+02   4.164914026E+01
  4.2000000E+03   9.250567154E-01   3.848476691E-03   5.416183630E-03   2.068287615E+02   2.430287660E+02   4.149133821E+01
  4.2100000E+03   9.252513347E-01   4.011577810E-03   5.387643670E-03   9.986096697E+00   1.648770016E+02   4.154146670E+01
  4.2200000E+03   9.248072833E-01   3.757827390E-03   5.354621988E-03   1.888526241E+02   7.385037285E+01   4.144471995E+01
  4.2300000E+03   9.241986979E-01   3.233438188E-03   5.337395161E-03   2.428177471E+01   3.283389940E+02   4.152669207E+01
  4.2400000E+03   9.236488619E-01   3.702737306E-03   5.304344505E-03   2.332315144E+02   2.133581446E+02   4.142284488E+01
  4.2500000E+03   9.233351212E-01   4.376980902E-03   5.291505782E-03   6.457219783E+01   1.197739292E+02   4.135498064E+01
  4.2600000E+03   9.230520972E-01   3.782746289E-03   5.243571359E-03   2.518810533E+02   3.239411992E+01   4.124290020E+01
  4.2700000E+03   9.224295673E-01   2.953234154E-03   5.200255454E-03   7.176988653E+01   3.152290016E+02   4.116330069E+01
  4.2800000E+03   9.216860136E-01   3.463809052E-03   5.185384244E-03   2.825604896E+02   2.116440504E+02   4.139206135E+01
  4.2900000E+03   9.208656832E-01   4.187019889E-03   5.201803982E-03   1.176550524E+02   1.289328889E+02   4.107256887E+01
  4.3000000E+03   9.203130244E-01   4.246908428E-03   5.142232603E-03   3.168127239E+02   4.596646028E+01   4.086347181E+01
  4.3100000E+03   9.200368533E-01   3.710947393E-03   5.118718283E-03   1.706458275E+02   3.109146294E+02   4.118006962E+01
  4.3200000E+03   9.198171043E-01   3.331269574E-03   5.113980422E-03   3.862036683E+01   2.040787655E+02   4.136673507E+01
  4.3300000E+03   9.190697307E-01   3.590273119E-03   5.113456574E-03   2.694444554E+02   9.820988966E+01   4.083500797E+01
  4.3400000E+03   9.184911662E-01   3.499825300E-03   5.045012123E-03   1.161645946E+02   2.013228113E+01   4.071430471E+01
  4.3500000E+03   9.183568628E-01   3.754670803E-03   5.024871288E-03   3.383572975E+02   2.890851228E+02   4.092121904E+01
  4.3600000E+03   9.177220485E-01   3.381418817E-03   5.021171729E-03   2.063311056E+02   1.946974095E+02   4.097660736E+01
  4.3700000E+03   9.168598019E-01   3.554744623E-03   4.997625719E-03   8.411800788E+01   9.510146092E+01   4.055451998E+01
  4.3800000E+03   9.164216283E-01   4.032823781E-03   4.967201659E-03   3.189289896E+02   2.700444970E+00   4.073492651E+01
  4.3900000E+03   9.156728767E-01   4.372898124E-03   4.968049720E-03   1.910399366E+02   2.775828123E+02   4.059659391E+01
  4.4000000E+03   9.154753031E-01   4.408968930E-03   4.943185218E-03   6.663328436E+01   1.923891964E+02   4.064792090E+01
  4.4100000E+03   9.150454704E-01   4.079305322E-03   4.931448169E-03   3.155732587E+02   9.670400915E+01   4.047761340E+01
  4.4200000E+03   9.141125949E-01   3.636063752E-03   4.904033612E-03   2.061798336E+02   1.474742634E+00   4.051419142E+01
  4.4300000E+03   9.140007772E-01   3.848908516E-03   4.885297729E-03   9.836671375E+01   2.688191835E+02   4.033744149E+01
  4.4400000E+03   9.135783065E-01   4.593364371E-03   4.867780619E-03   3.518081663E+02   1.783806134E+02   4.047119559E+01
  4.4500000E+03   9.132350102E-01   3.941033026E-03   4.859495923E-03   2.403276772E+02   9.528880818E+01   4.022895961E+01
  4.4600000E+03   9.123755386E-01   3.261249534E-03   4.840126763E-03   1.449960746E+02   3.591145868E+02   4.007675740E+01
  4.4700000E+03   9.118288238E-01   3.556259235E-03   4.798373708E-03   5.731549918E+01   2.599246018E+02   4.001825657E+01
  4.4800000E+03   9.111087410E-01   4.279700338E-03   4.812636622E-03   3.216731069E+02   1.728341162E+02   4.040622263E+01
  4.4900000E+03   9.105712859E-01   4.269548362E-03   4.821420344E-03   2.258795418E+02   9.086681495E+01   3.986597417E+01
  4.5000000E+03   9.102666625E-01   3.723233033E-03   4.782723529E-03   1.444909707E+02   3.574523843E+02   3.974726594E+01
  4.5100000E+03   9.101842767E-01   3.647939431E-03   4.747812142E-03   7.173677248E+01   2.576602455E+02   3.980382925E+01
  4.5200000E+03   9.093793927E-01   3.907527045E-03   4.763145556E-03   8.190474176E+00   1.513637674E+02   4.008382696E+01
  4.5300000E+03   9.088584752E-01   4.377838469E-03   4.759367070E-03   3.021883001E+02   5.268022576E+01   3.964092028E+01
  4.5400000E+03   9.081214234E-01   4.096524576E-03   4.733259265E-03   2.205776916E+02   3.323101719E+02   3.938588729E+01
  4.5500000E+03   9.079286460E-01   3.510141111E-03   4.683592745E-03   1.372447042E+02   2.553810591E+02   3.940743763E+01
  4.5600000E+03   9.073621080E-01   3.327847612E-03   4.697712351E-03   7.335832928E+01   1.631380268E+02   3.949635213E+01
  4.5700000E+03   9.067887517E-01   3.860599181E-03   4.679293543E-03   1.207147810E+01   7.380367756E+01   3.914515139E+01
  4.5800000E+03   9.061521308E-01   4.137234262E-03   4.680406286E-03   3.065408996E+02   3.525886438E+02   3.926729246E+01
  4.5900000E+03   9.053899141E-01   4.345918753E-03   4.673762815E-03   2.454217939E+02   2.713749246E+02   3.873882673E+01
  4.6000000E+03   9.050043638E-01   4.237042675E-03   4.625984188E-03   1.919388790E+02   1.853165279E+02   3.892473199E+01
  4.6100000E+03   9.046334934E-01   4.004564242E-03   4.633341086E-03   1.460897501E+02   9.416904630E+01   3.907889146E+01
  4.6200000E+03   9.042321828E-01   3.796598571E-03   4.645613854E-03   1.129428823E+02   3.527417613E+02   3.904555333E+01
  4.6300000E+03   9.035346927E-01   4.442648618E-03   4.633369247E-03   7.765966531E+01   2.578212064E+02   3.840179758E+01
  4.6400000E+03   9.030465132E-01   5.146098481E-03   4.586793693E-03   2.951557926E+01   1.787550239E+02   3.868758220E+01
  4.6500000E+03   9.027701260E-01   4.730324316E-03   4.612012773E-03   3.373645927E+02   1.068182308E+02   3.857693640E+01
  4.6600000E+03   9.023963938E-01   3.917693661E-03   4.589714492E-03   3.002482247E+02   2.273285355E+01   3.824652573E+01
  4.6700000E+03   9.018722739E-01   3.208040643E-03   4.557556963E-03   2.878038814E+02   2.770922685E+02   3.810796731E+01
  4.6800000E+03   9.012699668E-01   3.107739426E-03   4.570013873E-03   2.741498690E+02   1.762170304E+02   3.833594699E+01
  4.6900000E+03   9.005168203E-01   3.395326237E-03   4.571093579E-03   2.644140690E+02   7.703601979E+01   3.771925223E+01
  4.7000000E+03   8.999204315E-01   3.936196398E-03   4.543904625E-03   2.509147383E+02   3.455801752E+02   3.778416569E+01
  4.7100000E+03   8.995964478E-01   4.454593080E-03   4.547170468E-03   2.342367755E+02   2.606097771E+02   3.764665021E+01
  4.7200000E+03   8.993727376E-01   3.845348183E-03   4.549639761E-03   2.304353486E+02   1.646843269E+02   3.760179852E+01
  4.7300000E+03   8.988436893E-01   3.674052982E-03   4.528282299E-03   2.434747843E+02   5.501380860E+01   3.724942444E+01
  4.7400000E+03   8.982155059E-01   4.631271104E-03   4.533720792E-03   2.545899294E+02   3.113026186E+02   3.707506075E+01
  4.7500000E+03   8.977611453E-01   4.913101425E-03   4.496498183E-03   2.524515307E+02   2.249743165E+02   3.673767613E+01
  4.7600000E+03   8.974558575E-01   4.077628528E-03   4.491911278E-03   2.582003239E+02   1.332130036E+02   3.684060209E+01
  4.7700000E+03   8.967910109E-01   3.030498389E-03   4.486104616E-03   2.849470616E+02   2.391677642E+01   3.668756586E+01
  4.7800000E+03   8.960179166E-01   3.396701752E-03   4.484320652E-03   3.154896272E+02   2.759930569E+02   3.614589892E+01
  4.7900000E+03   8.953699162E-01   3.930144208E-03   4.452117760E-03   3.251864280E+02   1.934223468E+02   3.622564064E+01
  4.8000000E+03   8.950322368E-01   4.155331068E-03   4.482703062E-03   3.358895014E+02   1.134291752E+02   3.617163118E+01
  4.8100000E+03   8.947518527E-01   3.633590614E-03   4.482639075E-03   3.595443917E+02   2.267076351E+01   3.579490521E+01
  4.8200000E+03   8.942198680E-01   3.719033740E-03   4.454025256E-03   4.400090925E+01   2.737723962E+02   3.523611669E+01
  4.8300000E+03   8.935955099E-01   4.258102140E-03   4.432220401E-03   8.402503575E+01   1.725496037E+02   3.556369534E+01
  4.8400000E+03   8.930902143E-01   4.411094773E-03   4.449801902E-03   1.212069594E+02   7.914530805E+01   3.507100450E+01
  4.8500000E+03   8.927497633E-01   4.040470601E-03   4.425040201E-03   1.564990769E+02   3.507711085E+02   3.478267649E+01
  4.8600000E+03   8.925069223E-01   3.020734648E-03   4.397524753E-03   2.011614803E+02   2.558934507E+02   3.465064403E+01
  4.8700000E+03   8.917592201E-01   2.563877112E-03   4.424484702E-03   2.636789407E+02   1.471409920E+02   3.459700032E+01
  4.8800000E+03   8.910601905E-01   3.285725548E-03   4.408584460E-03   3.294636254E+02   4.104320307E+01   3.392605421E+01
  4.8900000E+03   8.907185212E-01   4.424010172E-03   4.397103207E-03   2.068807114E+01   3.128272785E+02   3.383275842E+01
  4.9000000E+03   8.904779386E-01   3.948149206E-03   4.385211924E-03   7.200173647E+01   2.263812503E+02   3.373726801E+01
  4.9100000E+03   8.898080286E-01   2.954270713E-03   4.397780760E-03   1.507288351E+02   1.152784404E+02   3.341495169E+01
  4.9200000E+03   8.889541460E-01   4.134271860E-03   4.387032369E-03   2.336954427E+02   4.146743195E+00   3.325832261E+01
  4.9300000E+03   8.888222857E-01   4.820191236E-03   4.392706731E-03   2.926273283E+02   2.815864050E+02   3.265889561E+01
  4.9400000E+03   8.884299113E-01   4.568338930E-03   4.348756055E-03   3.582185310E+02   1.954938483E+02   3.252060653E+01
  4.9500000E+03   8.879558093E-01   3.755544194E-03   4.344920439E-03   8.760906955E+01   8.862924708E+01   3.248152819E+01
  4.9600000E+03   8.873310014E-01   3.403923647E-03   4.364992227E-03   1.881950259E+02   3.339075316E+02   3.232361197E+01
  4.9700000E+03   8.866641394E-01   3.295180940E-03   4.345454153E-03   2.830283508E+02   2.299515789E+02   3.167269701E+01
  4.9800000E+03   8.859129283E-01   3.765189097E-03   4.360371633E-03   6.143367071E+00   1.423981808E+02   3.158775866E+01
  4.9900000E+03   8.856003119E-01   4.281946378E-03   4.358180636E-03   8.664678310E+01   6.212989189E+01   3.070746093E+01
  5.0000000E+03   8.852211732E-01   3.875422299E-03   4.330696865E-03   1.829628144E+02   3.279452663E+02   3.042860585E+01
  5.0100000E+03   8.850192307E-01   2.932297355E-03   4.305398330E-03   2.990766239E+02   2.163167135E+02   3.014492410E+01
  5.0200000E+03   8.843954639E-01   3.105447227E-03   4.296223092E-03   5.862618673E+01   1.051645411E+02   2.963112939E+01
  5.0300000E+03   8.835243831E-01   3.940597303E-03   4.249293279E-03   1.715964714E+02   4.778753567E+00   2.948861502E+01
  5.0400000E+03   8.834695228E-01   4.371660245E-03   4.249934110E-03   2.974652606E+02   2.553412957E+02   2.914090695E+01
  5.0500000E+03   8.829982765E-01   3.466281635E-03   4.222890724E-03   6.630285274E+01   1.456552583E+02   2.870707864E+01
  5.0600000E+03   8.822371121E-01   3.200033863E-03   4.190258780E-03   2.084581237E+02   2.626824290E+01   2.849894962E+01
  5.0700000E+03   8.814958140E-01   3.314935183E-03   4.205783961E-03   3.332588149E+02   2.897241280E+02   2.775890920E+01
  5.0800000E+03   8.809280932E-01   3.681895722E-03   4.182330620E-03   9.687808439E+01   1.988842220E+02   2.743579512E+01
  5.0900000E+03   8.805531197E-01   3.747107134E-03   4.215879198E-03   2.347243672E+02   9.719846882E+01   2.718767404E+01
  5.1000000E+03   8.804060579E-01   3.266454640E-03   4.216803425E-03   1.927569882E+01   3.511917560E+02   2.693971573E+01
  5.1100000E+03   8.794960637E-01   2.897579273E-03   4.184828552E-03   1.799562382E+02   2.320612723E+02   2.672804015E+01
  5.1200000E+03   8.792903426E-01   4.097076560E-03   4.191688298E-03   3.472798172E+02   1.109062324E+02   2.649149650E+01
  5.1300000E+03   8.787957203E-01   4.481346172E-03   4.165693911E-03   1.351967659E+02   1.331894582E+01   2.596936056E+01
  5.1400000E+03   8.783785311E-01   3.492378202E-03   4.173735671E-03   2.879396059E+02   2.734771435E+02   2.576546792E+01
  5.1500000E+03   8.776583670E-01   2.697764023E-03   4.166710443E-03   9.538440466E+01   1.623699031E+02   2.558920201E+01
  5.1600000E+03   8.771452717E-01   3.283308480E-03   4.128014386E-03   2.706336311E+02   4.846669235E+01   2.507795276E+01
  5.1700000E+03   8.765912600E-01   3.567668774E-03   4.165335266E-03   7.711919250E+01   3.081218330E+02   2.490377911E+01
  5.1800000E+03   8.759688859E-01   3.532734024E-03   4.145754104E-03   2.671950454E+02   1.884888229E+02   2.457945105E+01
  5.1900000E+03   8.760396789E-01   3.421069115E-03   4.136283169E-03   8.100455102E+01   8.763630460E+01   2.414113647E+01
  5.2000000E+03   8.751783567E-01   3.661278392E-03   4.148847040E-03   2.756093213E+02   3.284350587E+02   2.402444452E+01
  5.2100000E+03   8.745040221E-01   3.564886240E-03   4.109586746E-03   1.075708256E+02   2.167510811E+02   2.341506438E+01
  5.2200000E+03   8.742354396E-01   3.781359442E-03   4.127827913E-03   2.879023548E+02   1.204434759E+02   2.335329166E+01
  5.2300000E+03   8.737536518E-01   3.677301347E-03   4.098535032E-03   1.143975726E+02   2.140238831E+01   2.281956662E+01
  5.2400000E+03   8.735088250E-01   3.116646958E-03   4.096611653E-03   3.476520890E+02   2.386959070E+02   2.264691551E+01
  5.2500000E+03   8.725234146E-01   3.053233532E-03   4.108617998E-03   1.980517260E+02   1.236066446E+02   2.222014319E+01
  5.2600000E+03   8.718495318E-01   3.919022673E-03   4.077231067E-03   3.427929277E+01   2.778175081E+01   2.188316950E+01
  5.2700000E+03   8.715868557E-01   3.596010528E-03   4.100245959E-03   2.374410392E+02   2.891301911E+02   2.164755771E+01
  5.2800000E+03   8.713344073E-01   2.842236777E-03   4.082448210E-03   8.179426630E+01   1.921450181E+02   2.114079201E+01
  5.2900000E+03   8.708060583E-01   3.708076495E-03   4.069784226E-03   3.393451001E+02   4.464935082E+01   2.085441319E+01
  5.3000000E+03   8.701666372E-01   4.064883467E-03   4.084862591E-03   2.058749693E+02   2.924676999E+02   2.048889212E+01
  5.3100000E+03   8.694813389E-01   3.901252907E-03   4.048355795E-03   5.745128097E+01   1.995962365E+02   2.010005096E+01
  5.3200000E+03   8.693386030E-01   3.747152835E-03   4.051867698E-03   2.835190327E+02   9.516505377E+01   1.985795548E+01
  5.3300000E+03   8.684322233E-01   2.922047427E-03   4.051310780E-03   1.711829611E+02   3.326851211E+02   1.942672986E+01
  5.3400000E+03   8.681876956E-01   3.079193449E-03   4.029644742E-03   6.706796347E+01   2.065364614E+02   1.916273730E+01
  5.3500000E+03   8.673022763E-01   3.835580404E-03   4.049674218E-03   3.115794121E+02   9.711589943E+01   1.868201952E+01
  5.3600000E+03   8.670630255E-01   3.464208119E-03   4.023132352E-03   1.817287310E+02   6.102940649E+00   1.835256469E+01
  5.3700000E+03   8.668063358E-01   3.291985371E-03   4.021503354E-03   6.388617846E+01   2.656118727E+02   1.807220014E+01
  5.3800000E+03   8.663034952E-01   3.412408254E-03   4.036308439E-03   3.027440853E+00   1.113050567E+02   1.761717096E+01
  5.3900000E+03   8.655642302E-01   4.101545590E-03   4.004117393E-03   2.534826913E+02   9.737804937E+00   1.738124823E+01
  5.4000000E+03   8.650583437E-01   4.258127522E-03   4.013871860E-03   1.447252748E+02   2.720190207E+02   1.692329415E+01
  5.4100000E+03   8.648747768E-01   3.152960509E-03   3.990462217E-03   4.137822162E+01   1.717272506E+02   1.654444292E+01
  5.4200000E+03   8.643936380E-01   3.428169278E-03   3.989986247E-03   3.452483249E+02   2.770286804E+01   1.633035063E+01
  5.4300000E+03   8.636238334E-01   3.262452527E-03   3.994326330E-03   2.675431036E+02   2.704378051E+02   1.562463389E+01
  5.4400000E+03   8.628136205E-01   3.427190810E-03   3.972914641E-03   1.703274087E+02   1.772904397E+02   1.559769331E+01
  5.4500000E+03   8.626470093E-01   3.369686556E-03   3.989290961E-03   8.866315515E+01   7.313303725E+01   1.495295225E+01
  5.4600000E+03   8.623279990E-01   3.449718582E-03   3.983316883E-03   2.913446649E+01   3.093746569E+02   1.447702550E+01
  5.4700000E+03   8.616833796E-01   3.443587116E-03   3.962403321E-03   3.315236791E+02   1.862167480E+02   1.436580670E+01
  5.4800000E+03   8.611673440E-01   3.549081948E-03   3.962903848E-03   2.663695411E+02   7.590373345E+01   1.362514086E+01
  5.4900000E+03   8.603359455E-01   4.313726583E-03   3.949400009E-03   2.019589749E+02   3.284218191E+02   1.350492720E+01
  5.5000000E+03   8.602948967E-01   3.120985535E-03   3.950179544E-03   1.473276449E+02   2.143298944E+02   1.313372748E+01
  5.5100000E+03   8.596366203E-01   3.127975194E-03   3.930970710E-03   1.012535786E+02   9.558890103E+01   1.253570702E+01
  5.5200000E+03   8.591676558E-01   3.090382663E-03   3.934489477E-03   5.537029902E+01   3.412696838E+02   1.243511729E+01
  5.5300000E+03   8.586274947E-01   4.054507628E-03   3.934431025E-03   1.985415641E+01   2.224745596E+02   1.171943227E+01
  5.5400000E+03   8.579908040E-01   3.391765724E-03   3.930176979E-03   3.323687235E+02   1.185833325E+02   1.156180461E+01
  5.5500000E+03   8.577849363E-01   3.251823393E-03   3.926974093E-03   2.919503290E+02   1.038795568E+01   1.111588247E+01
  5.5600000E+03   8.573771580E-01   3.513112015E-03   3.912854868E-03   2.934429551E+02   2.240511472E+02   1.049050828E+01
  5.5700000E+03   8.565948748E-01   4.146199092E-03   3.920423163E-03   2.524767606E+02   1.244011963E+02   1.032909931E+01
  5.5800000E+03   8.562697126E-01   3.715491298E-03   3.898173679E-03   2.177327120E+02   2.273909193E+01   9.720334951E+00
  5.5900000E+03   8.555010038E-01   3.351991526E-03   3.890654563E-03   2.026110259E+02   2.641522437E+02   9.489140665E+00
  5.6000000E+03   8.551402653E-01   2.881144872E-03   3.903081762E-03   2.089374008E+02   1.285457903E+02   8.945486097E+00
  5.6100000E+03   8.544467085E-01   3.571010080E-03   3.869233969E-03   1.891914394E+02   2.418478342E+01   8.573571910E+00
  5.6200000E+03   8.538630254E-01   3.392271528E-03   3.894999310E-03   1.752482400E+02   2.789357535E+02   8.155888846E+00
  5.6300000E+03   8.537164770E-01   3.659232430E-03   3.888707281E-03   1.760837067E+02   1.622348363E+02   7.631220904E+00
  5.6400000E+03   8.533176477E-01   2.775779707E-03   3.868161969E-03   1.797263914E+02   4.499451179E+01   7.259202192E+00
  5.6500000E+03   8.523600591E-01   3.879164143E-03   3.875779170E-03   1.986998539E+02   2.766880870E+02   6.754003458E+00
  5.6600000E+03   8.522729765E-01   4.083900928E-03   3.858473079E-03   2.023059685E+02   1.682732124E+02   6.498296621E+00
  5.6700000E+03   8.518649497E-01   3.413344572E-03   3.856293311E-03   2.049662021E+02   6.438352342E+01   5.914927459E+00
  5.6800000E+03   8.512467826E-01   3.103175624E-03   3.850024266E-03   2.406473956E+02   2.907783988E+02   5.389793111E+00
  5.6900000E+03   8.507610287E-01   3.145938599E-03   3.845596293E-03   2.717477536E+02   1.659436533E+02   5.338990257E+00
  5.7000000E+03   8.501559052E-01   3.408447830E-03   3.842961606E-03   2.815776199E+02   6.871975952E+01   4.429309168E+00
  5.7100000E+03   8.497657956E-01   3.725488254E-03   3.845019831E-03   3.257613045E+02   3.007730811E+02   4.259339810E+00
  5.7200000E+03   8.491944121E-01   3.485965498E-03   3.844875560E-03   3.487351071E+02   1.967727818E+02   3.827253219E+00
  5.7300000E+03   8.490012187E-01   2.952046968E-03   3.824907175E-03   2.413357865E+01   8.367255674E+01   3.090615707E+00
  5.7400000E+03   8.483775615E-01   4.028028864E-03   3.835808599E-03   9.345077285E+01   3.009825294E+02   2.948183205E+00
  5.7500000E+03   8.477608909E-01   4.319513821E-03   3.815646148E-03   1.174391284E+02   2.082090497E+02   2.299663104E+00
  5.7600000E+03   8.471316587E-01   3.057541167E-03   3.808400018E-03   1.606391361E+02   9.893919968E+01   1.967358183E+00
  5.7700000E+03   8.468210067E-01   3.096124168E-03   3.819199691E-03   2.462584707E+02   3.114165360E+02   1.433598018E+00
  5.7800000E+03   8.463079147E-01   3.354727698E-03   3.785148050E-03   2.934540881E+02   2.074599245E+02   9.914419035E-01
  5.7900000E+03   8.458348405E-01   3.807291575E-03   3.816650488E-03   5.794301709E+00   8.375872438E+01   4.606495515E-01
  5.8000000E+03   8.452702636E-01   3.555707366E-03   3.799945951E-03   6.037632727E+01   3.410782132E+02   3.599786518E+02
  5.8100000E+03   8.451230986E-01   2.852504855E-03   3.784109537E-03   1.254880795E+02   2.302819073E+02   3.595818706E+02
  5.8200000E+03   8.445437933E-01   3.686090728E-03   3.797499187E-03   2.308156576E+02   8.360680392E+01   3.589007624E+02
  5.8300000E+03   8.440084551E-01   4.051033730E-03   3.774212412E-03   2.918015975E+02   3.455068792E+02   3.587541405E+02
  5.8400000E+03   8.436893728E-01   3.712569727E-03   3.780182875E-03   2.100851045E+01   2.232032457E+02   3.581909430E+02
  5.8500000E+03   8.429266558E-01   3.102237107E-03   3.762332766E-03   1.075545852E+02   1.066724130E+02   3.576053557E+02
  5.8600000E+03   8.419749323E-01   3.291946313E-03   3.775209336E-03   2.131648514E+02   3.355579003E+02   3.573590698E+02
  5.8700000E+03   8.416697334E-01   3.471810527E-03   3.756398551E-03   3.077652862E+02   2.215127380E+02   3.565434510E+02
  5.8800000E+03   8.414990005E-01   3.543468787E-03   3.762535708E-03   3.254315120E+01   1.210653756E+02   3.563507953E+02
  5.8900000E+03   8.411022967E-01   3.465789078E-03   3.771897278E-03   1.493325659E+02   3.518980301E+02   3.557309841E+02
  5.9000000E+03   8.406211407E-01   2.976834604E-03   3.739413466E-03   2.552221204E+02   2.364629416E+02   3.551220136E+02
  5.9100000E+03   8.400666206E-01   4.097028473E-03   3.761055292E-03   3.010360998E+01   9.676122265E+01   3.547220413E+02
  5.9200000E+03   8.394394993E-01   4.217143094E-03   3.734903638E-03   1.250044629E+02   1.253476228E+00   3.542695956E+02
  5.9300000E+03   8.392122466E-01   3.195604258E-03   3.732063954E-03   2.537500520E+02   2.349923800E+02   3.538913678E+02
  5.9400000E+03   8.385335274E-01   2.841116789E-03   3.733779308E-03   2.380303992E+01   1.117414793E+02   3.531067434E+02
  5.9500000E+03   8.377925510E-01   3.144226186E-03   3.714159710E-03   1.537349305E+02   3.534772676E+02   3.529704510E+02
  5.9600000E+03   8.374370473E-01   3.930620621E-03   3.733512229E-03   2.865677257E+02   2.382607140E+02   3.521166400E+02
  5.9700000E+03   8.373785159E-01   3.465771524E-03   3.716486980E-03   4.618720203E+01   1.389575770E+02   3.517058278E+02
  5.9800000E+03   8.367733213E-01   3.316120645E-03   3.723496573E-03   2.122979415E+02   3.558287521E+02   3.513520870E+02
  5.9900000E+03   8.362297888E-01   3.274750681E-03   3.702132750E-03   3.541102068E+02   2.416219584E+02   3.504906338E+02
  6.0000000E+03   8.356677528E-01   4.171225302E-03   3.713038521E-03   1.545344244E+02   1.131995879E+02   3.502541233E+02
  6.0100000E+03   8.353977628E-01   3.776903472E-03   3.694261402E-03   2.882880632E+02   1.498787464E+01   3.496406259E+02
  6.0200000E+03   8.348237823E-01   2.998923893E-03   3.683909025E-03   1.040083255E+02   2.381727948E+02   3.492584830E+02
  6.0300000E+03   8.341976602E-01   2.743234498E-03   3.701356806E-03   2.671296718E+02   1.192292594E+02   3.486100326E+02
  6.0400000E+03   8.337258302E-01   3.792063247E-03   3.681503148E-03   8.624958905E+01   3.497365874E+02   3.481998683E+02
  6.0500000E+03   8.331325899E-01   3.740445965E-03   3.696588776E-03   2.347466340E+02   2.549848711E+02   3.475694594E+02
  6.0600000E+03   8.330255441E-01   3.371485371E-03   3.692725289E-03   6.226637366E+01   1.239310489E+02   3.468728035E+02
  6.0700000E+03   8.323749389E-01   3.034659018E-03   3.668507794E-03   2.457169308E+02   3.599239942E+02   3.466228956E+02
  6.0800000E+03   8.318399244E-01   4.177667358E-03   3.674022716E-03   8.227172179E+01   2.285075978E+02   3.458601983E+02
  6.0900000E+03   8.316217463E-01   3.678362727E-03   3.663075907E-03   2.470885396E+02   1.320766558E+02   3.455535276E+02
  6.1000000E+03   8.309885584E-01   3.040517393E-03   3.669343228E-03   9.961278878E+01   3.514608750E+02   3.449934341E+02
  6.1100000E+03   8.304677263E-01   3.102836267E-03   3.638084189E-03   2.935225294E+02   2.341337157E+02   3.442825081E+02
  6.1200000E+03   8.297287294E-01   3.766393641E-03   3.667605489E-03   1.414653552E+02   1.083414249E+02   3.438483242E+02
  6.1300000E+03   8.294184672E-01   3.435806506E-03   3.641628448E-03   3.244466744E+02   1.226641954E+01   3.432032034E+02
  6.1400000E+03   8.290147330E-01   3.133750319E-03   3.646628660E-03   1.924927034E+02   2.339083734E+02   3.427512665E+02
  6.1500000E+03   8.286471557E-01   3.129384780E-03   3.649680123E-03   4.303165718E+01   1.161197182E+02   3.420538807E+02
  6.1600000E+03   8.280122658E-01   4.145884942E-03   3.629708282E-03   2.741169958E+02   3.424481509E+02   3.417371351E+02
  6.1700000E+03   8.275168026E-01   3.709354669E-03   3.630821876E-03   1.163520600E+02   2.423181700E+02   3.409728114E+02
  6.1800000E+03   8.270669189E-01   3.554522542E-03   3.621649440E-03   3.487706858E+02   1.150067367E+02   3.404624477E+02
  6.1900000E+03   8.264387122E-01   3.064956271E-03   3.632976513E-03   2.372553125E+02   3.356579441E+02   3.400894109E+02
  6.2000000E+03   8.258280250E-01   3.231141401E-03   3.602395490E-03   1.035932778E+02   2.244426177E+02   3.392643751E+02
  6.2100000E+03   8.255806957E-01   3.841457387E-03   3.627430835E-03   3.520713326E+02   9.593955623E+01   3.388990849E+02
  6.2200000E+03   8.251602539E-01   3.305627502E-03   3.614458572E-03   2.116127524E+02   3.598115566E+02   3.381434943E+02
  6.2300000E+03   8.248220687E-01   2.994731523E-03   3.596944015E-03   1.240584581E+02   2.133342825E+02   3.376457231E+02
  6.2400000E+03   8.242457194E-01   3.392750351E-03   3.607701540E-03   1.319723450E+01   9.477698801E+01   3.369578333E+02
  6.2500000E+03   8.236648858E-01   4.384960162E-03   3.593242386E-03   2.711510852E+02   3.320194274E+02   3.366244987E+02
  6.2600000E+03   8.230950636E-01   3.453080714E-03   3.587009141E-03   1.554875696E+02   2.263339434E+02   3.359583302E+02
  6.2700000E+03   8.226824177E-01   2.868295014E-03   3.574516976E-03   7.880013099E+01   8.558072598E+01   3.352387675E+02
  6.2800000E+03   8.222894927E-01   3.806296070E-03   3.593732770E-03   6.776202689E+00   3.053164085E+02   3.349285041E+02
  6.2900000E+03   8.216134175E-01   3.795971155E-03   3.568226711E-03   2.545441506E+02   2.112240749E+02   3.340260057E+02
  6.3000000E+03   8.212843092E-01   3.683832800E-03   3.578968616E-03   1.754498486E+02   8.725325814E+01   3.336269876E+02
  6.3100000E+03   8.211068717E-01   2.950755784E-03   3.576135358E-03   9.197203080E+01   3.302721932E+02   3.329844661E+02
  6.3200000E+03   8.201796826E-01   3.880975931E-03   3.553074094E-03   3.805126101E+01   1.880393480E+02   3.324508559E+02
  6.3300000E+03   8.200422139E-01   4.494373675E-03   3.565556852E-03   3.285820187E+02   6.659897322E+01   3.317516853E+02
  6.3400000E+03   8.195621687E-01   3.497213613E-03   3.548698119E-03   2.392947176E+02   3.280706210E+02   3.312463918E+02
  6.3500000E+03   8.189853661E-01   3.212552727E-03   3.548738276E-03   2.050777617E+02   1.780463292E+02   3.308035610E+02
  6.3600000E+03   8.182563778E-01   3.129101552E-03   3.530998790E-03   1.411727033E+02   6.350225284E+01   3.298597702E+02
  6.3700000E+03   8.177171658E-01   3.659839034E-03   3.547871668E-03   8.762855954E+01   3.038431851E+02   3.295201489E+02
  6.3800000E+03   8.178018242E-01   3.873077558E-03   3.542104779E-03   4.466395294E+01   1.779466437E+02   3.287462981E+02
  6.3900000E+03   8.172157034E-01   3.200025832E-03   3.522810875E-03   3.538993394E+02   6.213382946E+01   3.281075272E+02
  6.4000000E+03   8.164695794E-01   3.703988512E-03   3.534307976E-03   3.312934434E+02   2.822777163E+02   3.274510263E+02
  6.4100000E+03   8.162168243E-01   4.305210589E-03   3.521443509E-03   3.020071939E+02   1.540708686E+02   3.270746160E+02
  6.4200000E+03   8.157696396E-01   3.762828380E-03   3.512764282E-03   2.504916182E+02   5.187084278E+01   3.263013113E+02
  6.4300000E+03   8.152652450E-01   3.236434352E-03   3.502467130E-03   2.405547501E+02   2.715963625E+02   3.256370679E+02
  6.4400000E+03   8.143228365E-01   3.351029844E-03   3.516853560E-03   2.309293479E+02   1.360359024E+02   3.252300014E+02
  6.4500000E+03   8.139376934E-01   3.622702664E-03   3.488541999E-03   2.019428710E+02   2.601217703E+01   3.243674608E+02
  6.4600000E+03   8.137098653E-01   3.881234943E-03   3.504549260E-03   1.905350480E+02   2.623344966E+02   3.238796379E+02
  6.4700000E+03   8.131281195E-01   3.107784982E-03   3.499309063E-03   1.759194308E+02   1.445835744E+02   3.231530619E+02
  6.4800000E+03   8.128435594E-01   3.166433879E-03   3.475352510E-03   1.837785192E+02   7.901185280E+00   3.226337480E+02
  6.4900000E+03   8.123727068E-01   4.142048346E-03   3.484566871E-03   1.910591537E+02   2.373141761E+02   3.218607354E+02
  6.5000000E+03   8.117599626E-01   3.587920033E-03   3.468819600E-03   1.757510243E+02   1.327100564E+02   3.213598655E+02
  6.5100000E+03   8.115246936E-01   2.692440980E-03   3.469183539E-03   1.845258189E+02   7.433292463E+00   3.208444944E+02
  6.5200000E+03   8.107812377E-01   3.131189796E-03   3.449482636E-03   2.274895018E+02   2.135459509E+02   3.199994764E+02
  6.5300000E+03   8.100553119E-01   3.883522176E-03   3.473128107E-03   2.407509254E+02   9.494753549E+01   3.194334833E+02
  6.5400000E+03   8.099740642E-01   3.589882004E-03   3.452140173E-03   2.418960626E+02   3.526756594E+02   3.186748586E+02
  6.5500000E+03   8.095497896E-01   3.215810672E-03   3.446466478E-03   2.837692105E+02   2.120427013E+02   3.182181464E+02
  6.5600000E+03   8.091461747E-01   3.996283481E-03   3.447984717E-03   3.399327872E+02   6.175696295E+01   3.172189860E+02
  6.5700000E+03   8.086569530E-01   4.223145187E-03   3.436997281E-03   3.507619897E+02   3.211983427E+02   3.169921676E+02
  6.5800000E+03   8.081050603E-01   3.477073434E-03   3.431079200E-03   2.387919767E+01   2.026909606E+02   3.161370577E+02
  6.5900000E+03   8.078516477E-01   2.694030089E-03   3.418550620E-03   9.289771363E+01   5.142420250E+01   3.155480241E+02
  6.6000000E+03   8.072190285E-01   2.814382934E-03   3.425590651E-03   1.331776537E+02   2.940196313E+02   3.148233570E+02
  6.6100000E+03   8.065543992E-01   3.732147965E-03   3.407568923E-03   1.854465488E+02   1.705406373E+02   3.142809111E+02
  6.6200000E+03   8.062033977E-01   3.724797852E-03   3.419937811E-03   2.435403857E+02   4.511965900E+01   3.135977010E+02
  6.6300000E+03   8.060180531E-01   3.386238193E-03   3.409067174E-03   3.298037190E+02   2.543754836E+02   3.126212884E+02
  6.6400000E+03   8.053957979E-01   3.778808298E-03   3.401800106E-03   2.188477489E+01   1.418025981E+02   3.123889235E+02
  6.6500000E+03   8.047417885E-01   4.179851658E-03   3.391174844E-03   8.088501002E+01   2.826961736E+01   3.114514641E+02
  6.6600000E+03   8.046282834E-01   3.224115248E-03   3.381089597E-03   1.531411394E+02   2.639004993E+02   3.108621667E+02
  6.6700000E+03   8.039130132E-01   3.236064185E-03   3.394074663E-03   2.501532803E+02   1.187308124E+02   3.102211678E+02
  6.6800000E+03   8.034887106E-01   3.821141718E-03   3.354479373E-03   3.124208780E+02   1.445295802E+01   3.095604764E+02
  6.6900000E+03   8.027976050E-01   4.119962215E-03   3.384242749E-03   1.785705929E+01   2.727136847E+02   3.088549044E+02
  6.7000000E+03   8.027071587E-01   3.584539036E-03   3.371282085E-03   9.625706254E+01   1.616301724E+02   3.081077851E+02
  6.7100000E+03   8.019388275E-01   3.328972733E-03   3.354926113E-03   1.935875587E+02   3.399428602E+01   3.075303707E+02
  6.7200000E+03   8.018067433E-01   3.799092283E-03   3.362018393E-03   2.903597644E+02   2.711576839E+02   3.066313694E+02
  6.7300000E+03   8.010851331E-01   4.287140097E-03   3.343500561E-03   2.242642643E+01   1.576114728E+02   3.063292257E+02
  6.7400000E+03   8.009907882E-01   4.034319576E-03   3.342086551E-03   1.151768697E+02   4.751392348E+01   3.055001029E+02
  6.7500000E+03   8.003367440E-01   3.289567746E-03   3.330809981E-03   2.298852440E+02   2.786045985E+02   3.047011825E+02
  6.7600000E+03   8.000254156E-01   3.325955459E-03   3.324796286E-03   3.375293522E+02   1.612131950E+02   3.044166139E+02
  6.7700000E+03   7.991433301E-01   3.835305468E-03   3.311807893E-03   8.485527471E+01   5.150527697E+01   3.032387447E+02
  6.7800000E+03   7.987439616E-01   4.343895042E-03   3.323517760E-03   1.942203859E+02   3.040883560E+02   3.029104933E+02
  6.7900000E+03   7.986608552E-01   3.776364940E-03   3.328786696E-03   3.205881535E+02   1.833230176E+02   3.020739142E+02
  6.8000000E+03   7.983559800E-01   3.101324838E-03   3.301310527E-03   7.523307039E+01   7.657691751E+01   3.011373697E+02
  6.8100000E+03   7.976912999E-01   4.115740669E-03   3.302865477E-03   2.123328687E+02   3.115567104E+02   3.007293906E+02
  6.8200000E+03   7.972057292E-01   4.686329173E-03   3.283989917E-03   3.416012436E+02   1.997625019E+02   2.998659615E+02
  6.8300000E+03   7.969573368E-01   3.728091647E-03   3.281939879E-03   1.134219920E+02   8.825609370E+01   2.993802788E+02
  6.8400000E+03   7.964495690E-01   3.266862299E-03   3.282040379E-03   2.713126027E+02   3.145598270E+02   2.986430693E+02
  6.8500000E+03   7.959002742E-01   3.525303698E-03   3.244036078E-03   4.582386876E+01   2.097624633E+02   2.979134582E+02
  6.8600000E+03   7.951180623E-01   4.021316713E-03   3.273484177E-03   1.882716475E+02   1.035157001E+02   2.972030459E+02
  6.8700000E+03   7.948193776E-01   4.402089491E-03   3.252501776E-03   3.318045822E+02   7.107490180E-01   2.964015842E+02
  6.8800000E+03   7.946849387E-01   3.490279819E-03   3.243412256E-03   1.376337087E+02   2.381028310E+02   2.957818171E+02
  6.8900000E+03   7.942048198E-01   3.872766996E-03   3.251942229E-03   3.110851529E+02   1.107739785E+02   2.949645708E+02
  6.9000000E+03   7.936642627E-01   4.246052345E-03   3.213912587E-03   1.000651653E+02   1.261563074E+01   2.942858592E+02
  6.9100000E+03   7.933211814E-01   4.387708968E-03   3.231306548E-03   2.594658472E+02   2.689226216E+02   2.935659219E+02
  6.9200000E+03   7.928219017E-01   3.942284427E-03   3.212433709E-03   7.137336051E+01   1.557504365E+02   2.929881018E+02
  6.9300000E+03   7.923683079E-01   3.296695788E-03   3.193212396E-03   2.730023657E+02   1.669777347E+01   2.924769763E+02
  6.9400000E+03   7.918085054E-01   3.750467324E-03   3.198520962E-03   1.013039489E+02   2.574531201E+02   2.913323722E+02
  6.9500000E+03   7.912527552E-01   4.690664468E-03   3.184969603E-03   2.828378022E+02   1.506042793E+02   2.909317023E+02
  6.9600000E+03   7.909815108E-01   3.864281714E-03   3.196176536E-03   7.537020963E+01   7.740425393E+01   2.899105997E+02
  6.9700000E+03   7.906187207E-01   3.456198327E-03   3.187700399E-03   2.787584863E+02   3.157757865E+02   2.891011016E+02
  6.9800000E+03   7.902292976E-01   3.582837096E-03   3.163488518E-03   1.338963694E+02   1.849158700E+02   2.886285151E+02
  6.9900000E+03   7.895188395E-01   4.725764983E-03   3.165409519E-03   3.368104225E+02   7.184733280E+01   2.876833931E+02
  7.0000000E+03   7.893054588E-01   4.548040295E-03   3.146765749E-03   1.765412162E+02   3.260861257E+02   2.872766732E+02
  7.0100000E+03   7.891191189E-01   3.878848209E-03   3.140364357E-03   2.564621079E+01   2.146647158E+02   2.864785352E+02
  7.0200000E+03   7.884095977E-01   3.257505949E-03   3.127396408E-03   2.678909926E+02   7.424334990E+01   2.854419724E+02
  7.0300000E+03   7.877606428E-01   3.482971583E-03   3.118574874E-03   1.107573675E+02   3.382745230E+02   2.851256650E+02
  7.0400000E+03   7.873327255E-01   4.170093135E-03   3.118353516E-03   3.305596849E+02   2.328209897E+02   2.838865386E+02
  7.0500000E+03   7.867928726E-01   4.255177601E-03   3.110504444E-03   1.785127411E+02   1.425490642E+02   2.835364577E+02
  7.0600000E+03   7.866039007E-01   3.504621172E-03   3.108505898E-03   6.088064083E+01   2.061081796E+01   2.828173188E+02
  7.0700000E+03   7.860843837E-01   3.912330882E-03   3.099137537E-03   3.132201137E+02   2.518349687E+02   2.817980496E+02
  7.0800000E+03   7.857181383E-01   4.800705722E-03   3.088186732E-03   1.994892919E+02   1.336736946E+02   2.814838404E+02
  7.0900000E+03   7.853565413E-01   4.847070524E-03   3.070523179E-03   7.077213493E+01   3.578835268E+01   2.804816526E+02
  7.1000000E+03   7.851526325E-01   3.727320331E-03   3.053841520E-03   3.277019784E+02   2.752488506E+02   2.798336894E+02
  7.1100000E+03   7.842666026E-01   3.307414136E-03   3.053193520E-03   2.375607195E+02   1.457257550E+02   2.792339602E+02
  7.1200000E+03   7.837463669E-01   3.526263762E-03   3.019442895E-03   1.305837398E+02   3.965106876E+01   2.781344390E+02
  7.1300000E+03   7.833901362E-01   4.628738473E-03   3.029268426E-03   1.795095603E+01   3.049720634E+02   2.776644519E+02
  7.1400000E+03   7.829631978E-01   4.018136661E-03   3.020095843E-03   2.677247758E+02   2.126551966E+02   2.763917364E+02
  7.1500000E+03   7.826817373E-01   3.345486082E-03   3.005737132E-03   1.910366338E+02   8.875178778E+01   2.755236551E+02
  7.1600000E+03   7.823654710E-01   3.696951237E-03   3.001636962E-03   1.207125969E+02   3.211704715E+02   2.750188759E+02
  7.1700000E+03   7.815467895E-01   4.823554451E-03   2.981105683E-03   4.338925647E+01   2.064681878E+02   2.739780318E+02
  7.1800000E+03   7.813097258E-01   4.900352935E-03   2.987009068E-03   3.129961440E+02   1.088870517E+02   2.733811044E+02
  7.1900000E+03   7.809954287E-01   3.501061765E-03   2.974723329E-03   2.476504134E+02   3.498955946E+02   2.725307150E+02
  7.2000000E+03   7.804439892E-01   3.419642694E-03   2.949880367E-03   2.054712465E+02   2.118341032E+02   2.717401837E+02
  7.2100000E+03   7.799074289E-01   4.044721288E-03   2.966313147E-03   1.510553684E+02   9.244384369E+01   2.708947363E+02
  7.2200000E+03   7.794469358E-01   5.028016915E-03   2.938779054E-03   7.561462912E+01   3.112413238E-01   2.700374368E+02
  7.2300000E+03   7.792071975E-01   4.670007845E-03   2.946817520E-03   5.265060038E+00   2.668143033E+02   2.692681227E+02
  7.2400000E+03   7.789140990E-01   3.338412767E-03   2.944873111E-03   3.305736061E+02   1.401994684E+02   2.683351574E+02
  7.2500000E+03   7.783788711E-01   4.194891767E-03   2.911027105E-03   3.035606846E+02   8.945434793E+00   2.675120413E+02
  7.2600000E+03   7.777799281E-01   4.989084792E-03   2.913744336E-03   2.553055827E+02   2.644188369E+02   2.666478944E+02
  7.2700000E+03   7.772141180E-01   4.701819466E-03   2.885507118E-03   2.032026528E+02   1.678456424E+02   2.660352940E+02
  7.2800000E+03   7.767577477E-01   3.547860994E-03   2.872529902E-03   1.680708783E+02   5.763752625E+01   2.653944129E+02
  7.2900000E+03   7.763114561E-01   2.785124180E-03   2.863227653E-03   1.666082860E+02   2.785849133E+02   2.644559372E+02
  7.3000000E+03   7.758101693E-01   3.800031029E-03   2.836873999E-03   1.486959705E+02   1.621901537E+02   2.640042098E+02
  7.3100000E+03   7.755186261E-01   4.521581451E-03   2.848576716E-03   1.097817846E+02   7.330896557E+01   2.629190332E+02
  7.3200000E+03   7.753088220E-01   3.981606089E-03   2.826955936E-03   7.750660356E+01   3.406896339E+02   2.622316704E+02
  7.3300000E+03   7.750479341E-01   2.949075094E-03   2.816295285E-03   8.463996498E+01   2.109110906E+02   2.615718411E+02
  7.3400000E+03   7.745402886E-01   3.816407497E-03   2.819199364E-03   9.681712117E+01   8.031451109E+01   2.605698839E+02
  7.3500000E+03   7.741018677E-01   4.517520285E-03   2.800411789E-03   8.927744446E+01   3.344404872E+02   2.601329827E+02
  7.3600000E+03   7.736511443E-01   4.383325195E-03   2.795606289E-03   8.314178377E+01   2.317961598E+02   2.590308840E+02
  7.3700000E+03   7.732192999E-01   3.338747752E-03   2.776848483E-03   9.624943467E+01   1.130400281E+02   2.582815020E+02
  7.3800000E+03   7.725682501E-01   2.800170267E-03   2.767437179E-03   1.332614070E+02   3.349849166E+02   2.577780371E+02
  7.3900000E+03   7.718454018E-01   3.810543125E-03   2.748082656E-03   1.598499853E+02   2.148926572E+02   2.566210508E+02
  7.4000000E+03   7.713963637E-01   4.532328304E-03   2.751399862E-03   1.637047718E+02   1.222664235E+02   2.563019031E+02
  7.4100000E+03   7.710149304E-01   4.115995214E-03   2.751513780E-03   1.804979968E+02   2.070311991E+01   2.551449330E+02
  7.4200000E+03   7.709248473E-01   3.369816422E-03   2.733596296E-03   2.350835037E+02   2.434854068E+02   2.541542491E+02
  7.4300000E+03   7.705873147E-01   4.230582952E-03   2.733385230E-03   2.906454377E+02   1.090744203E+02   2.535622190E+02
  7.4400000E+03   7.702190345E-01   5.150751389E-03   2.704968077E-03   3.221595574E+02   4.442646984E+00   2.527319849E+02
  7.4500000E+03   7.699085667E-01   4.536068689E-03   2.699334837E-03   3.574816997E+02   2.594827357E+02   2.521037298E+02
  7.4600000E+03   7.694230810E-01   3.246879170E-03   2.695351502E-03   5.737124328E+01   1.337989505E+02   2.512968997E+02
  7.4700000E+03   7.686819124E-01   3.424131086E-03   2.670082452E-03   1.355834903E+02   3.553739572E+02   2.506608052E+02
  7.4800000E+03   7.680561070E-01   4.681221273E-03   2.679353369E-03   1.863048105E+02   2.518125695E+02   2.495621168E+02
  7.4900000E+03   7.676870054E-01   4.792586926E-03   2.653313392E-03   2.292817835E+02   1.602061967E+02   2.488170912E+02
  7.5000000E+03   7.674147108E-01   3.823199475E-03   2.644512705E-03   2.943135727E+02   4.903921046E+01   2.481157157E+02
  7.5100000E+03   7.670161773E-01   3.648062748E-03   2.645946738E-03   2.179535598E+01   2.785301089E+02   2.471451968E+02
  7.5200000E+03   7.665298090E-01   4.394481156E-03   2.620869695E-03   1.009206275E+02   1.613258445E+02   2.465550153E+02
  7.5300000E+03   7.662590121E-01   4.613697764E-03   2.613407825E-03   1.701313877E+02   5.933829333E+01   2.455123500E+02
  7.5400000E+03   7.659971783E-01   3.733535208E-03   2.596663103E-03   2.542455275E+02   3.054586549E+02   2.449362755E+02
  7.5500000E+03   7.655908037E-01   3.318560094E-03   2.589169056E-03   4.889073706E-02   1.740495668E+02   2.443276589E+02
  7.5600000E+03   7.648110168E-01   3.476882019E-03   2.571738701E-03   1.031233477E+02   5.239745834E+01   2.430929967E+02
  7.5700000E+03   7.638352134E-01   4.517493111E-03   2.572937366E-03   2.009308232E+02   3.019388311E+02   2.426361693E+02
  7.5800000E+03   7.640850226E-01   4.310990644E-03   2.568328802E-03   3.006535451E+02   1.942015280E+02   2.414897825E+02
  7.5900000E+03   7.639256974E-01   3.568503678E-03   2.551316803E-03   5.803563119E+01   7.086288203E+01   2.405115495E+02
  7.6000000E+03   7.633414018E-01   4.215441053E-03   2.545309309E-03   1.875693439E+02   2.983075840E+02   2.399445089E+02
  7.6100000E+03   7.627580557E-01   5.096472616E-03   2.519509754E-03   2.964133307E+02   1.923776519E+02   2.391093655E+02
  7.6200000E+03   7.623447184E-01   4.481686885E-03   2.522480559E-03   4.501134202E+01   9.088312154E+01   2.383733314E+02
  7.6300000E+03   7.620636490E-01   3.057343907E-03   2.507910785E-03   1.796968439E+02   3.269391095E+02   2.374810534E+02
  7.6400000E+03   7.616392554E-01   3.182353555E-03   2.481058431E-03   3.381933565E+02   1.840008227E+02   2.368933872E+02
  7.6500000E+03   7.609323232E-01   3.974070714E-03   2.489392403E-03   1.101798016E+02   7.525923514E+01   2.357752613E+02
  7.6600000E+03   7.604707131E-01   4.680472979E-03   2.473112137E-03   2.470759516E+02   3.266137996E+02   2.350708429E+02
  7.6700000E+03   7.604587088E-01   3.783569132E-03   2.465750173E-03   3.010315881E+01   2.145319742E+02   2.342589736E+02
  7.6800000E+03   7.599819136E-01   3.602674903E-03   2.459028475E-03   2.024613250E+02   7.606936947E+01   2.331008417E+02
  7.6900000E+03   7.592773000E-01   4.637917941E-03   2.440342424E-03   3.561686031E+02   3.206185749E+02   2.326662950E+02
  7.7000000E+03   7.590014802E-01   5.085065665E-03   2.427442439E-03   1.392563513E+02   2.216497264E+02   2.316016593E+02
  7.7100000E+03   7.588199566E-01   4.157527359E-03   2.415593321E-03   2.941785983E+02   1.139809697E+02   2.309411042E+02
  7.7200000E+03   7.581972778E-01   2.815568360E-03   2.405584026E-03   1.177765177E+02   3.417037166E+02   2.302381037E+02
  7.7300000E+03   7.576978794E-01   3.903990940E-03   2.387883092E-03   3.322849472E+02   1.851892095E+02   2.292621827E+02
  7.7400000E+03   7.572116120E-01   4.859151990E-03   2.394692474E-03   1.318842443E+02   9.018610726E+01   2.283715511E+02
  7.7500000E+03   7.566390653E-01   4.750371618E-03   2.374091527E-03   2.919688857E+02   3.591182728E+02   2.273616833E+02
  7.7600000E+03   7.565126478E-01   3.482750715E-03   2.358651492E-03   1.194888448E+02   2.429500432E+02   2.265192651E+02
  7.7700000E+03   7.562306211E-01   3.423362341E-03   2.355805789E-03   3.313484045E+02   1.054813334E+02   2.257349747E+02
  7.7800000E+03   7.553997591E-01   4.316517081E-03   2.332179100E-03   1.723139014E+02   3.446151980E+02   2.250001215E+02
  7.7900000E+03   7.554110608E-01   4.573010559E-03   2.330805807E-03   1.541772935E+01   2.263202907E+02   2.240320223E+02
  7.8000000E+03   7.549439084E-01   3.428246701E-03   2.316486783E-03   2.253252314E+02   1.044160286E+02   2.231287785E+02
  7.8100000E+03   7.542347688E-01   3.227174645E-03   2.304710682E-03   9.284287657E+01   3.299206583E+02   2.226268372E+02
  7.8200000E+03   7.537999627E-01   3.983069232E-03   2.290495530E-03   3.069754135E+02   2.167882913E+02   2.213496317E+02
  7.8300000E+03   7.532404807E-01   4.116959482E-03   2.284331342E-03   1.490402311E+02   1.201714135E+02   2.208376133E+02
  7.8400000E+03   7.533389228E-01   3.718980429E-03   2.283011643E-03   2.788849643E+01   3.501228056E+02   2.197800505E+02
  7.8500000E+03   7.527347949E-01   3.929064530E-03   2.256917650E-03   2.717089639E+02   2.176661522E+02   2.187164836E+02
  7.8600000E+03   7.522490398E-01   4.601984528E-03   2.257168911E-03   1.407900815E+02   1.050181163E+02   2.180261841E+02
  7.8700000E+03   7.519764527E-01   4.686026394E-03   2.230325432E-03   5.124715882E+00   2.277915513E+00   2.172262908E+02
  7.8800000E+03   7.516212199E-01   3.535245092E-03   2.228590779E-03   2.666307473E+02   2.261662008E+02   2.164079513E+02
  7.8900000E+03   7.510527965E-01   3.432827846E-03   2.215984260E-03   1.779546969E+02   8.448134719E+01   2.153396797E+02
  7.9000000E+03   7.503396678E-01   4.161564092E-03   2.202553663E-03   7.149010898E+01   3.267260842E+02   2.148359880E+02
  7.9100000E+03   7.500053133E-01   4.739024841E-03   2.193223025E-03   3.119927181E+02   2.295468799E+02   2.135148535E+02
  7.9200000E+03   7.493017950E-01   4.469565509E-03   2.181499931E-03   2.044011655E+02   1.239253031E+02   2.127901280E+02
  7.9300000E+03   7.495061368E-01   3.247802115E-03   2.173571048E-03   1.340989572E+02   3.432431982E+02   2.120241198E+02
  7.9400000E+03   7.488444479E-01   3.983780841E-03   2.153114897E-03   5.866160984E+01   2.118615792E+02   2.108504563E+02
  7.9500000E+03   7.485427935E-01   4.674205091E-03   2.150536677E-03   3.251580371E+02   1.038629617E+02   2.102611896E+02
  7.9600000E+03   7.482417562E-01   4.190034946E-03   2.133907614E-03   2.476002454E+02   3.444225017E+02   2.092877047E+02
  7.9700000E+03   7.477753828E-01   3.018348511E-03   2.116352466E-03   1.876548560E+02   2.107040835E+02   2.085500832E+02
  7.9800000E+03   7.470598125E-01   3.360251767E-03   2.112124531E-03   1.329504775E+02   7.822583573E+01   2.074508666E+02
  7.9900000E+03   7.468511445E-01   4.380808746E-03   2.091684274E-03   5.502908854E+01   3.356403108E+02   2.068198408E+02
  8.0000000E+03   7.464858494E-01   4.830606645E-03   2.094412734E-03   3.574878950E+02   2.178237090E+02   2.056256024E+02
  8.0100000E+03   7.459680632E-01   3.642919160E-03   2.078365477E-03   3.034355624E+02   9.857352087E+01   2.046039449E+02
  8.0200000E+03   7.458248953E-01   3.738675579E-03   2.063279992E-03   2.668152352E+02   3.249392202E+02   2.040236452E+02
  8.0300000E+03   7.449420869E-01   4.711940033E-03   2.049306287E-03   2.259425955E+02   2.020034082E+02   2.029447817E+02
  8.0400000E+03   7.448954857E-01   4.358797137E-03   2.042912107E-03   1.753536358E+02   9.280347341E+01   2.021840343E+02
  8.0500000E+03   7.444339801E-01   3.516351920E-03   2.030327046E-03   1.417044541E+02   3.304375631E+02   2.012731945E+02
  8.0600000E+03   7.438798623E-01   3.253752090E-03   2.007091103E-03   1.286278254E+02   1.923950819E+02   2.005650277E+02
  8.0700000E+03   7.433477475E-01   4.580648748E-03   2.008244585E-03   1.160247719E+02   6.198614133E+01   1.993229883E+02
  8.0800000E+03   7.428226776E-01   4.516060710E-03   1.989505112E-03   6.996418935E+01   3.300103503E+02   1.986659193E+02
  8.0900000E+03   7.428658821E-01   3.472818221E-03   1.982500830E-03   3.970728681E+01   2.255359885E+02   1.976830707E+02
  8.1000000E+03   7.425831399E-01   3.617667361E-03   1.971173099E-03   7.102534205E+01   6.229566594E+01   1.965315023E+02
  8.1100000E+03   7.417133327E-01   4.767422188E-03   1.959823597E-03   6.394598762E+01   3.019127045E+02   1.959789019E+02
  8.1200000E+03   7.415675710E-01   4.838943601E-03   1.940053097E-03   4.531786375E+01   1.988481423E+02   1.949390162E+02
  8.1300000E+03   7.412217949E-01   3.369799633E-03   1.930404871E-03   6.390581555E+01   6.187396244E+01   1.941689711E+02
  8.1400000E+03   7.405701738E-01   2.964713216E-03   1.923388880E-03   9.082359148E+01   2.815237039E+02   1.931779959E+02
  8.1500000E+03   7.401291628E-01   3.903084658E-03   1.900588734E-03   1.022275961E+02   1.637363625E+02   1.924635356E+02
  8.1600000E+03   7.397650013E-01   4.872618118E-03   1.903109719E-03   1.173665079E+02   4.885059012E+01   1.912305428E+02
  8.1700000E+03   7.394036581E-01   3.702482103E-03   1.885276434E-03   1.270215707E+02   3.018835511E+02   1.903391564E+02
  8.1800000E+03   7.389200254E-01   3.245249808E-03   1.870420289E-03   1.729245682E+02   1.611204898E+02   1.896143812E+02
  8.1900000E+03   7.385378921E-01   4.681554088E-03   1.857298374E-03   2.172898551E+02   2.778699936E+01   1.884647208E+02
  8.2000000E+03   7.382518528E-01   4.607573264E-03   1.852893392E-03   2.377148782E+02   2.830990463E+02   1.878057146E+02
  8.2100000E+03   7.380067409E-01   3.692781682E-03   1.839420993E-03   2.959811500E+02   1.446933917E+02   1.868256296E+02
  8.2200000E+03   7.372980679E-01   3.348004977E-03   1.819230574E-03   3.508408284E+02   1.370373059E+01   1.861045289E+02
  8.2300000E+03   7.368847129E-01   3.950345868E-03   1.813500640E-03   4.260185642E+01   2.533671059E+02   1.848825263E+02
  8.2400000E+03   7.363988389E-01   4.669355215E-03   1.802128295E-03   9.808551919E+01   1.356717811E+02   1.842391697E+02
  8.2500000E+03   7.359992411E-01   3.853526660E-03   1.794395187E-03   1.364777476E+02   3.909218342E+01   1.831029326E+02
  8.2600000E+03   7.356408863E-01   3.447576315E-03   1.779440228E-03   2.393534831E+02   2.403311713E+02   1.820272482E+02
  8.2700000E+03   7.352054978E-01   4.467214942E-03   1.770818339E-03   3.166936940E+02   1.109584233E+02   1.814225349E+02
  8.2800000E+03   7.349558178E-01   4.840133172E-03   1.749146345E-03   1.267231312E+01   9.195175576E+00   1.804496873E+02
  8.2900000E+03   7.346055664E-01   3.984794787E-03   1.743529541E-03   1.017077435E+02   2.381293222E+02   1.796088858E+02
  8.3000000E+03   7.340799824E-01   2.816508684E-03   1.732671511E-03   2.026991387E+02   9.948469020E+01   1.785652175E+02
  8.3100000E+03   7.335360375E-01   4.155893621E-03   1.721016027E-03   3.221514719E+02   3.092098480E+02   1.779267131E+02
  8.3200000E+03   7.329503001E-01   4.920964337E-03   1.709629871E-03   3.220291090E+01   2.156010916E+02   1.766219099E+02
  8.3300000E+03   7.329233009E-01   3.676507168E-03   1.695417980E-03   1.091313483E+02   1.181344888E+02   1.759066602E+02
  8.3400000E+03   7.325297780E-01   3.662333488E-03   1.688718950E-03   2.446567793E+02   3.247281450E+02   1.750365473E+02
  8.3500000E+03   7.321281932E-01   4.034033477E-03   1.667536867E-03   3.569993524E+02   1.992573421E+02   1.739722125E+02
  8.3600000E+03   7.317008609E-01   4.806758102E-03   1.665942112E-03   1.111588444E+02   7.785757657E+01   1.730728033E+02
  8.3700000E+03   7.313485603E-01   3.871564720E-03   1.647784907E-03   2.193771317E+02   3.260251404E+02   1.722732077E+02
  8.3800000E+03   7.310286088E-01   3.372863770E-03   1.637890142E-03   2.051061016E+01   1.655240517E+02   1.714898986E+02
  8.3900000E+03   7.301567936E-01   3.975261071E-03   1.623161575E-03   1.475820006E+02   4.605410931E+01   1.702484496E+02
  8.4000000E+03   7.298204817E-01   4.915564240E-03   1.621041656E-03   2.805512904E+02   2.876023122E+02   1.695515382E+02
  8.4100000E+03   7.294164225E-01   4.407904177E-03   1.605702653E-03   3.007107738E+01   1.972099559E+02   1.683313145E+02
  8.4200000E+03   7.289527168E-01   3.085384683E-03   1.590959255E-03   1.944936804E+02   5.412551944E+01   1.674041882E+02
  8.4300000E+03   7.286344075E-01   3.942826312E-03   1.586106249E-03   1.649538501E+00   2.720470002E+02   1.665276161E+02
  8.4400000E+03   7.282956625E-01   4.700986814E-03   1.565726363E-03   1.437614995E+02   1.610033630E+02   1.657651452E+02
  8.4500000E+03   7.279800758E-01   4.390937820E-03   1.560298844E-03   2.981962446E+02   4.209319596E+01   1.647307210E+02
  8.4600000E+03   7.275854240E-01   3.001822779E-03   1.545983464E-03   1.104311117E+02   2.692077016E+02   1.637684428E+02
  8.4700000E+03   7.269254623E-01   3.752550474E-03   1.540124834E-03   3.121460650E+02   1.134903675E+02   1.630473399E+02
  8.4800000E+03   7.265571709E-01   4.329949099E-03   1.521359956E-03   1.026342567E+02   1.667854354E+01   1.618191428E+02
  8.4900000E+03   7.261126573E-01   4.200471906E-03   1.518199445E-03   2.733119583E+02   2.634695852E+02   1.610066493E+02
  8.5000000E+03   7.261422419E-01   3.258149343E-03   1.506901537E-03   1.018400502E+02   1.348003704E+02   1.600472277E+02
  8.5100000E+03   7.254313881E-01   4.347317327E-03   1.490291430E-03   3.120726654E+02   3.486021778E+02   1.591718247E+02
  8.5200000E+03   7.250650994E-01   4.795962433E-03   1.482619912E-03   1.298905686E+02   2.411163151E+02   1.580697208E+02
  8.5300000E+03   7.247340154E-01   4.194634308E-03   1.471120124E-03   3.262543079E+02   1.190257413E+02   1.573247108E+02
  8.5400000E+03   7.240351030E-01   3.083355738E-03   1.462176545E-03   1.952508590E+02   3.283739317E+02   1.564325887E+02
  8.5500000E+03   7.237183618E-01   3.684569089E-03   1.443117661E-03   5.723364696E+01   1.911659637E+02   1.554192216E+02
  8.5600000E+03   7.231745615E-01   5.069667305E-03   1.444694502E-03   2.668768054E+02   7.409583230E+01   1.543481027E+02
  8.5700000E+03   7.228924056E-01   4.745464685E-03   1.425020854E-03   9.179695538E+01   3.462581644E+02   1.533513233E+02
  8.5800000E+03   7.228565487E-01   3.424291887E-03   1.415438779E-03   3.348885606E+02   2.028911792E+02   1.524391848E+02
  8.5900000E+03   7.223532102E-01   3.799087712E-03   1.406032224E-03   2.114133409E+02   6.949375823E+01   1.513302239E+02
  8.6000000E+03   7.219468577E-01   4.798866926E-03   1.396669047E-03   9.294576577E+01   2.970063146E+02   1.506274550E+02
  8.6100000E+03   7.216718253E-01   4.215665192E-03   1.381308401E-03   3.135861878E+02   1.899560495E+02   1.495687118E+02
  8.6200000E+03   7.211475518E-01   3.313366181E-03   1.368313114E-03   2.247189634E+02   3.622461177E+01   1.486820463E+02
  8.6300000E+03   7.205264169E-01   3.558458999E-03   1.363905738E-03   1.204450901E+02   2.646876021E+02   1.476972379E+02
  8.6400000E+03   7.199781779E-01   5.048139392E-03   1.348987218E-03   6.290801832E+00   1.505089555E+02   1.468236856E+02
  8.6500000E+03   7.197822653E-01   4.123487517E-03   1.343924335E-03   2.555169502E+02   3.731185546E+01   1.456300167E+02
  8.6600000E+03   7.195543619E-01   3.059552813E-03   1.330294962E-03   1.698644424E+02   2.611325657E+02   1.445211309E+02
  8.6700000E+03   7.192207689E-01   4.548259619E-03   1.321528259E-03   9.966765419E+01   1.136820228E+02   1.438170006E+02
  8.6800000E+03   7.187259835E-01   4.770745419E-03   1.304292873E-03   3.520042066E+02   1.006927421E+01   1.427817374E+02
  8.6900000E+03   7.183222779E-01   4.400225110E-03   1.298847057E-03   2.711877166E+02   2.436826051E+02   1.418643080E+02
  8.7000000E+03   7.177596111E-01   3.251513650E-03   1.288194773E-03   2.158283319E+02   9.613423377E+01   1.407783516E+02
  8.7100000E+03   7.172520649E-01   3.582889627E-03   1.275639831E-03   1.527272751E+02   3.223516110E+02   1.401410328E+02
  8.7200000E+03   7.169442914E-01   4.779233763E-03   1.264422628E-03   8.291303228E+01   2.038419216E+02   1.387381032E+02
  8.7300000E+03   7.167645479E-01   4.292330057E-03   1.254975529E-03   3.507624125E+02   1.113671092E+02   1.380281931E+02
  8.7400000E+03   7.162170418E-01   3.118495301E-03   1.247454164E-03   3.192425938E+02   3.211913990E+02   1.369705403E+02
  8.7500000E+03   7.159483156E-01   4.501362310E-03   1.231336672E-03   2.981447601E+02   1.643654211E+02   1.359783360E+02
  8.7600000E+03   7.155387877E-01   5.025259238E-03   1.223802552E-03   2.306444754E+02   6.019552767E+01   1.349048316E+02
  8.7700000E+03   7.152530440E-01   3.990861939E-03   1.212206753E-03   1.892123355E+02   2.936446977E+02   1.340496924E+02
  8.7800000E+03   7.144139813E-01   2.799727252E-03   1.202015967E-03   1.757617874E+02   1.434458680E+02   1.332177195E+02
  8.7900000E+03   7.139967549E-01   3.962249513E-03   1.186378926E-03   1.585390542E+02   4.977089929E+00   1.320790036E+02
  8.8000000E+03   7.138095397E-01   4.836573863E-03   1.184453629E-03   1.229966243E+02   2.515603609E+02   1.310354570E+02
  8.8100000E+03   7.136943335E-01   3.567333741E-03   1.169330518E-03   7.885276911E+01   1.498996744E+02   1.300264377E+02
  8.8200000E+03   7.131607664E-01   3.670929432E-03   1.156962841E-03   9.904214858E+01   3.465666255E+02   1.291621734E+02
  8.8300000E+03   7.127435868E-01   5.012873785E-03   1.147969707E-03   9.679463372E+01   2.115295711E+02   1.279632991E+02
  8.8400000E+03   7.124094749E-01   4.803092171E-03   1.139854007E-03   6.379209687E+01   1.121245949E+02   1.272698691E+02
  8.8500000E+03   7.119047937E-01   3.438324411E-03   1.128287312E-03   7.378927084E+01   3.340684269E+02   1.262016996E+02
  8.8600000E+03   7.115491101E-01   3.176930578E-03   1.116232559E-03   1.220154093E+02   1.624593931E+02   1.253835494E+02
  8.8700000E+03   7.109124540E-01   3.883690749E-03   1.107166014E-03   1.209206921E+02   4.829715926E+01   1.240915657E+02
  8.8800000E+03   7.104644262E-01   4.865075790E-03   1.097944610E-03   1.210880691E+02   2.990357577E+02   1.233713334E+02
  8.8900000E+03   7.104418544E-01   3.840275002E-03   1.089799504E-03   1.417076410E+02   1.728538886E+02   1.221778298E+02
  8.9000000E+03   7.097968052E-01   3.480069089E-03   1.075112917E-03   1.849691683E+02   2.638419745E+01   1.211533856E+02
  8.9100000E+03   7.095511581E-01   4.383900373E-03   1.068944722E-03   2.183760148E+02   2.556433444E+02   1.201824924E+02
  8.9200000E+03   7.091717505E-01   4.531111658E-03   1.057183127E-03   2.524290693E+02   1.294393103E+02   1.193710817E+02
  8.9300000E+03   7.090092081E-01   3.257915553E-03   1.048688470E-03   3.186727424E+02   3.349380133E+02   1.184174160E+02
  8.9400000E+03   7.084048329E-01   3.553302576E-03   1.033282355E-03   9.577706197E+00   2.017405058E+02   1.173435812E+02
  8.9500000E+03   7.076190472E-01   4.906499757E-03   1.030286904E-03   5.802246218E+01   7.927126282E+01   1.163273959E+02
  8.9600000E+03   7.075637589E-01   4.683702966E-03   1.016984190E-03   9.917072928E+01   3.291450449E+02   1.152792268E+02
  8.9700000E+03   7.071020330E-01   3.145527127E-03   1.005973268E-03   1.608703054E+02   2.007748976E+02   1.143610165E+02
  8.9800000E+03   7.068607427E-01   3.742355378E-03   9.965974372E-04   2.492189029E+02   4.984295924E+01   1.132084891E+02
  8.9900000E+03   7.062847102E-01   4.811651798E-03   9.897100101E-04   3.217958424E+02   2.807721704E+02   1.124162121E+02
  9.0000000E+03   7.061472383E-01   4.095510256E-03   9.782215642E-04   3.876683849E+01   1.520369603E+02   1.113963891E+02
  9.0100000E+03   7.056225939E-01   2.942434815E-03   9.658772617E-04   1.284000807E+02   1.444916019E+01   1.105396216E+02
  9.0200000E+03   7.050088999E-01   3.939778422E-03   9.579054955E-04   2.346152207E+02   2.276855255E+02   1.093024905E+02
  9.0300000E+03   7.044933486E-01   5.190967466E-03   9.506193514E-04   3.167209504E+02   1.123667966E+02   1.085427403E+02
  9.0400000E+03   7.044348188E-01   4.643043379E-03   9.407977384E-04   3.945068509E+01   1.360747381E+00   1.072725397E+02
  9.0500000E+03   7.040453801E-01   3.054209577E-03   9.284284957E-04   1.456293363E+02   2.289296076E+02   1.062823384E+02
  9.0600000E+03   7.036810684E-01   3.998913002E-03   9.222466721E-04   2.735404856E+02   7.915311406E+01   1.053204853E+02
  9.0700000E+03   7.031772006E-01   4.906090274E-03   9.116919452E-04   2.515518609E+01   3.119505365E+02   1.045180660E+02
  9.0800000E+03   7.029710094E-01   3.894423490E-03   9.032630629E-04   1.482804995E+02   1.775253157E+02   1.034217633E+02
  9.0900000E+03   7.025320024E-01   3.449249724E-03   8.910677297E-04   3.054080532E+02   1.375487113E+01   1.024237443E+02
  9.1000000E+03   7.019479180E-01   4.270482521E-03   8.857793572E-04   5.730344160E+01   2.630685946E+02   1.014090688E+02
  9.1100000E+03   7.014170659E-01   5.023027996E-03   8.733887408E-04   1.749199827E+02   1.534820007E+02   1.004664081E+02
  9.1200000E+03   7.011613574E-01   3.839610886E-03   8.662100631E-04   3.100694166E+02   2.961545348E+01   9.938152033E+01
  9.1300000E+03   7.010230587E-01   3.664862235E-03   8.566149728E-04   1.251646759E+02   2.286631701E+02   9.821240709E+01
  9.1400000E+03   7.004900541E-01   4.810907531E-03   8.499075436E-04   2.810764877E+02   9.247422672E+01   9.738331753E+01
  9.1500000E+03   7.002586789E-01   4.673718340E-03   8.363282682E-04   4.831465705E+01   3.505334789E+02   9.644727038E+01
  9.1600000E+03   6.998402245E-01   3.449680323E-03   8.286808992E-04   2.187750604E+02   2.095353425E+02   9.548849503E+01
  9.1700000E+03   6.992013447E-01   3.662606831E-03   8.196622754E-04   5.282553785E+01   5.044359146E+01   9.433286019E+01
  9.1800000E+03   6.985880429E-01   5.077038070E-03   8.138245455E-04   2.226868566E+02   2.835135092E+02   9.351913281E+01
  9.1900000E+03   6.984601799E-01   5.375580915E-03   8.021015974E-04   1.584609330E+01   1.800005018E+02   9.224271852E+01
  9.2000000E+03   6.978210375E-01   3.664899978E-03   7.935333465E-04   1.857596966E+02   6.254041134E+01   9.134448428E+01
  9.2100000E+03   6.979132663E-01   3.287734573E-03   7.861915642E-04   3.380829838E+01   2.697407166E+02   9.028433439E+01
  9.2200000E+03   6.973599620E-01   4.473890424E-03   7.759994652E-04   2.336708154E+02   1.311846399E+02   8.944771864E+01
  9.2300000E+03   6.969572289E-01   4.375373945E-03   7.674532317E-04   6.184163996E+01   9.534292966E+00   8.826833997E+01
  9.2400000E+03   6.966180261E-01   3.003290265E-03   7.574694994E-04   2.875247138E+02   2.138418623E+02   8.733054414E+01
  9.2500000E+03   6.961051976E-01   4.039589713E-03   7.519972169E-04   1.582138663E+02   6.054883954E+01   8.619088061E+01
  9.2600000E+03   6.957251451E-01   5.336287165E-03   7.422907626E-04   3.564914727E+02   3.073265467E+02   8.530120575E+01
  9.2700000E+03   6.950583220E-01   4.238061156E-03   7.346765634E-04   1.958001523E+02   1.971410336E+02   8.417153578E+01
  9.2800000E+03   6.952396144E-01   3.368655350E-03   7.238600921E-04   7.203763876E+01   5.248442553E+01   8.305920864E+01
  9.2900000E+03   6.947834721E-01   4.441589057E-03   7.176316667E-04   3.148333692E+02   2.665900166E+02   8.217265613E+01
  9.3000000E+03   6.943122134E-01   4.684529090E-03   7.072647694E-04   1.742801155E+02   1.500317591E+02   8.123981790E+01
  9.3100000E+03   6.938909571E-01   3.417394156E-03   6.997647765E-04   5.955374798E+01   1.163382863E+01   8.018490293E+01
  9.3200000E+03   6.934256025E-01   3.199670970E-03   6.896990455E-04   3.385233420E+02   2.045553533E+02   7.913698083E+01
  9.3300000E+03   6.927936178E-01   4.681083614E-03   6.847892702E-04   2.337367190E+02   6.930197816E+01   7.804716684E+01
  9.3400000E+03   6.926624079E-01   5.043120576E-03   6.739643955E-04   1.105234877E+02   3.193190599E+02   7.708245337E+01
  9.3500000E+03   6.925015757E-01   3.885977291E-03   6.666463418E-04   1.228154653E+01   1.875223525E+02   7.602148928E+01
  9.3600000E+03   6.921033499E-01   3.808671872E-03   6.575465098E-04   3.080674299E+02   2.455092701E+01   7.485745729E+01
  9.3700000E+03   6.912834591E-01   4.734584441E-03   6.510476117E-04   2.130105631E+02   2.585010739E+02   7.395758821E+01
  9.3800000E+03   6.912628388E-01   4.072124967E-03   6.409548923E-04   1.093722569E+02   1.459126719E+02   7.307797385E+01
  9.3900000E+03   6.910080634E-01   2.890728825E-03   6.332963498E-04   5.506045959E+01   3.481365326E+02   7.215173655E+01
  9.4000000E+03   6.903989020E-01   3.752371708E-03   6.238100520E-04   8.872254034E+00   1.899682095E+02   7.093423165E+01
  9.4100000E+03   6.898294502E-01   4.516123746E-03   6.192608065E-04   2.874533021E+02   7.467629408E+01   6.993938231E+01
  9.4200000E+03   6.896035237E-01   3.951845417E-03   6.096565598E-04   2.139753270E+02   3.153703730E+02   6.881557016E+01
  9.4300000E+03   6.893782275E-01   3.620694051E-03   6.011548714E-04   1.853083358E+02   1.535992548E+02   6.793408175E+01
  9.4400000E+03   6.888390954E-01   4.790297180E-03   5.928651167E-04   1.393668488E+02   1.506259795E+01   6.676898448E+01
  9.4500000E+03   6.884063798E-01   4.785354948E-03   5.873460080E-04   8.130620953E+01   2.543274732E+02   6.580036296E+01
  9.4600000E+03   6.881217182E-01   3.383526395E-03   5.789321938E-04   4.856302597E+01   1.123199711E+02   6.479898128E+01
  9.4700000E+03   6.876393398E-01   3.351205536E-03   5.715177624E-04   4.764808801E+01   3.039876099E+02   6.394745886E+01
  9.4800000E+03   6.870315954E-01   4.486459961E-03   5.619277150E-04   1.598958225E+01   1.753571180E+02   6.274050861E+01
  9.4900000E+03   6.867588920E-01   4.580386036E-03   5.568476399E-04   3.285612784E+02   6.821511704E+01   6.172079094E+01
  9.5000000E+03   6.865140847E-01   3.371752020E-03   5.490149593E-04   3.208239902E+02   2.841518912E+02   6.061595756E+01
  9.5100000E+03   6.861081478E-01   4.153138025E-03   5.407030131E-04   3.307831296E+02   1.256212708E+02   5.979205452E+01
  9.5200000E+03   6.856995300E-01   5.197131817E-03   5.324728259E-04   3.149669373E+02   3.599973192E+02   5.863935301E+01
  9.5300000E+03   6.854629209E-01   4.371260167E-03   5.262162374E-04   3.070189623E+02   2.308994418E+02   5.769453113E+01
  9.5400000E+03   6.850018360E-01   3.038116440E-03   5.188900208E-04   3.344786708E+02   7.101307353E+01   5.661218266E+01
  9.5500000E+03   6.843815129E-01   4.251476228E-03   5.121062153E-04   3.529642230E+02   2.879144166E+02   5.581107893E+01
  9.5600000E+03   6.840588657E-01   4.948811108E-03   5.034644628E-04   3.460905089E+02   1.780400533E+02   5.453073873E+01
  9.5700000E+03   6.838208178E-01   3.661856695E-03   4.967414732E-04   3.532497430E+02   5.739630435E+01   5.356142688E+01
  9.5800000E+03   6.835716303E-01   3.618447568E-03   4.903381935E-04   4.714616985E+01   2.527385698E+02   5.250370938E+01
  9.5900000E+03   6.829921776E-01   4.654691703E-03   4.827778570E-04   8.003616314E+01   1.148147111E+02   5.171245589E+01
  9.6000000E+03   6.827317974E-01   4.827692193E-03   4.749138451E-04   1.008990116E+02   3.552396727E+02   5.054408360E+01
  9.6100000E+03   6.823935491E-01   3.472259283E-03   4.679505239E-04   1.517386403E+02   2.094794001E+02   4.963568849E+01
  9.6200000E+03   6.818824629E-01   3.606627523E-03   4.616358132E-04   2.181566232E+02   5.443122412E+01   4.849535386E+01
  9.6300000E+03   6.813380787E-01   4.956273052E-03   4.547809474E-04   2.596571618E+02   2.927388534E+02   4.772793495E+01
  9.6400000E+03   6.810876491E-01   4.751495213E-03   4.474213806E-04   2.869048202E+02   1.913451809E+02   4.640390794E+01
  9.6500000E+03   6.809610261E-01   3.469570365E-03   4.401946306E-04   3.551297923E+02   5.153296758E+01   4.544034067E+01
  9.6600000E+03   6.805819347E-01   3.712242209E-03   4.345506572E-04   8.169150450E+01   2.567351085E+02   4.448835669E+01
  9.6700000E+03   6.799070224E-01   4.734750196E-03   4.272640244E-04   1.541704291E+02   1.229730444E+02   4.364469688E+01
  9.6800000E+03   6.797442236E-01   3.880949749E-03   4.212029788E-04   2.379740632E+02   3.431054690E+02   4.246966694E+01
  9.6900000E+03   6.795399305E-01   3.167193444E-03   4.136161040E-04   3.520396058E+02   1.770945270E+02   4.151132297E+01
  9.7000000E+03   6.788337931E-01   4.376666155E-03   4.081672059E-04   8.796970635E+01   3.753364824E+01   4.034048841E+01
  9.7100000E+03   6.783745530E-01   5.269039447E-03   4.011864104E-04   1.561116710E+02   2.929510013E+02   3.951113237E+01
  9.7200000E+03   6.780699964E-01   3.871335948E-03   3.947657680E-04   2.400806342E+02   1.761774043E+02   3.843334708E+01
  9.7300000E+03   6.777468545E-01   3.798270580E-03   3.878247405E-04   1.002723708E+01   1.625169263E+01   3.735188406E+01
  9.7400000E+03   6.773782698E-01   4.881174341E-03   3.827115961E-04   1.161606597E+02   2.463578896E+02   3.641899186E+01
  9.7500000E+03   6.770702479E-01   5.004764580E-03   3.755837509E-04   2.184795311E+02   1.264712358E+02   3.555423490E+01
  9.7600000E+03   6.768349857E-01   3.864743243E-03   3.695814429E-04   3.375232705E+02   3.539577287E+02   3.454932385E+01
  9.7700000E+03   6.761918659E-01   3.388526362E-03   3.628698703E-04   1.283547267E+02   1.950817912E+02   3.347923237E+01
  9.7800000E+03   6.755921237E-01   5.316673315E-03   3.582168067E-04   2.622910576E+02   6.224483779E+01   3.236801671E+01
  9.7900000E+03   6.754119123E-01   5.549760238E-03   3.505486880E-04   4.392807060E+00   3.273409058E+02   3.147837744E+01
  9.8000000E+03   6.749770234E-01   4.077171512E-03   3.450978003E-04   1.399132887E+02   2.040758291E+02   3.036822192E+01
  9.8100000E+03   6.746641904E-01   4.337396330E-03   3.390255490E-04   2.943103303E+02   6.601629142E+01   2.931399767E+01
  9.8200000E+03   6.742345512E-01   4.428416614E-03   3.327877815E-04   8.509585094E+01   2.947919975E+02   2.859834445E+01
  9.8300000E+03   6.739709429E-01   5.712730415E-03   3.260744757E-04   2.247786954E+02   1.823304504E+02   2.742788674E+01
  9.8400000E+03   6.736143661E-01   5.776620487E-03   3.213627141E-04   3.495216631E+02   8.933555182E+01   2.662304040E+01
  9.8500000E+03   6.730669238E-01   4.487312893E-03   3.146373087E-04   1.440088168E+02   3.324702020E+02   2.564504444E+01
  9.8600000E+03   6.730964881E-01   4.439260358E-03   3.092381818E-04   3.339987623E+02   1.847723687E+02   2.458194378E+01
  9.8700000E+03   6.725047532E-01   3.573133567E-03   3.032507364E-04   1.612287658E+02   4.347466995E+01   2.359653709E+01
  9.8800000E+03   6.719082417E-01   4.036473957E-03   2.982396450E-04   3.524056969E+02   2.657002224E+02   2.284592878E+01
  9.8900000E+03   6.714537490E-01   4.902550149E-03   2.915058804E-04   1.614367765E+02   1.583939412E+02   2.174329854E+01
  9.9000000E+03   6.714990920E-01   3.998547254E-03   2.861402983E-04   3.393437257E+02   4.583934156E+01   2.083226294E+01
  9.9100000E+03   6.708963406E-01   3.306287688E-03   2.807020266E-04   2.268680504E+02   2.267795413E+02   1.981522013E+01
  9.9200000E+03   6.707321455E-01   4.852334528E-03   2.753840246E-04   8.137330947E+01   8.552193225E+01   1.905027685E+01
  9.9300000E+03   6.703050636E-01   5.271975333E-03   2.693287123E-04   2.733688627E+02   3.327889891E+02   1.808587564E+01
  9.9400000E+03   6.699469044E-01   3.896536565E-03   2.642453572E-04   1.257698232E+02   2.040349059E+02   1.716115767E+01
  9.9500000E+03   6.698053639E-01   3.263391430E-03   2.588201818E-04   1.415935758E+01   4.446866118E+01   1.623205727E+01
  9.9600000E+03   6.690710140E-01   4.032117601E-03   2.540274325E-04   2.895487581E+02   2.250990974E+02   1.529173789E+01
  9.9700000E+03   6.687202916E-01   5.072918502E-03   2.478768248E-04   1.499298257E+02   1.087760296E+02   1.444728137E+01
  9.9800000E+03   6.684628587E-01   3.982925820E-03   2.425724038E-04   1.885368716E+01   3.468083751E+02   1.358398601E+01
  9.9900000E+03   6.682155105E-01   3.610203879E-03   2.372261967E-04   2.920236847E+02   1.836380853E+02   1.264349805E+01
  1.0000000E+04   6.674859491E-01   4.809343679E-03   2.326372608E-04   1.978807384E+02   3.441209843E+01   1.176200028E+01
  1.0010000E+04   6.674281370E-01   4.341508364E-03   2.275334799E-04   1.033287195E+02   2.513471583E+02   1.086416512E+01
  1.0020000E+04   6.669923219E-01   3.321842525E-03   2.229068756E-04   2.192398488E+01   9.930875176E+01   1.005684975E+01
  1.0030000E+04   6.665904817E-01   3.575396969E-03   2.173470270E-04   3.105409108E+02   3.044820846E+02   9.315687680E+00
  1.0040000E+04   6.657711295E-01   4.574515274E-03   2.124061174E-04   2.251983480E+02   1.724987206E+02   8.186077262E+00
  1.0050000E+04   6.658727255E-01   3.731618014E-03   2.075073970E-04   1.436201878E+02   4.104912052E+01   7.357626842E+00
  1.0060000E+04   6.655303938E-01   3.311756399E-03   2.031173979E-04   9.357344867E+01   2.405473000E+02   6.556137931E+00
  1.0070000E+04   6.652454513E-01   4.264890971E-03   1.983053562E-04   3.816645696E+01   9.121449983E+01   5.871840406E+00
  1.0080000E+04   6.649734638E-01   4.670459092E-03   1.935996457E-04   3.458199790E+02   3.053495135E+02   4.880591736E+00
  1.0090000E+04   6.644512634E-01   3.283805557E-03   1.889503506E-04   2.981484152E+02   1.580727648E+02   4.158705675E+00
  1.0100000E+04   6.640106925E-01   3.600414195E-03   1.843479002E-04   2.674303662E+02   8.559080219E-01   3.262228347E+00
  1.0110000E+04   6.632232361E-01   4.380348220E-03   1.801705156E-04   2.300434667E+02   2.184338698E+02   2.505149486E+00
  1.0120000E+04   6.632193761E-01   4.209021126E-03   1.755558760E-04   1.950736069E+02   7.947247631E+01   1.731670331E+00
  1.0130000E+04   6.630271062E-01   3.546210809E-03   1.710703338E-04   1.739873916E+02   2.889043970E+02   1.170446872E+00
  1.0140000E+04   6.623812927E-01   4.518827517E-03   1.665952832E-04   1.630324739E+02   1.344799519E+02   3.636707611E-01
  1.0150000E+04   6.622653246E-01   5.082655781E-03   1.625738372E-04   1.382704794E+02   3.599318710E+02   3.595790626E+02
  1.0160000E+04   6.618384115E-01   3.557919849E-03   1.583445165E-04   1.225697818E+02   2.199921907E+02   3.588648528E+02
  1.0170000E+04   6.612855535E-01   3.530716668E-03   1.545849081E-04   1.340431010E+02   5.918229616E+01   3.583293111E+02
  1.0180000E+04   6.608956651E-01   4.218881093E-03   1.498998962E-04   1.422375407E+02   2.699185196E+02   3.578012228E+02
  1.0190000E+04   6.605331002E-01   3.985426551E-03   1.458329363E-04   1.357578121E+02   1.418308676E+02   3.571359031E+02
  1.0200000E+04   6.602589665E-01   3.138782569E-03   1.415977865E-04   1.601001196E+02   3.455293596E+02   3.565069084E+02
  1.0210000E+04   6.599123975E-01   4.432260374E-03   1.377515559E-04   2.062452478E+02   1.731573953E+02   3.558685344E+02
  1.0220000E+04   6.596272067E-01   4.745132874E-03   1.338628866E-04   2.020218175E+02   5.719346773E+01   3.554909875E+02
  1.0230000E+04   6.593125574E-01   3.126495008E-03   1.300961669E-04   2.461907719E+02   2.570538590E+02   3.549118719E+02
  1.0240000E+04   6.587781448E-01   3.559533876E-03   1.260032226E-04   2.969510649E+02   9.599914276E+01   3.546439791E+02
  1.0250000E+04   6.584086838E-01   3.996416574E-03   1.219552224E-04   3.218198386E+02   3.295188537E+02   3.540111919E+02
  1.0260000E+04   6.580910050E-01   4.328935307E-03   1.181636298E-04   9.393246233E+00   1.869678518E+02   3.537588064E+02
  1.0270000E+04   6.577225614E-01   3.515772607E-03   1.148000185E-04   6.076416059E+01   4.438821007E+01   3.533751023E+02
  1.0280000E+04   6.573378242E-01   3.624971285E-03   1.109380217E-04   1.324143138E+02   2.452555857E+02   3.533179252E+02
  1.0290000E+04   6.570376916E-01   5.259788304E-03   1.069434565E-04   1.913216232E+02   1.067223863E+02   3.527593189E+02
  1.0300000E+04   6.567877293E-01   3.649230694E-03   1.035532760E-04   2.359378889E+02   3.454101153E+02   3.526185560E+02
  1.0310000E+04   6.563868283E-01   3.667393957E-03   9.989151661E-05   3.497354743E+02   1.607808463E+02   3.522668821E+02
  1.0320000E+04   6.557452165E-01   4.289225220E-03   9.701889427E-05   5.387000383E+01   3.322400192E+01   3.523497129E+02
  1.0330000E+04   6.553578935E-01   4.167321971E-03   9.288884632E-05   1.183422509E+02   2.728332221E+02   3.524581979E+02
  1.0340000E+04   6.549998876E-01   4.322892150E-03   8.970313304E-05   2.169073111E+02   1.244574331E+02   3.525394906E+02
  1.0350000E+04   6.548785796E-01   3.472252116E-03   8.656018544E-05   3.190028995E+02   3.353551435E+02   3.523168583E+02
  1.0360000E+04   6.543881948E-01   5.336528796E-03   8.352158243E-05   7.748502331E+01   1.758540761E+02   3.526235820E+02
  1.0370000E+04   6.540889141E-01   5.340601029E-03   8.004099474E-05   1.466686786E+02   7.093012844E+01   3.529111132E+02
  1.0380000E+04   6.538452713E-01   3.399082535E-03   7.713314515E-05   2.728554327E+02   2.726954482E+02   3.532934539E+02
  1.0390000E+04   6.533162078E-01   3.683836947E-03   7.385512164E-05   4.314781087E+01   1.159211163E+02   3.537411403E+02
  1.0400000E+04   6.526191588E-01   4.045075316E-03   7.137568108E-05   1.679528872E+02   3.326577821E+02   3.538658542E+02
  1.0410000E+04   6.523272870E-01   4.734040076E-03   6.834989960E-05   2.947456949E+02   1.942361561E+02   3.552623430E+02
  1.0420000E+04   6.524135133E-01   3.761356582E-03   6.601718803E-05   5.855567037E+01   6.338953345E+01   3.560374414E+02
  1.0430000E+04   6.519149757E-01   4.037729129E-03   6.316194123E-05   2.435820095E+02   2.339505707E+02   3.573194278E+02
  1.0440000E+04   6.515671361E-01   4.939635643E-03   6.046140204E-05   1.731710465E+01   1.035921292E+02   3.577075720E+02
  1.0450000E+04   6.513571135E-01   4.494313451E-03   5.808171351E-05   1.654903154E+02   3.227632270E+02   3.590526778E+02
  1.0460000E+04   6.510555178E-01   3.530036006E-03   5.591402654E-05   3.364613513E+02   1.637368817E+02   1.799392921E-01
  1.0470000E+04   6.503917735E-01   4.085144962E-03   5.418604784E-05   1.738227776E+02   3.451052794E+02   1.775037229E+00
  1.0480000E+04   6.500142925E-01   4.277372435E-03   5.192600500E-05   3.367763143E+02   2.082803072E+02   4.311214143E+00
  1.0490000E+04   6.499181673E-01   3.916487089E-03   5.048105901E-05   1.632822103E+02   5.306415335E+01   6.378584582E+00
  1.0500000E+04   6.495287911E-01   3.561271648E-03   4.865760802E-05   2.615962638E+00   2.477046537E+02   8.431116709E+00
  1.0510000E+04   6.490711362E-01   5.154500152E-03   4.698858660E-05   2.066092758E+02   8.529577195E+01   1.012203268E+01
  1.0520000E+04   6.488252094E-01   4.148389932E-03   4.601673631E-05   2.616504172E+01   3.115940925E+02   1.244078078E+01
  1.0530000E+04   6.483852911E-01   3.342372422E-03   4.462549974E-05   2.679863453E+02   1.208160185E+02   1.464177485E+01
  1.0540000E+04   6.478284523E-01   3.764882930E-03   4.468263347E-05   1.111345616E+02   3.367914005E+02   1.700377067E+01
  1.0550000E+04   6.473725373E-01   4.431424053E-03   4.364278433E-05   3.316636853E+02   1.819715794E+02   2.056153621E+01
  1.0560000E+04   6.471158819E-01   3.535181839E-03   4.367617591E-05   2.041923219E+02   1.935621808E+01   2.303164923E+01
  1.0570000E+04   6.467882321E-01   4.004456078E-03   4.324007413E-05   9.150565396E+01   2.059456649E+02   2.591693584E+01
  1.0580000E+04   6.466620421E-01   4.971281873E-03   4.289309856E-05   3.264387255E+02   5.297221165E+01   2.802197795E+01
  1.0590000E+04   6.462638260E-01   3.514991811E-03   4.306270420E-05   1.937602110E+02   2.715309480E+02   3.039342089E+01
  1.0600000E+04   6.457555480E-01   3.505851529E-03   4.306270420E-05   1.185042412E+02   7.927079728E+01   3.254253804E+01
  1.0610000E+04   6.453545338E-01   4.150517079E-03   4.461733181E-05   3.489268433E+02   3.105230896E+02   3.418621346E+01
  1.0620000E+04   6.449405302E-01   4.177724229E-03   4.495910736E-05   2.509654668E+02   1.556502723E+02   3.692571579E+01
  1.0630000E+04   6.446139383E-01   3.106872413E-03   4.621431874E-05   1.644806982E+02   3.528500085E+02   3.857393273E+01
  1.0640000E+04   6.441908396E-01   4.547584718E-03   4.680206154E-05   8.989720611E+01   1.841313115E+02   4.070608386E+01
  1.0650000E+04   6.441480879E-01   4.696860262E-03   4.773503353E-05   3.585538333E+02   3.948463952E+01   4.179317839E+01
  1.0660000E+04   6.437860741E-01   3.044374522E-03   4.851508176E-05   2.736288979E+02   2.522151516E+02   4.315619036E+01
  1.0670000E+04   6.430555672E-01   4.169500740E-03   4.974651189E-05   2.252007663E+02   7.684904218E+01   4.381906270E+01
  1.0680000E+04   6.426400227E-01   4.182463254E-03   5.208019242E-05   1.286287128E+02   3.175387076E+02   4.494400441E+01
  1.0690000E+04   6.422884334E-01   4.228208482E-03   5.297526159E-05   6.329827238E+01   1.735027315E+02   4.601960222E+01
  1.0700000E+04   6.422575065E-01   3.624071377E-03   5.495411419E-05   3.311829537E+01   3.575759231E+02   4.718224719E+01
  1.0710000E+04   6.417408432E-01   4.658971773E-03   5.576390398E-05   3.412955879E+02   2.102313867E+02   4.715532422E+01
  1.0720000E+04   6.415531633E-01   5.359289312E-03   5.783016744E-05   2.778486193E+02   7.963549312E+01   4.757189132E+01
  1.0730000E+04   6.412060084E-01   3.146108349E-03   5.891656803E-05   2.531723513E+02   2.737076211E+02   4.792710311E+01
  1.0740000E+04   6.407294032E-01   4.092169754E-03   6.118049256E-05   2.197807541E+02   1.245498936E+02   4.780292033E+01
  1.0750000E+04   6.401618669E-01   4.672844979E-03   6.297123270E-05   1.877252391E+02   3.414266400E+02   4.868606351E+01
  1.0760000E+04   6.397753568E-01   4.316860823E-03   6.406716531E-05   1.429382805E+02   2.200611311E+02   4.774288774E+01
  1.0770000E+04   6.396664015E-01   4.005176276E-03   6.601718803E-05   1.291808772E+02   7.071617364E+01   4.810916588E+01
  1.0780000E+04   6.393814063E-01   4.193924317E-03   6.778769198E-05   1.514890144E+02   2.495798689E+02   4.743701851E+01
  1.0790000E+04   6.389537230E-01   5.330166140E-03   6.980611220E-05   1.229880316E+02   1.257018519E+02   4.770315889E+01
  1.0800000E+04   6.386391479E-01   4.557365379E-03   7.099167656E-05   1.089982451E+02   3.525604231E+02   4.739428107E+01
  1.0810000E+04   6.383185286E-01   3.671671507E-03   7.309120233E-05   1.495175420E+02   1.697064753E+02   4.704023163E+01
  1.0820000E+04   6.376232770E-01   3.850170064E-03   7.403256346E-05   1.655883549E+02   1.826979505E+01   4.669928610E+01
  1.0830000E+04   6.372737398E-01   4.472998751E-03   7.632086967E-05   1.839460728E+02   2.344545478E+02   4.544437054E+01
  1.0840000E+04   6.371785399E-01   4.276336836E-03   7.812378763E-05   2.101139902E+02   8.681803667E+01   4.525290988E+01
  1.0850000E+04   6.369029306E-01   3.763999279E-03   7.992707679E-05   2.800412688E+02   2.587735065E+02   4.429517091E+01
  1.0860000E+04   6.365204857E-01   4.973729323E-03   8.163254824E-05   3.031838475E+02   1.236106705E+02   4.419044569E+01
  1.0870000E+04   6.361301250E-01   4.191583994E-03   8.284244485E-05   3.411812210E+02   3.396330264E+02   4.349397012E+01
  1.0880000E+04   6.359429300E-01   3.477557028E-03   8.481200212E-05   6.628927229E+01   1.532363236E+02   4.280370747E+01
  1.0890000E+04   6.353652972E-01   3.679677134E-03   8.556924807E-05   1.187925345E+02   7.187211798E+00   4.230799851E+01
  1.0900000E+04   6.348688622E-01   4.106514509E-03   8.786405231E-05   1.859060467E+02   2.159426808E+02   4.091663925E+01
  1.0910000E+04   6.347435060E-01   3.604388856E-03   8.928366225E-05   2.694193369E+02   5.071865932E+01   4.040209364E+01
  1.0920000E+04   6.344334163E-01   4.301248127E-03   9.075738351E-05   1.840836313E+01   2.250841270E+02   3.935116631E+01
  1.0930000E+04   6.341056700E-01   4.591869181E-03   9.258229460E-05   7.439111640E+01   9.901738082E+01   3.883532958E+01
  1.0940000E+04   6.337319548E-01   3.357713015E-03   9.361580340E-05   1.718478912E+02   2.964277564E+02   3.795752196E+01
  1.0950000E+04   6.332073209E-01   3.635629286E-03   9.553112884E-05   3.002635149E+02   1.095157717E+02   3.704298545E+01
  1.0960000E+04   6.329023994E-01   4.294775121E-03   9.707147294E-05   3.976234461E+01   3.200624546E+02   3.664321687E+01
  1.0970000E+04   6.325719940E-01   3.477868890E-03   9.829897580E-05   1.287245635E+02   1.880666576E+02   3.530353306E+01
  1.0980000E+04   6.323285232E-01   3.128274620E-03   9.937939912E-05   2.654886561E+02   1.019284934E+01   3.469193565E+01
  1.0990000E+04   6.317550244E-01   4.669837284E-03   1.003683458E-04   3.904506141E+01   2.032275583E+02   3.362307980E+01
  1.1000000E+04   6.316146934E-01   4.061576477E-03   1.020750577E-04   1.559502589E+02   5.831800020E+01   3.289998593E+01
  1.1010000E+04   6.313322766E-01   3.249990649E-03   1.028788387E-04   3.151733343E+02   2.361809093E+02   3.190333122E+01
  1.1020000E+04   6.307723559E-01   3.931737595E-03   1.045898852E-04   7.313854490E+01   1.039781620E+02   3.076198486E+01
  1.1030000E+04   6.302406253E-01   4.285242016E-03   1.057370311E-04   2.028133551E+02   3.276779782E+02   3.030655205E+01
  1.1040000E+04   6.299975540E-01   3.640373006E-03   1.073855843E-04   3.146689660E+00   1.665896403E+02   2.896979389E+01
  1.1050000E+04   6.297384529E-01   4.130389251E-03   1.078360392E-04   1.869575336E+02   3.447689523E+02   2.820202341E+01
  1.1060000E+04   6.295009145E-01   5.735559217E-03   1.087179417E-04   3.405249643E+02   2.016038050E+02   2.701303300E+01
  1.1070000E+04   6.291058489E-01   3.971517542E-03   1.095794445E-04   1.173573555E+02   7.828231907E+01   2.623861562E+01
  1.1080000E+04   6.287805259E-01   3.685654665E-03   1.102790042E-04   3.173897622E+02   2.584710620E+02   2.497638913E+01
  1.1090000E+04   6.281199515E-01   4.699296913E-03   1.121242437E-04   1.329168621E+02   1.118330938E+02   2.403029378E+01
  1.1100000E+04   6.276884995E-01   4.675046199E-03   1.123775001E-04   3.042844576E+02   3.368513709E+02   2.331217038E+01
  1.1110000E+04   6.275701762E-01   4.332794548E-03   1.138660087E-04   1.319139483E+02   1.928086984E+02   2.193972672E+01
  1.1120000E+04   6.273614574E-01   3.780530771E-03   1.139268080E-04   3.444659684E+02   2.624134895E+01   2.085483906E+01
  1.1130000E+04   6.266889339E-01   5.051298432E-03   1.151771977E-04   1.728329457E+02   2.504944603E+02   1.972546234E+01
  1.1140000E+04   6.267370941E-01   5.589510370E-03   1.156445780E-04   3.368146194E+02   1.440835396E+02   1.919052981E+01
  1.1150000E+04   6.262900495E-01   3.393337988E-03   1.162042076E-04   1.918779922E+02   3.519538407E+02   1.800208066E+01
  1.1160000E+04   6.258547286E-01   3.726406410E-03   1.171226840E-04   7.981891041E+01   1.720949608E+02   1.717614894E+01
  1.1170000E+04   6.253165800E-01   4.337561986E-03   1.170697711E-04   3.170367548E+02   1.182156917E+01   1.604255743E+01
  1.1180000E+04   6.250344920E-01   5.509617331E-03   1.192138300E-04   1.658515639E+02   2.490371909E+02   1.466058600E+01
  1.1190000E+04   6.249961855E-01   4.041370853E-03   1.196075632E-04   3.763532961E+01   1.069198504E+02   1.363184667E+01
  1.1200000E+04   6.246340198E-01   4.193428189E-03   1.207206953E-04   3.213573359E+02   2.760642124E+02   1.246511052E+01
  1.1210000E+04   6.238768942E-01   5.186978202E-03   1.209529406E-04   2.071179248E+02   1.294170358E+02   1.171984782E+01
  1.1220000E+04   6.240498845E-01   4.314034043E-03   1.210493271E-04   8.285761095E+01   3.585047502E+02   1.062141426E+01
  1.1230000E+04   6.237104447E-01   3.143077630E-03   1.220209520E-04   1.629160593E+01   1.746509851E+02   9.651680946E+00
  1.1240000E+04   6.231104242E-01   3.599297703E-03   1.220717188E-04   3.100796854E+02   3.588708659E+02   8.562524029E+00
  1.1250000E+04   6.226449239E-01   4.118435290E-03   1.234640532E-04   2.217044954E+02   2.144413817E+02   7.033692057E+00
  1.1260000E+04   6.225920205E-01   2.959023322E-03   1.237441745E-04   1.556119660E+02   5.001663522E+01   6.071168900E+00
  1.1270000E+04   6.221001392E-01   4.094882852E-03   1.241617039E-04   1.179559476E+02   2.221518430E+02   4.789560661E+00
  1.1280000E+04   6.217447113E-01   4.407185800E-03   1.252198114E-04   4.773856720E+01   7.380065142E+01   3.831035384E+00
  1.1290000E+04   6.214613471E-01   3.029657064E-03   1.251761448E-04   1.068857182E+01   2.570834076E+02   2.781526763E+00
  1.1300000E+04   6.209466050E-01   3.696256963E-03   1.260090075E-04   3.478575084E+02   7.415689932E+01   1.444233238E+00
  1.1310000E+04   6.205020214E-01   4.554493006E-03   1.270861502E-04   2.949660758E+02   2.902148196E+02   5.928897025E-01
  1.1320000E+04   6.203956935E-01   3.788139465E-03   1.274527071E-04   2.582330174E+02   1.349588103E+02   3.591715847E+02
  1.1330000E+04   6.200606448E-01   4.096705020E-03   1.280148103E-04   2.617095872E+02   3.024212064E+02   3.581548234E+02
  1.1340000E+04   6.197215106E-01   5.098218044E-03   1.279977268E-04   2.387763788E+02   1.438818925E+02   3.572031612E+02
  1.1350000E+04   6.194930434E-01   3.788458501E-03   1.284723678E-04   2.264534029E+02   3.401260061E+02   3.559595749E+02
  1.1360000E+04   6.189247649E-01   3.920177988E-03   1.288264937E-04   2.454674168E+02   1.511098110E+02   3.549933293E+02
  1.1370000E+04   6.184208215E-01   4.725741070E-03   1.285716214E-04   2.361712039E+02   6.201238414E-01   3.536054003E+02
  1.1380000E+04   6.182334781E-01   4.056923172E-03   1.296808817E-04   2.314769781E+02   2.117568679E+02   3.523376296E+02
  1.1390000E+04   6.179851542E-01   3.479811389E-03   1.293431852E-04   2.655451736E+02   2.658141293E+01   3.511603680E+02
  1.1400000E+04   6.175313626E-01   4.735695432E-03   1.297764027E-04   2.853024160E+02   2.229376448E+02   3.498429358E+02
  1.1410000E+04   6.173311935E-01   4.129019682E-03   1.301185770E-04   2.927164148E+02   7.722275722E+01   3.489121864E+02
  1.1420000E+04   6.169913398E-01   3.280778713E-03   1.299083307E-04   3.451118820E+02   2.517835214E+02   3.476379707E+02
  1.1430000E+04   6.164126253E-01   4.075871273E-03   1.308169578E-04   2.154954258E+01   9.150233855E+01   3.463097344E+02
  1.1440000E+04   6.160508256E-01   4.153224837E-03   1.306664236E-04   5.084158643E+01   3.062268830E+02   3.453203849E+02
  1.1450000E+04   6.159748465E-01   3.565497036E-03   1.311119482E-04   1.072838142E+02   1.374746555E+02   3.439433941E+02
  1.1460000E+04   6.155331534E-01   4.545965870E-03   1.310313093E-04   1.828781892E+02   3.147196509E+02   3.429284414E+02
  1.1470000E+04   6.153087635E-01   4.982959323E-03   1.306189973E-04   2.274800642E+02   1.704262315E+02   3.416025361E+02
  1.1480000E+04   6.150596434E-01   3.353141800E-03   1.308949444E-04   3.039897122E+02   3.583747166E+02   3.404371809E+02
  1.1490000E+04   6.145724807E-01   3.953102511E-03   1.305240930E-04   2.923940903E+01   1.855051585E+02   3.392554147E+02
  1.1500000E+04   6.141098918E-01   3.974393680E-03   1.308002403E-04   9.495590796E+01   4.182674363E+01   3.375118974E+02
  1.1510000E+04   6.135734997E-01   3.594006602E-03   1.311647537E-04   1.920186842E+02   2.318964456E+02   3.364807895E+02
  1.1520000E+04   6.135573989E-01   3.839585542E-03   1.311036085E-04   3.174153616E+02   3.715499470E+01   3.349677419E+02
  1.1530000E+04   6.132036910E-01   5.356521638E-03   1.317995351E-04   3.635061782E+01   2.567530252E+02   3.337693097E+02
  1.1540000E+04   6.128890655E-01   3.931402118E-03   1.313285934E-04   1.262866652E+02   1.097314860E+02   3.325816508E+02
  1.1550000E+04   6.124808703E-01   3.772082309E-03   1.315587344E-04   2.599432886E+02   2.851436075E+02   3.312428215E+02
  1.1560000E+04   6.119088380E-01   4.599423378E-03   1.317442176E-04   8.885366555E+00   1.342007236E+02   3.301594405E+02
  1.1570000E+04   6.115709627E-01   4.328465104E-03   1.310702446E-04   1.212924215E+02   3.484343447E+02   3.286000840E+02
  1.1580000E+04   6.114891471E-01   3.356071590E-03   1.313258182E-04   2.561055118E+02   1.838098623E+02   3.274447609E+02
  1.1590000E+04   6.111516359E-01   4.387650987E-03   1.308113855E-04   4.645036370E+01   9.117793869E+00   3.259734762E+02
  1.1600000E+04   6.106398350E-01   5.104123757E-03   1.316307440E-04   1.594107403E+02   2.389422684E+02   3.245876734E+02
  1.1610000E+04   6.106474111E-01   3.466508434E-03   1.314312362E-04   3.186922923E+02   6.621840375E+01   3.233500846E+02
  1.1620000E+04   6.100915049E-01   3.981852774E-03   1.313174921E-04   1.310046013E+02   2.471658486E+02   3.218933335E+02
  1.1630000E+04   6.095059033E-01   4.402781023E-03   1.320702561E-04   2.871380632E+02   9.322675632E+01   3.205706742E+02
  1.1640000E+04   6.092585364E-01   4.587214070E-03   1.315060871E-04   8.281740247E+01   3.078164095E+02   3.192746118E+02
  1.1650000E+04   6.091562581E-01   3.129210416E-03   1.317940044E-04   2.679336399E+02   1.357219466E+02   3.178751572E+02
  1.1660000E+04   6.088065812E-01   4.491795616E-03   1.312480876E-04   9.958976063E+01   3.229032782E+02   3.167181345E+02
  1.1670000E+04   6.085582391E-01   4.652770892E-03   1.313924078E-04   2.779258527E+02   1.706137542E+02   3.151598385E+02
  1.1680000E+04   6.081581140E-01   3.211882534E-03   1.314894572E-04   1.219526059E+02   3.567361318E+02   3.138694371E+02
  1.1690000E+04   6.076657424E-01   3.598175827E-03   1.310062733E-04   3.385834505E+02   1.772284677E+02   3.126253412E+02
  1.1700000E+04   6.071699132E-01   4.431685202E-03   1.309394873E-04   1.817691170E+02   2.158606201E+01   3.108351517E+02
  1.1710000E+04   6.072232891E-01   3.909447999E-03   1.310980485E-04   2.835107873E+01   2.270887125E+02   3.095571608E+02
  1.1720000E+04   6.068234946E-01   4.261500468E-03   1.307445000E-04   3.024971942E+02   8.466614267E+00   3.081466166E+02
  1.1730000E+04   6.064873419E-01   4.838672520E-03   1.309032973E-04   1.600926243E+02   2.140320551E+02   3.067180862E+02
  1.1740000E+04   6.061251611E-01   3.258697247E-03   1.306050451E-04   3.531589190E+01   4.667061208E+01   3.055395210E+02
  1.1750000E+04   6.057577407E-01   3.342812896E-03   1.300457301E-04   3.006918167E+02   2.165629308E+02   3.040607658E+02
  1.1760000E+04   6.048877129E-01   4.118088037E-03   1.308448155E-04   1.828173485E+02   5.967264232E+01   3.025596329E+02
  1.1770000E+04   6.051977328E-01   3.598890026E-03   1.303816070E-04   8.239207638E+01   2.504923204E+02   3.011325601E+02
  1.1780000E+04   6.046506448E-01   3.908906783E-03   1.300401248E-04   9.969769900E+00   5.657350685E+01   2.996725542E+02
  1.1790000E+04   6.044760884E-01   4.853552769E-03   1.301857841E-04   2.694300187E+02   2.584734371E+02   2.984576480E+02
  1.1800000E+04   6.039490682E-01   3.451353717E-03   1.295374683E-04   2.013635035E+02   7.304131665E+01   2.971663306E+02
  1.1810000E+04   6.036755341E-01   3.985330929E-03   1.294305079E-04   1.501289951E+02   2.384066464E+02   2.956050350E+02
  1.1820000E+04   6.031597692E-01   4.159334655E-03   1.298016759E-04   6.115077417E+01   9.102922873E+01   2.943847150E+02
  1.1830000E+04   6.032196443E-01   3.487534404E-03   1.290949796E-04   3.474939691E+02   2.937688860E+02   2.928649227E+02
  1.1840000E+04   6.027744749E-01   3.876110112E-03   1.291570757E-04   3.335606182E+02   8.034773719E+01   2.914262121E+02
  1.1850000E+04   6.023875903E-01   5.024158668E-03   1.287529157E-04   2.645948121E+02   2.896052634E+02   2.903357779E+02
  1.1860000E+04   6.021466132E-01   3.521514477E-03   1.281656152E-04   2.112138694E+02   1.284752537E+02   2.889178116E+02
  1.1870000E+04   6.013309091E-01   4.082688791E-03   1.281400193E-04   2.046205132E+02   2.879677989E+02   2.875159567E+02
  1.1880000E+04   6.011684938E-01   4.452328388E-03   1.275727541E-04   1.654220833E+02   1.296800060E+02   2.863344204E+02
  1.1890000E+04   6.009814613E-01   3.587531887E-03   1.273182346E-04   1.301321056E+02   3.337826750E+02   2.846955215E+02
  1.1900000E+04   6.006844233E-01   3.234607239E-03   1.266034337E-04   1.261268884E+02   1.491935393E+02   2.835546480E+02
  1.1910000E+04   6.003402781E-01   5.060830048E-03   1.261390970E-04   1.154261085E+02   3.402659957E+02   2.820985880E+02
  1.1920000E+04   5.999793062E-01   3.819453352E-03   1.258700972E-04   9.424194153E+01   1.862312545E+02   2.808092170E+02
  1.1930000E+04   5.995928562E-01   3.811716356E-03   1.250450535E-04   1.116751496E+02   2.878304298E-01   2.795563075E+02
  1.1940000E+04   5.992170785E-01   4.551113061E-03   1.244929626E-04   1.195996308E+02   1.943107972E+02   2.778915605E+02
  1.1950000E+04   5.988208026E-01   3.775532591E-03   1.246480284E-04   1.137457070E+02   4.922016483E+01   2.765146924E+02
  1.1960000E+04   5.985911134E-01   3.118787010E-03   1.236528363E-04   1.461264874E+02   2.290261876E+02   2.750431196E+02
  1.1970000E+04   5.982628955E-01   5.549687114E-03   1.235496313E-04   1.807653109E+02   5.432661001E+01   2.736147188E+02
  1.1980000E+04   5.980669806E-01   4.826310464E-03   1.228366370E-04   1.750441859E+02   2.845409884E+02   2.725177881E+02
  1.1990000E+04   5.976577273E-01   3.655168567E-03   1.222268745E-04   2.519323082E+02   7.784199840E+01   2.709729923E+02
  1.2000000E+04   5.971440219E-01   4.009751657E-03   1.219073968E-04   2.890069401E+02   2.791031157E+02   2.696728074E+02
  1.2010000E+04   5.968697540E-01   4.137169689E-03   1.208263167E-04   3.163108094E+02   1.394404291E+02   2.685122539E+02
  1.2020000E+04   5.967572344E-01   4.162274094E-03   1.207297522E-04   1.756822981E+01   3.324216908E+02   2.668202512E+02
  1.2030000E+04   5.962407096E-01   4.139033925E-03   1.197202554E-04   1.013395849E+02   1.451571313E+02   2.656509990E+02
  1.2040000E+04   5.959053420E-01   5.364570659E-03   1.186868207E-04   1.524839854E+02   3.590702860E+02   2.641535185E+02
  1.2050000E+04   5.957179424E-01   3.877135968E-03   1.184070472E-04   2.175607249E+02   2.038954426E+02   2.627799244E+02
  1.2060000E+04   5.955777796E-01   3.480373453E-03   1.176288171E-04   3.152168731E+02   2.150004660E+01   2.615514065E+02
  1.2070000E+04   5.949441170E-01   3.878591253E-03   1.167673977E-04   6.957598828E+01   1.908704680E+02   2.600614131E+02
  1.2080000E+04   5.944817817E-01   4.934002576E-03   1.167830031E-04   1.482076546E+02   4.593500123E+01   2.584900594E+02
  1.2090000E+04   5.944276617E-01   3.289680993E-03   1.158335193E-04   2.769398650E+02   2.138210653E+02   2.571446081E+02
  1.2100000E+04   5.939688278E-01   4.473080135E-03   1.150473848E-04   4.332779623E+01   2.904343356E+01   2.557051279E+02
  1.2110000E+04   5.936701949E-01   4.077897157E-03   1.146856695E-04   1.395629195E+02   2.415576639E+02   2.544689623E+02
  1.2120000E+04   5.934245205E-01   3.163373385E-03   1.137411082E-04   2.955606126E+02   3.924026469E+01   2.531682519E+02
  1.2130000E+04   5.930183692E-01   3.824861401E-03   1.129242738E-04   7.157038153E+01   2.259935080E+02   2.516006438E+02
  1.2140000E+04   5.925657576E-01   4.674342765E-03   1.129081350E-04   2.204356831E+02   4.934162514E+01   2.501581815E+02
  1.2150000E+04   5.925917081E-01   3.054750632E-03   1.117595899E-04   1.236013568E+01   2.325318463E+02   2.487859816E+02
  1.2160000E+04   5.920718978E-01   4.440199131E-03   1.111349649E-04   2.004080090E+02   2.548907678E+01   2.473418725E+02
  1.2170000E+04   5.918998133E-01   3.969280296E-03   1.106353612E-04   3.357078767E+02   2.380148963E+02   2.460996292E+02
  1.2180000E+04   5.913795619E-01   3.275551294E-03   1.096692106E-04   1.863779812E+02   2.074318972E+01   2.447927458E+02
  1.2190000E+04   5.909852099E-01   4.325685117E-03   1.089924909E-04   3.529466506E+02   2.179742290E+02   2.431492977E+02
  1.2200000E+04   5.906983559E-01   4.249263104E-03   1.087648650E-04   1.783817818E+02   4.412191018E+01   2.417672945E+02
  1.2210000E+04   5.906215422E-01   3.142067103E-03   1.076059670E-04   1.721071606E+01   2.193957591E+02   2.403708938E+02
  1.2220000E+04   5.900488340E-01   4.682161292E-03   1.070490528E-04   2.294102269E+02   2.878185786E+01   2.388914653E+02
  1.2230000E+04   5.898655182E-01   3.895565554E-03   1.064104784E-04   4.811883981E+01   2.375824267E+02   2.376855828E+02
  1.2240000E+04   5.893603604E-01   3.765782318E-03   1.054401812E-04   3.006264083E+02   1.897230725E+01   2.363153738E+02
  1.2250000E+04   5.888318050E-01   4.239723913E-03   1.049551413E-04   1.443276945E+02   2.199743857E+02   2.346109559E+02
  1.2260000E+04   5.886593298E-01   3.748418908E-03   1.043736100E-04   3.874660176E+00   5.180595073E+01   2.332726935E+02
  1.2270000E+04   5.884745501E-01   3.418995159E-03   1.034159211E-04   2.682207276E+02   2.017385285E+02   2.317820229E+02
  1.2280000E+04   5.880222697E-01   4.950454366E-03   1.028859238E-04   1.253558637E+02   4.679088678E+01   2.303295092E+02
  1.2290000E+04   5.879650506E-01   3.935263423E-03   1.021143262E-04   1.367421544E+01   2.261508142E+02   2.290659502E+02
  1.2300000E+04   5.874432655E-01   3.695423674E-03   1.011316417E-04   2.803215909E+02   3.393963234E+01   2.276063747E+02
  1.2310000E+04   5.869064203E-01   4.208713961E-03   1.008429204E-04   1.746526247E+02   2.247863086E+02   2.259215860E+02
  1.2320000E+04   5.868451048E-01   3.689008272E-03   9.997904479E-05   5.421851294E+01   7.655414151E+01   2.246281466E+02
  1.2330000E+04   5.863422807E-01   3.881827493E-03   9.916646138E-05   4.338197999E-01   2.251016009E+02   2.230359828E+02
  1.2340000E+04   5.861553147E-01   5.470611262E-03   9.880193848E-05   2.782922491E+02   5.052509958E+01   2.215946771E+02
  1.2350000E+04   5.858490255E-01   3.325840119E-03   9.781951107E-05   1.817600079E+02   2.549252777E+02   2.203156468E+02
  1.2360000E+04   5.853932385E-01   3.705012810E-03   9.709399794E-05   1.431319407E+02   4.902220020E+01   2.187406334E+02
  1.2370000E+04   5.850661715E-01   4.404146093E-03   9.678570257E-05   4.881676082E+01   2.687206941E+02   2.173051656E+02
  1.2380000E+04   5.846768750E-01   4.156595937E-03   9.584345982E-05   4.263540793E+00   8.597699286E+01   2.157777479E+02
  1.2390000E+04   5.845145195E-01   3.952141230E-03   9.529812108E-05   3.476228664E+02   2.383277302E+02   2.142121024E+02
  1.2400000E+04   5.842028539E-01   5.260551569E-03   9.471886579E-05   2.700812196E+02   9.985062921E+01   2.130422259E+02
  1.2410000E+04   5.839179113E-01   3.905960162E-03   9.388793163E-05   2.255564788E+02   2.932301676E+02   2.115048043E+02
  1.2420000E+04   5.833343988E-01   3.993923059E-03   9.333507232E-05   2.256222272E+02   8.875289556E+01   2.099484947E+02
  1.2430000E+04   5.829503201E-01   3.958119760E-03   9.275927500E-05   1.835782394E+02   2.957440513E+02   2.086961930E+02
  1.2440000E+04   5.827478403E-01   4.376689524E-03   9.187889765E-05   1.625501978E+02   1.308081479E+02   2.070021677E+02
  1.2450000E+04   5.824789715E-01   3.416073977E-03   9.125398573E-05   1.632882640E+02   3.065028075E+02   2.056249255E+02
  1.2460000E+04   5.821316519E-01   5.441240562E-03   9.050806061E-05   1.626887971E+02   1.312562354E+02   2.042632186E+02
  1.2470000E+04   5.819710626E-01   4.259168693E-03   8.989389168E-05   1.396928251E+02   3.444333468E+02   2.026564981E+02
  1.2480000E+04   5.814285504E-01   3.481254144E-03   8.929590771E-05   1.637987459E+02   1.556361739E+02   2.012319762E+02
  1.2490000E+04   5.811401759E-01   3.934425639E-03   8.866512279E-05   1.971897871E+02   3.254358132E+02   1.998934006E+02
  1.2500000E+04   5.807165325E-01   4.646947764E-03   8.790137686E-05   2.236283523E+02   1.532363761E+02   1.980933868E+02
  1.2510000E+04   5.806757812E-01   3.022745892E-03   8.753990629E-05   2.591185697E+02   3.354822768E+02   1.965943756E+02
  1.2520000E+04   5.803347400E-01   4.357934909E-03   8.658965417E-05   3.109949197E+02   1.458118041E+02   1.952712730E+02
  1.2530000E+04   5.799404568E-01   4.783347937E-03   8.600683663E-05   3.510256612E+02   3.360998359E+02   1.936663294E+02
  1.2540000E+04   5.797955031E-01   3.211187991E-03   8.559480003E-05   8.011158600E+01   1.221944155E+02   1.921471576E+02
  1.2550000E+04   5.791265448E-01   3.430322560E-03   8.480770469E-05   1.343252369E+02   3.119973810E+02   1.908459091E+02
  1.2560000E+04   5.789146731E-01   4.384996077E-03   8.405227018E-05   1.976268033E+02   1.429657224E+02   1.890758913E+02
  1.2570000E+04   5.786877777E-01   3.476075171E-03   8.363060425E-05   3.020186846E+02   2.953147344E+02   1.874987812E+02
  1.2580000E+04   5.784242223E-01   4.778998584E-03   8.303579688E-05   4.573588651E+01   9.504694028E+01   1.860564132E+02
  1.2590000E+04   5.781091922E-01   3.405762893E-03   8.211331994E-05   1.085973822E+02   3.020723947E+02   1.846384229E+02
  1.2600000E+04   5.777833081E-01   3.448992385E-03   8.153873566E-05   2.442190228E+02   8.329439944E+01   1.829754674E+02
  1.2610000E+04   5.771768468E-01   4.659166118E-03   8.106804440E-05   3.517904422E+02   2.633315218E+02   1.815111102E+02
  1.2620000E+04   5.771918926E-01   3.415630922E-03   8.020020804E-05   1.055295198E+02   8.355206069E+01   1.798159989E+02
  1.2630000E+04   5.767491072E-01   3.812651097E-03   7.950645317E-05   2.542689917E+02   2.319808837E+02   1.782407303E+02
  1.2640000E+04   5.764876430E-01   4.811433052E-03   7.891750837E-05   3.556182224E+02   7.585428710E+01   1.769310501E+02
  1.2650000E+04   5.761508123E-01   3.328918554E-03   7.802108526E-05   1.485108515E+02   2.337515144E+02   1.754633278E+02
  1.2660000E+04   5.756093737E-01   3.932437514E-03   7.731249188E-05   3.082731815E+02   3.399387454E+01   1.738091181E+02
  1.2670000E+04   5.753997809E-01   4.219185006E-03   7.692969593E-05   7.860182469E+01   2.336280667E+02   1.722322394E+02
  1.2680000E+04   5.751939241E-01   3.608354790E-03   7.596186832E-05   2.529082450E+02   3.286148716E+01   1.707386313E+02
  1.2690000E+04   5.749089543E-01   4.373107993E-03   7.520481047E-05   5.602293701E+01   2.091247989E+02   1.692257240E+02
  1.2700000E+04   5.745934355E-01   4.012976130E-03   7.465517056E-05   2.052822159E+02   4.685788139E+01   1.678352089E+02
  1.2710000E+04   5.740882873E-01   3.572713632E-03   7.379587955E-05   4.904518329E+01   1.954872554E+02   1.664432508E+02
  1.2720000E+04   5.736207336E-01   4.676007276E-03   7.302634987E-05   2.354215450E+02   1.237222303E+01   1.646975249E+02
  1.2730000E+04   5.735660321E-01   3.922409588E-03   7.258080363E-05   5.489861432E+01   2.045480819E+02   1.631458517E+02
  1.2740000E+04   5.733250975E-01   3.571808873E-03   7.165089001E-05   2.748802412E+02   3.589196272E+02   1.616959271E+02
  1.2750000E+04   5.729094454E-01   5.129296255E-03   7.088892405E-05   1.017239316E+02   1.946793974E+02   1.601001163E+02
  1.2760000E+04   5.727497726E-01   3.608723250E-03   7.028481207E-05   2.943436230E+02   3.028388827E+01   1.587169356E+02
  1.2770000E+04   5.721850754E-01   3.611633868E-03   6.943967338E-05   1.747488587E+02   1.847219010E+02   1.572836693E+02
  1.2780000E+04   5.717020802E-01   4.569306480E-03   6.861068661E-05   3.575276506E+01   9.474108954E+00   1.555206884E+02
  1.2790000E+04   5.714668149E-01   3.934269342E-03   6.813627226E-05   2.643881163E+02   1.943415218E+02   1.539548643E+02
  1.2800000E+04   5.712978636E-01   3.747444954E-03   6.718281839E-05   1.619770269E+02   3.531248449E+02   1.524781009E+02
  1.2810000E+04   5.709935245E-01   6.037357705E-03   6.651767957E-05   3.319947633E+01   1.875984322E+02   1.507538792E+02
  1.2820000E+04   5.707567498E-01   3.353297788E-03   6.585135711E-05   2.709016684E+02   1.992914388E+01   1.493493884E+02
  1.2830000E+04   5.700514631E-01   3.741168301E-03   6.500464567E-05   1.765721980E+02   1.909541695E+02   1.478985752E+02
  1.2840000E+04   5.699431312E-01   4.158377375E-03   6.411265949E-05   7.458733959E+01   2.011012091E+01   1.461463619E+02
  1.2850000E+04   5.696853905E-01   4.018987433E-03   6.362189226E-05   3.355116508E+02   2.150768598E+02   1.445555489E+02
  1.2860000E+04   5.694886608E-01   3.286808026E-03   6.264627762E-05   2.727011774E+02   1.627045573E+01   1.430049107E+02
  1.2870000E+04   5.690482828E-01   5.553846235E-03   6.196185403E-05   1.983794608E+02   1.972586147E+02   1.413195699E+02
  1.2880000E+04   5.687264727E-01   3.896384839E-03   6.132924185E-05   1.070467816E+02   4.087383153E+01   1.398307610E+02
  1.2890000E+04   5.683900409E-01   3.732582538E-03   6.048550946E-05   7.370959952E+01   1.923401971E+02   1.383921457E+02
  1.2900000E+04   5.679189072E-01   4.229564349E-03   5.961150070E-05   3.793527823E+01   3.559479156E+02   1.366629439E+02
  1.2910000E+04   5.677152669E-01   4.373021033E-03   5.910802654E-05   3.346124131E+02   1.967233133E+02   1.349106154E+02
  1.2920000E+04   5.674888036E-01   3.337951650E-03   5.825089303E-05   3.232027787E+02   3.475028280E+02   1.334716521E+02
  1.2930000E+04   5.671116992E-01   5.235150992E-03   5.748249427E-05   3.011469714E+02   1.566141408E+02   1.318392628E+02
  1.2940000E+04   5.669471196E-01   3.346223467E-03   5.687696239E-05   2.776163307E+02   3.333214957E+02   1.302234398E+02
  1.2950000E+04   5.664951073E-01   3.669454968E-03   5.625195725E-05   2.910067133E+02   1.200802267E+02   1.287105929E+02
  1.2960000E+04   5.660017688E-01   4.651014506E-03   5.538352715E-05   2.833427000E+02   2.992576524E+02   1.270077639E+02
  1.2970000E+04   5.659322388E-01   3.179690449E-03   5.474147353E-05   2.837872094E+02   1.155484136E+02   1.251747773E+02
  1.2980000E+04   5.655509441E-01   4.333193507E-03   5.409853693E-05   3.188067791E+02   2.614429213E+02   1.235896940E+02
  1.2990000E+04   5.652985315E-01   4.497585316E-03   5.330447405E-05   3.287728026E+02   8.056542194E+01   1.220126902E+02
  1.3000000E+04   5.649874290E-01   3.167762610E-03   5.245673105E-05   2.271566105E+01   2.214590330E+02   1.203178855E+02
  1.3010000E+04   5.644727825E-01   4.335905829E-03   5.186279620E-05   4.560502736E+01   4.463349363E+01   1.184840660E+02
  1.3020000E+04   5.643274716E-01   4.024145860E-03   5.115522149E-05   8.099772994E+01   2.226798208E+02   1.169176644E+02
  1.3030000E+04   5.640702130E-01   3.508458604E-03   5.030023939E-05   1.555482679E+02   4.575872862E+00   1.153109111E+02
  1.3040000E+04   5.637691787E-01   4.782335618E-03   4.968053020E-05   1.955324347E+02   1.898437524E+02   1.136324639E+02
  1.3050000E+04   5.635590254E-01   3.255191883E-03   4.906042201E-05   2.688618143E+02   3.471232129E+02   1.121458988E+02
  1.3060000E+04   5.630665043E-01   3.751894331E-03   4.834952648E-05   3.495102569E+02   1.464323602E+02   1.105563619E+02
  1.3070000E+04   5.627229075E-01   4.373162767E-03   4.760505883E-05   3.900952558E+01   3.477868186E+02   1.085880446E+02
  1.3080000E+04   5.625260977E-01   3.148072312E-03   4.704285043E-05   1.401979246E+02   1.408773976E+02   1.069795705E+02
  1.3090000E+04   5.620724851E-01   4.592606399E-03   4.649736246E-05   2.541979170E+02   2.878317084E+02   1.053077531E+02
  1.3100000E+04   5.620201480E-01   4.502239737E-03   4.581034659E-05   3.335036063E+02   1.169205825E+02   1.035391383E+02
  1.3110000E+04   5.615501241E-01   3.530599965E-03   4.521777390E-05   1.059630015E+02   2.586209574E+02   1.018287982E+02
  1.3120000E+04   5.609993490E-01   4.369597358E-03   4.463366618E-05   1.955304389E+02   9.420906480E+01   1.002337692E+02
  1.3130000E+04   5.607457319E-01   4.177823119E-03   4.384275232E-05   3.082909683E+02   2.748460940E+02   9.838236946E+01
  1.3140000E+04   5.605082409E-01   3.586979405E-03   4.325692858E-05   9.523593516E+01   6.411315364E+01   9.668200586E+01
  1.3150000E+04   5.603174035E-01   5.333741218E-03   4.268868231E-05   2.064328057E+02   2.582392044E+02   9.512762239E+01
  1.3160000E+04   5.601148575E-01   3.255569370E-03   4.196538484E-05   3.408858747E+02   7.423989970E+01   9.347255021E+01
  1.3170000E+04   5.594198459E-01   3.792266143E-03   4.134415962E-05   1.387367342E+02   2.352105429E+02   9.172102852E+01
  1.3180000E+04   5.591852236E-01   4.630384442E-03   4.083859151E-05   2.987913749E+02   4.504777649E+01   8.989362523E+01
  1.3190000E+04   5.591337502E-01   3.483616307E-03   4.007282813E-05   9.207531414E+01   2.274923732E+02   8.819884976E+01
  1.3200000E+04   5.585591002E-01   4.947700967E-03   3.946798970E-05   2.762137778E+02   2.363116703E+01   8.649689649E+01
  1.3210000E+04   5.583329384E-01   5.104977896E-03   3.899418944E-05   5.627216816E+01   2.322364901E+02   8.491700181E+01
  1.3220000E+04   5.581830792E-01   3.277335747E-03   3.830580845E-05   2.368956541E+02   4.498785615E+01   8.336294415E+01
  1.3230000E+04   5.577705218E-01   3.891044531E-03   3.765325695E-05   7.948751045E+01   2.042045214E+02   8.166122126E+01
  1.3240000E+04   5.572955587E-01   4.335130685E-03   3.718573847E-05   2.813954548E+02   1.563655554E+01   7.970540061E+01
  1.3250000E+04   5.572727474E-01   3.683924142E-03   3.652315530E-05   1.218317150E+02   1.929680925E+02   7.815746703E+01
  1.3260000E+04   5.567135027E-01   4.570434215E-03   3.590927704E-05   3.529097280E+02   3.447905765E+02   7.649304529E+01
  1.3270000E+04   5.565899165E-01   5.006053526E-03   3.539815964E-05   1.723380484E+02   1.963331480E+02   7.478855336E+01
  1.3280000E+04   5.563536610E-01   3.237299148E-03   3.484819142E-05   6.172917645E+01   3.430370229E+02   7.325347045E+01
  1.3290000E+04   5.559293665E-01   3.753143141E-03   3.430003083E-05   3.246369836E+02   1.253820289E+02   7.155464105E+01
  1.3300000E+04   5.555225571E-01   4.856553964E-03   3.368891712E-05   1.920267897E+02   3.142702706E+02   6.957334293E+01
  1.3310000E+04   5.553565100E-01   2.837950464E-03   3.320949023E-05   9.235880988E+01   1.125089181E+02   6.795055939E+01
  1.3320000E+04   5.550421716E-01   4.975801026E-03   3.265614443E-05   3.526096030E+02   2.780741377E+02   6.631907219E+01
  1.3330000E+04   5.548517648E-01   3.239233491E-03   3.205917200E-05   2.812521331E+02   6.224736342E+01   6.437863683E+01
  1.3340000E+04   5.542637361E-01   3.776026576E-03   3.146245665E-05   2.088398811E+02   2.148219376E+02   6.257837378E+01
  1.3350000E+04   5.539337806E-01   4.390369486E-03   3.098386792E-05   1.173957340E+02   3.799348520E+01   6.082303100E+01
  1.3360000E+04   5.539696164E-01   2.956595173E-03   3.031798184E-05   4.231542263E+01   2.091042217E+02   5.915645965E+01
  1.3370000E+04   5.535025248E-01   4.873868604E-03   2.977210436E-05   1.710129697E+01   3.362093525E+02   5.741948677E+01
  1.3380000E+04   5.531883702E-01   3.807881353E-03   2.929078268E-05   3.108466431E+02   1.520305018E+02   5.568544432E+01
  1.3390000E+04   5.528862448E-01   3.331347559E-03   2.878876121E-05   2.787732891E+02   3.002005026E+02   5.408216398E+01
  1.3400000E+04   5.522603482E-01   4.497527216E-03   2.823913608E-05   2.468365459E+02   1.005284211E+02   5.214114061E+01
  1.3410000E+04   5.522562024E-01   3.454062063E-03   2.767859896E-05   2.024489853E+02   2.793591024E+02   5.015197065E+01
  1.3420000E+04   5.519751370E-01   4.304081657E-03   2.716020236E-05   1.981534002E+02   6.209437817E+01   4.839178190E+01
  1.3430000E+04   5.514402134E-01   4.134441473E-03   2.660433208E-05   1.649741717E+02   2.425587709E+02   4.670891677E+01
  1.3440000E+04   5.512905125E-01   3.515537214E-03   2.599456847E-05   1.819720355E+02   1.855424221E+01   4.483421699E+01
  1.3450000E+04   5.507632011E-01   4.168977171E-03   2.547051630E-05   1.715965346E+02   1.931891629E+02   4.283054179E+01
  1.3460000E+04   5.504947770E-01   3.944684488E-03   2.499384983E-05   1.561075202E+02   2.158886630E+01   4.104160926E+01
  1.3470000E+04   5.503887008E-01   3.923273090E-03   2.440359301E-05   2.105684559E+02   1.429091823E+02   3.928773842E+01
  1.3480000E+04   5.500727942E-01   4.911702147E-03   2.389041127E-05   2.009730486E+02   3.375595035E+02   3.734696430E+01
  1.3490000E+04   5.498229445E-01   3.265443837E-03   2.349041475E-05   2.495807618E+02   1.196043771E+02   3.543853570E+01
  1.3500000E+04   5.493084245E-01   4.052645476E-03   2.295682871E-05   2.820930320E+02   2.864785994E+02   3.364174190E+01
  1.3510000E+04   5.490233575E-01   4.334163202E-03   2.234539473E-05   3.024192163E+02   1.167993504E+02   3.161210826E+01
  1.3520000E+04   5.489712879E-01   3.327531400E-03   2.193384211E-05   9.626586360E+00   2.651265051E+02   2.936586917E+01
  1.3530000E+04   5.483581594E-01   5.331139835E-03   2.148051058E-05   6.973042541E+01   6.686722178E+01   2.750587788E+01
  1.3540000E+04   5.482758826E-01   3.967499632E-03   2.094792406E-05   8.984326461E+01   2.757853960E+02   2.558890493E+01
  1.3550000E+04   5.478776173E-01   4.099071265E-03   2.041929575E-05   2.016857744E+02   3.957652480E+01   2.330903743E+01
  1.3560000E+04   5.474854972E-01   3.876958032E-03   2.000455603E-05   2.583236292E+02   2.291716420E+02   2.120883125E+01
  1.3570000E+04   5.473134802E-01   4.675937922E-03   1.945030537E-05   3.474265248E+02   3.581937382E+01   1.908087649E+01
  1.3580000E+04   5.469286864E-01   3.423635598E-03   1.895685136E-05   9.015650120E+01   1.915772319E+02   1.700082409E+01
  1.3590000E+04   5.465576121E-01   5.799117249E-03   1.856835008E-05   1.669181369E+02   2.271609531E+01   1.481873047E+01
  1.3600000E+04   5.464127971E-01   3.383270560E-03   1.811127405E-05   2.599631257E+02   2.027120013E+02   1.272645713E+01
  1.3610000E+04   5.462046921E-01   4.016216549E-03   1.760099462E-05   2.896944792E+01   3.533707191E+02   1.076911969E+01
  1.3620000E+04   5.455867300E-01   4.147122951E-03   1.713938633E-05   1.655372983E+02   1.483744723E+02   8.216874928E+00
  1.3630000E+04   5.455057854E-01   4.014146985E-03   1.675224863E-05   2.666359820E+02   3.463441458E+02   5.940774560E+00
  1.3640000E+04   5.452569998E-01   4.039973568E-03   1.635595011E-05   9.189968984E+01   1.031073490E+02   3.795275193E+00
  1.3650000E+04   5.449525009E-01   5.061551915E-03   1.590404085E-05   2.060861392E+02   2.998238738E+02   1.473275872E+00
  1.3660000E+04   5.447899561E-01   3.151190275E-03   1.553305006E-05   3.007033075E+01   7.266394781E+01   3.587660068E+02
  1.3670000E+04   5.441489037E-01   4.107494867E-03   1.515297902E-05   1.927331720E+02   2.358659967E+02   3.563542346E+02
  1.3680000E+04   5.440945157E-01   4.377889823E-03   1.468887722E-05   2.722165989E+00   4.293723334E+01   3.537709001E+02
  1.3690000E+04   5.438024333E-01   3.405171592E-03   1.420962542E-05   1.949199327E+02   1.901075315E+02   3.513866674E+02
  1.3700000E+04   5.434947692E-01   4.648270452E-03   1.387217978E-05   3.408497830E+01   3.386068255E+02   3.487956786E+02
  1.3710000E+04   5.432107052E-01   3.331971776E-03   1.358010118E-05   2.228946599E+02   1.433114336E+02   3.465375036E+02
  1.3720000E+04   5.427182767E-01   3.988963341E-03   1.322660445E-05   1.013044535E+02   2.686923826E+02   3.438263751E+02
  1.3730000E+04   5.424290423E-01   4.342460499E-03   1.274955940E-05   2.797233774E+02   1.048629054E+02   3.410279678E+02
  1.3740000E+04   5.422623658E-01   3.284467830E-03   1.243113193E-05   1.801901639E+02   2.223562405E+02   3.379206274E+02
  1.3750000E+04   5.419002437E-01   4.955764561E-03   1.213440343E-05   2.748730621E+01   4.048846071E+01   3.353403314E+02
  1.3760000E+04   5.416221585E-01   3.058261560E-03   1.176845756E-05   2.787194253E+02   1.814158309E+02   3.327323371E+02
  1.3770000E+04   5.409222880E-01   4.244889309E-03   1.139076118E-05   1.679199066E+02   3.336386410E+02   3.300053143E+02
  1.3780000E+04   5.408003734E-01   4.002562609E-03   1.109905740E-05   4.082326635E+01   1.542634322E+02   3.266375768E+02
  1.3790000E+04   5.407562356E-01   3.677860559E-03   1.086676443E-05   3.228791324E+02   2.886487218E+02   3.237845862E+02
  1.3800000E+04   5.403543698E-01   4.453559257E-03   1.056059677E-05   2.211180013E+02   9.410852914E+01   3.210983485E+02
  1.3810000E+04   5.401336964E-01   3.803076669E-03   1.028079611E-05   1.341457796E+02   2.527150046E+02   3.176613548E+02
  1.3820000E+04   5.397585739E-01   3.510116925E-03   9.993164321E-06   6.132070311E+01   4.463210923E+01   3.145802030E+02
  1.3830000E+04   5.392211572E-01   4.579474583E-03   9.771886026E-06   3.432666844E+02   2.141004182E+02   3.113047368E+02
  1.3840000E+04   5.392368751E-01   3.185101172E-03   9.430238150E-06   2.881129147E+02   5.492623606E+00   3.081528648E+02
  1.3850000E+04   5.388297869E-01   4.925408697E-03   9.115808031E-06   2.372993048E+02   1.585561106E+02   3.051566680E+02
  1.3860000E+04   5.386150832E-01   4.017591271E-03   8.995063520E-06   1.659865606E+02   3.400845908E+02   3.019242058E+02
  1.3870000E+04   5.380925181E-01   3.556920544E-03   8.748576518E-06   1.487092821E+02   1.139146859E+02   2.989954971E+02
  1.3880000E+04   5.377069010E-01   4.415126841E-03   8.537736463E-06   9.408607893E+01   2.975289367E+02   2.955831464E+02
  1.3890000E+04   5.377853011E-01   3.663527935E-03   8.321556147E-06   7.906771072E+01   8.984338482E+01   2.913403492E+02
  1.3900000E+04   5.373526711E-01   4.493821016E-03   8.099607985E-06   6.501556605E+01   2.440820979E+02   2.881537842E+02
  1.3910000E+04   5.369805453E-01   4.636790101E-03   7.917571077E-06   2.841333367E+01   7.071152823E+01   2.846485267E+02
  1.3920000E+04   5.368448063E-01   3.842831507E-03   7.683962816E-06   5.374349368E+01   2.008369077E+02   2.809821293E+02
  1.3930000E+04   5.364020895E-01   3.919696116E-03   7.491833341E-06   3.360368359E+01   2.684625132E+01   2.772008524E+02
  1.3940000E+04   5.360157350E-01   4.288134767E-03   7.294645231E-06   4.735731362E+01   1.900563817E+02   2.733537175E+02
  1.3950000E+04   5.359127867E-01   3.779260745E-03   7.091976543E-06   8.616275327E+01   3.305809966E+02   2.698529316E+02
  1.3960000E+04   5.355766525E-01   5.125167198E-03   6.988438482E-06   8.610780197E+01   1.593338944E+02   2.658881463E+02
  1.3970000E+04   5.352382064E-01   3.815412419E-03   6.883343195E-06   1.114169177E+02   3.287362756E+02   2.619410871E+02
  1.3980000E+04   5.348828430E-01   3.552723250E-03   6.776618232E-06   1.814720269E+02   1.008623070E+02   2.578610458E+02
  1.3990000E+04   5.342443356E-01   4.747150965E-03   6.613302227E-06   2.289187292E+02   2.676366098E+02   2.537177582E+02
  1.4000000E+04   5.344623715E-01   3.416935994E-03   6.502146374E-06   2.584576133E+02   9.886261908E+01   2.491418867E+02
  1.4010000E+04   5.339538633E-01   4.646673397E-03   6.389056940E-06   6.277757001E+00   2.165215412E+02   2.447341348E+02
  1.4020000E+04   5.338536808E-01   4.515799963E-03   6.331754824E-06   5.775220682E+01   3.842405389E+01   2.407479809E+02
  1.4030000E+04   5.333054256E-01   3.078408324E-03   6.156649318E-06   1.600556988E+02   1.749184685E+02   2.370662748E+02
  1.4040000E+04   5.330331906E-01   4.262525693E-03   6.097163389E-06   2.558506537E+02   3.307780907E+02   2.325139103E+02
  1.4050000E+04   5.328507523E-01   3.685729150E-03   6.097163389E-06   3.391549801E+02   1.472349951E+02   2.276019429E+02
  1.4060000E+04   5.326737980E-01   4.475972298E-03   6.097163389E-06   1.359111294E+02   2.535316391E+02   2.232407792E+02
  1.4070000E+04   5.323342387E-01   4.134145662E-03   6.097163389E-06   2.303010093E+02   7.105295378E+01   2.189061390E+02
  1.4080000E+04   5.321250753E-01   3.244742228E-03   6.037091349E-06   1.761618115E+01   2.010482688E+02   2.149334700E+02
  1.4090000E+04   5.314840240E-01   4.615869820E-03   6.037091349E-06   1.430856509E+02   7.119642772E+00   2.099460184E+02
  1.4100000E+04   5.313912661E-01   3.243151065E-03   6.037091349E-06   2.821502849E+02   1.651236061E+02   2.058064012E+02
  1.4110000E+04   5.311599190E-01   4.782543487E-03   6.097163389E-06   1.064124645E+02   2.826371032E+02   2.017324244E+02
  1.4120000E+04   5.308952787E-01   3.853165841E-03   6.156649318E-06   2.437731344E+02   9.611694134E+01   1.972651210E+02
  1.4130000E+04   5.305668107E-01   3.329178011E-03   6.156649318E-06   6.852091360E+01   2.284338505E+02   1.931988811E+02
  1.4140000E+04   5.300509229E-01   4.598399031E-03   6.273929367E-06   2.244028664E+02   4.305692381E+01   1.886002999E+02
  1.4150000E+04   5.299310610E-01   3.261911616E-03   6.331754824E-06   4.626832138E+01   1.968133549E+02   1.850759396E+02
  1.4160000E+04   5.295435509E-01   4.930431630E-03   6.389056940E-06   2.661564355E+02   3.178749459E+02   1.815309811E+02
  1.4170000E+04   5.293943404E-01   4.144555501E-03   6.613302227E-06   7.833156408E+01   1.354617974E+02   1.774003148E+02
  1.4180000E+04   5.290696548E-01   3.667064827E-03   6.668185344E-06   3.225761152E+02   2.481642284E+02   1.734020282E+02
  1.4190000E+04   5.285457929E-01   4.341371824E-03   6.830189170E-06   1.346055867E+02   8.447966032E+01   1.700826955E+02
  1.4200000E+04   5.285538814E-01   3.447465888E-03   6.883343195E-06   3.458547432E+02   2.491066137E+02   1.663293343E+02
  1.4210000E+04   5.281158333E-01   4.458186203E-03   6.936089891E-06   2.472716292E+02   8.169417674E+00   1.630596140E+02
  1.4220000E+04   5.278109869E-01   4.843162105E-03   7.091976543E-06   8.911370143E+01   1.953590466E+02   1.599374246E+02
  1.4230000E+04   5.274943461E-01   3.396628861E-03   7.294645231E-06   3.560576490E+02   3.234508475E+02   1.570611708E+02
  1.4240000E+04   5.270199604E-01   4.427076937E-03   7.393896667E-06   2.425719444E+02   1.240083134E+02   1.540656638E+02
  1.4250000E+04   5.269761415E-01   4.214444669E-03   7.588506156E-06   1.296664497E+02   2.937828404E+02   1.502219966E+02
  1.4260000E+04   5.266338427E-01   4.106682080E-03   7.683962816E-06   6.098537072E+01   6.215070987E+01   1.471830032E+02
  1.4270000E+04   5.264829328E-01   5.409007935E-03   7.871404088E-06   3.009430709E+02   2.512216416E+02   1.446769962E+02
  1.4280000E+04   5.260489636E-01   3.609174921E-03   7.917571077E-06   2.278443342E+02   3.826207576E+01   1.422423142E+02
  1.4290000E+04   5.255146569E-01   3.517812673E-03   8.054484470E-06   1.471466998E+02   2.023676850E+02   1.395473761E+02
  1.4300000E+04   5.254739739E-01   4.304489551E-03   8.233494873E-06   7.235566544E+01   1.331957618E+01   1.363575531E+02
  1.4310000E+04   5.253509291E-01   3.431297220E-03   8.365239157E-06   2.603019016E+01   1.583702997E+02   1.341429210E+02
  1.4320000E+04   5.249305126E-01   5.057118800E-03   8.537736463E-06   3.375970896E+02   3.134976377E+02   1.317437685E+02
  1.4330000E+04   5.247599211E-01   3.385565513E-03   8.706816965E-06   2.897049658E+02   1.152445682E+02   1.290652942E+02
  1.4340000E+04   5.243948361E-01   3.777345984E-03   8.831503268E-06   2.814250643E+02   2.447685825E+02   1.262937804E+02
  1.4350000E+04   5.238980809E-01   4.230962743E-03   8.954453545E-06   2.560024245E+02   4.386306759E+01   1.235623240E+02
  1.4360000E+04   5.238184518E-01   2.724962576E-03   9.115808031E-06   2.427184423E+02   1.958140288E+02   1.214667072E+02
  1.4370000E+04   5.235310793E-01   4.940888456E-03   9.274355708E-06   2.608808013E+02   3.216775329E+02   1.193288034E+02
  1.4380000E+04   5.233512452E-01   3.243986898E-03   9.391510109E-06   2.550435953E+02   1.200989239E+02   1.167674392E+02
  1.4390000E+04   5.228850888E-01   3.681710081E-03   9.468807792E-06   3.077427045E+02   2.279900971E+02   1.141753238E+02
  1.4400000E+04   5.225370413E-01   4.509911750E-03   9.659346158E-06   3.067193287E+02   4.212674350E+01   1.117203898E+02
  1.4410000E+04   5.224776182E-01   2.862373161E-03   9.771886026E-06   3.491338528E+02   1.763148707E+02   1.097945171E+02
  1.4420000E+04   5.220818059E-01   4.607492375E-03   9.919953340E-06   4.306473821E+01   3.066629832E+02   1.076936576E+02
  1.4430000E+04   5.218054858E-01   3.351624965E-03   9.993164321E-06   8.400518686E+01   9.747024966E+01   1.052193863E+02
  1.4440000E+04   5.210811132E-01   3.822481646E-03   1.013800034E-05   1.632219539E+02   2.202792438E+02   1.028217346E+02
  1.4450000E+04   5.208718970E-01   3.974587721E-03   1.035145533E-05   2.217085690E+02   1.489409558E+01   1.005887319E+02
  1.4460000E+04   5.209409896E-01   4.096942334E-03   1.045654895E-05   3.187589978E+02   1.338084216E+02   9.858598655E+01
  1.4470000E+04   5.206235179E-01   4.590679880E-03   1.052602844E-05   2.444491906E+01   2.932958717E+02   9.644547431E+01
  1.4480000E+04   5.203162417E-01   3.053449993E-03   1.059505232E-05   1.364973726E+02   5.298437887E+01   9.422429060E+01
  1.4490000E+04   5.197785842E-01   4.839313171E-03   1.066362942E-05   2.221527988E+02   2.106632968E+02   9.192340977E+01
  1.4500000E+04   5.195574614E-01   4.117590872E-03   1.083317311E-05   2.998622802E+02   2.620007609E+01   8.984135198E+01
  1.4510000E+04   5.193413675E-01   3.610014347E-03   1.093363746E-05   8.434007837E+01   1.377897528E+02   8.800191327E+01
  1.4520000E+04   5.191205209E-01   4.847305033E-03   1.100010395E-05   1.843196547E+02   3.040229352E+02   8.593554465E+01
  1.4530000E+04   5.189393425E-01   3.474410766E-03   1.106617123E-05   3.166819810E+02   8.375488865E+01   8.364173498E+01
  1.4540000E+04   5.184234418E-01   3.947972785E-03   1.109905740E-05   8.453263322E+01   2.400094287E+02   8.131723013E+01
  1.4550000E+04   5.180971523E-01   3.665895157E-03   1.126204788E-05   2.430186162E+02   1.521528354E+01   7.937035543E+01
  1.4560000E+04   5.179435937E-01   4.551508260E-03   1.129436372E-05   5.845433959E+01   1.366516925E+02   7.744914795E+01
  1.4570000E+04   5.177094579E-01   5.121691511E-03   1.135871959E-05   1.814348764E+02   3.206517534E+02   7.532419712E+01
  1.4580000E+04   5.173501726E-01   3.166582105E-03   1.139076118E-05   6.574237845E+00   8.840207312E+01   7.303611012E+01
  1.4590000E+04   5.168650292E-01   4.042537686E-03   1.148634966E-05   1.779417853E+02   2.415071967E+02   7.073172636E+01
  1.4600000E+04   5.168097115E-01   4.294757818E-03   1.151803620E-05   3.473366920E+02   4.644103559E+01   6.880593116E+01
  1.4610000E+04   5.162459233E-01   4.269475599E-03   1.154963581E-05   2.079181171E+02   1.635965209E+02   6.682597338E+01
  1.4620000E+04   5.162910346E-01   4.920932331E-03   1.164392012E-05   1.712001319E+01   3.422286648E+02   6.465863829E+01
  1.4630000E+04   5.159429565E-01   3.373466247E-03   1.167517902E-05   2.500951714E+02   1.027048734E+02   6.245713188E+01
  1.4640000E+04   5.154474773E-01   4.253569337E-03   1.173744708E-05   9.858931778E+01   2.584065886E+02   6.016186770E+01
  1.4650000E+04   5.153267387E-01   4.575774335E-03   1.179938655E-05   2.999341924E+02   7.222400243E+01   5.814269990E+01
  1.4660000E+04   5.148422617E-01   3.528502113E-03   1.176845756E-05   2.088042700E+02   1.815928959E+02   5.604243800E+01
  1.4670000E+04   5.148370023E-01   4.919675297E-03   1.179938655E-05   6.834215857E+01   3.500000527E+02   5.390362489E+01
  1.4680000E+04   5.144990976E-01   3.592619997E-03   1.192230014E-05   3.306672964E+02   1.214326817E+02   5.177442248E+01
  1.4690000E+04   5.141032515E-01   4.101434126E-03   1.195283105E-05   2.260982108E+02   2.699057395E+02   4.949738294E+01
  1.4700000E+04   5.139000158E-01   4.144566382E-03   1.195283105E-05   1.097420443E+02   8.170875652E+01   4.739818686E+01
  1.4710000E+04   5.137415956E-01   3.638520515E-03   1.195283105E-05   8.240796228E+01   1.672362307E+02   4.530725556E+01
  1.4720000E+04   5.133022341E-01   4.671791920E-03   1.198328417E-05   3.419087248E+02   3.352122790E+02   4.325433834E+01
  1.4730000E+04   5.131821315E-01   3.574668379E-03   1.204395941E-05   2.875085574E+02   1.034740701E+02   4.101003526E+01
  1.4740000E+04   5.125523949E-01   4.104919513E-03   1.207418270E-05   2.408510893E+02   2.363028860E+02   3.857670491E+01
  1.4750000E+04   5.125376055E-01   3.343445555E-03   1.213440343E-05   1.817190300E+02   3.002640319E+01   3.660539773E+01
  1.4760000E+04   5.122046088E-01   4.347083696E-03   1.213440343E-05   1.693285908E+02   1.409442023E+02   3.474839119E+01
  1.4770000E+04   5.120105069E-01   4.094035229E-03   1.213440343E-05   1.125543392E+02   3.057485899E+02   3.258561297E+01
  1.4780000E+04   5.115940773E-01   3.857455856E-03   1.216440200E-05   1.276275106E+02   4.635609436E+01   3.022850054E+01
  1.4790000E+04   5.111693976E-01   4.084623134E-03   1.222417830E-05   8.663635644E+01   2.162970200E+02   2.790759808E+01
  1.4800000E+04   5.112179140E-01   2.784352295E-03   1.225395709E-05   8.557862375E+01   3.508700481E+02   2.610001727E+01
  1.4810000E+04   5.108101024E-01   5.167023547E-03   1.231329864E-05   1.155941231E+02   1.020366663E+02   2.398512674E+01
  1.4820000E+04   5.105145183E-01   3.770966451E-03   1.228366370E-05   1.058714386E+02   2.606322528E+02   2.188811048E+01
  1.4830000E+04   5.100089999E-01   3.984175695E-03   1.225395709E-05   1.333676957E+02   3.147106437E+01   1.980042514E+01
  1.4840000E+04   5.098294138E-01   3.859515029E-03   1.234286242E-05   1.528757815E+02   1.831400811E+02   1.748859349E+01
  1.4850000E+04   5.096981754E-01   3.081323129E-03   1.237235556E-05   2.065594295E+02   3.036519949E+02   1.561420177E+01
  1.4860000E+04   5.093028765E-01   5.275857974E-03   1.240177857E-05   2.484348126E+02   8.580942179E+01   1.348318234E+01
  1.4870000E+04   5.090730747E-01   3.663494553E-03   1.237235556E-05   2.945822178E+02   2.297141099E+02   1.156027548E+01
  1.4880000E+04   5.087202699E-01   4.517515434E-03   1.234286242E-05   3.433389303E+02   2.193338626E+01   9.569576109E+00
  1.4890000E+04   5.084860414E-01   4.250593791E-03   1.246041615E-05   4.540081782E+01   1.729479046E+02   7.298723122E+00
  1.4900000E+04   5.081772841E-01   3.350271525E-03   1.248963170E-05   1.361733524E+02   2.982700273E+02   5.451880064E+00
  1.4910000E+04   5.077004912E-01   5.243306867E-03   1.248963170E-05   1.991542557E+02   1.018744651E+02   3.462671663E+00
  1.4920000E+04   5.076517895E-01   3.390264701E-03   1.246041615E-05   3.010453924E+02   2.318364203E+02   1.467009348E+00
  1.4930000E+04   5.073743914E-01   4.196741224E-03   1.243113193E-05   3.123256731E+01   2.315922467E+01   3.595547052E+02
  1.4940000E+04   5.070032034E-01   4.940743334E-03   1.248963170E-05   1.357076578E+02   1.735356919E+02   3.573083744E+02
  1.4950000E+04   5.068575646E-01   3.512224978E-03   1.248963170E-05   2.551551837E+02   3.117873220E+02   3.555141470E+02
  1.4960000E+04   5.065655045E-01   5.746343375E-03   1.254785873E-05   1.053168147E+01   1.035078814E+02   3.534903903E+02
  1.4970000E+04   5.062331748E-01   3.273031243E-03   1.248963170E-05   1.290502455E+02   2.585835940E+02   3.515897766E+02
  1.4980000E+04   5.060031466E-01   3.334471358E-03   1.246041615E-05   3.164825288E+02   3.527412786E+02   3.497333746E+02
  1.4990000E+04   5.055445390E-01   4.715272431E-03   1.251877907E-05   7.756101263E+01   1.674292203E+02   3.474804136E+02
  1.5000000E+04   5.054537257E-01   3.379765359E-03   1.254785873E-05   2.727986332E+02   2.717954869E+02   3.453699417E+02
  1.5010000E+04   5.050485366E-01   5.302952543E-03   1.251877907E-05   6.375125196E+01   6.755416423E+01   3.434526045E+02
  1.5020000E+04   5.049762388E-01   3.316906824E-03   1.251877907E-05   2.588200569E+02   1.863064042E+02   3.417184450E+02
  1.5030000E+04   5.043745362E-01   3.972763124E-03   1.251877907E-05   8.814356370E+01   3.214894202E+02   3.398548508E+02
  1.5040000E+04   5.042990754E-01   3.685489077E-03   1.251877907E-05   2.794236419E+02   1.069166286E+02   3.374774661E+02
  1.5050000E+04   5.040303848E-01   3.624214345E-03   1.243113193E-05   1.561485319E+02   2.093390943E+02   3.354672341E+02
  1.5060000E+04   5.038889935E-01   4.276105706E-03   1.248963170E-05   1.003078480E+01   3.442425503E+02   3.336117333E+02
  1.5070000E+04   5.034528155E-01   3.755519146E-03   1.248963170E-05   2.519927191E+02   9.808093897E+01   3.316502369E+02
  1.5080000E+04   5.030801762E-01   4.768411145E-03   1.248963170E-05   1.129922770E+02   2.472655567E+02   3.294718290E+02
  1.5090000E+04   5.030261058E-01   3.487156602E-03   1.240177857E-05   3.441571457E+02   3.152803351E+01   3.276099570E+02
  1.5100000E+04   5.025558693E-01   4.768565831E-03   1.240177857E-05   2.565325708E+02   1.413458371E+02   3.257888282E+02
  1.5110000E+04   5.022366079E-01   2.912234069E-03   1.240177857E-05   1.415944887E+02   2.868291486E+02   3.237368396E+02
  1.5120000E+04   5.018454377E-01   3.950108997E-03   1.237235556E-05   7.881766011E+01   3.077730140E+01   3.215797547E+02
  1.5130000E+04   5.017839550E-01   3.897044041E-03   1.237235556E-05   3.390227185E+02   1.839167134E+02   3.195309959E+02
  1.5140000E+04   5.015217508E-01   3.451862161E-03   1.234286242E-05   2.766522003E+02   3.024844007E+02   3.177826059E+02
  1.5150000E+04   5.012181973E-01   5.055654830E-03   1.234286242E-05   2.028915325E+02   8.248070950E+01   3.157430601E+02
  1.5160000E+04   5.008243875E-01   3.463872436E-03   1.222417830E-05   1.480201451E+02   2.098365528E+02   3.139064098E+02
  1.5170000E+04   5.004158111E-01   4.823821183E-03   1.219432678E-05   9.109716712E+01   3.523127824E+02   3.119352538E+02
  1.5180000E+04   5.004699809E-01   4.270697958E-03   1.228366370E-05   4.303309095E+01   1.356846134E+02   3.097136141E+02
  1.5190000E+04   5.000847722E-01   4.526906930E-03   1.219432678E-05   1.921974264E+01   2.585350274E+02   3.077615395E+02
  1.5200000E+04   4.997631393E-01   4.476733754E-03   1.213440343E-05   3.300335124E+02   5.664808836E+01   3.058983260E+02
  1.5210000E+04   4.995759446E-01   3.708641204E-03   1.207418270E-05   3.487516210E+02   1.535357680E+02   3.041290667E+02
  1.5220000E+04   4.991699959E-01   3.942366126E-03   1.204395941E-05   3.129519752E+02   3.185242929E+02   3.021951855E+02
  1.5230000E+04   4.989389241E-01   3.050361091E-03   1.198328417E-05   3.209679559E+02   8.684033735E+01   2.998489498E+02
  1.5240000E+04   4.987370514E-01   5.140056143E-03   1.192230014E-05   3.504421210E+02   2.002846216E+02   2.978673756E+02
  1.5250000E+04   4.985399153E-01   3.077902446E-03   1.189169085E-05   3.323030593E+02   8.784205740E+00   2.961540160E+02
  1.5260000E+04   4.980369972E-01   3.803332710E-03   1.186100256E-05   3.092927413E+01   1.097211314E+02   2.941429068E+02
  1.5270000E+04   4.978049727E-01   4.236562909E-03   1.179938655E-05   5.955235011E+01   2.541816646E+02   2.920409030E+02
  1.5280000E+04   4.976861596E-01   2.968530611E-03   1.167517902E-05   1.053848001E+02   2.511547887E+01   2.900474467E+02
  1.5290000E+04   4.972578675E-01   5.207288113E-03   1.161257707E-05   1.481990024E+02   1.684730175E+02   2.881433200E+02
  1.5300000E+04   4.970539894E-01   3.485211874E-03   1.158114920E-05   2.257774493E+02   2.837400930E+02   2.861053991E+02
  1.5310000E+04   4.966904389E-01   4.368856024E-03   1.151803620E-05   3.080501141E+02   4.522163045E+01   2.838736149E+02
  1.5320000E+04   4.964934551E-01   4.352010695E-03   1.142271288E-05   3.543637242E+02   2.142716429E+02   2.819699923E+02
  1.5330000E+04   4.961551616E-01   4.427541946E-03   1.135871959E-05   1.137883440E+02   3.133322008E+02   2.801516560E+02
  1.5340000E+04   4.959776482E-01   4.897476572E-03   1.129436372E-05   1.873783358E+02   1.086027028E+02   2.780439516E+02
  1.5350000E+04   4.957202687E-01   4.112180137E-03   1.122963904E-05   3.217799036E+02   2.097546311E+02   2.759429738E+02
  1.5360000E+04   4.952910962E-01   4.502062428E-03   1.109905740E-05   5.418477656E+01   5.756286100E+00   2.738322049E+02
  1.5370000E+04   4.951537203E-01   3.769429679E-03   1.106617123E-05   1.746437960E+02   1.417678462E+02   2.717488299E+02
  1.5380000E+04   4.946913675E-01   5.416800489E-03   1.103318704E-05   3.297414782E+02   2.488911297E+02   2.695997778E+02
  1.5390000E+04   4.946015449E-01   3.784655721E-03   1.093363746E-05   1.043209508E+02   2.506120606E+01   2.677023340E+02
  1.5400000E+04   4.942282659E-01   4.325894628E-03   1.086676443E-05   2.787113007E+02   1.305111727E+02   2.657298818E+02
  1.5410000E+04   4.939577150E-01   4.603519781E-03   1.079947731E-05   4.549066923E+01   2.970405934E+02   2.635381945E+02
  1.5420000E+04   4.937926066E-01   3.673860061E-03   1.066362942E-05   2.392909306E+02   4.025720430E+01   2.612470744E+02
  1.5430000E+04   4.933471052E-01   5.316515747E-03   1.062939618E-05   4.457995006E+01   1.816407304E+02   2.592524067E+02
  1.5440000E+04   4.931587171E-01   3.675244511E-03   1.056059677E-05   2.520747616E+02   2.877350654E+02   2.571578514E+02
  1.5450000E+04   4.927702190E-01   4.679741065E-03   1.049134621E-05   8.045598759E+01   6.618381805E+01   2.548214729E+02
  1.5460000E+04   4.926427615E-01   3.996984072E-03   1.042163550E-05   2.799682252E+02   2.025088649E+02   2.528102812E+02
  1.5470000E+04   4.922563888E-01   4.854230679E-03   1.031618622E-05   1.401619853E+02   3.226541737E+02   2.509617999E+02
  1.5480000E+04   4.921574380E-01   4.421402899E-03   1.024528376E-05   3.346065317E+02   1.185948964E+02   2.487473320E+02
  1.5490000E+04   4.917443818E-01   4.293135763E-03   1.017388718E-05   2.297201986E+02   2.218029553E+02   2.465087275E+02
  1.5500000E+04   4.913046577E-01   4.750048459E-03   1.010198602E-05   9.571479361E+01   8.055063745E+00   2.442124297E+02
  1.5510000E+04   4.911733285E-01   3.821089149E-03   1.010198602E-05   3.559274039E+02   1.253384242E+02   2.422329341E+02
  1.5520000E+04   4.908916016E-01   6.207439667E-03   1.006584284E-05   2.463963813E+02   2.613475052E+02   2.400493940E+02
  1.5530000E+04   4.907425076E-01   3.591402372E-03   9.919953340E-06   1.468553702E+02   3.394308693E+01   2.379660071E+02
  1.5540000E+04   4.903839613E-01   4.131750017E-03   9.883144481E-06   7.300344794E+01   1.500456818E+02   2.360172285E+02
  1.5550000E+04   4.901101047E-01   4.755706691E-03   9.771886026E-06   3.429809958E+02   2.968379604E+02   2.335710633E+02
  1.5560000E+04   4.899028201E-01   3.693474306E-03   9.734517301E-06   3.025523025E+02   3.739469313E+01   2.312129233E+02
  1.5570000E+04   4.893900114E-01   4.930462781E-03   9.621540353E-06   2.028038328E+02   2.063127173E+02   2.292203039E+02
  1.5580000E+04   4.892251476E-01   2.910733395E-03   9.583585410E-06   1.605380584E+02   3.244524404E+02   2.272377325E+02
  1.5590000E+04   4.888871409E-01   3.142374793E-03   9.545479552E-06   1.276252367E+02   8.416745706E+01   2.250151224E+02
  1.5600000E+04   4.888495734E-01   3.634500551E-03   9.430238150E-06   6.043851855E+01   2.503524140E+02   2.227137079E+02
  1.5610000E+04   4.886081187E-01   3.706918852E-03   9.352621701E-06   8.347010803E+01   3.289621440E+02   2.207663009E+02
  1.5620000E+04   4.883487746E-01   3.446808275E-03   9.274355708E-06   5.110980793E+01   1.128517947E+02   2.185437974E+02
  1.5630000E+04   4.879635073E-01   3.167009504E-03   9.195423586E-06   8.124797145E+01   2.022936876E+02   2.163563631E+02
  1.5640000E+04   4.876866001E-01   4.014418185E-03   9.115808031E-06   6.924584092E+01   3.482615240E+02   2.140545709E+02
  1.5650000E+04   4.875115816E-01   3.038990211E-03   9.075738351E-06   1.117514712E+02   8.349555042E+01   2.117844958E+02
  1.5660000E+04   4.871010719E-01   4.490983597E-03   9.035490976E-06   1.355985323E+02   2.066529042E+02   2.096321718E+02
  1.5670000E+04   4.867220056E-01   3.295937698E-03   8.995063520E-06   2.099900242E+02   2.866980244E+02   2.074738259E+02
  1.5680000E+04   4.864334438E-01   4.621335657E-03   8.872676001E-06   2.416985757E+02   6.386769397E+01   2.051156121E+02
  1.5690000E+04   4.864367425E-01   3.688509450E-03   8.831503268E-06   3.042475575E+02   1.766641002E+02   2.030951901E+02
  1.5700000E+04   4.860998970E-01   5.388884212E-03   8.790137686E-06   1.489221491E+01   2.883419986E+02   2.009806434E+02
  1.5710000E+04   4.858886843E-01   3.592250346E-03   8.664856157E-06   9.105931109E+01   4.289061367E+01   1.987856056E+02
  1.5720000E+04   4.853617731E-01   4.882640258E-03   8.537736463E-06   1.787658777E+02   1.575755335E+02   1.967220668E+02
  1.5730000E+04   4.851739709E-01   3.785618481E-03   8.494940522E-06   2.485321846E+02   3.023657628E+02   1.943338424E+02
  1.5740000E+04   4.848765504E-01   4.087547703E-03   8.451927888E-06   1.037868138E+01   3.846691690E+01   1.920732208E+02
  1.5750000E+04   4.846791147E-01   3.798913533E-03   8.408695237E-06   8.491432348E+01   1.921005596E+02   1.900874506E+02
  1.5760000E+04   4.843933450E-01   3.232239440E-03   8.321556147E-06   2.219265455E+02   2.907647032E+02   1.880371049E+02
  1.5770000E+04   4.840882511E-01   4.130856802E-03   8.233494873E-06   3.179815502E+02   8.506265848E+01   1.857883276E+02
  1.5780000E+04   4.839725703E-01   3.394903089E-03   8.099607985E-06   9.889510546E+01   1.995652103E+02   1.836496971E+02
  1.5790000E+04   4.836365159E-01   5.695182888E-03   8.054484470E-06   2.559204517E+02   3.073433577E+02   1.815091588E+02
  1.5800000E+04   4.834566993E-01   3.798823283E-03   8.009106731E-06   5.458465832E+01   6.041081947E+01   1.792564125E+02
  1.5810000E+04   4.828990536E-01   4.554949296E-03   7.871404088E-06   2.166900783E+02   1.816599408E+02   1.771067008E+02
  1.5820000E+04   4.827472762E-01   3.709863757E-03   7.824964721E-06   6.844989769E+00   3.267647192E+02   1.748912295E+02
  1.5830000E+04   4.825034169E-01   3.991777574E-03   7.731249188E-06   2.053318017E+02   6.749663098E+01   1.726967606E+02
  1.5840000E+04   4.823599370E-01   4.226324214E-03   7.683962816E-06   3.392785294E+02   2.426626461E+02   1.706219126E+02
  1.5850000E+04   4.818872947E-01   3.808130507E-03   7.588506156E-06   2.166042974E+02   3.220342854E+02   1.685907451E+02
  1.5860000E+04   4.816470897E-01   4.993216735E-03   7.491833341E-06   5.563116716E+01   9.379992877E+01   1.663028769E+02
  1.5870000E+04   4.814686658E-01   3.614693921E-03   7.393896667E-06   2.771209855E+02   2.094680465E+02   1.639676740E+02
  1.5880000E+04   4.811555087E-01   5.397954639E-03   7.294645231E-06   1.338438518E+02   3.374495863E+02   1.619386852E+02
  1.5890000E+04   4.810764408E-01   2.837316770E-03   7.244509618E-06   3.585949173E+02   1.052235401E+02   1.597704962E+02
  1.5900000E+04   4.805619825E-01   3.411827587E-03   7.091976543E-06   2.691368743E+02   1.980693922E+02   1.573356268E+02
  1.5910000E+04   4.804334108E-01   4.174274778E-03   7.040397848E-06   1.306765888E+02   3.523751994E+02   1.551306405E+02
  1.5920000E+04   4.800585477E-01   4.799473219E-03   6.936089891E-06   6.312367016E+01   7.885831358E+01   1.529461346E+02
  1.5930000E+04   4.800018216E-01   4.398551319E-03   6.830189170E-06   3.139289891E+02   2.172692172E+02   1.507799048E+02
  1.5940000E+04   4.795986395E-01   4.216286162E-03   6.776618232E-06   2.858741401E+02   2.829046287E+02   1.486155924E+02
  1.5950000E+04   4.792211429E-01   4.024521379E-03   6.613302227E-06   1.939714536E+02   6.699603474E+01   1.461887049E+02
  1.5960000E+04   4.790952258E-01   2.922216843E-03   6.557959813E-06   1.426098026E+02   1.740118212E+02   1.440120582E+02
  1.5970000E+04   4.788582886E-01   4.536713954E-03   6.502146374E-06   6.617219475E+01   3.161970408E+02   1.418590882E+02
  1.5980000E+04   4.785681901E-01   3.849708199E-03   6.389056940E-06   6.785883148E+01   2.805109025E+01   1.393863016E+02
  1.5990000E+04   4.780783405E-01   4.924240527E-03   6.273929367E-06   2.204879874E+01   1.619587924E+02   1.369994421E+02
  1.6000000E+04   4.781393852E-01   3.112365732E-03   6.273929367E-06   3.778826193E+00   2.747128295E+02   1.346615607E+02
  1.6010000E+04   4.777847054E-01   4.670449454E-03   6.097163389E-06   2.615072434E+00   1.870626943E+01   1.321829025E+02
  1.6020000E+04   4.774663990E-01   2.852362006E-03   6.097163389E-06   3.460390495E+02   1.451793863E+02   1.301228717E+02
  1.6030000E+04   4.771269972E-01   4.721041439E-03   6.037091349E-06   3.450878162E+02   2.690446646E+02   1.276651039E+02
  1.6040000E+04   4.770412965E-01   4.395556299E-03   5.853177226E-06   1.104893987E+01   1.762205386E+01   1.251469603E+02
  1.6050000E+04   4.765461757E-01   4.745387644E-03   5.790574600E-06   5.051099195E+01   1.162949314E+02   1.230518119E+02
  1.6060000E+04   4.764752819E-01   3.363820121E-03   5.727287731E-06   3.100385033E+01   2.845105536E+02   1.205999984E+02
  1.6070000E+04   4.760591436E-01   3.982666897E-03   5.727287731E-06   1.082330808E+02   5.213731682E+00   1.181788673E+02
  1.6080000E+04   4.757062608E-01   4.754913105E-03   5.533085616E-06   1.398715415E+02   1.452618884E+02   1.156458888E+02
  1.6090000E+04   4.754742801E-01   3.737641653E-03   5.466818728E-06   2.346665857E+02   2.273286318E+02   1.130201901E+02
  1.6100000E+04   4.753003931E-01   5.120066072E-03   5.466818728E-06   2.563629089E+02   3.273324974E+01   1.106323107E+02
  1.6110000E+04   4.751978082E-01   3.672994001E-03   5.466818728E-06   3.281833240E+02   1.544053874E+02   1.085011533E+02
  1.6120000E+04   4.747085041E-01   4.582467393E-03   5.399738657E-06   7.894423405E+01   2.490348572E+02   1.057818989E+02
  1.6130000E+04   4.745174161E-01   3.599731730E-03   5.193302345E-06   1.463776548E+02   3.860938546E+01   1.033165746E+02
  1.6140000E+04   4.742935214E-01   4.465706024E-03   5.193302345E-06   2.890200168E+02   1.167292888E+02   1.010047898E+02
  1.6150000E+04   4.739730950E-01   4.396977156E-03   5.122641878E-06   3.548330034E+02   2.822122481E+02   9.847008367E+01
  1.6160000E+04   4.736310417E-01   4.047666542E-03   4.978313060E-06   1.537946199E+02   1.635785558E+00   9.606622507E+01
  1.6170000E+04   4.732831705E-01   4.525015085E-03   4.904556197E-06   2.886530009E+02   1.208311227E+02   9.341943947E+01
  1.6180000E+04   4.733858346E-01   2.418571008E-03   4.904556197E-06   6.458209156E+01   2.434831877E+02   9.072835426E+01
  1.6190000E+04   4.729969351E-01   4.992664872E-03   4.676310851E-06   2.305149294E+02   3.449395059E+02   8.830988557E+01
  1.6200000E+04   4.727972260E-01   3.887172870E-03   4.676310851E-06   5.808691934E+01   7.085125006E+01   8.574782447E+01
  1.6210000E+04   4.722517961E-01   4.305437783E-03   4.597711793E-06   2.415130282E+02   1.779257707E+02   8.295347265E+01
  1.6220000E+04   4.723450795E-01   2.638724341E-03   4.597711793E-06   4.647497481E+01   3.085309199E+02   8.060141165E+01
  1.6230000E+04   4.719138251E-01   5.150000391E-03   4.517745488E-06   2.635830164E+02   3.544102670E+01   7.780888374E+01
  1.6240000E+04   4.716528260E-01   3.457281772E-03   4.353408482E-06   1.276481682E+02   1.235330014E+02   7.559916444E+01
  1.6250000E+04   4.712100450E-01   4.094378215E-03   4.517745488E-06   3.410438094E+02   2.361687642E+02   7.266829558E+01
  1.6260000E+04   4.710079487E-01   3.035416435E-03   4.353408482E-06   1.934528688E+02   3.587582077E+02   7.015701327E+01
  1.6270000E+04   4.707745032E-01   5.435874218E-03   4.268868231E-06   7.918097808E+01   9.422876224E+01   6.763484518E+01
  1.6280000E+04   4.707350802E-01   3.486096387E-03   4.268868231E-06   3.497607553E+02   1.741596652E+02   6.501583018E+01
  1.6290000E+04   4.701596559E-01   3.826285121E-03   4.182619578E-06   2.137567956E+02   3.130524330E+02   6.259382004E+01
  1.6300000E+04   4.701371379E-01   4.000741168E-03   4.094554566E-06   1.060933238E+02   7.530527852E+01   5.949176191E+01
  1.6310000E+04   4.698255851E-01   4.904468374E-03   4.094554566E-06   3.818220221E+01   1.614414090E+02   5.712841092E+01
  1.6320000E+04   4.695717538E-01   3.015805522E-03   4.094554566E-06   3.002446648E+02   2.879082670E+02   5.444501971E+01
  1.6330000E+04   4.691869157E-01   4.189993710E-03   3.912482360E-06   2.486363691E+02   1.932473420E+01   5.168592480E+01
  1.6340000E+04   4.689303773E-01   4.352262481E-03   3.818191821E-06   1.697055177E+02   1.508015752E+02   4.903262050E+01
  1.6350000E+04   4.687651069E-01   3.781498355E-03   3.912482360E-06   1.525410972E+02   2.245983621E+02   4.627732242E+01
  1.6360000E+04   4.685606930E-01   4.784022276E-03   3.721513045E-06   4.990598943E+01   3.486626073E+01   4.384831407E+01
  1.6370000E+04   4.681224555E-01   4.504472387E-03   3.721513045E-06   6.220608837E+01   9.791916840E+01   4.129208364E+01
  1.6380000E+04   4.679325576E-01   3.883201824E-03   3.721513045E-06   2.194275619E+01   2.283997317E+02   3.836225019E+01
  1.6390000E+04   4.678139046E-01   3.720934595E-03   3.520198924E-06   4.231973521E-01   3.453339430E+02   3.599480818E+01
  1.6400000E+04   4.673701754E-01   5.204802597E-03   3.520198924E-06   3.560097824E+02   9.554554805E+01   3.326728594E+01
  1.6410000E+04   4.673074606E-01   3.065514254E-03   3.415094585E-06   1.549682641E+01   1.890131939E+02   3.052655064E+01
  1.6420000E+04   4.668418183E-01   4.793198796E-03   3.415094585E-06   8.561856019E+00   3.219147485E+02   2.801487531E+01
  1.6430000E+04   4.666686364E-01   3.004442661E-03   3.415094585E-06   3.931120847E+01   6.759468769E+01   2.482377079E+01
  1.6440000E+04   4.664089873E-01   5.229681518E-03   3.306651113E-06   7.418452788E+01   1.741360452E+02   2.216253913E+01
  1.6450000E+04   4.662133891E-01   3.602568174E-03   3.306651113E-06   1.080781285E+02   2.903016142E+02   1.963139601E+01
  1.6460000E+04   4.657180004E-01   3.343215214E-03   3.078324659E-06   1.778816406E+02   2.391098553E+01   1.654692847E+01
  1.6470000E+04   4.656137457E-01   4.620385137E-03   3.078324659E-06   2.195971731E+02   1.568068834E+02   1.372072684E+01
  1.6480000E+04   4.654053516E-01   5.359889678E-03   2.957558667E-06   3.396172194E+02   2.162955817E+02   1.067402971E+01
  1.6490000E+04   4.652148697E-01   3.108141483E-03   2.957558667E-06   7.568723671E+00   1.674375348E+01   8.150356190E+00
  1.6500000E+04   4.647057662E-01   4.717910648E-03   2.957558667E-06   1.372979679E+02   8.574104155E+01   5.147834569E+00
  1.6510000E+04   4.645077914E-01   3.694534778E-03   2.831646841E-06   2.368248245E+02   2.000703374E+02   2.016194108E+00
  1.6520000E+04   4.643613608E-01   4.217216159E-03   2.831646841E-06   9.315567881E+00   2.841917491E+02   3.592110699E+02
  1.6530000E+04   4.641332453E-01   3.989627181E-03   2.831646841E-06   1.085785032E+02   5.288142824E+01   3.562137163E+02
  1.6540000E+04   4.637725982E-01   3.240025537E-03   2.561320939E-06   2.597667470E+02   1.395889283E+02   3.534197926E+02
  1.6550000E+04   4.634406185E-01   5.014135089E-03   2.561320939E-06   2.696542898E+01   2.623149374E+02   3.499298502E+02
  1.6560000E+04   4.632888145E-01   3.756116012E-03   2.414836539E-06   2.206312332E+02   3.256790065E+02   3.468782700E+02
  1.6570000E+04   4.631541575E-01   4.707441889E-03   2.414836539E-06   3.373498913E+02   1.153463856E+02   3.436022975E+02
  1.6580000E+04   4.625076473E-01   4.194309570E-03   2.414836539E-06   1.824407760E+02   1.855494983E+02   3.404919363E+02
  1.6590000E+04   4.624505536E-01   4.148541741E-03   2.414836539E-06   3.149365178E+02   3.428294587E+02   3.371316157E+02
  1.6600000E+04   4.623056911E-01   3.942580975E-03   2.414836539E-06   1.803521153E+02   5.439508050E+01   3.336414483E+02
  1.6610000E+04   4.619347876E-01   4.742066757E-03   2.414836539E-06   3.461570696E+02   1.944613170E+02   3.303634401E+02
  1.6620000E+04   4.617407038E-01   4.408436208E-03   2.414836539E-06   2.206881241E+02   2.737867908E+02   3.271661489E+02
  1.6630000E+04   4.613826470E-01   3.544979131E-03   2.258872744E-06   7.049478211E+01   3.087313088E+01   3.234217622E+02
  1.6640000E+04   4.612997168E-01   4.121975451E-03   2.258872744E-06   2.929670829E+02   1.456224780E+02   3.203363780E+02
  1.6650000E+04   4.608104506E-01   4.750149882E-03   2.258872744E-06   1.624472836E+02   2.599202661E+02   3.170505814E+02
  1.6660000E+04   4.607873486E-01   4.056671548E-03   2.258872744E-06   2.526758613E+01   2.934842847E+01   3.135108951E+02
  1.6670000E+04   4.604353207E-01   2.987380309E-03   2.258872744E-06   3.109433072E+02   1.056798148E+02   3.102455691E+02
  1.6680000E+04   4.601595712E-01   5.276949033E-03   2.258872744E-06   1.822399640E+02   2.523678533E+02   3.062939278E+02
  1.6690000E+04   4.599386996E-01   4.127379422E-03   2.258872744E-06   1.476239004E+02   3.082010222E+02   3.030606809E+02
  1.6700000E+04   4.596778660E-01   4.476313220E-03   2.258872744E-06   3.356331843E+01   9.482068646E+01   2.992769270E+02
  1.6710000E+04   4.593715909E-01   3.762270530E-03   1.909095910E-06   2.320951397E+01   1.413189705E+02   2.960196557E+02
  1.6720000E+04   4.590617356E-01   4.918427864E-03   2.258872744E-06   2.940931652E+02   2.848130102E+02   2.920140836E+02
  1.6730000E+04   4.589064880E-01   4.486713363E-03   1.909095910E-06   3.075646713E+02   3.316873800E+02   2.884944645E+02
  1.6740000E+04   4.587601015E-01   3.641129330E-03   1.909095910E-06   2.437170100E+02   1.043871235E+02   2.848295891E+02
  1.6750000E+04   4.582860229E-01   4.825883984E-03   1.909095910E-06   2.714607516E+02   1.569728379E+02   2.814248095E+02
  1.6760000E+04   4.580911823E-01   3.670393835E-03   1.909095910E-06   2.201225084E+02   3.002788083E+02   2.774500921E+02
  1.6770000E+04   4.578771457E-01   5.090381186E-03   1.909095910E-06   2.672809466E+02   3.518637971E+02   2.738913101E+02
  1.6780000E+04   4.577097636E-01   3.217165619E-03   1.909095910E-06   2.493047580E+02   1.178324327E+02   2.703407992E+02
  1.6790000E+04   4.572444782E-01   5.132964853E-03   1.909095910E-06   3.077316646E+02   1.770863945E+02   2.667638463E+02
  1.6800000E+04   4.570322872E-01   3.515161884E-03   1.909095910E-06   2.931341782E+02   3.259878151E+02   2.629702946E+02
  1.6810000E+04   4.567985370E-01   5.056456676E-03   1.909095910E-06   1.824349761E+01   1.819820510E+01   2.593112981E+02
  1.6820000E+04   4.566024641E-01   3.490765389E-03   1.909095910E-06   2.894825684E+01   1.546766327E+02   2.560926558E+02
  1.6830000E+04   4.562249804E-01   4.837745523E-03   1.909095910E-06   1.299464319E+02   2.115158228E+02   2.523123407E+02
  1.6840000E+04   4.560075358E-01   4.351266539E-03   1.909095910E-06   1.496207821E+02   4.725527903E+00   2.488181321E+02
  1.6850000E+04   4.558650781E-01   4.154216630E-03   1.909095910E-06   2.789922307E+02   5.218516289E+01   2.453000773E+02
  1.6860000E+04   4.557139125E-01   4.902166551E-03   1.909095910E-06   3.162688499E+02   2.025237834E+02   2.421277631E+02
  1.6870000E+04   4.553207151E-01   3.377827739E-03   1.909095910E-06   9.560558668E+01   2.597126281E+02   2.386936035E+02
  1.6880000E+04   4.547898095E-01   5.123062573E-03   1.909095910E-06   1.776900364E+02   3.009873498E+01   2.351005415E+02
  1.6890000E+04   4.548627405E-01   3.434659566E-03   1.909095910E-06   3.406562754E+02   8.342337831E+01   2.317588002E+02
  1.6900000E+04   4.546507587E-01   5.041638086E-03   1.909095910E-06   6.852728528E+01   2.228167803E+02   2.284066783E+02
  1.6910000E+04   4.542438519E-01   3.310453047E-03   1.909095910E-06   2.151965706E+02   3.111561369E+02   2.253748168E+02
  1.6920000E+04   4.539068701E-01   4.591301348E-03   1.909095910E-06   3.662714868E+00   5.414691161E+01   2.217324918E+02
  1.6930000E+04   4.538471226E-01   3.795614251E-03   1.707547293E-06   1.517538574E+02   1.589946328E+02   2.186780332E+02
  1.6940000E+04   4.536472114E-01   3.803415036E-03   1.707547293E-06   3.024244886E+02   2.806652647E+02   2.152941363E+02
  1.6950000E+04   4.532035448E-01   4.588358668E-03   1.909095910E-06   1.412743175E+02   3.536584307E+02   2.121369975E+02
  1.6960000E+04   4.530201272E-01   3.851425326E-03   1.707547293E-06   3.239042419E+02   1.031464367E+02   2.084972774E+02
  1.6970000E+04   4.528697004E-01   4.016397340E-03   1.707547293E-06   1.961837424E+02   1.646193290E+02   2.051471449E+02
  1.6980000E+04   4.525063128E-01   5.418914765E-03   1.707547293E-06   3.529869717E+02   3.107912292E+02   2.020078997E+02
  1.6990000E+04   4.523213301E-01   2.975241866E-03   1.909095910E-06   2.540044355E+02   5.624407475E+00   1.987025313E+02
  1.7000000E+04   4.519980137E-01   5.085094515E-03   1.707547293E-06   9.539789482E+01   1.362358245E+02   1.953961156E+02
  1.7010000E+04   4.518894404E-01   2.639732372E-03   1.707547293E-06   3.576759097E+02   2.093133932E+02   1.916371479E+02
  1.7020000E+04   4.515573479E-01   4.871997542E-03   1.707547293E-06   2.409305851E+02   3.099940685E+02   1.886407005E+02
  1.7030000E+04   4.512420157E-01   4.248550424E-03   1.707547293E-06   1.345121646E+02   4.933625306E+01   1.852354115E+02
  1.7040000E+04   4.509871649E-01   3.264377294E-03   1.909095910E-06   2.960950027E+01   1.629176857E+02   1.818679839E+02
  1.7050000E+04   4.508620248E-01   4.456256164E-03   1.707547293E-06   3.565647054E+02   2.138974083E+02   1.781607866E+02
  1.7060000E+04   4.505731365E-01   5.142949056E-03   1.707547293E-06   2.398740474E+02   3.555746139E+02   1.751994867E+02
  1.7070000E+04   4.502611016E-01   3.124420798E-03   1.707547293E-06   2.237858194E+02   4.339649825E+01   1.717364959E+02
  1.7080000E+04   4.498695037E-01   5.012913438E-03   1.707547293E-06   1.448892446E+02   1.694442699E+02   1.683152515E+02
  1.7090000E+04   4.498570284E-01   3.192705248E-03   1.707547293E-06   1.119203476E+02   2.610209586E+02   1.648663520E+02
  1.7100000E+04   4.494837167E-01   4.010957292E-03   1.707547293E-06   7.371840526E+01   4.536732202E+00   1.618483055E+02
  1.7110000E+04   4.493376425E-01   4.721411692E-03   1.909095910E-06   6.306941832E+01   8.816107175E+01   1.586719268E+02
  1.7120000E+04   4.489556988E-01   4.471015555E-03   1.707547293E-06   3.499599541E+01   2.076547015E+02   1.551094341E+02
  1.7130000E+04   4.487620234E-01   2.730442330E-03   1.909095910E-06   7.345109294E+01   2.628216813E+02   1.520356556E+02
  1.7140000E+04   4.485890038E-01   5.839416885E-03   1.707547293E-06   4.551595990E+01   3.693005932E+01   1.488497930E+02
  1.7150000E+04   4.483111063E-01   3.861117354E-03   1.707547293E-06   7.512737455E+01   1.217793731E+02   1.457861750E+02
  1.7160000E+04   4.478184371E-01   3.184805116E-03   1.909095910E-06   1.041564429E+02   2.205112308E+02   1.423791412E+02
  1.7170000E+04   4.477753927E-01   3.397498569E-03   1.707547293E-06   1.659772017E+02   2.932494089E+02   1.396176078E+02
  1.7180000E+04   4.475977681E-01   6.127537736E-03   1.909095910E-06   1.840309025E+02   6.190729412E+01   1.363113945E+02
  1.7190000E+04   4.473497546E-01   2.535327206E-03   1.909095910E-06   2.518184571E+02   1.473396006E+02   1.335897996E+02
  1.7200000E+04   4.469830916E-01   4.706702335E-03   1.909095910E-06   8.720955107E-01   2.076235334E+02   1.300531135E+02
  1.7210000E+04   4.468032295E-01   4.249177880E-03   1.909095910E-06   6.511924953E+01   3.189576363E+02   1.273448641E+02
  1.7220000E+04   4.464530413E-01   4.829748042E-03   1.909095910E-06   1.285781147E+02   8.040549713E+01   1.242933692E+02
  1.7230000E+04   4.462585540E-01   3.090808602E-03   1.909095910E-06   3.020798223E+02   1.004216105E+02   1.214741188E+02
  1.7240000E+04   4.459929308E-01   5.162310212E-03   1.909095910E-06   2.779491254E+01   2.241142235E+02   1.182641030E+02
  1.7250000E+04   4.458640866E-01   3.998920884E-03   1.909095910E-06   1.588665033E+02   3.069837126E+02   1.154421199E+02
  1.7260000E+04   4.456538154E-01   3.474054553E-03   1.909095910E-06   2.695018809E+02   6.125358345E+01   1.125502114E+02
  1.7270000E+04   4.452662507E-01   4.378507996E-03   1.909095910E-06   1.264256608E+02   8.048570935E+01   1.096886679E+02
  1.7280000E+04   4.449575865E-01   5.456493236E-03   1.909095910E-06   2.373060707E+02   2.191581221E+02   1.066861056E+02
  1.7290000E+04   4.448389887E-01   4.084851340E-03   1.909095910E-06   6.101663137E+01   2.903240925E+02   1.039065239E+02
  1.7300000E+04   4.446172240E-01   2.669768807E-03   1.909095910E-06   2.100346711E+02   4.834094236E+01   1.011993417E+02
  1.7310000E+04   4.442767576E-01   4.704839498E-03   1.909095910E-06   1.004624695E+02   7.324567450E+01   9.824284318E+01
  1.7320000E+04   4.440063836E-01   5.273218627E-03   1.909095910E-06   2.572434800E+02   2.077656847E+02   9.536667638E+01
  1.7330000E+04   4.438165935E-01   4.737969482E-03   1.909095910E-06   1.184517831E+02   2.847770309E+02   9.257940292E+01
  1.7340000E+04   4.436890705E-01   2.935626438E-03   1.909095910E-06   2.940127239E+02   5.413717080E+01   8.991893556E+01
  1.7350000E+04   4.431388816E-01   3.891617590E-03   1.909095910E-06   2.336871211E+02   7.146871484E+01   8.695880449E+01
  1.7360000E+04   4.430935812E-01   4.495511208E-03   1.909095910E-06   8.097089517E+01   1.979897362E+02   8.409313055E+01
  1.7370000E+04   4.426779617E-01   6.175747362E-03   1.909095910E-06   3.384561572E+02   2.789969997E+02   8.133547651E+01
  1.7380000E+04   4.425683968E-01   3.713801932E-03   1.909095910E-06   2.003280268E+02   4.576398619E+01   7.860605030E+01
  1.7390000E+04   4.421156580E-01   2.850194272E-03   1.909095910E-06   1.276951431E+02   1.175888897E+02   7.574348594E+01
  1.7400000E+04   4.421375623E-01   2.848352159E-03   1.909095910E-06   6.403685456E+01   1.949545268E+02   7.269887111E+01
  1.7410000E+04   4.417927309E-01   5.539374806E-03   1.909095910E-06   8.562328292E+00   2.678242505E+02   7.008532729E+01
  1.7420000E+04   4.415826239E-01   4.957843984E-03   1.909095910E-06   2.834287768E+02   2.141854055E+01   6.710371279E+01
  1.7430000E+04   4.412173192E-01   4.722463269E-03   1.909095910E-06   2.363668699E+02   1.091112039E+02   6.415053266E+01
  1.7440000E+04   4.410498461E-01   4.758174902E-03   1.909095910E-06   1.586022575E+02   2.439583895E+02   6.126364340E+01
  1.7450000E+04   4.407945762E-01   3.673570614E-03   1.909095910E-06   1.861546590E+02   2.739053243E+02   5.846621683E+01
  1.7460000E+04   4.404912477E-01   1.960097470E-03   1.909095910E-06   1.766255126E+02   3.533260767E+02   5.569693982E+01
  1.7470000E+04   4.401615241E-01   4.792252005E-03   1.909095910E-06   1.827572865E+02   7.043695047E+01   5.271259943E+01
  1.7480000E+04   4.401707787E-01   5.047785347E-03   1.909095910E-06   1.721916097E+02   1.745620073E+02   4.973142538E+01
  1.7490000E+04   4.396377955E-01   6.559527978E-03   1.909095910E-06   1.845024060E+02   2.632957176E+02   4.689560800E+01
  1.7500000E+04   4.396557289E-01   3.404097497E-03   1.909095910E-06   1.939717430E+02   4.610189033E+00   4.431728542E+01
  1.7510000E+04   4.391212291E-01   3.051748234E-03   1.909095910E-06   2.473613646E+02   7.524644349E+01   4.103350465E+01
  1.7520000E+04   4.391718269E-01   1.625889798E-03   1.909095910E-06   3.567167950E+02   1.013258892E+02   3.831389888E+01
  1.7530000E+04   4.388811876E-01   3.885656472E-03   1.909095910E-06   2.825082121E+01   2.143488402E+02   3.546128384E+01
  1.7540000E+04   4.385250416E-01   4.994231835E-03   1.909095910E-06   1.264609341E+02   2.683268070E+02   3.281548613E+01
  1.7550000E+04   4.382498909E-01   6.176369532E-03   1.909095910E-06   1.854028165E+02   1.857978802E+01   2.967736364E+01
  1.7560000E+04   4.381662870E-01   5.701753707E-03   1.909095910E-06   2.848875796E+02   9.370475818E+01   2.696687215E+01
  1.7570000E+04   4.379277259E-01   6.446712037E-03   1.909095910E-06   3.450079500E+02   2.193550417E+02   2.438915759E+01
  1.7580000E+04   4.374773282E-01   4.732388284E-03   1.909095910E-06   1.076272130E+02   2.923346408E+02   2.158370780E+01
  1.7590000E+04   4.372313805E-01   5.037743462E-03   1.909095910E-06   2.100074852E+02   4.191198966E+01   1.874741672E+01
  1.7600000E+04   4.371022314E-01   2.896405912E-03   1.909095910E-06   1.059642900E+01   9.698583443E+01   1.597792495E+01
  1.7610000E+04   4.367982731E-01   3.639360160E-03   1.909095910E-06   9.790751906E+01   2.378262002E+02   1.349620247E+01
  1.7620000E+04   4.365941248E-01   1.816344964E-03   1.909095910E-06   2.986510898E+02   2.766594612E+02   1.076587948E+01
  1.7630000E+04   4.362696925E-01   2.119969540E-03   2.091309789E-06   8.539916649E+01   2.441008274E+01   7.921411979E+00
  1.7640000E+04   4.360091477E-01   3.122082268E-03   2.091309789E-06   3.338970629E+02   3.297019894E+01   5.190589442E+00
  1.7650000E+04   4.359051009E-01   1.830933976E-03   2.091309789E-06   1.568497136E+02   1.203852367E+02   2.727483483E+00
  1.7660000E+04   4.356111566E-01   4.110118817E-03   2.091309789E-06   9.630818382E+00   1.870388969E+02   3.597690031E+02
  1.7670000E+04   4.353107922E-01   2.407546858E-03   2.091309789E-06   1.907125867E+02   3.044381346E+02   3.571982346E+02
  1.7680000E+04   4.351807323E-01   5.015544215E-03   1.707547293E-06   6.013292931E+01   1.545159490E+01   3.543802925E+02
  1.7690000E+04   4.349809611E-01   3.802043969E-03   1.707547293E-06   3.019631552E+02   8.552324514E+01   3.519454986E+02
  1.7700000E+04   4.344472720E-01   5.169423323E-03   1.707547293E-06   1.770083250E+02   1.721286460E+02   3.489153494E+02
  1.7710000E+04   4.344232534E-01   4.191646767E-03   1.707547293E-06   7.604686470E+01   2.476641550E+02   3.462296693E+02
  1.7720000E+04   4.340871094E-01   6.082830079E-03   1.707547293E-06   3.286534870E+02   3.396137158E+02   3.434784759E+02
  1.7730000E+04   4.338953580E-01   5.293147511E-03   1.707547293E-06   2.658924399E+02   3.659668080E+01   3.407445283E+02
  1.7740000E+04   4.335109813E-01   5.351512416E-03   1.707547293E-06   1.789433729E+02   1.344882670E+02   3.379156526E+02
  1.7750000E+04   4.334998333E-01   4.406071571E-03   1.707547293E-06   1.394408978E+02   1.934705794E+02   3.349988798E+02
  1.7760000E+04   4.332129417E-01   3.596132558E-03   1.707547293E-06   5.272640395E+01   3.114422206E+02   3.324623948E+02
  1.7770000E+04   4.329445388E-01   3.570383844E-03   1.707547293E-06   5.144965574E+01   3.525955332E+02   3.296268742E+02
  1.7780000E+04   4.325553625E-01   1.772080795E-03   1.707547293E-06   3.427679135E+02   1.135915890E+02   3.267746987E+02
  1.7790000E+04   4.324075671E-01   1.271020335E-03   1.707547293E-06   2.867443857E+01   1.272044345E+02   3.239135936E+02
  1.7800000E+04   4.322294917E-01   2.402070004E-03   2.091309789E-06   1.952200232E+02   2.973682715E+01   3.215020636E+02
  1.7810000E+04   4.318477229E-01   2.412817649E-03   2.091309789E-06   2.247432099E+02   9.006620593E+01   3.186264750E+02
  1.7820000E+04   4.316356012E-01   6.471442937E-03   1.707547293E-06   2.403878396E+02   1.717891041E+02   3.157470497E+02
  1.7830000E+04   4.314378315E-01   7.950198400E-03   1.707547293E-06   2.980615059E+02   2.150926767E+02   3.131545243E+02
  1.7840000E+04   4.313109413E-01   8.435337141E-03   1.707547293E-06   3.348470188E+02   2.970367235E+02   3.104637708E+02
  1.7850000E+04   4.308679379E-01   9.108253251E-03   2.091309789E-06   5.526384354E+01   3.419994845E+02   3.076290593E+02
  1.7860000E+04   4.306651601E-01   4.089627496E-03   1.707547293E-06   1.181544677E+02   7.112324185E+01   3.046586259E+02
  1.7870000E+04   4.303163331E-01   2.595101675E-03   1.707547293E-06   2.280279580E+02   1.103581013E+02   3.018445335E+02
  1.7880000E+04   4.301037234E-01   3.348611265E-03   1.707547293E-06   1.096156492E+02   2.920842590E+01   2.993597125E+02
  1.7890000E+04   4.296078899E-01   7.896726724E-03   1.707547293E-06   2.660770481E+02   4.909993475E+01   2.966770277E+02
  1.7900000E+04   4.295695510E-01   8.630957569E-03   1.707547293E-06   3.073327779E+01   1.185118509E+02   2.938086314E+02
  1.7910000E+04   4.292170359E-01   7.213107554E-03   1.707547293E-06   1.880315540E+02   1.608644071E+02   2.909952435E+02
  1.7920000E+04   4.290331777E-01   2.920730496E-03   1.707547293E-06   1.145087000E+02   8.350717760E+01   2.886956012E+02
  1.7930000E+04   4.286722493E-01   8.448231192E-03   1.707547293E-06   3.350199342E+02   8.670965216E+01   2.857908916E+02
  1.7940000E+04   4.284277790E-01   5.138115347E-03   1.707547293E-06   1.319547871E+02   1.758780729E+02   2.830340975E+02
  1.7950000E+04   4.281799087E-01   7.146856306E-04   1.707547293E-06   2.371742292E+02   3.173452793E+02   2.804993523E+02
  1.7960000E+04   4.280799467E-01   1.003979663E-02   1.478779333E-06   1.580964429E+01   7.707508254E+01   2.777083747E+02
  1.7970000E+04   4.277412677E-01   4.420213911E-03   1.707547293E-06   2.515151445E+02   1.114471503E+02   2.751318959E+02
  1.7980000E+04   4.271557934E-01   5.714615460E-03   1.707547293E-06   3.283578557E+02   3.181141103E+02   2.723977292E+02
  1.7990000E+04   4.270085055E-01   3.550867534E-03   1.707547293E-06   1.269076020E+02   1.012639754E+02   2.694305547E+02
  1.8000000E+04   4.270574544E-01   5.806113021E-03   1.707547293E-06   2.781429346E+02   2.569545120E+02   2.664809495E+02
  1.8010000E+04   4.266926513E-01   7.539746714E-03   1.707547293E-06   1.571138293E+02   3.371156368E+02   2.638169412E+02
  1.8020000E+04   4.264074573E-01   4.764741719E-03   1.707547293E-06   2.949304920E+02   1.656547671E+02   2.612770709E+02
  1.8030000E+04   4.262200171E-01   5.174867341E-03   1.707547293E-06   2.146428062E+02   2.236025918E+02   2.582448190E+02
  1.8040000E+04   4.256938508E-01   7.377884504E-03   1.707547293E-06   1.598462899E+01   5.647819697E+01   2.553770638E+02
  1.8050000E+04   4.253877716E-01   3.653273189E-03   1.478779333E-06   1.800313716E+02   2.656288447E+02   2.527440975E+02
  1.8060000E+04   4.253279343E-01   8.172306451E-03   1.478779333E-06   3.526490848E+02   1.171414635E+02   2.503650002E+02
  1.8070000E+04   4.249908105E-01   7.016618977E-03   1.478779333E-06   1.547736544E+02   3.419355374E+02   2.478749729E+02
  1.8080000E+04   4.249926698E-01   9.073265434E-03   1.478779333E-06   3.461670100E+02   1.897284200E+02   2.450823694E+02
  1.8090000E+04   4.246383038E-01   2.291722035E-03   1.478779333E-06   2.481172279E+02   3.373345825E+02   2.424929018E+02
  1.8100000E+04   4.244146204E-01   7.118303386E-03   1.478779333E-06   1.457027272E+02   1.368467720E+02   2.399579474E+02
  1.8110000E+04   4.240619416E-01   6.944730899E-03   1.478779333E-06   3.105316821E+01   3.258966322E+02   2.373730284E+02
  1.8120000E+04   4.238669513E-01   7.626627848E-03   1.478779333E-06   2.440752997E+02   2.018027962E+02   2.344403311E+02
  1.8130000E+04   4.236189059E-01   3.792368653E-03   1.478779333E-06   1.605314891E+02   2.296553125E+01   2.317882081E+02
  1.8140000E+04   4.234414182E-01   6.882136402E-03   1.478779333E-06   1.089198671E+02   1.785261019E+02   2.293029067E+02
  1.8150000E+04   4.231545501E-01   7.683571310E-03   1.478779333E-06   2.863731163E+01   1.435813899E+01   2.266216178E+02
  1.8160000E+04   4.228993156E-01   5.330297204E-03   1.478779333E-06   3.214355609E+02   2.158519328E+02   2.237986271E+02
  1.8170000E+04   4.225990405E-01   5.063068440E-03   1.478779333E-06   2.731223459E+02   5.037972084E+01   2.211469632E+02
  1.8180000E+04   4.225125604E-01   5.989812064E-03   1.478779333E-06   2.645599150E+02   2.106536458E+02   2.184853790E+02
  1.8190000E+04   4.222135570E-01   7.510643891E-03   1.478779333E-06   2.371257036E+02   3.723055226E+01   2.157769940E+02
  1.8200000E+04   4.219138828E-01   6.772003163E-03   1.478779333E-06   2.141164398E+02   2.334767500E+02   2.131449691E+02
  1.8210000E+04   4.216803727E-01   4.589389334E-03   1.478779333E-06   2.116744534E+02   6.471056324E+01   2.104174924E+02
  1.8220000E+04   4.215027816E-01   4.684229067E-03   8.537736463E-07   2.543190861E+02   2.117610791E+02   2.076894051E+02
  1.8230000E+04   4.212704706E-01   6.527380643E-03   8.537736463E-07   3.079834286E+02   3.587488769E+02   2.050358782E+02
  1.8240000E+04   4.210292742E-01   7.936148814E-03   1.478779333E-06   3.341095325E+02   2.031594853E+02   2.023016571E+02
  1.8250000E+04   4.207536304E-01   7.658245340E-03   1.478779333E-06   1.435204732E+00   4.391116124E+01   1.994797052E+02
  1.8260000E+04   4.203623167E-01   6.396119551E-03   1.478779333E-06   4.024605052E+01   2.586568064E+02   1.968216788E+02
  1.8270000E+04   4.201875943E-01   3.838841280E-03   8.537736463E-07   1.252281611E+02   7.000123381E+01   1.941087680E+02
  1.8280000E+04   4.200377451E-01   4.912337267E-03   1.478779333E-06   2.684506083E+02   1.881620413E+02   1.912794102E+02
  1.8290000E+04   4.198563379E-01   6.783538661E-03   8.537736463E-07   1.083945131E+01   5.525716633E+00   1.885381438E+02
  1.8300000E+04   4.194706781E-01   8.151443906E-03   1.478779333E-06   1.161857613E+02   1.909422969E+02   1.855660283E+02
  1.8310000E+04   4.192991189E-01   8.625538788E-03   8.537736463E-07   1.962648351E+02   5.275890985E+01   1.827813416E+02
  1.8320000E+04   4.191609224E-01   6.907416504E-03   1.478779333E-06   3.282910473E+02   2.216267536E+02   1.799825908E+02
  1.8330000E+04   4.187675363E-01   5.571944571E-03   1.478779333E-06   1.148449329E+02   4.374011985E+01   1.773034557E+02
  1.8340000E+04   4.185936469E-01   5.187875710E-03   1.478779333E-06   2.955939222E+02   2.005472858E+02   1.744226958E+02
  1.8350000E+04   4.181851829E-01   5.171606928E-03   8.537736463E-07   9.342249060E+01   1.760491787E+01   1.715480542E+02
  1.8360000E+04   4.180844418E-01   4.837684997E-03   8.537736463E-07   2.784607498E+02   1.928371801E+02   1.686046779E+02
  1.8370000E+04   4.177537566E-01   4.829563116E-03   8.537736463E-07   1.073722645E+02   1.272317453E+01   1.657524686E+02
  1.8380000E+04   4.177215348E-01   5.085402669E-03   1.478779333E-06   3.359020097E+02   1.781815558E+02   1.628473710E+02
  1.8390000E+04   4.173882889E-01   5.561100158E-03   1.478779333E-06   1.938793303E+02   3.430995010E+02   1.600322679E+02
  1.8400000E+04   4.172461406E-01   6.693683363E-03   8.537736463E-07   6.881670680E+01   1.528328466E+02   1.570525062E+02
  1.8410000E+04   4.170770680E-01   6.759199003E-03   1.478779333E-06   3.000215054E+02   3.225558366E+02   1.541689160E+02
  1.8420000E+04   4.167669974E-01   6.920442881E-03   8.537736463E-07   1.983039189E+02   1.213990152E+02   1.511555287E+02
  1.8430000E+04   4.165221342E-01   6.739956735E-03   8.537736463E-07   9.402059070E+01   3.077253753E+02   1.482833791E+02
  1.8440000E+04   4.161871098E-01   6.385053238E-03   8.537736463E-07   1.544641630E+01   1.022221499E+02   1.451941998E+02
  1.8450000E+04   4.160601374E-01   6.107830726E-03   0.000000000E+00   3.130015389E+02   3.175129988E+02   1.420763767E+02
  1.8460000E+04   4.157357743E-01   6.138839799E-03   8.537736463E-07   2.428793110E+02   8.417482323E+01   1.392279232E+02
  1.8470000E+04   4.154217028E-01   6.338545379E-03   8.537736463E-07   1.957223917E+02   2.586312064E+02   1.361526089E+02
  1.8480000E+04   4.150483923E-01   6.761432905E-03   8.537736463E-07   1.475334442E+02   8.744073782E+01   1.333179017E+02
  1.8490000E+04   4.148356638E-01   7.269442541E-03   8.537736463E-07   1.172616842E+02   2.669175257E+02   1.302947465E+02
  1.8500000E+04   4.146630768E-01   7.223228751E-03   0.000000000E+00   1.053721673E+02   1.638316555E+02   1.272243306E+02
  1.8510000E+04   4.144422873E-01   6.965332046E-03   8.537736463E-07   9.614693575E+01   2.616482103E+02   1.243537975E+02
  1.8520000E+04   4.141390161E-01   6.836774135E-03   0.000000000E+00   1.105486793E+02   1.587199448E+02   1.212272468E+02
  1.8530000E+04   4.140059328E-01   6.371205250E-03   8.537736463E-07   1.396917013E+02   2.385442433E+02   1.180611750E+02
  1.8540000E+04   4.136799312E-01   5.757797974E-03   0.000000000E+00   1.721521732E+02   9.775837470E+01   1.150785493E+02
  1.8550000E+04   4.136438064E-01   5.334892186E-03   8.537736463E-07   2.231390497E+02   2.132163090E+02   1.118965156E+02
  1.8560000E+04   4.133908767E-01   5.391527151E-03   8.537736463E-07   2.960233566E+02   4.261937103E+00   1.087722511E+02
  1.8570000E+04   4.133115878E-01   5.522136826E-03   8.537736463E-07   2.344051365E+01   1.501845392E+02   1.056529106E+02
  1.8580000E+04   4.130335983E-01   5.054443712E-03   0.000000000E+00   1.094524381E+02   3.400025818E+02   1.025338575E+02
  1.8590000E+04   4.128502544E-01   5.312291451E-03   8.537736463E-07   2.242406623E+02   8.713830848E+01   9.909476361E+01
  1.8600000E+04   4.125932722E-01   5.820387291E-03   8.537736463E-07   3.520995830E+02   2.194185826E+02   9.570053742E+01
  1.8610000E+04   4.123997042E-01   6.002892034E-03   8.537736463E-07   1.305436927E+02   3.586795743E+02   9.257742607E+01
  1.8620000E+04   4.122332385E-01   6.105712412E-03   8.537736463E-07   2.788432067E+02   1.295786836E+02   8.938368238E+01
  1.8630000E+04   4.119939723E-01   6.155724522E-03   8.537736463E-07   6.309141110E+01   2.849822202E+02   8.611299912E+01
  1.8640000E+04   4.117480914E-01   6.131561986E-03   8.537736463E-07   2.335576301E+02   6.376097178E+01   8.264078128E+01
  1.8650000E+04   4.114143737E-01   6.327285425E-03   0.000000000E+00   5.673756240E+01   2.126535422E+02   7.939906721E+01
  1.8660000E+04   4.111921747E-01   6.388560967E-03   0.000000000E+00   2.500012247E+02   2.068481600E+01   7.623687155E+01
  1.8670000E+04   4.109771346E-01   6.353258281E-03   8.537736463E-07   9.301695839E+01   1.129534809E+02   7.282107746E+01
  1.8680000E+04   4.108151672E-01   6.479607087E-03   0.000000000E+00   3.079273362E+02   3.226612670E+02   6.925651768E+01
  1.8690000E+04   4.103539637E-01   6.249762743E-03   0.000000000E+00   1.640793117E+02   1.057257039E+02   6.601085351E+01
  1.8700000E+04   4.103231461E-01   6.122110176E-03   0.000000000E+00   3.698618965E+01   2.325891555E+02   6.269329198E+01
  1.8710000E+04   4.101244441E-01   5.939542382E-03   0.000000000E+00   2.877970802E+02   3.428524300E+02   5.940378486E+01
  1.8720000E+04   4.098246028E-01   5.696404292E-03   0.000000000E+00   1.882792941E+02   8.181404451E+01   5.591416061E+01
  1.8730000E+04   4.095691922E-01   5.581649198E-03   0.000000000E+00   1.033736256E+02   3.460051240E+02   5.219344988E+01
  1.8740000E+04   4.093843472E-01   5.392835577E-03   0.000000000E+00   3.097264331E+01   5.870748305E+01   4.859261533E+01
  1.8750000E+04   4.091963836E-01   5.344967060E-03   0.000000000E+00   3.304869945E+02   1.198164928E+02   4.521990104E+01
  1.8760000E+04   4.090190290E-01   5.273769886E-03   0.000000000E+00   2.847910239E+02   3.457942549E+02   4.163277190E+01
  1.8770000E+04   4.088196860E-01   5.257128618E-03   0.000000000E+00   2.514151494E+02   1.915465558E+01   3.772567614E+01
  1.8780000E+04   4.086196327E-01   5.353186260E-03   0.000000000E+00   2.299934235E+02   2.204744277E+02   3.418472716E+01
  1.8790000E+04   4.084132241E-01   5.393649714E-03   0.000000000E+00   2.211135939E+02   2.292907607E+02   3.066932255E+01
  1.8800000E+04   4.081964499E-01   5.577909241E-03   0.000000000E+00   2.231517292E+02   4.728321074E+01   2.666752914E+01
  1.8810000E+04   4.079821726E-01   5.654550452E-03   0.000000000E+00   2.369632323E+02   2.135778758E+02   2.301761518E+01
  1.8820000E+04   4.077455123E-01   5.805766330E-03   0.000000000E+00   2.612213166E+02   9.435439601E+00   1.949761530E+01
  1.8830000E+04   4.075024563E-01   5.891687900E-03   0.000000000E+00   2.969425747E+02   1.536612879E+02   1.544553925E+01
  1.8840000E+04   4.072949075E-01   5.990542158E-03   0.000000000E+00   3.438115829E+02   2.863811871E+02   1.169989915E+01
  1.8850000E+04   4.070281902E-01   5.935126326E-03   0.000000000E+00   4.198272334E+01   4.755982571E+01   8.119055051E+00
  1.8860000E+04   4.067761655E-01   5.965628753E-03   0.000000000E+00   1.117062474E+02   1.576603752E+02   4.053722363E+00
  1.8870000E+04   4.066077592E-01   5.855440277E-03   0.000000000E+00   1.901816803E+02   2.599360809E+02   1.482071721E-01
  1.8880000E+04   4.064515451E-01   5.788921355E-03   0.000000000E+00   2.831115058E+02   3.475356107E+02   3.565142016E+02
  1.8890000E+04   4.062295358E-01   5.756928818E-03   0.000000000E+00   2.519267184E+01   6.452468096E+01   3.524939688E+02
  1.8900000E+04   4.058934232E-01   5.501374658E-03   8.537736463E-07   1.411713289E+02   2.227815576E+02   3.483378006E+02
  1.8910000E+04   4.057851395E-01   5.612824225E-03   0.000000000E+00   2.808090221E+02   3.498235681E+02   3.444740916E+02
  1.8920000E+04   4.055668099E-01   5.539029382E-03   0.000000000E+00   5.772300446E+01   3.173836642E+01   3.402900711E+02
  1.8930000E+04   4.053164041E-01   5.428939603E-03   0.000000000E+00   2.076726610E+02   2.426145317E+02   3.359832355E+02
  1.8940000E+04   4.050713861E-01   5.315858672E-03   8.537736463E-07   7.963911743E+00   3.496618597E+02   3.321685413E+02
  1.8950000E+04   4.048778257E-01   5.077913789E-03   0.000000000E+00   1.808506562E+02   8.915792815E+01   3.280106056E+02
  1.8960000E+04   4.047611631E-01   4.987598023E-03   0.000000000E+00   7.298331015E+00   2.626286118E+02   3.235945023E+02
  1.8970000E+04   4.043524702E-01   5.145376426E-03   0.000000000E+00   2.168641511E+02   5.348775819E+01   3.195591039E+02
  1.8980000E+04   4.043153169E-01   5.217981776E-03   0.000000000E+00   7.182041785E+01   1.761034356E+01   3.150035481E+02
  1.8990000E+04   4.040420741E-01   5.246932071E-03   0.000000000E+00   2.935780137E+02   1.569744863E+02   3.107272544E+02
  1.9000000E+04   4.038252291E-01   5.203355035E-03   0.000000000E+00   1.666687354E+02   2.831946434E+02   3.067168422E+02
  1.9010000E+04   4.036989564E-01   5.151908679E-03   0.000000000E+00   5.212525323E+01   3.740689489E+01   3.021163657E+02
  1.9020000E+04   4.035564338E-01   5.628475100E-03   0.000000000E+00   3.259661008E+02   1.243969955E+02   2.978345097E+02
  1.9030000E+04   4.032208504E-01   5.548721845E-03   0.000000000E+00   2.332059425E+02   2.173011180E+02   2.933877812E+02
  1.9040000E+04   4.029537438E-01   5.556090849E-03   0.000000000E+00   1.509257657E+02   1.187667126E+02   2.888994451E+02
  1.9050000E+04   4.028188904E-01   5.404872546E-03   0.000000000E+00   8.142592359E+01   1.879610398E+02   2.848664944E+02
  1.9060000E+04   4.026277568E-01   5.695841333E-03   0.000000000E+00   3.838148423E+01   2.312109903E+02   2.798768786E+02
  1.9070000E+04   4.023110399E-01   5.676685220E-03   0.000000000E+00   3.510891065E+02   2.790123659E+02   2.757888294E+02
  1.9080000E+04   4.021989530E-01   5.550045342E-03   0.000000000E+00   3.153561855E+02   1.350929336E+02   2.714291289E+02
  1.9090000E+04   4.019869535E-01   5.674244008E-03   0.000000000E+00   3.065537851E+02   1.439707439E+02   2.665509748E+02
  1.9100000E+04   4.016547722E-01   5.580699094E-03   0.000000000E+00   2.918643914E+02   3.387306440E+02   2.625325927E+02
  1.9110000E+04   4.015386068E-01   5.335882107E-03   0.000000000E+00   2.899872754E+02   1.605886465E+02   2.578683214E+02
  1.9120000E+04   4.013515019E-01   5.531535260E-03   0.000000000E+00   3.156600409E+02   1.347851747E+02   2.533184085E+02
  1.9130000E+04   4.010203999E-01   5.375245909E-03   0.000000000E+00   3.353203329E+02   2.949384355E+02   2.490374778E+02
  1.9140000E+04   4.009087997E-01   5.140952735E-03   0.000000000E+00   7.524867055E+00   8.239749071E+01   2.443232716E+02
  1.9150000E+04   4.006707944E-01   5.232802132E-03   0.000000000E+00   6.864592327E+01   2.007942836E+02   2.400580458E+02
  1.9160000E+04   4.003628321E-01   5.138420323E-03   0.000000000E+00   1.246970607E+02   3.248205971E+02   2.353843575E+02
  1.9170000E+04   4.000422638E-01   5.120616475E-03   0.000000000E+00   2.022695547E+02   6.795150356E+01   2.310146544E+02
  1.9180000E+04   4.000028725E-01   5.150172136E-03   0.000000000E+00   2.896031660E+02   1.609539881E+02   2.265861721E+02
  1.9190000E+04   3.998670385E-01   4.918810727E-03   0.000000000E+00   2.081539443E+01   2.489831493E+02   2.219864695E+02
  1.9200000E+04   3.995999480E-01   5.126129051E-03   0.000000000E+00   1.424416170E+02   3.072021273E+02   2.177706565E+02
  1.9210000E+04   3.994493985E-01   4.907060760E-03   0.000000000E+00   2.567375069E+02   1.380902623E+01   2.131102132E+02
  1.9220000E+04   3.992506873E-01   5.297816053E-03   0.000000000E+00   3.959611984E+01   2.300149601E+02   2.089598822E+02
  1.9230000E+04   3.989455501E-01   5.193846669E-03   0.000000000E+00   1.773620190E+02   2.726107647E+02   2.044115249E+02
  1.9240000E+04   3.988795929E-01   5.500762502E-03   0.000000000E+00   3.454893337E+02   2.846696625E+02   2.001777813E+02
  1.9250000E+04   3.984964953E-01   5.303445878E-03   0.000000000E+00   1.460744663E+02   1.235882083E+02   1.958706116E+02
  1.9260000E+04   3.984388376E-01   5.546788072E-03   0.000000000E+00   3.356798155E+02   1.145836164E+02   1.914832924E+02
  1.9270000E+04   3.980776805E-01   5.390266906E-03   0.000000000E+00   1.584251088E+02   2.913491753E+02   1.874700877E+02
  1.9280000E+04   3.980068954E-01   5.577801911E-03   0.000000000E+00   1.090105623E+01   7.897723530E+01   1.829131553E+02
  1.9290000E+04   3.977186832E-01   5.209235223E-03   0.000000000E+00   2.171277311E+02   2.332307113E+02   1.791519892E+02
  1.9300000E+04   3.974943155E-01   5.418639839E-03   0.000000000E+00   9.234400879E+01   1.770357643E+02   1.745254790E+02
  1.9310000E+04   3.973613331E-01   5.334435957E-03   0.000000000E+00   3.220032744E+02   3.083750251E+02   1.708180128E+02
  1.9320000E+04   3.970604978E-01   5.345007490E-03   0.000000000E+00   2.197962803E+02   5.059374606E+01   1.663564462E+02
  1.9330000E+04   3.968467839E-01   5.042435773E-03   0.000000000E+00   1.115715998E+02   1.578923012E+02   1.625675884E+02
  1.9340000E+04   3.965915165E-01   5.249777166E-03   0.000000000E+00   3.187905726E+01   2.378014532E+02   1.583719409E+02
  1.9350000E+04   3.965237774E-01   5.375783147E-03   0.000000000E+00   3.247863355E+02   3.055708362E+02   1.543071857E+02
  1.9360000E+04   3.962768855E-01   4.974459376E-03   0.000000000E+00   2.513926087E+02   1.991465474E+02   1.504975847E+02
  1.9370000E+04   3.960205441E-01   5.124526147E-03   0.000000000E+00   2.081722502E+02   2.421034358E+02   1.462494899E+02
  1.9380000E+04   3.956960963E-01   4.917190026E-03   0.000000000E+00   1.622356932E+02   2.875933923E+02   1.425816127E+02
  1.9390000E+04   3.955434550E-01   5.039502206E-03   0.000000000E+00   1.374626610E+02   1.321487259E+02   1.383540605E+02
  1.9400000E+04   3.953951645E-01   5.126792737E-03   0.000000000E+00   1.296430862E+02   1.399063759E+02   1.346715161E+02
  1.9410000E+04   3.951883497E-01   4.744123496E-03   0.000000000E+00   1.160036338E+02   1.535090371E+02   1.306139871E+02
  1.9420000E+04   3.949226251E-01   5.098172778E-03   0.000000000E+00   1.298833872E+02   3.196701497E+02   1.269655868E+02
  1.9430000E+04   3.947800570E-01   5.112790498E-03   0.000000000E+00   1.579671460E+02   1.118143623E+02   1.227556787E+02
  1.9440000E+04   3.943906712E-01   5.110292905E-03   0.000000000E+00   1.856158419E+02   8.444110133E+01   1.192603693E+02
  1.9450000E+04   3.944004225E-01   4.929125600E-03   0.000000000E+00   2.281212563E+02   2.222975710E+02   1.152429311E+02
  1.9460000E+04   3.941398214E-01   5.269448796E-03   0.000000000E+00   2.901626054E+02   3.404055054E+02   1.117095275E+02
  1.9470000E+04   3.940431096E-01   5.407144066E-03   0.000000000E+00   3.046614421E+00   8.692023042E+01   1.075821882E+02
  1.9480000E+04   3.937745081E-01   5.024522779E-03   0.000000000E+00   7.112146756E+01   1.983326360E+02   1.042618417E+02
  1.9490000E+04   3.934911767E-01   5.242173317E-03   0.000000000E+00   1.665042260E+02   2.833564724E+02   1.002640925E+02
  1.9500000E+04   3.932975285E-01   5.304457097E-03   0.000000000E+00   2.754761494E+02   3.551292943E+02   9.681128090E+01
  1.9510000E+04   3.931776908E-01   5.367953894E-03   0.000000000E+00   3.449739183E+01   5.515228752E+01   9.277847863E+01
  1.9520000E+04   3.928166538E-01   5.058814811E-03   0.000000000E+00   1.519382699E+02   1.177905419E+02   8.947515779E+01
  1.9530000E+04   3.927565549E-01   5.125926630E-03   0.000000000E+00   2.914012666E+02   3.391468927E+02   8.563825472E+01
  1.9540000E+04   3.924192894E-01   5.197277249E-03   0.000000000E+00   8.554060290E+01   3.865346527E+00   8.218092312E+01
  1.9550000E+04   3.922710660E-01   5.280815518E-03   0.000000000E+00   2.514509681E+02   1.912152119E+01   7.829211304E+01
  1.9560000E+04   3.921020094E-01   5.233216230E-03   8.537736463E-07   6.823649916E+01   1.442249115E+02   7.492094525E+01
  1.9570000E+04   3.918694511E-01   5.072358985E-03   8.537736463E-07   2.571317548E+02   2.648865230E+02   7.100334302E+01
  1.9580000E+04   3.916861876E-01   4.876512665E-03   0.000000000E+00   8.159431952E+01   7.852391676E+00   6.778851185E+01
  1.9590000E+04   3.915360825E-01   4.999116239E-03   0.000000000E+00   2.952230285E+02   1.552965860E+02   6.402482290E+01
  1.9600000E+04   3.912011471E-01   5.083559456E-03   0.000000000E+00   1.585584468E+02   1.112298600E+02   6.063152856E+01
  1.9610000E+04   3.909996300E-01   5.094913610E-03   0.000000000E+00   3.563053770E+01   2.340275788E+02   5.682857484E+01
  1.9620000E+04   3.908126627E-01   5.103151068E-03   0.000000000E+00   2.845464742E+02   3.460204574E+02   5.351087470E+01
  1.9630000E+04   3.906399363E-01   5.066429410E-03   0.000000000E+00   1.860141217E+02   8.404632587E+01   4.967706700E+01
  1.9640000E+04   3.904386986E-01   5.072294621E-03   0.000000000E+00   9.832459609E+01   1.711008230E+02   4.641042813E+01
  1.9650000E+04   3.903081699E-01   5.215345970E-03   0.000000000E+00   2.146148061E+01   2.483185256E+02   4.259767102E+01
  1.9660000E+04   3.901290511E-01   5.278855471E-03   0.000000000E+00   3.186969659E+02   3.117042867E+02   3.932744097E+01
  1.9670000E+04   3.898445281E-01   5.093577124E-03   0.000000000E+00   2.650721669E+02   5.509028723E+00   3.558851320E+01
  1.9680000E+04   3.894994634E-01   5.111008673E-03   0.000000000E+00   2.201142199E+02   5.026130277E+01   3.229621065E+01
  1.9690000E+04   3.892245800E-01   5.140455146E-03   0.000000000E+00   1.865507571E+02   2.635160177E+02   2.875294620E+01
  1.9700000E+04   3.890691535E-01   5.036824362E-03   0.000000000E+00   1.671288945E+02   2.827433189E+02   2.539733891E+01
  1.9710000E+04   3.888828440E-01   5.015359519E-03   8.537736463E-07   1.612424751E+02   2.422939805E+01   2.180478898E+01
  1.9720000E+04   3.886521758E-01   5.070555207E-03   0.000000000E+00   1.685579422E+02   1.013275042E+02   1.840979627E+01
  1.9730000E+04   3.883988791E-01   5.196087609E-03   0.000000000E+00   1.896805184E+02   2.604189681E+02   1.489658850E+01
  1.9740000E+04   3.882846520E-01   5.158336867E-03   0.000000000E+00   2.248244027E+02   2.255903856E+02   1.125054910E+01
  1.9750000E+04   3.882096554E-01   5.180456210E-03   0.000000000E+00   2.706532251E+02   3.599404061E+02   7.969272975E+00
  1.9760000E+04   3.880775730E-01   5.379506604E-03   0.000000000E+00   3.251303712E+02   1.252240102E+02   4.285369822E+00
  1.9770000E+04   3.878328205E-01   5.275369100E-03   8.537736463E-07   2.943485092E+01   1.562495893E+02   1.066170154E+00
  1.9780000E+04   3.875586631E-01   5.155562365E-03   0.000000000E+00   1.079556872E+02   1.614834263E+02   3.573756041E+02
  1.9790000E+04   3.873567493E-01   5.135928827E-03   8.537736463E-07   1.970917551E+02   3.354414008E+02   3.541938972E+02
  1.9800000E+04   3.871166343E-01   5.168850979E-03   0.000000000E+00   2.968397932E+02   3.336902442E+02   3.504996980E+02
  1.9810000E+04   3.868959571E-01   5.108887770E-03   8.537736463E-07   4.974580870E+01   1.339772162E+02   3.472891227E+02
  1.9820000E+04   3.867114850E-01   5.052883486E-03   0.000000000E+00   1.740941914E+02   2.758466036E+02   3.436461926E+02
  1.9830000E+04   3.866301355E-01   5.002875361E-03   0.000000000E+00   3.128814744E+02   3.175404005E+02   3.403692225E+02
  1.9840000E+04   3.863505512E-01   4.779369024E-03   0.000000000E+00   1.015855586E+02   3.478785752E+02   3.368037381E+02
  1.9850000E+04   3.861832461E-01   5.051471904E-03   0.000000000E+00   2.800974013E+02   1.704731110E+02   3.332311277E+02
  1.9860000E+04   3.859475104E-01   5.108967915E-03   0.000000000E+00   9.292387748E+01   1.764916406E+02   3.299100535E+02
  1.9870000E+04   3.857196576E-01   5.154083513E-03   0.000000000E+00   2.779271221E+02   1.726583586E+02   3.263270168E+02
  1.9880000E+04   3.854646940E-01   5.061497399E-03   0.000000000E+00   1.150741835E+02   3.344018836E+02   3.230642091E+02
  1.9890000E+04   3.854010237E-01   5.026792092E-03   0.000000000E+00   3.238372364E+02   1.265043975E+02   3.194476238E+02
  1.9900000E+04   3.849419862E-01   5.127045329E-03   0.000000000E+00   1.932575234E+02   7.687637500E+01   3.160967310E+02
  1.9910000E+04   3.849440385E-01   5.132017603E-03   0.000000000E+00   7.554885398E+01   1.938807630E+02   3.124547460E+02
  1.9920000E+04   3.846887461E-01   5.202266123E-03   0.000000000E+00   3.196009015E+02   3.107873783E+02   3.091350403E+02
  1.9930000E+04   3.845336402E-01   5.000244605E-03   0.000000000E+00   2.158421682E+02   5.449165255E+01   3.056641211E+02
  1.9940000E+04   3.842897768E-01   4.844096031E-03   0.000000000E+00   1.272162777E+02   1.423432875E+02   3.022280705E+02
  1.9950000E+04   3.841460915E-01   5.205324579E-03   0.000000000E+00   6.320522348E+01   2.062607784E+02   2.987578980E+02
  1.9960000E+04   3.838813984E-01   5.207307775E-03   0.000000000E+00   3.563013965E+02   2.737373479E+02   2.951080147E+02
  1.9970000E+04   3.837712645E-01   5.052729103E-03   0.000000000E+00   3.012081557E+02   3.292886771E+02   2.918701213E+02
  1.9980000E+04   3.835464631E-01   5.151606403E-03   0.000000000E+00   2.749516918E+02   3.556367524E+02   2.881070273E+02
  1.9990000E+04   3.832969806E-01   5.156440515E-03   0.000000000E+00   2.442484996E+02   2.628220843E+01   2.847887356E+02
  2.0000000E+04   3.831238977E-01   4.964022371E-03   0.000000000E+00   2.235341394E+02   2.268559087E+02   2.812863335E+02
